Process 0 (that is, the initial process):
{1}new skD: skey;
{2}new skR: skey;
{3}let m: bitstring = authTuple(issuerId,fp(pk(skH1)),ssetH,algH,verH) in
{4}let m2: bitstring = authTuple(issuerId2,fp(pk(skH2)),ssetH,algH,verH) in
{5}out(c, pk(skD));
{6}out(c, pk(skR));
{7}out(c, pk(skH1));
{8}out(c, pk(skH2));
{9}out(c, m);
{10}out(c, m2);
{11}out(c, skD);
(
    {12}!
    {13}let skD_1: skey = skD in
    {14}event AuthorityPublishedDNS(m);
    {15}out(c, sign((STMT_DIGEST,h(m)),skD_1))
) | (
    {16}!
    {17}let skD_2: skey = skD in
    {18}event AuthorityPublishedDNS(m2);
    {19}out(c, sign((STMT_DIGEST,h(m2)),skD_2))
) | (
    {20}!
    {21}let skR_1: skey = skR in
    {22}event AuthorityPublishedRepo(m);
    {23}out(c, sign((STMT_DIGEST,h(m)),skR_1))
) | (
    {24}!
    {25}let skR_2: skey = skR in
    {26}event AuthorityPublishedRepo(m2);
    {27}out(c, sign((STMT_DIGEST,h(m2)),skR_2))
) | (
    {28}!
    {29}let skI: skey = skH1 in
    {30}let id: bitstring = issuerId in
    {31}in(c, (p1: bitstring,p2: bitstring));
    {32}new decl1: bitstring;
    {33}new decl2: bitstring;
    {34}new declT: bitstring;
    {35}event IssuerPossession(pk(skI));
    {36}let ppf: bitstring = sign((POSS,m),skI) in
    {37}let fb1: bitstring = framed(OT_ATTEST,algH,id,fp(pk(skI)),h(m),canonVerH,p1) in
    {38}let sg1: bitstring = sign((BYTES,fb1),skI) in
    {39}let core1: bitstring = attemptCore(m,ppf,sg1,decl1) in
    {40}event IssuerSigned(pk(skI),fb1);
    {41}out(c, (core1,fb1));
    {42}let fb2: bitstring = framed(OT_ATTEST,algH,id,fp(pk(skI)),h(m),canonVerH,p2) in
    {43}let sg2: bitstring = sign((BYTES,fb2),skI) in
    {44}let core2: bitstring = attemptCore(m,ppf,sg2,decl2) in
    {45}event IssuerSigned(pk(skI),fb2);
    {46}out(c, (core2,fb2));
    {47}let aid1: bitstring = h(core1) in
    {48}let aid2: bitstring = h(core2) in
    {49}event Designated(pk(skI),aid2);
    {50}let body: bitstring = (lineage2(entry(aid1,DISP_ABANDONED),entry(aid2,DISP_SHIPPED)),TERM_SHIPPED(aid2),declT) in
    (
        {51}out(designCh, (pk(skI),aid2))
    ) | (
        {52}out(c, sign((TLR,body),skI))
    )
) | (
    {53}!
    {54}let skI_1: skey = skH2 in
    {55}let id_1: bitstring = issuerId2 in
    {56}in(c, (p1_1: bitstring,p2_1: bitstring));
    {57}new decl1_1: bitstring;
    {58}new decl2_1: bitstring;
    {59}new declT_1: bitstring;
    {60}event IssuerPossession(pk(skI_1));
    {61}let ppf_1: bitstring = sign((POSS,m2),skI_1) in
    {62}let fb1_1: bitstring = framed(OT_ATTEST,algH,id_1,fp(pk(skI_1)),h(m2),canonVerH,p1_1) in
    {63}let sg1_1: bitstring = sign((BYTES,fb1_1),skI_1) in
    {64}let core1_1: bitstring = attemptCore(m2,ppf_1,sg1_1,decl1_1) in
    {65}event IssuerSigned(pk(skI_1),fb1_1);
    {66}out(c, (core1_1,fb1_1));
    {67}let fb2_1: bitstring = framed(OT_ATTEST,algH,id_1,fp(pk(skI_1)),h(m2),canonVerH,p2_1) in
    {68}let sg2_1: bitstring = sign((BYTES,fb2_1),skI_1) in
    {69}let core2_1: bitstring = attemptCore(m2,ppf_1,sg2_1,decl2_1) in
    {70}event IssuerSigned(pk(skI_1),fb2_1);
    {71}out(c, (core2_1,fb2_1));
    {72}let body_1: bitstring = (lineage2(entry(h(core1_1),DISP_ABANDONED),entry(h(core2_1),DISP_ABANDONED)),TERM_REFUSED,declT_1) in
    {73}out(c, sign((TLR,body_1),skI_1))
) | (
    {74}!
    {75}let pkD: pkey = pk(skD) in
    {76}let pkR: pkey = pk(skR) in
    {77}in(c, (t: bitstring,evD: bitstring,evR: bitstring,kX: pkey,core: bitstring,fb: bitstring,se: bitstring));
    {78}let (=STMT_DIGEST,=h(t)) = checksign(evD,pkD) in
    {79}let (=STMT_DIGEST,=h(t)) = checksign(evR,pkR) in
    {80}let authTuple(id_2: bitstring,kfpr: bitstring,ss: bitstring,alg: bitstring,ver: bitstring) = t in
    {81}let aid: bitstring = h(core) in
    {82}if (se = noTLR) then
        {83}event StandingReport(ABSENT,NO_TERMINAL_DISPOSITION_EVIDENCE,kX,t,aid);
        {84}out(reasonCh, (PATH_S3,NO_TERMINAL_DISPOSITION_EVIDENCE))
    else
        {85}let withTLR(kT: pkey,tlrSig: bitstring,ap: bitstring) = se in
        {86}if (fp(kT) = kfpr) then
        (
            {87}if (kT = kX) then
            {88}let (=TLR,(lin: bitstring,terminal: bitstring,declT_2: bitstring)) = checksign(tlrSig,kT) in
            (
                {89}let anchorProof(=h(tlrSig)) = ap in
                (
                    {90}let d: bitstring = lookup2(aid,lin) in
                        {91}event Established(kT,t,aid);
                        {92}event StandingReport(ESTABLISHED,TERMINAL_DISPOSITION_SHOWN,kT,t,aid);
                        {93}out(estCh, (kT,t,aid))
                    else
                        {94}event StandingReport(ABSENT,STANDING_EVIDENCE_MISMATCH,kT,t,aid)
                )
                else
                    {95}event StandingReport(UNVERIFIABLE,STANDING_EVIDENCE_TEMPORAL_MISMATCH,kT,t,aid)
            )
            else
                {96}event StandingReport(UNVERIFIABLE,STANDING_EVIDENCE_SIGNATURE_INVALID,kT,t,aid)
        )
        else
            {97}event StandingReport(UNVERIFIABLE,STANDING_EVIDENCE_SIGNATURE_INVALID,kT,t,aid)
) | (
    {98}!
    {99}let pkD_1: pkey = pk(skD) in
    {100}let pkR_1: pkey = pk(skR) in
    {101}in(c, (t_1: bitstring,evD_1: bitstring,evR_1: bitstring,kX_1: pkey,core_1: bitstring,fb_1: bitstring,se_1: bitstring));
    {102}let (=STMT_DIGEST,=h(t_1)) = checksign(evD_1,pkD_1) in
    {103}let (=STMT_DIGEST,=h(t_1)) = checksign(evR_1,pkR_1) in
    {104}let authTuple(id_3: bitstring,kfpr_1: bitstring,ss_1: bitstring,alg_1: bitstring,ver_1: bitstring) = t_1 in
    {105}if (fp(kX_1) = kfpr_1) then
    {106}let attemptCore(=t_1,ppf_2: bitstring,sg: bitstring,decl: bitstring) = core_1 in
    {107}let (=POSS,=t_1) = checksign(ppf_2,kX_1) in
    {108}let (=BYTES,=fb_1) = checksign(sg,kX_1) in
    {109}let framed(ot: bitstring,=alg_1,=id_3,=fp(kX_1),mh: bitstring,cv: bitstring,pl: bitstring) = fb_1 in
    {110}if (mh = h(t_1)) then
    {111}event Accept(evD_1,evR_1,t_1,kX_1,fb_1)
) | (
    {112}!
    {113}in(estCh, (kX_2: pkey,t_2: bitstring,aid_1: bitstring));
    {114}let authTuple(idJ: bitstring,kfprJ: bitstring,ssJ: bitstring,algJ: bitstring,verJ: bitstring) = t_2 in
    {115}if (fp(kX_2) ≠ kfprJ) then
        {116}event StandingUnentitled(kX_2,t_2)
    else
        {117}in(designCh, (=kX_2,=aid_1));
        {118}event HonestStandingEstablished(kX_2,aid_1)
) | (
    {119}!
    {120}in(reasonCh, (p1_2: bitstring,r1: bitstring));
    {121}in(reasonCh, (p2_2: bitstring,=r1));
    {122}if (p1_2 ≠ p2_2) then
    {123}event ReasonCollapsed(p1_2,p2_2,r1)
)

--  Process 1 (that is, process 0, with let moved downwards):
{1}new skD: skey;
{2}new skR: skey;
{5}out(c, pk(skD));
{6}out(c, pk(skR));
{7}out(c, pk(skH1));
{8}out(c, pk(skH2));
{3}let m: bitstring = authTuple(issuerId,fp(pk(skH1)),ssetH,algH,verH) in
{9}out(c, m);
{4}let m2: bitstring = authTuple(issuerId2,fp(pk(skH2)),ssetH,algH,verH) in
{10}out(c, m2);
{11}out(c, skD);
(
    {12}!
    {14}event AuthorityPublishedDNS(m);
    {13}let skD_1: skey = skD in
    {15}out(c, sign((STMT_DIGEST,h(m)),skD_1))
) | (
    {16}!
    {18}event AuthorityPublishedDNS(m2);
    {17}let skD_2: skey = skD in
    {19}out(c, sign((STMT_DIGEST,h(m2)),skD_2))
) | (
    {20}!
    {22}event AuthorityPublishedRepo(m);
    {21}let skR_1: skey = skR in
    {23}out(c, sign((STMT_DIGEST,h(m)),skR_1))
) | (
    {24}!
    {26}event AuthorityPublishedRepo(m2);
    {25}let skR_2: skey = skR in
    {27}out(c, sign((STMT_DIGEST,h(m2)),skR_2))
) | (
    {28}!
    {31}in(c, (p1: bitstring,p2: bitstring));
    {32}new decl1: bitstring;
    {33}new decl2: bitstring;
    {34}new declT: bitstring;
    {29}let skI: skey = skH1 in
    {35}event IssuerPossession(pk(skI));
    {30}let id: bitstring = issuerId in
    {37}let fb1: bitstring = framed(OT_ATTEST,algH,id,fp(pk(skI)),h(m),canonVerH,p1) in
    {40}event IssuerSigned(pk(skI),fb1);
    {38}let sg1: bitstring = sign((BYTES,fb1),skI) in
    {36}let ppf: bitstring = sign((POSS,m),skI) in
    {39}let core1: bitstring = attemptCore(m,ppf,sg1,decl1) in
    {41}out(c, (core1,fb1));
    {42}let fb2: bitstring = framed(OT_ATTEST,algH,id,fp(pk(skI)),h(m),canonVerH,p2) in
    {45}event IssuerSigned(pk(skI),fb2);
    {43}let sg2: bitstring = sign((BYTES,fb2),skI) in
    {44}let core2: bitstring = attemptCore(m,ppf,sg2,decl2) in
    {46}out(c, (core2,fb2));
    {48}let aid2: bitstring = h(core2) in
    {49}event Designated(pk(skI),aid2);
    (
        {51}out(designCh, (pk(skI),aid2))
    ) | (
        {47}let aid1: bitstring = h(core1) in
        {50}let body: bitstring = (lineage2(entry(aid1,DISP_ABANDONED),entry(aid2,DISP_SHIPPED)),TERM_SHIPPED(aid2),declT) in
        {52}out(c, sign((TLR,body),skI))
    )
) | (
    {53}!
    {56}in(c, (p1_1: bitstring,p2_1: bitstring));
    {57}new decl1_1: bitstring;
    {58}new decl2_1: bitstring;
    {59}new declT_1: bitstring;
    {54}let skI_1: skey = skH2 in
    {60}event IssuerPossession(pk(skI_1));
    {55}let id_1: bitstring = issuerId2 in
    {62}let fb1_1: bitstring = framed(OT_ATTEST,algH,id_1,fp(pk(skI_1)),h(m2),canonVerH,p1_1) in
    {65}event IssuerSigned(pk(skI_1),fb1_1);
    {63}let sg1_1: bitstring = sign((BYTES,fb1_1),skI_1) in
    {61}let ppf_1: bitstring = sign((POSS,m2),skI_1) in
    {64}let core1_1: bitstring = attemptCore(m2,ppf_1,sg1_1,decl1_1) in
    {66}out(c, (core1_1,fb1_1));
    {67}let fb2_1: bitstring = framed(OT_ATTEST,algH,id_1,fp(pk(skI_1)),h(m2),canonVerH,p2_1) in
    {70}event IssuerSigned(pk(skI_1),fb2_1);
    {68}let sg2_1: bitstring = sign((BYTES,fb2_1),skI_1) in
    {69}let core2_1: bitstring = attemptCore(m2,ppf_1,sg2_1,decl2_1) in
    {71}out(c, (core2_1,fb2_1));
    {72}let body_1: bitstring = (lineage2(entry(h(core1_1),DISP_ABANDONED),entry(h(core2_1),DISP_ABANDONED)),TERM_REFUSED,declT_1) in
    {73}out(c, sign((TLR,body_1),skI_1))
) | (
    {74}!
    {77}in(c, (t: bitstring,evD: bitstring,evR: bitstring,kX: pkey,core: bitstring,fb: bitstring,se: bitstring));
    {75}let pkD: pkey = pk(skD) in
    {78}let (=STMT_DIGEST,=h(t)) = checksign(evD,pkD) in
    {76}let pkR: pkey = pk(skR) in
    {79}let (=STMT_DIGEST,=h(t)) = checksign(evR,pkR) in
    {80}let authTuple(id_2: bitstring,kfpr: bitstring,ss: bitstring,alg: bitstring,ver: bitstring) = t in
    {81}let aid: bitstring = h(core) in
    {82}if (se = noTLR) then
        {83}event StandingReport(ABSENT,NO_TERMINAL_DISPOSITION_EVIDENCE,kX,t,aid);
        {84}out(reasonCh, (PATH_S3,NO_TERMINAL_DISPOSITION_EVIDENCE))
    else
        {85}let withTLR(kT: pkey,tlrSig: bitstring,ap: bitstring) = se in
        {86}if (fp(kT) = kfpr) then
        (
            {87}if (kT = kX) then
            {88}let (=TLR,(lin: bitstring,terminal: bitstring,declT_2: bitstring)) = checksign(tlrSig,kT) in
            (
                {89}let anchorProof(=h(tlrSig)) = ap in
                (
                    {90}let d: bitstring = lookup2(aid,lin) in
                        {91}event Established(kT,t,aid);
                        {92}event StandingReport(ESTABLISHED,TERMINAL_DISPOSITION_SHOWN,kT,t,aid);
                        {93}out(estCh, (kT,t,aid))
                    else
                        {94}event StandingReport(ABSENT,STANDING_EVIDENCE_MISMATCH,kT,t,aid)
                )
                else
                    {95}event StandingReport(UNVERIFIABLE,STANDING_EVIDENCE_TEMPORAL_MISMATCH,kT,t,aid)
            )
            else
                {96}event StandingReport(UNVERIFIABLE,STANDING_EVIDENCE_SIGNATURE_INVALID,kT,t,aid)
        )
        else
            {97}event StandingReport(UNVERIFIABLE,STANDING_EVIDENCE_SIGNATURE_INVALID,kT,t,aid)
) | (
    {98}!
    {101}in(c, (t_1: bitstring,evD_1: bitstring,evR_1: bitstring,kX_1: pkey,core_1: bitstring,fb_1: bitstring,se_1: bitstring));
    {99}let pkD_1: pkey = pk(skD) in
    {102}let (=STMT_DIGEST,=h(t_1)) = checksign(evD_1,pkD_1) in
    {100}let pkR_1: pkey = pk(skR) in
    {103}let (=STMT_DIGEST,=h(t_1)) = checksign(evR_1,pkR_1) in
    {104}let authTuple(id_3: bitstring,kfpr_1: bitstring,ss_1: bitstring,alg_1: bitstring,ver_1: bitstring) = t_1 in
    {105}if (fp(kX_1) = kfpr_1) then
    {106}let attemptCore(=t_1,ppf_2: bitstring,sg: bitstring,decl: bitstring) = core_1 in
    {107}let (=POSS,=t_1) = checksign(ppf_2,kX_1) in
    {108}let (=BYTES,=fb_1) = checksign(sg,kX_1) in
    {109}let framed(ot: bitstring,=alg_1,=id_3,=fp(kX_1),mh: bitstring,cv: bitstring,pl: bitstring) = fb_1 in
    {110}if (mh = h(t_1)) then
    {111}event Accept(evD_1,evR_1,t_1,kX_1,fb_1)
) | (
    {112}!
    {113}in(estCh, (kX_2: pkey,t_2: bitstring,aid_1: bitstring));
    {114}let authTuple(idJ: bitstring,kfprJ: bitstring,ssJ: bitstring,algJ: bitstring,verJ: bitstring) = t_2 in
    {115}if (fp(kX_2) ≠ kfprJ) then
        {116}event StandingUnentitled(kX_2,t_2)
    else
        {117}in(designCh, (=kX_2,=aid_1));
        {118}event HonestStandingEstablished(kX_2,aid_1)
) | (
    {119}!
    {120}in(reasonCh, (p1_2: bitstring,r1: bitstring));
    {121}in(reasonCh, (p2_2: bitstring,=r1));
    {122}if (p1_2 ≠ p2_2) then
    {123}event ReasonCollapsed(p1_2,p2_2,r1)
)

-- Query event(Established(kX_3,t_3,aid_2)) ==> event(Designated(kX_3,aid_2)) in process 1.
Translating the process into Horn clauses...
Completing...
200 rules inserted. Base: 152 rules (85 with conclusion selected). Queue: 25 rules.
400 rules inserted. Base: 187 rules (87 with conclusion selected). Queue: 15 rules.
Starting query event(Established(kX_3,t_3,aid_2)) ==> event(Designated(kX_3,aid_2))
goal reachable: attacker(p1_3) && attacker(p2_3) -> event(Established(pk(skH2[]),authTuple(issuerId2[],fp(pk(skH2[])),ssetH[],algH[],verH[]),h(attemptCore(authTuple(issuerId2[],fp(pk(skH2[])),ssetH[],algH[],verH[]),sign((POSS,authTuple(issuerId2[],fp(pk(skH2[])),ssetH[],algH[],verH[])),skH2[]),sign((BYTES,framed(OT_ATTEST,algH[],issuerId2[],fp(pk(skH2[])),h(authTuple(issuerId2[],fp(pk(skH2[])),ssetH[],algH[],verH[])),canonVerH[],p2_3)),skH2[]),decl2_2))))
Abbreviations:
decl2_2 = decl2_1[p2_1 = p2_3,p1_1 = p1_3,!1 = @sid]

Derivation:
Abbreviations:
decl2_2 = decl2_1[p2_1 = p2_3,p1_1 = p1_3,!1 = @sid]
decl1_2 = decl1_1[p2_1 = p2_3,p1_1 = p1_3,!1 = @sid]
declT_3 = declT_1[p2_1 = p2_3,p1_1 = p1_3,!1 = @sid]
decl1_3 = decl1_1[p2_1 = p2_4,p1_1 = p1_4,!1 = @sid_1]
decl1_4 = decl1_1[p2_1 = p2_5,p1_1 = p2_3,!1 = @sid_2]

1. We assume as hypothesis that
attacker(p2_3).

2. We assume as hypothesis that
attacker(p1_3).

3. By 2, the attacker may know p1_3.
By 1, the attacker may know p2_3.
Using the function 2-tuple the attacker may obtain (p1_3,p2_3).
attacker((p1_3,p2_3)).

4. The message (p1_3,p2_3) that the attacker may have by 3 may be received at input {56}.
So the message sign((TLR,(lineage2(entry(h(attemptCore(authTuple(issuerId2[],fp(pk(skH2[])),ssetH[],algH[],verH[]),sign((POSS,authTuple(issuerId2[],fp(pk(skH2[])),ssetH[],algH[],verH[])),skH2[]),sign((BYTES,framed(OT_ATTEST,algH[],issuerId2[],fp(pk(skH2[])),h(authTuple(issuerId2[],fp(pk(skH2[])),ssetH[],algH[],verH[])),canonVerH[],p1_3)),skH2[]),decl1_2)),DISP_ABANDONED),entry(h(attemptCore(authTuple(issuerId2[],fp(pk(skH2[])),ssetH[],algH[],verH[]),sign((POSS,authTuple(issuerId2[],fp(pk(skH2[])),ssetH[],algH[],verH[])),skH2[]),sign((BYTES,framed(OT_ATTEST,algH[],issuerId2[],fp(pk(skH2[])),h(authTuple(issuerId2[],fp(pk(skH2[])),ssetH[],algH[],verH[])),canonVerH[],p2_3)),skH2[]),decl2_2)),DISP_ABANDONED)),TERM_REFUSED,declT_3)),skH2[]) may be sent to the attacker at output {73}.
attacker(sign((TLR,(lineage2(entry(h(attemptCore(authTuple(issuerId2[],fp(pk(skH2[])),ssetH[],algH[],verH[]),sign((POSS,authTuple(issuerId2[],fp(pk(skH2[])),ssetH[],algH[],verH[])),skH2[]),sign((BYTES,framed(OT_ATTEST,algH[],issuerId2[],fp(pk(skH2[])),h(authTuple(issuerId2[],fp(pk(skH2[])),ssetH[],algH[],verH[])),canonVerH[],p1_3)),skH2[]),decl1_2)),DISP_ABANDONED),entry(h(attemptCore(authTuple(issuerId2[],fp(pk(skH2[])),ssetH[],algH[],verH[]),sign((POSS,authTuple(issuerId2[],fp(pk(skH2[])),ssetH[],algH[],verH[])),skH2[]),sign((BYTES,framed(OT_ATTEST,algH[],issuerId2[],fp(pk(skH2[])),h(authTuple(issuerId2[],fp(pk(skH2[])),ssetH[],algH[],verH[])),canonVerH[],p2_3)),skH2[]),decl2_2)),DISP_ABANDONED)),TERM_REFUSED,declT_3)),skH2[])).

5. By 4, the attacker may know sign((TLR,(lineage2(entry(h(attemptCore(authTuple(issuerId2[],fp(pk(skH2[])),ssetH[],algH[],verH[]),sign((POSS,authTuple(issuerId2[],fp(pk(skH2[])),ssetH[],algH[],verH[])),skH2[]),sign((BYTES,framed(OT_ATTEST,algH[],issuerId2[],fp(pk(skH2[])),h(authTuple(issuerId2[],fp(pk(skH2[])),ssetH[],algH[],verH[])),canonVerH[],p1_3)),skH2[]),decl1_2)),DISP_ABANDONED),entry(h(attemptCore(authTuple(issuerId2[],fp(pk(skH2[])),ssetH[],algH[],verH[]),sign((POSS,authTuple(issuerId2[],fp(pk(skH2[])),ssetH[],algH[],verH[])),skH2[]),sign((BYTES,framed(OT_ATTEST,algH[],issuerId2[],fp(pk(skH2[])),h(authTuple(issuerId2[],fp(pk(skH2[])),ssetH[],algH[],verH[])),canonVerH[],p2_3)),skH2[]),decl2_2)),DISP_ABANDONED)),TERM_REFUSED,declT_3)),skH2[]).
Using the function h the attacker may obtain h(sign((TLR,(lineage2(entry(h(attemptCore(authTuple(issuerId2[],fp(pk(skH2[])),ssetH[],algH[],verH[]),sign((POSS,authTuple(issuerId2[],fp(pk(skH2[])),ssetH[],algH[],verH[])),skH2[]),sign((BYTES,framed(OT_ATTEST,algH[],issuerId2[],fp(pk(skH2[])),h(authTuple(issuerId2[],fp(pk(skH2[])),ssetH[],algH[],verH[])),canonVerH[],p1_3)),skH2[]),decl1_2)),DISP_ABANDONED),entry(h(attemptCore(authTuple(issuerId2[],fp(pk(skH2[])),ssetH[],algH[],verH[]),sign((POSS,authTuple(issuerId2[],fp(pk(skH2[])),ssetH[],algH[],verH[])),skH2[]),sign((BYTES,framed(OT_ATTEST,algH[],issuerId2[],fp(pk(skH2[])),h(authTuple(issuerId2[],fp(pk(skH2[])),ssetH[],algH[],verH[])),canonVerH[],p2_3)),skH2[]),decl2_2)),DISP_ABANDONED)),TERM_REFUSED,declT_3)),skH2[])).
attacker(h(sign((TLR,(lineage2(entry(h(attemptCore(authTuple(issuerId2[],fp(pk(skH2[])),ssetH[],algH[],verH[]),sign((POSS,authTuple(issuerId2[],fp(pk(skH2[])),ssetH[],algH[],verH[])),skH2[]),sign((BYTES,framed(OT_ATTEST,algH[],issuerId2[],fp(pk(skH2[])),h(authTuple(issuerId2[],fp(pk(skH2[])),ssetH[],algH[],verH[])),canonVerH[],p1_3)),skH2[]),decl1_2)),DISP_ABANDONED),entry(h(attemptCore(authTuple(issuerId2[],fp(pk(skH2[])),ssetH[],algH[],verH[]),sign((POSS,authTuple(issuerId2[],fp(pk(skH2[])),ssetH[],algH[],verH[])),skH2[]),sign((BYTES,framed(OT_ATTEST,algH[],issuerId2[],fp(pk(skH2[])),h(authTuple(issuerId2[],fp(pk(skH2[])),ssetH[],algH[],verH[])),canonVerH[],p2_3)),skH2[]),decl2_2)),DISP_ABANDONED)),TERM_REFUSED,declT_3)),skH2[]))).

6. By 5, the attacker may know h(sign((TLR,(lineage2(entry(h(attemptCore(authTuple(issuerId2[],fp(pk(skH2[])),ssetH[],algH[],verH[]),sign((POSS,authTuple(issuerId2[],fp(pk(skH2[])),ssetH[],algH[],verH[])),skH2[]),sign((BYTES,framed(OT_ATTEST,algH[],issuerId2[],fp(pk(skH2[])),h(authTuple(issuerId2[],fp(pk(skH2[])),ssetH[],algH[],verH[])),canonVerH[],p1_3)),skH2[]),decl1_2)),DISP_ABANDONED),entry(h(attemptCore(authTuple(issuerId2[],fp(pk(skH2[])),ssetH[],algH[],verH[]),sign((POSS,authTuple(issuerId2[],fp(pk(skH2[])),ssetH[],algH[],verH[])),skH2[]),sign((BYTES,framed(OT_ATTEST,algH[],issuerId2[],fp(pk(skH2[])),h(authTuple(issuerId2[],fp(pk(skH2[])),ssetH[],algH[],verH[])),canonVerH[],p2_3)),skH2[]),decl2_2)),DISP_ABANDONED)),TERM_REFUSED,declT_3)),skH2[])).
Using the function anchorProof the attacker may obtain anchorProof(h(sign((TLR,(lineage2(entry(h(attemptCore(authTuple(issuerId2[],fp(pk(skH2[])),ssetH[],algH[],verH[]),sign((POSS,authTuple(issuerId2[],fp(pk(skH2[])),ssetH[],algH[],verH[])),skH2[]),sign((BYTES,framed(OT_ATTEST,algH[],issuerId2[],fp(pk(skH2[])),h(authTuple(issuerId2[],fp(pk(skH2[])),ssetH[],algH[],verH[])),canonVerH[],p1_3)),skH2[]),decl1_2)),DISP_ABANDONED),entry(h(attemptCore(authTuple(issuerId2[],fp(pk(skH2[])),ssetH[],algH[],verH[]),sign((POSS,authTuple(issuerId2[],fp(pk(skH2[])),ssetH[],algH[],verH[])),skH2[]),sign((BYTES,framed(OT_ATTEST,algH[],issuerId2[],fp(pk(skH2[])),h(authTuple(issuerId2[],fp(pk(skH2[])),ssetH[],algH[],verH[])),canonVerH[],p2_3)),skH2[]),decl2_2)),DISP_ABANDONED)),TERM_REFUSED,declT_3)),skH2[]))).
attacker(anchorProof(h(sign((TLR,(lineage2(entry(h(attemptCore(authTuple(issuerId2[],fp(pk(skH2[])),ssetH[],algH[],verH[]),sign((POSS,authTuple(issuerId2[],fp(pk(skH2[])),ssetH[],algH[],verH[])),skH2[]),sign((BYTES,framed(OT_ATTEST,algH[],issuerId2[],fp(pk(skH2[])),h(authTuple(issuerId2[],fp(pk(skH2[])),ssetH[],algH[],verH[])),canonVerH[],p1_3)),skH2[]),decl1_2)),DISP_ABANDONED),entry(h(attemptCore(authTuple(issuerId2[],fp(pk(skH2[])),ssetH[],algH[],verH[]),sign((POSS,authTuple(issuerId2[],fp(pk(skH2[])),ssetH[],algH[],verH[])),skH2[]),sign((BYTES,framed(OT_ATTEST,algH[],issuerId2[],fp(pk(skH2[])),h(authTuple(issuerId2[],fp(pk(skH2[])),ssetH[],algH[],verH[])),canonVerH[],p2_3)),skH2[]),decl2_2)),DISP_ABANDONED)),TERM_REFUSED,declT_3)),skH2[])))).

7. The message pk(skH2[]) may be sent to the attacker at output {8}.
attacker(pk(skH2[])).

8. By 7, the attacker may know pk(skH2[]).
By 4, the attacker may know sign((TLR,(lineage2(entry(h(attemptCore(authTuple(issuerId2[],fp(pk(skH2[])),ssetH[],algH[],verH[]),sign((POSS,authTuple(issuerId2[],fp(pk(skH2[])),ssetH[],algH[],verH[])),skH2[]),sign((BYTES,framed(OT_ATTEST,algH[],issuerId2[],fp(pk(skH2[])),h(authTuple(issuerId2[],fp(pk(skH2[])),ssetH[],algH[],verH[])),canonVerH[],p1_3)),skH2[]),decl1_2)),DISP_ABANDONED),entry(h(attemptCore(authTuple(issuerId2[],fp(pk(skH2[])),ssetH[],algH[],verH[]),sign((POSS,authTuple(issuerId2[],fp(pk(skH2[])),ssetH[],algH[],verH[])),skH2[]),sign((BYTES,framed(OT_ATTEST,algH[],issuerId2[],fp(pk(skH2[])),h(authTuple(issuerId2[],fp(pk(skH2[])),ssetH[],algH[],verH[])),canonVerH[],p2_3)),skH2[]),decl2_2)),DISP_ABANDONED)),TERM_REFUSED,declT_3)),skH2[]).
By 6, the attacker may know anchorProof(h(sign((TLR,(lineage2(entry(h(attemptCore(authTuple(issuerId2[],fp(pk(skH2[])),ssetH[],algH[],verH[]),sign((POSS,authTuple(issuerId2[],fp(pk(skH2[])),ssetH[],algH[],verH[])),skH2[]),sign((BYTES,framed(OT_ATTEST,algH[],issuerId2[],fp(pk(skH2[])),h(authTuple(issuerId2[],fp(pk(skH2[])),ssetH[],algH[],verH[])),canonVerH[],p1_3)),skH2[]),decl1_2)),DISP_ABANDONED),entry(h(attemptCore(authTuple(issuerId2[],fp(pk(skH2[])),ssetH[],algH[],verH[]),sign((POSS,authTuple(issuerId2[],fp(pk(skH2[])),ssetH[],algH[],verH[])),skH2[]),sign((BYTES,framed(OT_ATTEST,algH[],issuerId2[],fp(pk(skH2[])),h(authTuple(issuerId2[],fp(pk(skH2[])),ssetH[],algH[],verH[])),canonVerH[],p2_3)),skH2[]),decl2_2)),DISP_ABANDONED)),TERM_REFUSED,declT_3)),skH2[]))).
Using the function withTLR the attacker may obtain withTLR(pk(skH2[]),sign((TLR,(lineage2(entry(h(attemptCore(authTuple(issuerId2[],fp(pk(skH2[])),ssetH[],algH[],verH[]),sign((POSS,authTuple(issuerId2[],fp(pk(skH2[])),ssetH[],algH[],verH[])),skH2[]),sign((BYTES,framed(OT_ATTEST,algH[],issuerId2[],fp(pk(skH2[])),h(authTuple(issuerId2[],fp(pk(skH2[])),ssetH[],algH[],verH[])),canonVerH[],p1_3)),skH2[]),decl1_2)),DISP_ABANDONED),entry(h(attemptCore(authTuple(issuerId2[],fp(pk(skH2[])),ssetH[],algH[],verH[]),sign((POSS,authTuple(issuerId2[],fp(pk(skH2[])),ssetH[],algH[],verH[])),skH2[]),sign((BYTES,framed(OT_ATTEST,algH[],issuerId2[],fp(pk(skH2[])),h(authTuple(issuerId2[],fp(pk(skH2[])),ssetH[],algH[],verH[])),canonVerH[],p2_3)),skH2[]),decl2_2)),DISP_ABANDONED)),TERM_REFUSED,declT_3)),skH2[]),anchorProof(h(sign((TLR,(lineage2(entry(h(attemptCore(authTuple(issuerId2[],fp(pk(skH2[])),ssetH[],algH[],verH[]),sign((POSS,authTuple(issuerId2[],fp(pk(skH2[])),ssetH[],algH[],verH[])),skH2[]),sign((BYTES,framed(OT_ATTEST,algH[],issuerId2[],fp(pk(skH2[])),h(authTuple(issuerId2[],fp(pk(skH2[])),ssetH[],algH[],verH[])),canonVerH[],p1_3)),skH2[]),decl1_2)),DISP_ABANDONED),entry(h(attemptCore(authTuple(issuerId2[],fp(pk(skH2[])),ssetH[],algH[],verH[]),sign((POSS,authTuple(issuerId2[],fp(pk(skH2[])),ssetH[],algH[],verH[])),skH2[]),sign((BYTES,framed(OT_ATTEST,algH[],issuerId2[],fp(pk(skH2[])),h(authTuple(issuerId2[],fp(pk(skH2[])),ssetH[],algH[],verH[])),canonVerH[],p2_3)),skH2[]),decl2_2)),DISP_ABANDONED)),TERM_REFUSED,declT_3)),skH2[])))).
attacker(withTLR(pk(skH2[]),sign((TLR,(lineage2(entry(h(attemptCore(authTuple(issuerId2[],fp(pk(skH2[])),ssetH[],algH[],verH[]),sign((POSS,authTuple(issuerId2[],fp(pk(skH2[])),ssetH[],algH[],verH[])),skH2[]),sign((BYTES,framed(OT_ATTEST,algH[],issuerId2[],fp(pk(skH2[])),h(authTuple(issuerId2[],fp(pk(skH2[])),ssetH[],algH[],verH[])),canonVerH[],p1_3)),skH2[]),decl1_2)),DISP_ABANDONED),entry(h(attemptCore(authTuple(issuerId2[],fp(pk(skH2[])),ssetH[],algH[],verH[]),sign((POSS,authTuple(issuerId2[],fp(pk(skH2[])),ssetH[],algH[],verH[])),skH2[]),sign((BYTES,framed(OT_ATTEST,algH[],issuerId2[],fp(pk(skH2[])),h(authTuple(issuerId2[],fp(pk(skH2[])),ssetH[],algH[],verH[])),canonVerH[],p2_3)),skH2[]),decl2_2)),DISP_ABANDONED)),TERM_REFUSED,declT_3)),skH2[]),anchorProof(h(sign((TLR,(lineage2(entry(h(attemptCore(authTuple(issuerId2[],fp(pk(skH2[])),ssetH[],algH[],verH[]),sign((POSS,authTuple(issuerId2[],fp(pk(skH2[])),ssetH[],algH[],verH[])),skH2[]),sign((BYTES,framed(OT_ATTEST,algH[],issuerId2[],fp(pk(skH2[])),h(authTuple(issuerId2[],fp(pk(skH2[])),ssetH[],algH[],verH[])),canonVerH[],p1_3)),skH2[]),decl1_2)),DISP_ABANDONED),entry(h(attemptCore(authTuple(issuerId2[],fp(pk(skH2[])),ssetH[],algH[],verH[]),sign((POSS,authTuple(issuerId2[],fp(pk(skH2[])),ssetH[],algH[],verH[])),skH2[]),sign((BYTES,framed(OT_ATTEST,algH[],issuerId2[],fp(pk(skH2[])),h(authTuple(issuerId2[],fp(pk(skH2[])),ssetH[],algH[],verH[])),canonVerH[],p2_3)),skH2[]),decl2_2)),DISP_ABANDONED)),TERM_REFUSED,declT_3)),skH2[]))))).

9. The attacker has some term fb_2.
attacker(fb_2).

10. The message (p1_3,p2_3) that the attacker may have by 3 may be received at input {56}.
So the message (attemptCore(authTuple(issuerId2[],fp(pk(skH2[])),ssetH[],algH[],verH[]),sign((POSS,authTuple(issuerId2[],fp(pk(skH2[])),ssetH[],algH[],verH[])),skH2[]),sign((BYTES,framed(OT_ATTEST,algH[],issuerId2[],fp(pk(skH2[])),h(authTuple(issuerId2[],fp(pk(skH2[])),ssetH[],algH[],verH[])),canonVerH[],p2_3)),skH2[]),decl2_2),framed(OT_ATTEST,algH[],issuerId2[],fp(pk(skH2[])),h(authTuple(issuerId2[],fp(pk(skH2[])),ssetH[],algH[],verH[])),canonVerH[],p2_3)) may be sent to the attacker at output {71}.
attacker((attemptCore(authTuple(issuerId2[],fp(pk(skH2[])),ssetH[],algH[],verH[]),sign((POSS,authTuple(issuerId2[],fp(pk(skH2[])),ssetH[],algH[],verH[])),skH2[]),sign((BYTES,framed(OT_ATTEST,algH[],issuerId2[],fp(pk(skH2[])),h(authTuple(issuerId2[],fp(pk(skH2[])),ssetH[],algH[],verH[])),canonVerH[],p2_3)),skH2[]),decl2_2),framed(OT_ATTEST,algH[],issuerId2[],fp(pk(skH2[])),h(authTuple(issuerId2[],fp(pk(skH2[])),ssetH[],algH[],verH[])),canonVerH[],p2_3))).

11. By 10, the attacker may know (attemptCore(authTuple(issuerId2[],fp(pk(skH2[])),ssetH[],algH[],verH[]),sign((POSS,authTuple(issuerId2[],fp(pk(skH2[])),ssetH[],algH[],verH[])),skH2[]),sign((BYTES,framed(OT_ATTEST,algH[],issuerId2[],fp(pk(skH2[])),h(authTuple(issuerId2[],fp(pk(skH2[])),ssetH[],algH[],verH[])),canonVerH[],p2_3)),skH2[]),decl2_2),framed(OT_ATTEST,algH[],issuerId2[],fp(pk(skH2[])),h(authTuple(issuerId2[],fp(pk(skH2[])),ssetH[],algH[],verH[])),canonVerH[],p2_3)).
Using the function 1-proj-2-tuple the attacker may obtain attemptCore(authTuple(issuerId2[],fp(pk(skH2[])),ssetH[],algH[],verH[]),sign((POSS,authTuple(issuerId2[],fp(pk(skH2[])),ssetH[],algH[],verH[])),skH2[]),sign((BYTES,framed(OT_ATTEST,algH[],issuerId2[],fp(pk(skH2[])),h(authTuple(issuerId2[],fp(pk(skH2[])),ssetH[],algH[],verH[])),canonVerH[],p2_3)),skH2[]),decl2_2).
attacker(attemptCore(authTuple(issuerId2[],fp(pk(skH2[])),ssetH[],algH[],verH[]),sign((POSS,authTuple(issuerId2[],fp(pk(skH2[])),ssetH[],algH[],verH[])),skH2[]),sign((BYTES,framed(OT_ATTEST,algH[],issuerId2[],fp(pk(skH2[])),h(authTuple(issuerId2[],fp(pk(skH2[])),ssetH[],algH[],verH[])),canonVerH[],p2_3)),skH2[]),decl2_2)).

12. By 11, the attacker may know attemptCore(authTuple(issuerId2[],fp(pk(skH2[])),ssetH[],algH[],verH[]),sign((POSS,authTuple(issuerId2[],fp(pk(skH2[])),ssetH[],algH[],verH[])),skH2[]),sign((BYTES,framed(OT_ATTEST,algH[],issuerId2[],fp(pk(skH2[])),h(authTuple(issuerId2[],fp(pk(skH2[])),ssetH[],algH[],verH[])),canonVerH[],p2_3)),skH2[]),decl2_2).
Using the function 4-proj-attemptCore the attacker may obtain decl2_2.
attacker(decl2_2).

13. The attacker has some term p2_5.
attacker(p2_5).

14. By 1, the attacker may know p2_3.
By 13, the attacker may know p2_5.
Using the function 2-tuple the attacker may obtain (p2_3,p2_5).
attacker((p2_3,p2_5)).

15. The message (p2_3,p2_5) that the attacker may have by 14 may be received at input {56}.
So the message (attemptCore(authTuple(issuerId2[],fp(pk(skH2[])),ssetH[],algH[],verH[]),sign((POSS,authTuple(issuerId2[],fp(pk(skH2[])),ssetH[],algH[],verH[])),skH2[]),sign((BYTES,framed(OT_ATTEST,algH[],issuerId2[],fp(pk(skH2[])),h(authTuple(issuerId2[],fp(pk(skH2[])),ssetH[],algH[],verH[])),canonVerH[],p2_3)),skH2[]),decl1_4),framed(OT_ATTEST,algH[],issuerId2[],fp(pk(skH2[])),h(authTuple(issuerId2[],fp(pk(skH2[])),ssetH[],algH[],verH[])),canonVerH[],p2_3)) may be sent to the attacker at output {66}.
attacker((attemptCore(authTuple(issuerId2[],fp(pk(skH2[])),ssetH[],algH[],verH[]),sign((POSS,authTuple(issuerId2[],fp(pk(skH2[])),ssetH[],algH[],verH[])),skH2[]),sign((BYTES,framed(OT_ATTEST,algH[],issuerId2[],fp(pk(skH2[])),h(authTuple(issuerId2[],fp(pk(skH2[])),ssetH[],algH[],verH[])),canonVerH[],p2_3)),skH2[]),decl1_4),framed(OT_ATTEST,algH[],issuerId2[],fp(pk(skH2[])),h(authTuple(issuerId2[],fp(pk(skH2[])),ssetH[],algH[],verH[])),canonVerH[],p2_3))).

16. By 15, the attacker may know (attemptCore(authTuple(issuerId2[],fp(pk(skH2[])),ssetH[],algH[],verH[]),sign((POSS,authTuple(issuerId2[],fp(pk(skH2[])),ssetH[],algH[],verH[])),skH2[]),sign((BYTES,framed(OT_ATTEST,algH[],issuerId2[],fp(pk(skH2[])),h(authTuple(issuerId2[],fp(pk(skH2[])),ssetH[],algH[],verH[])),canonVerH[],p2_3)),skH2[]),decl1_4),framed(OT_ATTEST,algH[],issuerId2[],fp(pk(skH2[])),h(authTuple(issuerId2[],fp(pk(skH2[])),ssetH[],algH[],verH[])),canonVerH[],p2_3)).
Using the function 1-proj-2-tuple the attacker may obtain attemptCore(authTuple(issuerId2[],fp(pk(skH2[])),ssetH[],algH[],verH[]),sign((POSS,authTuple(issuerId2[],fp(pk(skH2[])),ssetH[],algH[],verH[])),skH2[]),sign((BYTES,framed(OT_ATTEST,algH[],issuerId2[],fp(pk(skH2[])),h(authTuple(issuerId2[],fp(pk(skH2[])),ssetH[],algH[],verH[])),canonVerH[],p2_3)),skH2[]),decl1_4).
attacker(attemptCore(authTuple(issuerId2[],fp(pk(skH2[])),ssetH[],algH[],verH[]),sign((POSS,authTuple(issuerId2[],fp(pk(skH2[])),ssetH[],algH[],verH[])),skH2[]),sign((BYTES,framed(OT_ATTEST,algH[],issuerId2[],fp(pk(skH2[])),h(authTuple(issuerId2[],fp(pk(skH2[])),ssetH[],algH[],verH[])),canonVerH[],p2_3)),skH2[]),decl1_4)).

17. By 16, the attacker may know attemptCore(authTuple(issuerId2[],fp(pk(skH2[])),ssetH[],algH[],verH[]),sign((POSS,authTuple(issuerId2[],fp(pk(skH2[])),ssetH[],algH[],verH[])),skH2[]),sign((BYTES,framed(OT_ATTEST,algH[],issuerId2[],fp(pk(skH2[])),h(authTuple(issuerId2[],fp(pk(skH2[])),ssetH[],algH[],verH[])),canonVerH[],p2_3)),skH2[]),decl1_4).
Using the function 3-proj-attemptCore the attacker may obtain sign((BYTES,framed(OT_ATTEST,algH[],issuerId2[],fp(pk(skH2[])),h(authTuple(issuerId2[],fp(pk(skH2[])),ssetH[],algH[],verH[])),canonVerH[],p2_3)),skH2[]).
attacker(sign((BYTES,framed(OT_ATTEST,algH[],issuerId2[],fp(pk(skH2[])),h(authTuple(issuerId2[],fp(pk(skH2[])),ssetH[],algH[],verH[])),canonVerH[],p2_3)),skH2[])).

18. The attacker has some term p2_4.
attacker(p2_4).

19. The attacker has some term p1_4.
attacker(p1_4).

20. By 19, the attacker may know p1_4.
By 18, the attacker may know p2_4.
Using the function 2-tuple the attacker may obtain (p1_4,p2_4).
attacker((p1_4,p2_4)).

21. The message (p1_4,p2_4) that the attacker may have by 20 may be received at input {56}.
So the message (attemptCore(authTuple(issuerId2[],fp(pk(skH2[])),ssetH[],algH[],verH[]),sign((POSS,authTuple(issuerId2[],fp(pk(skH2[])),ssetH[],algH[],verH[])),skH2[]),sign((BYTES,framed(OT_ATTEST,algH[],issuerId2[],fp(pk(skH2[])),h(authTuple(issuerId2[],fp(pk(skH2[])),ssetH[],algH[],verH[])),canonVerH[],p1_4)),skH2[]),decl1_3),framed(OT_ATTEST,algH[],issuerId2[],fp(pk(skH2[])),h(authTuple(issuerId2[],fp(pk(skH2[])),ssetH[],algH[],verH[])),canonVerH[],p1_4)) may be sent to the attacker at output {66}.
attacker((attemptCore(authTuple(issuerId2[],fp(pk(skH2[])),ssetH[],algH[],verH[]),sign((POSS,authTuple(issuerId2[],fp(pk(skH2[])),ssetH[],algH[],verH[])),skH2[]),sign((BYTES,framed(OT_ATTEST,algH[],issuerId2[],fp(pk(skH2[])),h(authTuple(issuerId2[],fp(pk(skH2[])),ssetH[],algH[],verH[])),canonVerH[],p1_4)),skH2[]),decl1_3),framed(OT_ATTEST,algH[],issuerId2[],fp(pk(skH2[])),h(authTuple(issuerId2[],fp(pk(skH2[])),ssetH[],algH[],verH[])),canonVerH[],p1_4))).

22. By 21, the attacker may know (attemptCore(authTuple(issuerId2[],fp(pk(skH2[])),ssetH[],algH[],verH[]),sign((POSS,authTuple(issuerId2[],fp(pk(skH2[])),ssetH[],algH[],verH[])),skH2[]),sign((BYTES,framed(OT_ATTEST,algH[],issuerId2[],fp(pk(skH2[])),h(authTuple(issuerId2[],fp(pk(skH2[])),ssetH[],algH[],verH[])),canonVerH[],p1_4)),skH2[]),decl1_3),framed(OT_ATTEST,algH[],issuerId2[],fp(pk(skH2[])),h(authTuple(issuerId2[],fp(pk(skH2[])),ssetH[],algH[],verH[])),canonVerH[],p1_4)).
Using the function 1-proj-2-tuple the attacker may obtain attemptCore(authTuple(issuerId2[],fp(pk(skH2[])),ssetH[],algH[],verH[]),sign((POSS,authTuple(issuerId2[],fp(pk(skH2[])),ssetH[],algH[],verH[])),skH2[]),sign((BYTES,framed(OT_ATTEST,algH[],issuerId2[],fp(pk(skH2[])),h(authTuple(issuerId2[],fp(pk(skH2[])),ssetH[],algH[],verH[])),canonVerH[],p1_4)),skH2[]),decl1_3).
attacker(attemptCore(authTuple(issuerId2[],fp(pk(skH2[])),ssetH[],algH[],verH[]),sign((POSS,authTuple(issuerId2[],fp(pk(skH2[])),ssetH[],algH[],verH[])),skH2[]),sign((BYTES,framed(OT_ATTEST,algH[],issuerId2[],fp(pk(skH2[])),h(authTuple(issuerId2[],fp(pk(skH2[])),ssetH[],algH[],verH[])),canonVerH[],p1_4)),skH2[]),decl1_3)).

23. By 22, the attacker may know attemptCore(authTuple(issuerId2[],fp(pk(skH2[])),ssetH[],algH[],verH[]),sign((POSS,authTuple(issuerId2[],fp(pk(skH2[])),ssetH[],algH[],verH[])),skH2[]),sign((BYTES,framed(OT_ATTEST,algH[],issuerId2[],fp(pk(skH2[])),h(authTuple(issuerId2[],fp(pk(skH2[])),ssetH[],algH[],verH[])),canonVerH[],p1_4)),skH2[]),decl1_3).
Using the function 2-proj-attemptCore the attacker may obtain sign((POSS,authTuple(issuerId2[],fp(pk(skH2[])),ssetH[],algH[],verH[])),skH2[]).
attacker(sign((POSS,authTuple(issuerId2[],fp(pk(skH2[])),ssetH[],algH[],verH[])),skH2[])).

24. The attacker initially knows verH[].
attacker(verH[]).

25. The attacker initially knows algH[].
attacker(algH[]).

26. The attacker initially knows ssetH[].
attacker(ssetH[]).

27. By 7, the attacker may know pk(skH2[]).
Using the function fp the attacker may obtain fp(pk(skH2[])).
attacker(fp(pk(skH2[]))).

28. The attacker initially knows issuerId2[].
attacker(issuerId2[]).

29. By 28, the attacker may know issuerId2[].
By 27, the attacker may know fp(pk(skH2[])).
By 26, the attacker may know ssetH[].
By 25, the attacker may know algH[].
By 24, the attacker may know verH[].
Using the function authTuple the attacker may obtain authTuple(issuerId2[],fp(pk(skH2[])),ssetH[],algH[],verH[]).
attacker(authTuple(issuerId2[],fp(pk(skH2[])),ssetH[],algH[],verH[])).

30. By 29, the attacker may know authTuple(issuerId2[],fp(pk(skH2[])),ssetH[],algH[],verH[]).
By 23, the attacker may know sign((POSS,authTuple(issuerId2[],fp(pk(skH2[])),ssetH[],algH[],verH[])),skH2[]).
By 17, the attacker may know sign((BYTES,framed(OT_ATTEST,algH[],issuerId2[],fp(pk(skH2[])),h(authTuple(issuerId2[],fp(pk(skH2[])),ssetH[],algH[],verH[])),canonVerH[],p2_3)),skH2[]).
By 12, the attacker may know decl2_2.
Using the function attemptCore the attacker may obtain attemptCore(authTuple(issuerId2[],fp(pk(skH2[])),ssetH[],algH[],verH[]),sign((POSS,authTuple(issuerId2[],fp(pk(skH2[])),ssetH[],algH[],verH[])),skH2[]),sign((BYTES,framed(OT_ATTEST,algH[],issuerId2[],fp(pk(skH2[])),h(authTuple(issuerId2[],fp(pk(skH2[])),ssetH[],algH[],verH[])),canonVerH[],p2_3)),skH2[]),decl2_2).
attacker(attemptCore(authTuple(issuerId2[],fp(pk(skH2[])),ssetH[],algH[],verH[]),sign((POSS,authTuple(issuerId2[],fp(pk(skH2[])),ssetH[],algH[],verH[])),skH2[]),sign((BYTES,framed(OT_ATTEST,algH[],issuerId2[],fp(pk(skH2[])),h(authTuple(issuerId2[],fp(pk(skH2[])),ssetH[],algH[],verH[])),canonVerH[],p2_3)),skH2[]),decl2_2)).

31. The message sign((STMT_DIGEST,h(authTuple(issuerId2[],fp(pk(skH2[])),ssetH[],algH[],verH[]))),skR[]) may be sent to the attacker at output {27}.
attacker(sign((STMT_DIGEST,h(authTuple(issuerId2[],fp(pk(skH2[])),ssetH[],algH[],verH[]))),skR[])).

32. The message skD[] may be sent to the attacker at output {11}.
attacker(skD[]).

33. By 29, the attacker may know authTuple(issuerId2[],fp(pk(skH2[])),ssetH[],algH[],verH[]).
Using the function h the attacker may obtain h(authTuple(issuerId2[],fp(pk(skH2[])),ssetH[],algH[],verH[])).
attacker(h(authTuple(issuerId2[],fp(pk(skH2[])),ssetH[],algH[],verH[]))).

34. Using the function STMT_DIGEST the attacker may obtain STMT_DIGEST.
attacker(STMT_DIGEST).

35. By 34, the attacker may know STMT_DIGEST.
By 33, the attacker may know h(authTuple(issuerId2[],fp(pk(skH2[])),ssetH[],algH[],verH[])).
Using the function 2-tuple the attacker may obtain (STMT_DIGEST,h(authTuple(issuerId2[],fp(pk(skH2[])),ssetH[],algH[],verH[]))).
attacker((STMT_DIGEST,h(authTuple(issuerId2[],fp(pk(skH2[])),ssetH[],algH[],verH[])))).

36. By 35, the attacker may know (STMT_DIGEST,h(authTuple(issuerId2[],fp(pk(skH2[])),ssetH[],algH[],verH[]))).
By 32, the attacker may know skD[].
Using the function sign the attacker may obtain sign((STMT_DIGEST,h(authTuple(issuerId2[],fp(pk(skH2[])),ssetH[],algH[],verH[]))),skD[]).
attacker(sign((STMT_DIGEST,h(authTuple(issuerId2[],fp(pk(skH2[])),ssetH[],algH[],verH[]))),skD[])).

37. By 29, the attacker may know authTuple(issuerId2[],fp(pk(skH2[])),ssetH[],algH[],verH[]).
By 36, the attacker may know sign((STMT_DIGEST,h(authTuple(issuerId2[],fp(pk(skH2[])),ssetH[],algH[],verH[]))),skD[]).
By 31, the attacker may know sign((STMT_DIGEST,h(authTuple(issuerId2[],fp(pk(skH2[])),ssetH[],algH[],verH[]))),skR[]).
By 7, the attacker may know pk(skH2[]).
By 30, the attacker may know attemptCore(authTuple(issuerId2[],fp(pk(skH2[])),ssetH[],algH[],verH[]),sign((POSS,authTuple(issuerId2[],fp(pk(skH2[])),ssetH[],algH[],verH[])),skH2[]),sign((BYTES,framed(OT_ATTEST,algH[],issuerId2[],fp(pk(skH2[])),h(authTuple(issuerId2[],fp(pk(skH2[])),ssetH[],algH[],verH[])),canonVerH[],p2_3)),skH2[]),decl2_2).
By 9, the attacker may know fb_2.
By 8, the attacker may know withTLR(pk(skH2[]),sign((TLR,(lineage2(entry(h(attemptCore(authTuple(issuerId2[],fp(pk(skH2[])),ssetH[],algH[],verH[]),sign((POSS,authTuple(issuerId2[],fp(pk(skH2[])),ssetH[],algH[],verH[])),skH2[]),sign((BYTES,framed(OT_ATTEST,algH[],issuerId2[],fp(pk(skH2[])),h(authTuple(issuerId2[],fp(pk(skH2[])),ssetH[],algH[],verH[])),canonVerH[],p1_3)),skH2[]),decl1_2)),DISP_ABANDONED),entry(h(attemptCore(authTuple(issuerId2[],fp(pk(skH2[])),ssetH[],algH[],verH[]),sign((POSS,authTuple(issuerId2[],fp(pk(skH2[])),ssetH[],algH[],verH[])),skH2[]),sign((BYTES,framed(OT_ATTEST,algH[],issuerId2[],fp(pk(skH2[])),h(authTuple(issuerId2[],fp(pk(skH2[])),ssetH[],algH[],verH[])),canonVerH[],p2_3)),skH2[]),decl2_2)),DISP_ABANDONED)),TERM_REFUSED,declT_3)),skH2[]),anchorProof(h(sign((TLR,(lineage2(entry(h(attemptCore(authTuple(issuerId2[],fp(pk(skH2[])),ssetH[],algH[],verH[]),sign((POSS,authTuple(issuerId2[],fp(pk(skH2[])),ssetH[],algH[],verH[])),skH2[]),sign((BYTES,framed(OT_ATTEST,algH[],issuerId2[],fp(pk(skH2[])),h(authTuple(issuerId2[],fp(pk(skH2[])),ssetH[],algH[],verH[])),canonVerH[],p1_3)),skH2[]),decl1_2)),DISP_ABANDONED),entry(h(attemptCore(authTuple(issuerId2[],fp(pk(skH2[])),ssetH[],algH[],verH[]),sign((POSS,authTuple(issuerId2[],fp(pk(skH2[])),ssetH[],algH[],verH[])),skH2[]),sign((BYTES,framed(OT_ATTEST,algH[],issuerId2[],fp(pk(skH2[])),h(authTuple(issuerId2[],fp(pk(skH2[])),ssetH[],algH[],verH[])),canonVerH[],p2_3)),skH2[]),decl2_2)),DISP_ABANDONED)),TERM_REFUSED,declT_3)),skH2[])))).
Using the function 7-tuple the attacker may obtain (authTuple(issuerId2[],fp(pk(skH2[])),ssetH[],algH[],verH[]),sign((STMT_DIGEST,h(authTuple(issuerId2[],fp(pk(skH2[])),ssetH[],algH[],verH[]))),skD[]),sign((STMT_DIGEST,h(authTuple(issuerId2[],fp(pk(skH2[])),ssetH[],algH[],verH[]))),skR[]),pk(skH2[]),attemptCore(authTuple(issuerId2[],fp(pk(skH2[])),ssetH[],algH[],verH[]),sign((POSS,authTuple(issuerId2[],fp(pk(skH2[])),ssetH[],algH[],verH[])),skH2[]),sign((BYTES,framed(OT_ATTEST,algH[],issuerId2[],fp(pk(skH2[])),h(authTuple(issuerId2[],fp(pk(skH2[])),ssetH[],algH[],verH[])),canonVerH[],p2_3)),skH2[]),decl2_2),fb_2,withTLR(pk(skH2[]),sign((TLR,(lineage2(entry(h(attemptCore(authTuple(issuerId2[],fp(pk(skH2[])),ssetH[],algH[],verH[]),sign((POSS,authTuple(issuerId2[],fp(pk(skH2[])),ssetH[],algH[],verH[])),skH2[]),sign((BYTES,framed(OT_ATTEST,algH[],issuerId2[],fp(pk(skH2[])),h(authTuple(issuerId2[],fp(pk(skH2[])),ssetH[],algH[],verH[])),canonVerH[],p1_3)),skH2[]),decl1_2)),DISP_ABANDONED),entry(h(attemptCore(authTuple(issuerId2[],fp(pk(skH2[])),ssetH[],algH[],verH[]),sign((POSS,authTuple(issuerId2[],fp(pk(skH2[])),ssetH[],algH[],verH[])),skH2[]),sign((BYTES,framed(OT_ATTEST,algH[],issuerId2[],fp(pk(skH2[])),h(authTuple(issuerId2[],fp(pk(skH2[])),ssetH[],algH[],verH[])),canonVerH[],p2_3)),skH2[]),decl2_2)),DISP_ABANDONED)),TERM_REFUSED,declT_3)),skH2[]),anchorProof(h(sign((TLR,(lineage2(entry(h(attemptCore(authTuple(issuerId2[],fp(pk(skH2[])),ssetH[],algH[],verH[]),sign((POSS,authTuple(issuerId2[],fp(pk(skH2[])),ssetH[],algH[],verH[])),skH2[]),sign((BYTES,framed(OT_ATTEST,algH[],issuerId2[],fp(pk(skH2[])),h(authTuple(issuerId2[],fp(pk(skH2[])),ssetH[],algH[],verH[])),canonVerH[],p1_3)),skH2[]),decl1_2)),DISP_ABANDONED),entry(h(attemptCore(authTuple(issuerId2[],fp(pk(skH2[])),ssetH[],algH[],verH[]),sign((POSS,authTuple(issuerId2[],fp(pk(skH2[])),ssetH[],algH[],verH[])),skH2[]),sign((BYTES,framed(OT_ATTEST,algH[],issuerId2[],fp(pk(skH2[])),h(authTuple(issuerId2[],fp(pk(skH2[])),ssetH[],algH[],verH[])),canonVerH[],p2_3)),skH2[]),decl2_2)),DISP_ABANDONED)),TERM_REFUSED,declT_3)),skH2[]))))).
attacker((authTuple(issuerId2[],fp(pk(skH2[])),ssetH[],algH[],verH[]),sign((STMT_DIGEST,h(authTuple(issuerId2[],fp(pk(skH2[])),ssetH[],algH[],verH[]))),skD[]),sign((STMT_DIGEST,h(authTuple(issuerId2[],fp(pk(skH2[])),ssetH[],algH[],verH[]))),skR[]),pk(skH2[]),attemptCore(authTuple(issuerId2[],fp(pk(skH2[])),ssetH[],algH[],verH[]),sign((POSS,authTuple(issuerId2[],fp(pk(skH2[])),ssetH[],algH[],verH[])),skH2[]),sign((BYTES,framed(OT_ATTEST,algH[],issuerId2[],fp(pk(skH2[])),h(authTuple(issuerId2[],fp(pk(skH2[])),ssetH[],algH[],verH[])),canonVerH[],p2_3)),skH2[]),decl2_2),fb_2,withTLR(pk(skH2[]),sign((TLR,(lineage2(entry(h(attemptCore(authTuple(issuerId2[],fp(pk(skH2[])),ssetH[],algH[],verH[]),sign((POSS,authTuple(issuerId2[],fp(pk(skH2[])),ssetH[],algH[],verH[])),skH2[]),sign((BYTES,framed(OT_ATTEST,algH[],issuerId2[],fp(pk(skH2[])),h(authTuple(issuerId2[],fp(pk(skH2[])),ssetH[],algH[],verH[])),canonVerH[],p1_3)),skH2[]),decl1_2)),DISP_ABANDONED),entry(h(attemptCore(authTuple(issuerId2[],fp(pk(skH2[])),ssetH[],algH[],verH[]),sign((POSS,authTuple(issuerId2[],fp(pk(skH2[])),ssetH[],algH[],verH[])),skH2[]),sign((BYTES,framed(OT_ATTEST,algH[],issuerId2[],fp(pk(skH2[])),h(authTuple(issuerId2[],fp(pk(skH2[])),ssetH[],algH[],verH[])),canonVerH[],p2_3)),skH2[]),decl2_2)),DISP_ABANDONED)),TERM_REFUSED,declT_3)),skH2[]),anchorProof(h(sign((TLR,(lineage2(entry(h(attemptCore(authTuple(issuerId2[],fp(pk(skH2[])),ssetH[],algH[],verH[]),sign((POSS,authTuple(issuerId2[],fp(pk(skH2[])),ssetH[],algH[],verH[])),skH2[]),sign((BYTES,framed(OT_ATTEST,algH[],issuerId2[],fp(pk(skH2[])),h(authTuple(issuerId2[],fp(pk(skH2[])),ssetH[],algH[],verH[])),canonVerH[],p1_3)),skH2[]),decl1_2)),DISP_ABANDONED),entry(h(attemptCore(authTuple(issuerId2[],fp(pk(skH2[])),ssetH[],algH[],verH[]),sign((POSS,authTuple(issuerId2[],fp(pk(skH2[])),ssetH[],algH[],verH[])),skH2[]),sign((BYTES,framed(OT_ATTEST,algH[],issuerId2[],fp(pk(skH2[])),h(authTuple(issuerId2[],fp(pk(skH2[])),ssetH[],algH[],verH[])),canonVerH[],p2_3)),skH2[]),decl2_2)),DISP_ABANDONED)),TERM_REFUSED,declT_3)),skH2[])))))).

38. The message (authTuple(issuerId2[],fp(pk(skH2[])),ssetH[],algH[],verH[]),sign((STMT_DIGEST,h(authTuple(issuerId2[],fp(pk(skH2[])),ssetH[],algH[],verH[]))),skD[]),sign((STMT_DIGEST,h(authTuple(issuerId2[],fp(pk(skH2[])),ssetH[],algH[],verH[]))),skR[]),pk(skH2[]),attemptCore(authTuple(issuerId2[],fp(pk(skH2[])),ssetH[],algH[],verH[]),sign((POSS,authTuple(issuerId2[],fp(pk(skH2[])),ssetH[],algH[],verH[])),skH2[]),sign((BYTES,framed(OT_ATTEST,algH[],issuerId2[],fp(pk(skH2[])),h(authTuple(issuerId2[],fp(pk(skH2[])),ssetH[],algH[],verH[])),canonVerH[],p2_3)),skH2[]),decl2_2),fb_2,withTLR(pk(skH2[]),sign((TLR,(lineage2(entry(h(attemptCore(authTuple(issuerId2[],fp(pk(skH2[])),ssetH[],algH[],verH[]),sign((POSS,authTuple(issuerId2[],fp(pk(skH2[])),ssetH[],algH[],verH[])),skH2[]),sign((BYTES,framed(OT_ATTEST,algH[],issuerId2[],fp(pk(skH2[])),h(authTuple(issuerId2[],fp(pk(skH2[])),ssetH[],algH[],verH[])),canonVerH[],p1_3)),skH2[]),decl1_2)),DISP_ABANDONED),entry(h(attemptCore(authTuple(issuerId2[],fp(pk(skH2[])),ssetH[],algH[],verH[]),sign((POSS,authTuple(issuerId2[],fp(pk(skH2[])),ssetH[],algH[],verH[])),skH2[]),sign((BYTES,framed(OT_ATTEST,algH[],issuerId2[],fp(pk(skH2[])),h(authTuple(issuerId2[],fp(pk(skH2[])),ssetH[],algH[],verH[])),canonVerH[],p2_3)),skH2[]),decl2_2)),DISP_ABANDONED)),TERM_REFUSED,declT_3)),skH2[]),anchorProof(h(sign((TLR,(lineage2(entry(h(attemptCore(authTuple(issuerId2[],fp(pk(skH2[])),ssetH[],algH[],verH[]),sign((POSS,authTuple(issuerId2[],fp(pk(skH2[])),ssetH[],algH[],verH[])),skH2[]),sign((BYTES,framed(OT_ATTEST,algH[],issuerId2[],fp(pk(skH2[])),h(authTuple(issuerId2[],fp(pk(skH2[])),ssetH[],algH[],verH[])),canonVerH[],p1_3)),skH2[]),decl1_2)),DISP_ABANDONED),entry(h(attemptCore(authTuple(issuerId2[],fp(pk(skH2[])),ssetH[],algH[],verH[]),sign((POSS,authTuple(issuerId2[],fp(pk(skH2[])),ssetH[],algH[],verH[])),skH2[]),sign((BYTES,framed(OT_ATTEST,algH[],issuerId2[],fp(pk(skH2[])),h(authTuple(issuerId2[],fp(pk(skH2[])),ssetH[],algH[],verH[])),canonVerH[],p2_3)),skH2[]),decl2_2)),DISP_ABANDONED)),TERM_REFUSED,declT_3)),skH2[]))))) that the attacker may have by 37 may be received at input {77}.
We have h(attemptCore(authTuple(issuerId2[],fp(pk(skH2[])),ssetH[],algH[],verH[]),sign((POSS,authTuple(issuerId2[],fp(pk(skH2[])),ssetH[],algH[],verH[])),skH2[]),sign((BYTES,framed(OT_ATTEST,algH[],issuerId2[],fp(pk(skH2[])),h(authTuple(issuerId2[],fp(pk(skH2[])),ssetH[],algH[],verH[])),canonVerH[],p1_3)),skH2[]),decl1_2)) ≠ h(attemptCore(authTuple(issuerId2[],fp(pk(skH2[])),ssetH[],algH[],verH[]),sign((POSS,authTuple(issuerId2[],fp(pk(skH2[])),ssetH[],algH[],verH[])),skH2[]),sign((BYTES,framed(OT_ATTEST,algH[],issuerId2[],fp(pk(skH2[])),h(authTuple(issuerId2[],fp(pk(skH2[])),ssetH[],algH[],verH[])),canonVerH[],p2_3)),skH2[]),decl2_2)).
So event Established(pk(skH2[]),authTuple(issuerId2[],fp(pk(skH2[])),ssetH[],algH[],verH[]),h(attemptCore(authTuple(issuerId2[],fp(pk(skH2[])),ssetH[],algH[],verH[]),sign((POSS,authTuple(issuerId2[],fp(pk(skH2[])),ssetH[],algH[],verH[])),skH2[]),sign((BYTES,framed(OT_ATTEST,algH[],issuerId2[],fp(pk(skH2[])),h(authTuple(issuerId2[],fp(pk(skH2[])),ssetH[],algH[],verH[])),canonVerH[],p2_3)),skH2[]),decl2_2))) may be executed at {91}.
event(Established(pk(skH2[]),authTuple(issuerId2[],fp(pk(skH2[])),ssetH[],algH[],verH[]),h(attemptCore(authTuple(issuerId2[],fp(pk(skH2[])),ssetH[],algH[],verH[]),sign((POSS,authTuple(issuerId2[],fp(pk(skH2[])),ssetH[],algH[],verH[])),skH2[]),sign((BYTES,framed(OT_ATTEST,algH[],issuerId2[],fp(pk(skH2[])),h(authTuple(issuerId2[],fp(pk(skH2[])),ssetH[],algH[],verH[])),canonVerH[],p2_3)),skH2[]),decl2_2)))).

39. By 38, event(Established(pk(skH2[]),authTuple(issuerId2[],fp(pk(skH2[])),ssetH[],algH[],verH[]),h(attemptCore(authTuple(issuerId2[],fp(pk(skH2[])),ssetH[],algH[],verH[]),sign((POSS,authTuple(issuerId2[],fp(pk(skH2[])),ssetH[],algH[],verH[])),skH2[]),sign((BYTES,framed(OT_ATTEST,algH[],issuerId2[],fp(pk(skH2[])),h(authTuple(issuerId2[],fp(pk(skH2[])),ssetH[],algH[],verH[])),canonVerH[],p2_3)),skH2[]),decl2_2)))).
The goal is reached, represented in the following fact:
event(Established(pk(skH2[]),authTuple(issuerId2[],fp(pk(skH2[])),ssetH[],algH[],verH[]),h(attemptCore(authTuple(issuerId2[],fp(pk(skH2[])),ssetH[],algH[],verH[]),sign((POSS,authTuple(issuerId2[],fp(pk(skH2[])),ssetH[],algH[],verH[])),skH2[]),sign((BYTES,framed(OT_ATTEST,algH[],issuerId2[],fp(pk(skH2[])),h(authTuple(issuerId2[],fp(pk(skH2[])),ssetH[],algH[],verH[])),canonVerH[],p2_3)),skH2[]),decl2_2)))).


A more detailed output of the traces is available with
  set traceDisplay = long.

new skD: skey creating skD_3 at {1}

new skR: skey creating skR_3 at {2}

out(c, ~M) with ~M = pk(skD_3) at {5}

out(c, ~M_1) with ~M_1 = pk(skR_3) at {6}

out(c, ~M_2) with ~M_2 = pk(skH1) at {7}

out(c, ~M_3) with ~M_3 = pk(skH2) at {8}

out(c, authTuple(~M_4,~M_5,~M_6,~M_7,~M_8)) with ~M_4 = issuerId, ~M_5 = fp(pk(skH1)), ~M_6 = ssetH, ~M_7 = algH, ~M_8 = verH at {9}

out(c, authTuple(~M_9,~M_10,~M_11,~M_12,~M_13)) with ~M_9 = issuerId2, ~M_10 = fp(pk(skH2)), ~M_11 = ssetH, ~M_12 = algH, ~M_13 = verH at {10}

out(c, ~M_14) with ~M_14 = skD_3 at {11}

event AuthorityPublishedRepo(authTuple(issuerId2,fp(pk(skH2)),ssetH,algH,verH)) at {26} in copy a

out(c, ~M_15) with ~M_15 = sign((STMT_DIGEST,h(authTuple(issuerId2,fp(pk(skH2)),ssetH,algH,verH))),skR_3) at {27} in copy a

in(c, (a_1,a_2)) at {56} in copy a_3

new decl1_1: bitstring creating decl1_5 at {57} in copy a_3

new decl2_1: bitstring creating decl2_3 at {58} in copy a_3

new declT_1: bitstring creating declT_4 at {59} in copy a_3

event IssuerPossession(pk(skH2)) at {60} in copy a_3

event IssuerSigned(pk(skH2),framed(OT_ATTEST,algH,issuerId2,fp(pk(skH2)),h(authTuple(issuerId2,fp(pk(skH2)),ssetH,algH,verH)),canonVerH,a_1)) at {65} in copy a_3

out(c, (attemptCore(authTuple(~M_16,~M_17,~M_18,~M_19,~M_20),~M_21,~M_22,~M_23),framed(~M_24,~M_25,~M_26,~M_27,~M_28,~M_29,~M_30))) with ~M_16 = issuerId2, ~M_17 = fp(pk(skH2)), ~M_18 = ssetH, ~M_19 = algH, ~M_20 = verH, ~M_21 = sign((POSS,authTuple(issuerId2,fp(pk(skH2)),ssetH,algH,verH)),skH2), ~M_22 = sign((BYTES,framed(OT_ATTEST,algH,issuerId2,fp(pk(skH2)),h(authTuple(issuerId2,fp(pk(skH2)),ssetH,algH,verH)),canonVerH,a_1)),skH2), ~M_23 = decl1_5, ~M_24 = OT_ATTEST, ~M_25 = algH, ~M_26 = issuerId2, ~M_27 = fp(pk(skH2)), ~M_28 = h(authTuple(issuerId2,fp(pk(skH2)),ssetH,algH,verH)), ~M_29 = canonVerH, ~M_30 = a_1 at {66} in copy a_3

event IssuerSigned(pk(skH2),framed(OT_ATTEST,algH,issuerId2,fp(pk(skH2)),h(authTuple(issuerId2,fp(pk(skH2)),ssetH,algH,verH)),canonVerH,a_2)) at {70} in copy a_3

out(c, (attemptCore(authTuple(~M_31,~M_32,~M_33,~M_34,~M_35),~M_36,~M_37,~M_38),framed(~M_39,~M_40,~M_41,~M_42,~M_43,~M_44,~M_45))) with ~M_31 = issuerId2, ~M_32 = fp(pk(skH2)), ~M_33 = ssetH, ~M_34 = algH, ~M_35 = verH, ~M_36 = sign((POSS,authTuple(issuerId2,fp(pk(skH2)),ssetH,algH,verH)),skH2), ~M_37 = sign((BYTES,framed(OT_ATTEST,algH,issuerId2,fp(pk(skH2)),h(authTuple(issuerId2,fp(pk(skH2)),ssetH,algH,verH)),canonVerH,a_2)),skH2), ~M_38 = decl2_3, ~M_39 = OT_ATTEST, ~M_40 = algH, ~M_41 = issuerId2, ~M_42 = fp(pk(skH2)), ~M_43 = h(authTuple(issuerId2,fp(pk(skH2)),ssetH,algH,verH)), ~M_44 = canonVerH, ~M_45 = a_2 at {71} in copy a_3

out(c, ~M_46) with ~M_46 = sign((TLR,(lineage2(entry(h(attemptCore(authTuple(issuerId2,fp(pk(skH2)),ssetH,algH,verH),sign((POSS,authTuple(issuerId2,fp(pk(skH2)),ssetH,algH,verH)),skH2),sign((BYTES,framed(OT_ATTEST,algH,issuerId2,fp(pk(skH2)),h(authTuple(issuerId2,fp(pk(skH2)),ssetH,algH,verH)),canonVerH,a_1)),skH2),decl1_5)),DISP_ABANDONED),entry(h(attemptCore(authTuple(issuerId2,fp(pk(skH2)),ssetH,algH,verH),sign((POSS,authTuple(issuerId2,fp(pk(skH2)),ssetH,algH,verH)),skH2),sign((BYTES,framed(OT_ATTEST,algH,issuerId2,fp(pk(skH2)),h(authTuple(issuerId2,fp(pk(skH2)),ssetH,algH,verH)),canonVerH,a_2)),skH2),decl2_3)),DISP_ABANDONED)),TERM_REFUSED,declT_4)),skH2) at {73} in copy a_3

in(c, (a_4,a_5)) at {56} in copy a_6

new decl1_1: bitstring creating decl1_6 at {57} in copy a_6

new decl2_1: bitstring creating decl2_4 at {58} in copy a_6

new declT_1: bitstring creating declT_5 at {59} in copy a_6

event IssuerPossession(pk(skH2)) at {60} in copy a_6

event IssuerSigned(pk(skH2),framed(OT_ATTEST,algH,issuerId2,fp(pk(skH2)),h(authTuple(issuerId2,fp(pk(skH2)),ssetH,algH,verH)),canonVerH,a_4)) at {65} in copy a_6

out(c, (attemptCore(authTuple(~M_47,~M_48,~M_49,~M_50,~M_51),~M_52,~M_53,~M_54),framed(~M_55,~M_56,~M_57,~M_58,~M_59,~M_60,~M_61))) with ~M_47 = issuerId2, ~M_48 = fp(pk(skH2)), ~M_49 = ssetH, ~M_50 = algH, ~M_51 = verH, ~M_52 = sign((POSS,authTuple(issuerId2,fp(pk(skH2)),ssetH,algH,verH)),skH2), ~M_53 = sign((BYTES,framed(OT_ATTEST,algH,issuerId2,fp(pk(skH2)),h(authTuple(issuerId2,fp(pk(skH2)),ssetH,algH,verH)),canonVerH,a_4)),skH2), ~M_54 = decl1_6, ~M_55 = OT_ATTEST, ~M_56 = algH, ~M_57 = issuerId2, ~M_58 = fp(pk(skH2)), ~M_59 = h(authTuple(issuerId2,fp(pk(skH2)),ssetH,algH,verH)), ~M_60 = canonVerH, ~M_61 = a_4 at {66} in copy a_6

event IssuerSigned(pk(skH2),framed(OT_ATTEST,algH,issuerId2,fp(pk(skH2)),h(authTuple(issuerId2,fp(pk(skH2)),ssetH,algH,verH)),canonVerH,a_5)) at {70} in copy a_6

out(c, (attemptCore(authTuple(~M_62,~M_63,~M_64,~M_65,~M_66),~M_67,~M_68,~M_69),framed(~M_70,~M_71,~M_72,~M_73,~M_74,~M_75,~M_76))) with ~M_62 = issuerId2, ~M_63 = fp(pk(skH2)), ~M_64 = ssetH, ~M_65 = algH, ~M_66 = verH, ~M_67 = sign((POSS,authTuple(issuerId2,fp(pk(skH2)),ssetH,algH,verH)),skH2), ~M_68 = sign((BYTES,framed(OT_ATTEST,algH,issuerId2,fp(pk(skH2)),h(authTuple(issuerId2,fp(pk(skH2)),ssetH,algH,verH)),canonVerH,a_5)),skH2), ~M_69 = decl2_4, ~M_70 = OT_ATTEST, ~M_71 = algH, ~M_72 = issuerId2, ~M_73 = fp(pk(skH2)), ~M_74 = h(authTuple(issuerId2,fp(pk(skH2)),ssetH,algH,verH)), ~M_75 = canonVerH, ~M_76 = a_5 at {71} in copy a_6

out(c, ~M_77) with ~M_77 = sign((TLR,(lineage2(entry(h(attemptCore(authTuple(issuerId2,fp(pk(skH2)),ssetH,algH,verH),sign((POSS,authTuple(issuerId2,fp(pk(skH2)),ssetH,algH,verH)),skH2),sign((BYTES,framed(OT_ATTEST,algH,issuerId2,fp(pk(skH2)),h(authTuple(issuerId2,fp(pk(skH2)),ssetH,algH,verH)),canonVerH,a_4)),skH2),decl1_6)),DISP_ABANDONED),entry(h(attemptCore(authTuple(issuerId2,fp(pk(skH2)),ssetH,algH,verH),sign((POSS,authTuple(issuerId2,fp(pk(skH2)),ssetH,algH,verH)),skH2),sign((BYTES,framed(OT_ATTEST,algH,issuerId2,fp(pk(skH2)),h(authTuple(issuerId2,fp(pk(skH2)),ssetH,algH,verH)),canonVerH,a_5)),skH2),decl2_4)),DISP_ABANDONED)),TERM_REFUSED,declT_5)),skH2) at {73} in copy a_6

in(c, (a_7,a_4)) at {56} in copy a_8

new decl1_1: bitstring creating decl1_7 at {57} in copy a_8

new decl2_1: bitstring creating decl2_5 at {58} in copy a_8

new declT_1: bitstring creating declT_6 at {59} in copy a_8

event IssuerPossession(pk(skH2)) at {60} in copy a_8

event IssuerSigned(pk(skH2),framed(OT_ATTEST,algH,issuerId2,fp(pk(skH2)),h(authTuple(issuerId2,fp(pk(skH2)),ssetH,algH,verH)),canonVerH,a_7)) at {65} in copy a_8

out(c, (attemptCore(authTuple(~M_78,~M_79,~M_80,~M_81,~M_82),~M_83,~M_84,~M_85),framed(~M_86,~M_87,~M_88,~M_89,~M_90,~M_91,~M_92))) with ~M_78 = issuerId2, ~M_79 = fp(pk(skH2)), ~M_80 = ssetH, ~M_81 = algH, ~M_82 = verH, ~M_83 = sign((POSS,authTuple(issuerId2,fp(pk(skH2)),ssetH,algH,verH)),skH2), ~M_84 = sign((BYTES,framed(OT_ATTEST,algH,issuerId2,fp(pk(skH2)),h(authTuple(issuerId2,fp(pk(skH2)),ssetH,algH,verH)),canonVerH,a_7)),skH2), ~M_85 = decl1_7, ~M_86 = OT_ATTEST, ~M_87 = algH, ~M_88 = issuerId2, ~M_89 = fp(pk(skH2)), ~M_90 = h(authTuple(issuerId2,fp(pk(skH2)),ssetH,algH,verH)), ~M_91 = canonVerH, ~M_92 = a_7 at {66} in copy a_8

event IssuerSigned(pk(skH2),framed(OT_ATTEST,algH,issuerId2,fp(pk(skH2)),h(authTuple(issuerId2,fp(pk(skH2)),ssetH,algH,verH)),canonVerH,a_4)) at {70} in copy a_8

out(c, (attemptCore(authTuple(~M_93,~M_94,~M_95,~M_96,~M_97),~M_98,~M_99,~M_100),framed(~M_101,~M_102,~M_103,~M_104,~M_105,~M_106,~M_107))) with ~M_93 = issuerId2, ~M_94 = fp(pk(skH2)), ~M_95 = ssetH, ~M_96 = algH, ~M_97 = verH, ~M_98 = sign((POSS,authTuple(issuerId2,fp(pk(skH2)),ssetH,algH,verH)),skH2), ~M_99 = sign((BYTES,framed(OT_ATTEST,algH,issuerId2,fp(pk(skH2)),h(authTuple(issuerId2,fp(pk(skH2)),ssetH,algH,verH)),canonVerH,a_4)),skH2), ~M_100 = decl2_5, ~M_101 = OT_ATTEST, ~M_102 = algH, ~M_103 = issuerId2, ~M_104 = fp(pk(skH2)), ~M_105 = h(authTuple(issuerId2,fp(pk(skH2)),ssetH,algH,verH)), ~M_106 = canonVerH, ~M_107 = a_4 at {71} in copy a_8

out(c, ~M_108) with ~M_108 = sign((TLR,(lineage2(entry(h(attemptCore(authTuple(issuerId2,fp(pk(skH2)),ssetH,algH,verH),sign((POSS,authTuple(issuerId2,fp(pk(skH2)),ssetH,algH,verH)),skH2),sign((BYTES,framed(OT_ATTEST,algH,issuerId2,fp(pk(skH2)),h(authTuple(issuerId2,fp(pk(skH2)),ssetH,algH,verH)),canonVerH,a_7)),skH2),decl1_7)),DISP_ABANDONED),entry(h(attemptCore(authTuple(issuerId2,fp(pk(skH2)),ssetH,algH,verH),sign((POSS,authTuple(issuerId2,fp(pk(skH2)),ssetH,algH,verH)),skH2),sign((BYTES,framed(OT_ATTEST,algH,issuerId2,fp(pk(skH2)),h(authTuple(issuerId2,fp(pk(skH2)),ssetH,algH,verH)),canonVerH,a_4)),skH2),decl2_5)),DISP_ABANDONED)),TERM_REFUSED,declT_6)),skH2) at {73} in copy a_8

in(c, (authTuple(issuerId2,fp(~M_3),ssetH,algH,verH),sign((STMT_DIGEST,h(authTuple(issuerId2,fp(~M_3),ssetH,algH,verH))),~M_14),~M_15,~M_3,attemptCore(authTuple(issuerId2,fp(~M_3),ssetH,algH,verH),~M_21,~M_53,~M_100),a_9,withTLR(~M_3,~M_108,anchorProof(h(~M_108))))) with fp(~M_3) = fp(pk(skH2)), sign((STMT_DIGEST,h(authTuple(issuerId2,fp(~M_3),ssetH,algH,verH))),~M_14) = sign((STMT_DIGEST,h(authTuple(issuerId2,fp(pk(skH2)),ssetH,algH,verH))),skD_3), ~M_15 = sign((STMT_DIGEST,h(authTuple(issuerId2,fp(pk(skH2)),ssetH,algH,verH))),skR_3), ~M_3 = pk(skH2), fp(~M_3) = fp(pk(skH2)), ~M_21 = sign((POSS,authTuple(issuerId2,fp(pk(skH2)),ssetH,algH,verH)),skH2), ~M_53 = sign((BYTES,framed(OT_ATTEST,algH,issuerId2,fp(pk(skH2)),h(authTuple(issuerId2,fp(pk(skH2)),ssetH,algH,verH)),canonVerH,a_4)),skH2), ~M_100 = decl2_5, ~M_3 = pk(skH2), ~M_108 = sign((TLR,(lineage2(entry(h(attemptCore(authTuple(issuerId2,fp(pk(skH2)),ssetH,algH,verH),sign((POSS,authTuple(issuerId2,fp(pk(skH2)),ssetH,algH,verH)),skH2),sign((BYTES,framed(OT_ATTEST,algH,issuerId2,fp(pk(skH2)),h(authTuple(issuerId2,fp(pk(skH2)),ssetH,algH,verH)),canonVerH,a_7)),skH2),decl1_7)),DISP_ABANDONED),entry(h(attemptCore(authTuple(issuerId2,fp(pk(skH2)),ssetH,algH,verH),sign((POSS,authTuple(issuerId2,fp(pk(skH2)),ssetH,algH,verH)),skH2),sign((BYTES,framed(OT_ATTEST,algH,issuerId2,fp(pk(skH2)),h(authTuple(issuerId2,fp(pk(skH2)),ssetH,algH,verH)),canonVerH,a_4)),skH2),decl2_5)),DISP_ABANDONED)),TERM_REFUSED,declT_6)),skH2), h(~M_108) = h(sign((TLR,(lineage2(entry(h(attemptCore(authTuple(issuerId2,fp(pk(skH2)),ssetH,algH,verH),sign((POSS,authTuple(issuerId2,fp(pk(skH2)),ssetH,algH,verH)),skH2),sign((BYTES,framed(OT_ATTEST,algH,issuerId2,fp(pk(skH2)),h(authTuple(issuerId2,fp(pk(skH2)),ssetH,algH,verH)),canonVerH,a_7)),skH2),decl1_7)),DISP_ABANDONED),entry(h(attemptCore(authTuple(issuerId2,fp(pk(skH2)),ssetH,algH,verH),sign((POSS,authTuple(issuerId2,fp(pk(skH2)),ssetH,algH,verH)),skH2),sign((BYTES,framed(OT_ATTEST,algH,issuerId2,fp(pk(skH2)),h(authTuple(issuerId2,fp(pk(skH2)),ssetH,algH,verH)),canonVerH,a_4)),skH2),decl2_5)),DISP_ABANDONED)),TERM_REFUSED,declT_6)),skH2)) at {77} in copy a_10

event Established(pk(skH2),authTuple(issuerId2,fp(pk(skH2)),ssetH,algH,verH),h(attemptCore(authTuple(issuerId2,fp(pk(skH2)),ssetH,algH,verH),sign((POSS,authTuple(issuerId2,fp(pk(skH2)),ssetH,algH,verH)),skH2),sign((BYTES,framed(OT_ATTEST,algH,issuerId2,fp(pk(skH2)),h(authTuple(issuerId2,fp(pk(skH2)),ssetH,algH,verH)),canonVerH,a_4)),skH2),decl2_5))) at {91} in copy a_10 (goal)

The event Established(pk(skH2),authTuple(issuerId2,fp(pk(skH2)),ssetH,algH,verH),h(attemptCore(authTuple(issuerId2,fp(pk(skH2)),ssetH,algH,verH),sign((POSS,authTuple(issuerId2,fp(pk(skH2)),ssetH,algH,verH)),skH2),sign((BYTES,framed(OT_ATTEST,algH,issuerId2,fp(pk(skH2)),h(authTuple(issuerId2,fp(pk(skH2)),ssetH,algH,verH)),canonVerH,a_4)),skH2),decl2_5))) is executed at {91} in copy a_10.
A trace has been found.
RESULT event(Established(kX_3,t_3,aid_2)) ==> event(Designated(kX_3,aid_2)) is false.
-- Query event(Established(pk(skH1[]),t_3,aid_2)) ==> event(Designated(pk(skH1[]),aid_2)) in process 1.
Translating the process into Horn clauses...
Completing...
200 rules inserted. Base: 152 rules (85 with conclusion selected). Queue: 25 rules.
400 rules inserted. Base: 187 rules (87 with conclusion selected). Queue: 15 rules.
Starting query event(Established(pk(skH1[]),t_3,aid_2)) ==> event(Designated(pk(skH1[]),aid_2))
goal reachable: b-event(Designated(pk(skH1[]),h(attemptCore(authTuple(issuerId[],fp(pk(skH1[])),ssetH[],algH[],verH[]),sign((POSS,authTuple(issuerId[],fp(pk(skH1[])),ssetH[],algH[],verH[])),skH1[]),sign((BYTES,framed(OT_ATTEST,algH[],issuerId[],fp(pk(skH1[])),h(authTuple(issuerId[],fp(pk(skH1[])),ssetH[],algH[],verH[])),canonVerH[],p2_3)),skH1[]),decl2_2)))) && attacker(p1_3) && attacker(p2_3) -> event(Established(pk(skH1[]),authTuple(issuerId[],fp(pk(skH1[])),ssetH[],algH[],verH[]),h(attemptCore(authTuple(issuerId[],fp(pk(skH1[])),ssetH[],algH[],verH[]),sign((POSS,authTuple(issuerId[],fp(pk(skH1[])),ssetH[],algH[],verH[])),skH1[]),sign((BYTES,framed(OT_ATTEST,algH[],issuerId[],fp(pk(skH1[])),h(authTuple(issuerId[],fp(pk(skH1[])),ssetH[],algH[],verH[])),canonVerH[],p1_3)),skH1[]),decl1_2))))
Abbreviations:
decl1_2 = decl1[p2 = p2_3,p1 = p1_3,!1 = @sid]
decl2_2 = decl2[p2 = p2_3,p1 = p1_3,!1 = @sid]

Derivation:
Abbreviations:
decl1_2 = decl1[p2 = p2_3,p1 = p1_3,!1 = @sid]
decl2_2 = decl2[p2 = p2_3,p1 = p1_3,!1 = @sid]
declT_3 = declT[p2 = p2_3,p1 = p1_3,!1 = @sid]
decl1_3 = decl1[p2 = p2_4,p1 = p1_4,!1 = @sid_1]
decl1_4 = decl1[p2 = p2_5,p1 = p1_3,!1 = @sid_2]

1. We assume as hypothesis that
attacker(p2_3).

2. We assume as hypothesis that
attacker(p1_3).

3. By 2, the attacker may know p1_3.
By 1, the attacker may know p2_3.
Using the function 2-tuple the attacker may obtain (p1_3,p2_3).
attacker((p1_3,p2_3)).

4. The message (p1_3,p2_3) that the attacker may have by 3 may be received at input {31}.
The event Designated(pk(skH1[]),h(attemptCore(authTuple(issuerId[],fp(pk(skH1[])),ssetH[],algH[],verH[]),sign((POSS,authTuple(issuerId[],fp(pk(skH1[])),ssetH[],algH[],verH[])),skH1[]),sign((BYTES,framed(OT_ATTEST,algH[],issuerId[],fp(pk(skH1[])),h(authTuple(issuerId[],fp(pk(skH1[])),ssetH[],algH[],verH[])),canonVerH[],p2_3)),skH1[]),decl2_2))) may be executed at {49}.
So the message sign((TLR,(lineage2(entry(h(attemptCore(authTuple(issuerId[],fp(pk(skH1[])),ssetH[],algH[],verH[]),sign((POSS,authTuple(issuerId[],fp(pk(skH1[])),ssetH[],algH[],verH[])),skH1[]),sign((BYTES,framed(OT_ATTEST,algH[],issuerId[],fp(pk(skH1[])),h(authTuple(issuerId[],fp(pk(skH1[])),ssetH[],algH[],verH[])),canonVerH[],p1_3)),skH1[]),decl1_2)),DISP_ABANDONED),entry(h(attemptCore(authTuple(issuerId[],fp(pk(skH1[])),ssetH[],algH[],verH[]),sign((POSS,authTuple(issuerId[],fp(pk(skH1[])),ssetH[],algH[],verH[])),skH1[]),sign((BYTES,framed(OT_ATTEST,algH[],issuerId[],fp(pk(skH1[])),h(authTuple(issuerId[],fp(pk(skH1[])),ssetH[],algH[],verH[])),canonVerH[],p2_3)),skH1[]),decl2_2)),DISP_SHIPPED)),TERM_SHIPPED(h(attemptCore(authTuple(issuerId[],fp(pk(skH1[])),ssetH[],algH[],verH[]),sign((POSS,authTuple(issuerId[],fp(pk(skH1[])),ssetH[],algH[],verH[])),skH1[]),sign((BYTES,framed(OT_ATTEST,algH[],issuerId[],fp(pk(skH1[])),h(authTuple(issuerId[],fp(pk(skH1[])),ssetH[],algH[],verH[])),canonVerH[],p2_3)),skH1[]),decl2_2))),declT_3)),skH1[]) may be sent to the attacker at output {52}.
attacker(sign((TLR,(lineage2(entry(h(attemptCore(authTuple(issuerId[],fp(pk(skH1[])),ssetH[],algH[],verH[]),sign((POSS,authTuple(issuerId[],fp(pk(skH1[])),ssetH[],algH[],verH[])),skH1[]),sign((BYTES,framed(OT_ATTEST,algH[],issuerId[],fp(pk(skH1[])),h(authTuple(issuerId[],fp(pk(skH1[])),ssetH[],algH[],verH[])),canonVerH[],p1_3)),skH1[]),decl1_2)),DISP_ABANDONED),entry(h(attemptCore(authTuple(issuerId[],fp(pk(skH1[])),ssetH[],algH[],verH[]),sign((POSS,authTuple(issuerId[],fp(pk(skH1[])),ssetH[],algH[],verH[])),skH1[]),sign((BYTES,framed(OT_ATTEST,algH[],issuerId[],fp(pk(skH1[])),h(authTuple(issuerId[],fp(pk(skH1[])),ssetH[],algH[],verH[])),canonVerH[],p2_3)),skH1[]),decl2_2)),DISP_SHIPPED)),TERM_SHIPPED(h(attemptCore(authTuple(issuerId[],fp(pk(skH1[])),ssetH[],algH[],verH[]),sign((POSS,authTuple(issuerId[],fp(pk(skH1[])),ssetH[],algH[],verH[])),skH1[]),sign((BYTES,framed(OT_ATTEST,algH[],issuerId[],fp(pk(skH1[])),h(authTuple(issuerId[],fp(pk(skH1[])),ssetH[],algH[],verH[])),canonVerH[],p2_3)),skH1[]),decl2_2))),declT_3)),skH1[])).

5. By 4, the attacker may know sign((TLR,(lineage2(entry(h(attemptCore(authTuple(issuerId[],fp(pk(skH1[])),ssetH[],algH[],verH[]),sign((POSS,authTuple(issuerId[],fp(pk(skH1[])),ssetH[],algH[],verH[])),skH1[]),sign((BYTES,framed(OT_ATTEST,algH[],issuerId[],fp(pk(skH1[])),h(authTuple(issuerId[],fp(pk(skH1[])),ssetH[],algH[],verH[])),canonVerH[],p1_3)),skH1[]),decl1_2)),DISP_ABANDONED),entry(h(attemptCore(authTuple(issuerId[],fp(pk(skH1[])),ssetH[],algH[],verH[]),sign((POSS,authTuple(issuerId[],fp(pk(skH1[])),ssetH[],algH[],verH[])),skH1[]),sign((BYTES,framed(OT_ATTEST,algH[],issuerId[],fp(pk(skH1[])),h(authTuple(issuerId[],fp(pk(skH1[])),ssetH[],algH[],verH[])),canonVerH[],p2_3)),skH1[]),decl2_2)),DISP_SHIPPED)),TERM_SHIPPED(h(attemptCore(authTuple(issuerId[],fp(pk(skH1[])),ssetH[],algH[],verH[]),sign((POSS,authTuple(issuerId[],fp(pk(skH1[])),ssetH[],algH[],verH[])),skH1[]),sign((BYTES,framed(OT_ATTEST,algH[],issuerId[],fp(pk(skH1[])),h(authTuple(issuerId[],fp(pk(skH1[])),ssetH[],algH[],verH[])),canonVerH[],p2_3)),skH1[]),decl2_2))),declT_3)),skH1[]).
Using the function h the attacker may obtain h(sign((TLR,(lineage2(entry(h(attemptCore(authTuple(issuerId[],fp(pk(skH1[])),ssetH[],algH[],verH[]),sign((POSS,authTuple(issuerId[],fp(pk(skH1[])),ssetH[],algH[],verH[])),skH1[]),sign((BYTES,framed(OT_ATTEST,algH[],issuerId[],fp(pk(skH1[])),h(authTuple(issuerId[],fp(pk(skH1[])),ssetH[],algH[],verH[])),canonVerH[],p1_3)),skH1[]),decl1_2)),DISP_ABANDONED),entry(h(attemptCore(authTuple(issuerId[],fp(pk(skH1[])),ssetH[],algH[],verH[]),sign((POSS,authTuple(issuerId[],fp(pk(skH1[])),ssetH[],algH[],verH[])),skH1[]),sign((BYTES,framed(OT_ATTEST,algH[],issuerId[],fp(pk(skH1[])),h(authTuple(issuerId[],fp(pk(skH1[])),ssetH[],algH[],verH[])),canonVerH[],p2_3)),skH1[]),decl2_2)),DISP_SHIPPED)),TERM_SHIPPED(h(attemptCore(authTuple(issuerId[],fp(pk(skH1[])),ssetH[],algH[],verH[]),sign((POSS,authTuple(issuerId[],fp(pk(skH1[])),ssetH[],algH[],verH[])),skH1[]),sign((BYTES,framed(OT_ATTEST,algH[],issuerId[],fp(pk(skH1[])),h(authTuple(issuerId[],fp(pk(skH1[])),ssetH[],algH[],verH[])),canonVerH[],p2_3)),skH1[]),decl2_2))),declT_3)),skH1[])).
attacker(h(sign((TLR,(lineage2(entry(h(attemptCore(authTuple(issuerId[],fp(pk(skH1[])),ssetH[],algH[],verH[]),sign((POSS,authTuple(issuerId[],fp(pk(skH1[])),ssetH[],algH[],verH[])),skH1[]),sign((BYTES,framed(OT_ATTEST,algH[],issuerId[],fp(pk(skH1[])),h(authTuple(issuerId[],fp(pk(skH1[])),ssetH[],algH[],verH[])),canonVerH[],p1_3)),skH1[]),decl1_2)),DISP_ABANDONED),entry(h(attemptCore(authTuple(issuerId[],fp(pk(skH1[])),ssetH[],algH[],verH[]),sign((POSS,authTuple(issuerId[],fp(pk(skH1[])),ssetH[],algH[],verH[])),skH1[]),sign((BYTES,framed(OT_ATTEST,algH[],issuerId[],fp(pk(skH1[])),h(authTuple(issuerId[],fp(pk(skH1[])),ssetH[],algH[],verH[])),canonVerH[],p2_3)),skH1[]),decl2_2)),DISP_SHIPPED)),TERM_SHIPPED(h(attemptCore(authTuple(issuerId[],fp(pk(skH1[])),ssetH[],algH[],verH[]),sign((POSS,authTuple(issuerId[],fp(pk(skH1[])),ssetH[],algH[],verH[])),skH1[]),sign((BYTES,framed(OT_ATTEST,algH[],issuerId[],fp(pk(skH1[])),h(authTuple(issuerId[],fp(pk(skH1[])),ssetH[],algH[],verH[])),canonVerH[],p2_3)),skH1[]),decl2_2))),declT_3)),skH1[]))).

6. By 5, the attacker may know h(sign((TLR,(lineage2(entry(h(attemptCore(authTuple(issuerId[],fp(pk(skH1[])),ssetH[],algH[],verH[]),sign((POSS,authTuple(issuerId[],fp(pk(skH1[])),ssetH[],algH[],verH[])),skH1[]),sign((BYTES,framed(OT_ATTEST,algH[],issuerId[],fp(pk(skH1[])),h(authTuple(issuerId[],fp(pk(skH1[])),ssetH[],algH[],verH[])),canonVerH[],p1_3)),skH1[]),decl1_2)),DISP_ABANDONED),entry(h(attemptCore(authTuple(issuerId[],fp(pk(skH1[])),ssetH[],algH[],verH[]),sign((POSS,authTuple(issuerId[],fp(pk(skH1[])),ssetH[],algH[],verH[])),skH1[]),sign((BYTES,framed(OT_ATTEST,algH[],issuerId[],fp(pk(skH1[])),h(authTuple(issuerId[],fp(pk(skH1[])),ssetH[],algH[],verH[])),canonVerH[],p2_3)),skH1[]),decl2_2)),DISP_SHIPPED)),TERM_SHIPPED(h(attemptCore(authTuple(issuerId[],fp(pk(skH1[])),ssetH[],algH[],verH[]),sign((POSS,authTuple(issuerId[],fp(pk(skH1[])),ssetH[],algH[],verH[])),skH1[]),sign((BYTES,framed(OT_ATTEST,algH[],issuerId[],fp(pk(skH1[])),h(authTuple(issuerId[],fp(pk(skH1[])),ssetH[],algH[],verH[])),canonVerH[],p2_3)),skH1[]),decl2_2))),declT_3)),skH1[])).
Using the function anchorProof the attacker may obtain anchorProof(h(sign((TLR,(lineage2(entry(h(attemptCore(authTuple(issuerId[],fp(pk(skH1[])),ssetH[],algH[],verH[]),sign((POSS,authTuple(issuerId[],fp(pk(skH1[])),ssetH[],algH[],verH[])),skH1[]),sign((BYTES,framed(OT_ATTEST,algH[],issuerId[],fp(pk(skH1[])),h(authTuple(issuerId[],fp(pk(skH1[])),ssetH[],algH[],verH[])),canonVerH[],p1_3)),skH1[]),decl1_2)),DISP_ABANDONED),entry(h(attemptCore(authTuple(issuerId[],fp(pk(skH1[])),ssetH[],algH[],verH[]),sign((POSS,authTuple(issuerId[],fp(pk(skH1[])),ssetH[],algH[],verH[])),skH1[]),sign((BYTES,framed(OT_ATTEST,algH[],issuerId[],fp(pk(skH1[])),h(authTuple(issuerId[],fp(pk(skH1[])),ssetH[],algH[],verH[])),canonVerH[],p2_3)),skH1[]),decl2_2)),DISP_SHIPPED)),TERM_SHIPPED(h(attemptCore(authTuple(issuerId[],fp(pk(skH1[])),ssetH[],algH[],verH[]),sign((POSS,authTuple(issuerId[],fp(pk(skH1[])),ssetH[],algH[],verH[])),skH1[]),sign((BYTES,framed(OT_ATTEST,algH[],issuerId[],fp(pk(skH1[])),h(authTuple(issuerId[],fp(pk(skH1[])),ssetH[],algH[],verH[])),canonVerH[],p2_3)),skH1[]),decl2_2))),declT_3)),skH1[]))).
attacker(anchorProof(h(sign((TLR,(lineage2(entry(h(attemptCore(authTuple(issuerId[],fp(pk(skH1[])),ssetH[],algH[],verH[]),sign((POSS,authTuple(issuerId[],fp(pk(skH1[])),ssetH[],algH[],verH[])),skH1[]),sign((BYTES,framed(OT_ATTEST,algH[],issuerId[],fp(pk(skH1[])),h(authTuple(issuerId[],fp(pk(skH1[])),ssetH[],algH[],verH[])),canonVerH[],p1_3)),skH1[]),decl1_2)),DISP_ABANDONED),entry(h(attemptCore(authTuple(issuerId[],fp(pk(skH1[])),ssetH[],algH[],verH[]),sign((POSS,authTuple(issuerId[],fp(pk(skH1[])),ssetH[],algH[],verH[])),skH1[]),sign((BYTES,framed(OT_ATTEST,algH[],issuerId[],fp(pk(skH1[])),h(authTuple(issuerId[],fp(pk(skH1[])),ssetH[],algH[],verH[])),canonVerH[],p2_3)),skH1[]),decl2_2)),DISP_SHIPPED)),TERM_SHIPPED(h(attemptCore(authTuple(issuerId[],fp(pk(skH1[])),ssetH[],algH[],verH[]),sign((POSS,authTuple(issuerId[],fp(pk(skH1[])),ssetH[],algH[],verH[])),skH1[]),sign((BYTES,framed(OT_ATTEST,algH[],issuerId[],fp(pk(skH1[])),h(authTuple(issuerId[],fp(pk(skH1[])),ssetH[],algH[],verH[])),canonVerH[],p2_3)),skH1[]),decl2_2))),declT_3)),skH1[])))).

7. The message pk(skH1[]) may be sent to the attacker at output {7}.
attacker(pk(skH1[])).

8. By 7, the attacker may know pk(skH1[]).
By 4, the attacker may know sign((TLR,(lineage2(entry(h(attemptCore(authTuple(issuerId[],fp(pk(skH1[])),ssetH[],algH[],verH[]),sign((POSS,authTuple(issuerId[],fp(pk(skH1[])),ssetH[],algH[],verH[])),skH1[]),sign((BYTES,framed(OT_ATTEST,algH[],issuerId[],fp(pk(skH1[])),h(authTuple(issuerId[],fp(pk(skH1[])),ssetH[],algH[],verH[])),canonVerH[],p1_3)),skH1[]),decl1_2)),DISP_ABANDONED),entry(h(attemptCore(authTuple(issuerId[],fp(pk(skH1[])),ssetH[],algH[],verH[]),sign((POSS,authTuple(issuerId[],fp(pk(skH1[])),ssetH[],algH[],verH[])),skH1[]),sign((BYTES,framed(OT_ATTEST,algH[],issuerId[],fp(pk(skH1[])),h(authTuple(issuerId[],fp(pk(skH1[])),ssetH[],algH[],verH[])),canonVerH[],p2_3)),skH1[]),decl2_2)),DISP_SHIPPED)),TERM_SHIPPED(h(attemptCore(authTuple(issuerId[],fp(pk(skH1[])),ssetH[],algH[],verH[]),sign((POSS,authTuple(issuerId[],fp(pk(skH1[])),ssetH[],algH[],verH[])),skH1[]),sign((BYTES,framed(OT_ATTEST,algH[],issuerId[],fp(pk(skH1[])),h(authTuple(issuerId[],fp(pk(skH1[])),ssetH[],algH[],verH[])),canonVerH[],p2_3)),skH1[]),decl2_2))),declT_3)),skH1[]).
By 6, the attacker may know anchorProof(h(sign((TLR,(lineage2(entry(h(attemptCore(authTuple(issuerId[],fp(pk(skH1[])),ssetH[],algH[],verH[]),sign((POSS,authTuple(issuerId[],fp(pk(skH1[])),ssetH[],algH[],verH[])),skH1[]),sign((BYTES,framed(OT_ATTEST,algH[],issuerId[],fp(pk(skH1[])),h(authTuple(issuerId[],fp(pk(skH1[])),ssetH[],algH[],verH[])),canonVerH[],p1_3)),skH1[]),decl1_2)),DISP_ABANDONED),entry(h(attemptCore(authTuple(issuerId[],fp(pk(skH1[])),ssetH[],algH[],verH[]),sign((POSS,authTuple(issuerId[],fp(pk(skH1[])),ssetH[],algH[],verH[])),skH1[]),sign((BYTES,framed(OT_ATTEST,algH[],issuerId[],fp(pk(skH1[])),h(authTuple(issuerId[],fp(pk(skH1[])),ssetH[],algH[],verH[])),canonVerH[],p2_3)),skH1[]),decl2_2)),DISP_SHIPPED)),TERM_SHIPPED(h(attemptCore(authTuple(issuerId[],fp(pk(skH1[])),ssetH[],algH[],verH[]),sign((POSS,authTuple(issuerId[],fp(pk(skH1[])),ssetH[],algH[],verH[])),skH1[]),sign((BYTES,framed(OT_ATTEST,algH[],issuerId[],fp(pk(skH1[])),h(authTuple(issuerId[],fp(pk(skH1[])),ssetH[],algH[],verH[])),canonVerH[],p2_3)),skH1[]),decl2_2))),declT_3)),skH1[]))).
Using the function withTLR the attacker may obtain withTLR(pk(skH1[]),sign((TLR,(lineage2(entry(h(attemptCore(authTuple(issuerId[],fp(pk(skH1[])),ssetH[],algH[],verH[]),sign((POSS,authTuple(issuerId[],fp(pk(skH1[])),ssetH[],algH[],verH[])),skH1[]),sign((BYTES,framed(OT_ATTEST,algH[],issuerId[],fp(pk(skH1[])),h(authTuple(issuerId[],fp(pk(skH1[])),ssetH[],algH[],verH[])),canonVerH[],p1_3)),skH1[]),decl1_2)),DISP_ABANDONED),entry(h(attemptCore(authTuple(issuerId[],fp(pk(skH1[])),ssetH[],algH[],verH[]),sign((POSS,authTuple(issuerId[],fp(pk(skH1[])),ssetH[],algH[],verH[])),skH1[]),sign((BYTES,framed(OT_ATTEST,algH[],issuerId[],fp(pk(skH1[])),h(authTuple(issuerId[],fp(pk(skH1[])),ssetH[],algH[],verH[])),canonVerH[],p2_3)),skH1[]),decl2_2)),DISP_SHIPPED)),TERM_SHIPPED(h(attemptCore(authTuple(issuerId[],fp(pk(skH1[])),ssetH[],algH[],verH[]),sign((POSS,authTuple(issuerId[],fp(pk(skH1[])),ssetH[],algH[],verH[])),skH1[]),sign((BYTES,framed(OT_ATTEST,algH[],issuerId[],fp(pk(skH1[])),h(authTuple(issuerId[],fp(pk(skH1[])),ssetH[],algH[],verH[])),canonVerH[],p2_3)),skH1[]),decl2_2))),declT_3)),skH1[]),anchorProof(h(sign((TLR,(lineage2(entry(h(attemptCore(authTuple(issuerId[],fp(pk(skH1[])),ssetH[],algH[],verH[]),sign((POSS,authTuple(issuerId[],fp(pk(skH1[])),ssetH[],algH[],verH[])),skH1[]),sign((BYTES,framed(OT_ATTEST,algH[],issuerId[],fp(pk(skH1[])),h(authTuple(issuerId[],fp(pk(skH1[])),ssetH[],algH[],verH[])),canonVerH[],p1_3)),skH1[]),decl1_2)),DISP_ABANDONED),entry(h(attemptCore(authTuple(issuerId[],fp(pk(skH1[])),ssetH[],algH[],verH[]),sign((POSS,authTuple(issuerId[],fp(pk(skH1[])),ssetH[],algH[],verH[])),skH1[]),sign((BYTES,framed(OT_ATTEST,algH[],issuerId[],fp(pk(skH1[])),h(authTuple(issuerId[],fp(pk(skH1[])),ssetH[],algH[],verH[])),canonVerH[],p2_3)),skH1[]),decl2_2)),DISP_SHIPPED)),TERM_SHIPPED(h(attemptCore(authTuple(issuerId[],fp(pk(skH1[])),ssetH[],algH[],verH[]),sign((POSS,authTuple(issuerId[],fp(pk(skH1[])),ssetH[],algH[],verH[])),skH1[]),sign((BYTES,framed(OT_ATTEST,algH[],issuerId[],fp(pk(skH1[])),h(authTuple(issuerId[],fp(pk(skH1[])),ssetH[],algH[],verH[])),canonVerH[],p2_3)),skH1[]),decl2_2))),declT_3)),skH1[])))).
attacker(withTLR(pk(skH1[]),sign((TLR,(lineage2(entry(h(attemptCore(authTuple(issuerId[],fp(pk(skH1[])),ssetH[],algH[],verH[]),sign((POSS,authTuple(issuerId[],fp(pk(skH1[])),ssetH[],algH[],verH[])),skH1[]),sign((BYTES,framed(OT_ATTEST,algH[],issuerId[],fp(pk(skH1[])),h(authTuple(issuerId[],fp(pk(skH1[])),ssetH[],algH[],verH[])),canonVerH[],p1_3)),skH1[]),decl1_2)),DISP_ABANDONED),entry(h(attemptCore(authTuple(issuerId[],fp(pk(skH1[])),ssetH[],algH[],verH[]),sign((POSS,authTuple(issuerId[],fp(pk(skH1[])),ssetH[],algH[],verH[])),skH1[]),sign((BYTES,framed(OT_ATTEST,algH[],issuerId[],fp(pk(skH1[])),h(authTuple(issuerId[],fp(pk(skH1[])),ssetH[],algH[],verH[])),canonVerH[],p2_3)),skH1[]),decl2_2)),DISP_SHIPPED)),TERM_SHIPPED(h(attemptCore(authTuple(issuerId[],fp(pk(skH1[])),ssetH[],algH[],verH[]),sign((POSS,authTuple(issuerId[],fp(pk(skH1[])),ssetH[],algH[],verH[])),skH1[]),sign((BYTES,framed(OT_ATTEST,algH[],issuerId[],fp(pk(skH1[])),h(authTuple(issuerId[],fp(pk(skH1[])),ssetH[],algH[],verH[])),canonVerH[],p2_3)),skH1[]),decl2_2))),declT_3)),skH1[]),anchorProof(h(sign((TLR,(lineage2(entry(h(attemptCore(authTuple(issuerId[],fp(pk(skH1[])),ssetH[],algH[],verH[]),sign((POSS,authTuple(issuerId[],fp(pk(skH1[])),ssetH[],algH[],verH[])),skH1[]),sign((BYTES,framed(OT_ATTEST,algH[],issuerId[],fp(pk(skH1[])),h(authTuple(issuerId[],fp(pk(skH1[])),ssetH[],algH[],verH[])),canonVerH[],p1_3)),skH1[]),decl1_2)),DISP_ABANDONED),entry(h(attemptCore(authTuple(issuerId[],fp(pk(skH1[])),ssetH[],algH[],verH[]),sign((POSS,authTuple(issuerId[],fp(pk(skH1[])),ssetH[],algH[],verH[])),skH1[]),sign((BYTES,framed(OT_ATTEST,algH[],issuerId[],fp(pk(skH1[])),h(authTuple(issuerId[],fp(pk(skH1[])),ssetH[],algH[],verH[])),canonVerH[],p2_3)),skH1[]),decl2_2)),DISP_SHIPPED)),TERM_SHIPPED(h(attemptCore(authTuple(issuerId[],fp(pk(skH1[])),ssetH[],algH[],verH[]),sign((POSS,authTuple(issuerId[],fp(pk(skH1[])),ssetH[],algH[],verH[])),skH1[]),sign((BYTES,framed(OT_ATTEST,algH[],issuerId[],fp(pk(skH1[])),h(authTuple(issuerId[],fp(pk(skH1[])),ssetH[],algH[],verH[])),canonVerH[],p2_3)),skH1[]),decl2_2))),declT_3)),skH1[]))))).

9. The attacker has some term fb_2.
attacker(fb_2).

10. The message (p1_3,p2_3) that the attacker may have by 3 may be received at input {31}.
So the message (attemptCore(authTuple(issuerId[],fp(pk(skH1[])),ssetH[],algH[],verH[]),sign((POSS,authTuple(issuerId[],fp(pk(skH1[])),ssetH[],algH[],verH[])),skH1[]),sign((BYTES,framed(OT_ATTEST,algH[],issuerId[],fp(pk(skH1[])),h(authTuple(issuerId[],fp(pk(skH1[])),ssetH[],algH[],verH[])),canonVerH[],p1_3)),skH1[]),decl1_2),framed(OT_ATTEST,algH[],issuerId[],fp(pk(skH1[])),h(authTuple(issuerId[],fp(pk(skH1[])),ssetH[],algH[],verH[])),canonVerH[],p1_3)) may be sent to the attacker at output {41}.
attacker((attemptCore(authTuple(issuerId[],fp(pk(skH1[])),ssetH[],algH[],verH[]),sign((POSS,authTuple(issuerId[],fp(pk(skH1[])),ssetH[],algH[],verH[])),skH1[]),sign((BYTES,framed(OT_ATTEST,algH[],issuerId[],fp(pk(skH1[])),h(authTuple(issuerId[],fp(pk(skH1[])),ssetH[],algH[],verH[])),canonVerH[],p1_3)),skH1[]),decl1_2),framed(OT_ATTEST,algH[],issuerId[],fp(pk(skH1[])),h(authTuple(issuerId[],fp(pk(skH1[])),ssetH[],algH[],verH[])),canonVerH[],p1_3))).

11. By 10, the attacker may know (attemptCore(authTuple(issuerId[],fp(pk(skH1[])),ssetH[],algH[],verH[]),sign((POSS,authTuple(issuerId[],fp(pk(skH1[])),ssetH[],algH[],verH[])),skH1[]),sign((BYTES,framed(OT_ATTEST,algH[],issuerId[],fp(pk(skH1[])),h(authTuple(issuerId[],fp(pk(skH1[])),ssetH[],algH[],verH[])),canonVerH[],p1_3)),skH1[]),decl1_2),framed(OT_ATTEST,algH[],issuerId[],fp(pk(skH1[])),h(authTuple(issuerId[],fp(pk(skH1[])),ssetH[],algH[],verH[])),canonVerH[],p1_3)).
Using the function 1-proj-2-tuple the attacker may obtain attemptCore(authTuple(issuerId[],fp(pk(skH1[])),ssetH[],algH[],verH[]),sign((POSS,authTuple(issuerId[],fp(pk(skH1[])),ssetH[],algH[],verH[])),skH1[]),sign((BYTES,framed(OT_ATTEST,algH[],issuerId[],fp(pk(skH1[])),h(authTuple(issuerId[],fp(pk(skH1[])),ssetH[],algH[],verH[])),canonVerH[],p1_3)),skH1[]),decl1_2).
attacker(attemptCore(authTuple(issuerId[],fp(pk(skH1[])),ssetH[],algH[],verH[]),sign((POSS,authTuple(issuerId[],fp(pk(skH1[])),ssetH[],algH[],verH[])),skH1[]),sign((BYTES,framed(OT_ATTEST,algH[],issuerId[],fp(pk(skH1[])),h(authTuple(issuerId[],fp(pk(skH1[])),ssetH[],algH[],verH[])),canonVerH[],p1_3)),skH1[]),decl1_2)).

12. By 11, the attacker may know attemptCore(authTuple(issuerId[],fp(pk(skH1[])),ssetH[],algH[],verH[]),sign((POSS,authTuple(issuerId[],fp(pk(skH1[])),ssetH[],algH[],verH[])),skH1[]),sign((BYTES,framed(OT_ATTEST,algH[],issuerId[],fp(pk(skH1[])),h(authTuple(issuerId[],fp(pk(skH1[])),ssetH[],algH[],verH[])),canonVerH[],p1_3)),skH1[]),decl1_2).
Using the function 4-proj-attemptCore the attacker may obtain decl1_2.
attacker(decl1_2).

13. The attacker has some term p2_5.
attacker(p2_5).

14. By 2, the attacker may know p1_3.
By 13, the attacker may know p2_5.
Using the function 2-tuple the attacker may obtain (p1_3,p2_5).
attacker((p1_3,p2_5)).

15. The message (p1_3,p2_5) that the attacker may have by 14 may be received at input {31}.
So the message (attemptCore(authTuple(issuerId[],fp(pk(skH1[])),ssetH[],algH[],verH[]),sign((POSS,authTuple(issuerId[],fp(pk(skH1[])),ssetH[],algH[],verH[])),skH1[]),sign((BYTES,framed(OT_ATTEST,algH[],issuerId[],fp(pk(skH1[])),h(authTuple(issuerId[],fp(pk(skH1[])),ssetH[],algH[],verH[])),canonVerH[],p1_3)),skH1[]),decl1_4),framed(OT_ATTEST,algH[],issuerId[],fp(pk(skH1[])),h(authTuple(issuerId[],fp(pk(skH1[])),ssetH[],algH[],verH[])),canonVerH[],p1_3)) may be sent to the attacker at output {41}.
attacker((attemptCore(authTuple(issuerId[],fp(pk(skH1[])),ssetH[],algH[],verH[]),sign((POSS,authTuple(issuerId[],fp(pk(skH1[])),ssetH[],algH[],verH[])),skH1[]),sign((BYTES,framed(OT_ATTEST,algH[],issuerId[],fp(pk(skH1[])),h(authTuple(issuerId[],fp(pk(skH1[])),ssetH[],algH[],verH[])),canonVerH[],p1_3)),skH1[]),decl1_4),framed(OT_ATTEST,algH[],issuerId[],fp(pk(skH1[])),h(authTuple(issuerId[],fp(pk(skH1[])),ssetH[],algH[],verH[])),canonVerH[],p1_3))).

16. By 15, the attacker may know (attemptCore(authTuple(issuerId[],fp(pk(skH1[])),ssetH[],algH[],verH[]),sign((POSS,authTuple(issuerId[],fp(pk(skH1[])),ssetH[],algH[],verH[])),skH1[]),sign((BYTES,framed(OT_ATTEST,algH[],issuerId[],fp(pk(skH1[])),h(authTuple(issuerId[],fp(pk(skH1[])),ssetH[],algH[],verH[])),canonVerH[],p1_3)),skH1[]),decl1_4),framed(OT_ATTEST,algH[],issuerId[],fp(pk(skH1[])),h(authTuple(issuerId[],fp(pk(skH1[])),ssetH[],algH[],verH[])),canonVerH[],p1_3)).
Using the function 1-proj-2-tuple the attacker may obtain attemptCore(authTuple(issuerId[],fp(pk(skH1[])),ssetH[],algH[],verH[]),sign((POSS,authTuple(issuerId[],fp(pk(skH1[])),ssetH[],algH[],verH[])),skH1[]),sign((BYTES,framed(OT_ATTEST,algH[],issuerId[],fp(pk(skH1[])),h(authTuple(issuerId[],fp(pk(skH1[])),ssetH[],algH[],verH[])),canonVerH[],p1_3)),skH1[]),decl1_4).
attacker(attemptCore(authTuple(issuerId[],fp(pk(skH1[])),ssetH[],algH[],verH[]),sign((POSS,authTuple(issuerId[],fp(pk(skH1[])),ssetH[],algH[],verH[])),skH1[]),sign((BYTES,framed(OT_ATTEST,algH[],issuerId[],fp(pk(skH1[])),h(authTuple(issuerId[],fp(pk(skH1[])),ssetH[],algH[],verH[])),canonVerH[],p1_3)),skH1[]),decl1_4)).

17. By 16, the attacker may know attemptCore(authTuple(issuerId[],fp(pk(skH1[])),ssetH[],algH[],verH[]),sign((POSS,authTuple(issuerId[],fp(pk(skH1[])),ssetH[],algH[],verH[])),skH1[]),sign((BYTES,framed(OT_ATTEST,algH[],issuerId[],fp(pk(skH1[])),h(authTuple(issuerId[],fp(pk(skH1[])),ssetH[],algH[],verH[])),canonVerH[],p1_3)),skH1[]),decl1_4).
Using the function 3-proj-attemptCore the attacker may obtain sign((BYTES,framed(OT_ATTEST,algH[],issuerId[],fp(pk(skH1[])),h(authTuple(issuerId[],fp(pk(skH1[])),ssetH[],algH[],verH[])),canonVerH[],p1_3)),skH1[]).
attacker(sign((BYTES,framed(OT_ATTEST,algH[],issuerId[],fp(pk(skH1[])),h(authTuple(issuerId[],fp(pk(skH1[])),ssetH[],algH[],verH[])),canonVerH[],p1_3)),skH1[])).

18. The attacker has some term p2_4.
attacker(p2_4).

19. The attacker has some term p1_4.
attacker(p1_4).

20. By 19, the attacker may know p1_4.
By 18, the attacker may know p2_4.
Using the function 2-tuple the attacker may obtain (p1_4,p2_4).
attacker((p1_4,p2_4)).

21. The message (p1_4,p2_4) that the attacker may have by 20 may be received at input {31}.
So the message (attemptCore(authTuple(issuerId[],fp(pk(skH1[])),ssetH[],algH[],verH[]),sign((POSS,authTuple(issuerId[],fp(pk(skH1[])),ssetH[],algH[],verH[])),skH1[]),sign((BYTES,framed(OT_ATTEST,algH[],issuerId[],fp(pk(skH1[])),h(authTuple(issuerId[],fp(pk(skH1[])),ssetH[],algH[],verH[])),canonVerH[],p1_4)),skH1[]),decl1_3),framed(OT_ATTEST,algH[],issuerId[],fp(pk(skH1[])),h(authTuple(issuerId[],fp(pk(skH1[])),ssetH[],algH[],verH[])),canonVerH[],p1_4)) may be sent to the attacker at output {41}.
attacker((attemptCore(authTuple(issuerId[],fp(pk(skH1[])),ssetH[],algH[],verH[]),sign((POSS,authTuple(issuerId[],fp(pk(skH1[])),ssetH[],algH[],verH[])),skH1[]),sign((BYTES,framed(OT_ATTEST,algH[],issuerId[],fp(pk(skH1[])),h(authTuple(issuerId[],fp(pk(skH1[])),ssetH[],algH[],verH[])),canonVerH[],p1_4)),skH1[]),decl1_3),framed(OT_ATTEST,algH[],issuerId[],fp(pk(skH1[])),h(authTuple(issuerId[],fp(pk(skH1[])),ssetH[],algH[],verH[])),canonVerH[],p1_4))).

22. By 21, the attacker may know (attemptCore(authTuple(issuerId[],fp(pk(skH1[])),ssetH[],algH[],verH[]),sign((POSS,authTuple(issuerId[],fp(pk(skH1[])),ssetH[],algH[],verH[])),skH1[]),sign((BYTES,framed(OT_ATTEST,algH[],issuerId[],fp(pk(skH1[])),h(authTuple(issuerId[],fp(pk(skH1[])),ssetH[],algH[],verH[])),canonVerH[],p1_4)),skH1[]),decl1_3),framed(OT_ATTEST,algH[],issuerId[],fp(pk(skH1[])),h(authTuple(issuerId[],fp(pk(skH1[])),ssetH[],algH[],verH[])),canonVerH[],p1_4)).
Using the function 1-proj-2-tuple the attacker may obtain attemptCore(authTuple(issuerId[],fp(pk(skH1[])),ssetH[],algH[],verH[]),sign((POSS,authTuple(issuerId[],fp(pk(skH1[])),ssetH[],algH[],verH[])),skH1[]),sign((BYTES,framed(OT_ATTEST,algH[],issuerId[],fp(pk(skH1[])),h(authTuple(issuerId[],fp(pk(skH1[])),ssetH[],algH[],verH[])),canonVerH[],p1_4)),skH1[]),decl1_3).
attacker(attemptCore(authTuple(issuerId[],fp(pk(skH1[])),ssetH[],algH[],verH[]),sign((POSS,authTuple(issuerId[],fp(pk(skH1[])),ssetH[],algH[],verH[])),skH1[]),sign((BYTES,framed(OT_ATTEST,algH[],issuerId[],fp(pk(skH1[])),h(authTuple(issuerId[],fp(pk(skH1[])),ssetH[],algH[],verH[])),canonVerH[],p1_4)),skH1[]),decl1_3)).

23. By 22, the attacker may know attemptCore(authTuple(issuerId[],fp(pk(skH1[])),ssetH[],algH[],verH[]),sign((POSS,authTuple(issuerId[],fp(pk(skH1[])),ssetH[],algH[],verH[])),skH1[]),sign((BYTES,framed(OT_ATTEST,algH[],issuerId[],fp(pk(skH1[])),h(authTuple(issuerId[],fp(pk(skH1[])),ssetH[],algH[],verH[])),canonVerH[],p1_4)),skH1[]),decl1_3).
Using the function 2-proj-attemptCore the attacker may obtain sign((POSS,authTuple(issuerId[],fp(pk(skH1[])),ssetH[],algH[],verH[])),skH1[]).
attacker(sign((POSS,authTuple(issuerId[],fp(pk(skH1[])),ssetH[],algH[],verH[])),skH1[])).

24. The attacker initially knows verH[].
attacker(verH[]).

25. The attacker initially knows algH[].
attacker(algH[]).

26. The attacker initially knows ssetH[].
attacker(ssetH[]).

27. By 7, the attacker may know pk(skH1[]).
Using the function fp the attacker may obtain fp(pk(skH1[])).
attacker(fp(pk(skH1[]))).

28. The attacker initially knows issuerId[].
attacker(issuerId[]).

29. By 28, the attacker may know issuerId[].
By 27, the attacker may know fp(pk(skH1[])).
By 26, the attacker may know ssetH[].
By 25, the attacker may know algH[].
By 24, the attacker may know verH[].
Using the function authTuple the attacker may obtain authTuple(issuerId[],fp(pk(skH1[])),ssetH[],algH[],verH[]).
attacker(authTuple(issuerId[],fp(pk(skH1[])),ssetH[],algH[],verH[])).

30. By 29, the attacker may know authTuple(issuerId[],fp(pk(skH1[])),ssetH[],algH[],verH[]).
By 23, the attacker may know sign((POSS,authTuple(issuerId[],fp(pk(skH1[])),ssetH[],algH[],verH[])),skH1[]).
By 17, the attacker may know sign((BYTES,framed(OT_ATTEST,algH[],issuerId[],fp(pk(skH1[])),h(authTuple(issuerId[],fp(pk(skH1[])),ssetH[],algH[],verH[])),canonVerH[],p1_3)),skH1[]).
By 12, the attacker may know decl1_2.
Using the function attemptCore the attacker may obtain attemptCore(authTuple(issuerId[],fp(pk(skH1[])),ssetH[],algH[],verH[]),sign((POSS,authTuple(issuerId[],fp(pk(skH1[])),ssetH[],algH[],verH[])),skH1[]),sign((BYTES,framed(OT_ATTEST,algH[],issuerId[],fp(pk(skH1[])),h(authTuple(issuerId[],fp(pk(skH1[])),ssetH[],algH[],verH[])),canonVerH[],p1_3)),skH1[]),decl1_2).
attacker(attemptCore(authTuple(issuerId[],fp(pk(skH1[])),ssetH[],algH[],verH[]),sign((POSS,authTuple(issuerId[],fp(pk(skH1[])),ssetH[],algH[],verH[])),skH1[]),sign((BYTES,framed(OT_ATTEST,algH[],issuerId[],fp(pk(skH1[])),h(authTuple(issuerId[],fp(pk(skH1[])),ssetH[],algH[],verH[])),canonVerH[],p1_3)),skH1[]),decl1_2)).

31. The message sign((STMT_DIGEST,h(authTuple(issuerId[],fp(pk(skH1[])),ssetH[],algH[],verH[]))),skR[]) may be sent to the attacker at output {23}.
attacker(sign((STMT_DIGEST,h(authTuple(issuerId[],fp(pk(skH1[])),ssetH[],algH[],verH[]))),skR[])).

32. The message skD[] may be sent to the attacker at output {11}.
attacker(skD[]).

33. By 29, the attacker may know authTuple(issuerId[],fp(pk(skH1[])),ssetH[],algH[],verH[]).
Using the function h the attacker may obtain h(authTuple(issuerId[],fp(pk(skH1[])),ssetH[],algH[],verH[])).
attacker(h(authTuple(issuerId[],fp(pk(skH1[])),ssetH[],algH[],verH[]))).

34. Using the function STMT_DIGEST the attacker may obtain STMT_DIGEST.
attacker(STMT_DIGEST).

35. By 34, the attacker may know STMT_DIGEST.
By 33, the attacker may know h(authTuple(issuerId[],fp(pk(skH1[])),ssetH[],algH[],verH[])).
Using the function 2-tuple the attacker may obtain (STMT_DIGEST,h(authTuple(issuerId[],fp(pk(skH1[])),ssetH[],algH[],verH[]))).
attacker((STMT_DIGEST,h(authTuple(issuerId[],fp(pk(skH1[])),ssetH[],algH[],verH[])))).

36. By 35, the attacker may know (STMT_DIGEST,h(authTuple(issuerId[],fp(pk(skH1[])),ssetH[],algH[],verH[]))).
By 32, the attacker may know skD[].
Using the function sign the attacker may obtain sign((STMT_DIGEST,h(authTuple(issuerId[],fp(pk(skH1[])),ssetH[],algH[],verH[]))),skD[]).
attacker(sign((STMT_DIGEST,h(authTuple(issuerId[],fp(pk(skH1[])),ssetH[],algH[],verH[]))),skD[])).

37. By 29, the attacker may know authTuple(issuerId[],fp(pk(skH1[])),ssetH[],algH[],verH[]).
By 36, the attacker may know sign((STMT_DIGEST,h(authTuple(issuerId[],fp(pk(skH1[])),ssetH[],algH[],verH[]))),skD[]).
By 31, the attacker may know sign((STMT_DIGEST,h(authTuple(issuerId[],fp(pk(skH1[])),ssetH[],algH[],verH[]))),skR[]).
By 7, the attacker may know pk(skH1[]).
By 30, the attacker may know attemptCore(authTuple(issuerId[],fp(pk(skH1[])),ssetH[],algH[],verH[]),sign((POSS,authTuple(issuerId[],fp(pk(skH1[])),ssetH[],algH[],verH[])),skH1[]),sign((BYTES,framed(OT_ATTEST,algH[],issuerId[],fp(pk(skH1[])),h(authTuple(issuerId[],fp(pk(skH1[])),ssetH[],algH[],verH[])),canonVerH[],p1_3)),skH1[]),decl1_2).
By 9, the attacker may know fb_2.
By 8, the attacker may know withTLR(pk(skH1[]),sign((TLR,(lineage2(entry(h(attemptCore(authTuple(issuerId[],fp(pk(skH1[])),ssetH[],algH[],verH[]),sign((POSS,authTuple(issuerId[],fp(pk(skH1[])),ssetH[],algH[],verH[])),skH1[]),sign((BYTES,framed(OT_ATTEST,algH[],issuerId[],fp(pk(skH1[])),h(authTuple(issuerId[],fp(pk(skH1[])),ssetH[],algH[],verH[])),canonVerH[],p1_3)),skH1[]),decl1_2)),DISP_ABANDONED),entry(h(attemptCore(authTuple(issuerId[],fp(pk(skH1[])),ssetH[],algH[],verH[]),sign((POSS,authTuple(issuerId[],fp(pk(skH1[])),ssetH[],algH[],verH[])),skH1[]),sign((BYTES,framed(OT_ATTEST,algH[],issuerId[],fp(pk(skH1[])),h(authTuple(issuerId[],fp(pk(skH1[])),ssetH[],algH[],verH[])),canonVerH[],p2_3)),skH1[]),decl2_2)),DISP_SHIPPED)),TERM_SHIPPED(h(attemptCore(authTuple(issuerId[],fp(pk(skH1[])),ssetH[],algH[],verH[]),sign((POSS,authTuple(issuerId[],fp(pk(skH1[])),ssetH[],algH[],verH[])),skH1[]),sign((BYTES,framed(OT_ATTEST,algH[],issuerId[],fp(pk(skH1[])),h(authTuple(issuerId[],fp(pk(skH1[])),ssetH[],algH[],verH[])),canonVerH[],p2_3)),skH1[]),decl2_2))),declT_3)),skH1[]),anchorProof(h(sign((TLR,(lineage2(entry(h(attemptCore(authTuple(issuerId[],fp(pk(skH1[])),ssetH[],algH[],verH[]),sign((POSS,authTuple(issuerId[],fp(pk(skH1[])),ssetH[],algH[],verH[])),skH1[]),sign((BYTES,framed(OT_ATTEST,algH[],issuerId[],fp(pk(skH1[])),h(authTuple(issuerId[],fp(pk(skH1[])),ssetH[],algH[],verH[])),canonVerH[],p1_3)),skH1[]),decl1_2)),DISP_ABANDONED),entry(h(attemptCore(authTuple(issuerId[],fp(pk(skH1[])),ssetH[],algH[],verH[]),sign((POSS,authTuple(issuerId[],fp(pk(skH1[])),ssetH[],algH[],verH[])),skH1[]),sign((BYTES,framed(OT_ATTEST,algH[],issuerId[],fp(pk(skH1[])),h(authTuple(issuerId[],fp(pk(skH1[])),ssetH[],algH[],verH[])),canonVerH[],p2_3)),skH1[]),decl2_2)),DISP_SHIPPED)),TERM_SHIPPED(h(attemptCore(authTuple(issuerId[],fp(pk(skH1[])),ssetH[],algH[],verH[]),sign((POSS,authTuple(issuerId[],fp(pk(skH1[])),ssetH[],algH[],verH[])),skH1[]),sign((BYTES,framed(OT_ATTEST,algH[],issuerId[],fp(pk(skH1[])),h(authTuple(issuerId[],fp(pk(skH1[])),ssetH[],algH[],verH[])),canonVerH[],p2_3)),skH1[]),decl2_2))),declT_3)),skH1[])))).
Using the function 7-tuple the attacker may obtain (authTuple(issuerId[],fp(pk(skH1[])),ssetH[],algH[],verH[]),sign((STMT_DIGEST,h(authTuple(issuerId[],fp(pk(skH1[])),ssetH[],algH[],verH[]))),skD[]),sign((STMT_DIGEST,h(authTuple(issuerId[],fp(pk(skH1[])),ssetH[],algH[],verH[]))),skR[]),pk(skH1[]),attemptCore(authTuple(issuerId[],fp(pk(skH1[])),ssetH[],algH[],verH[]),sign((POSS,authTuple(issuerId[],fp(pk(skH1[])),ssetH[],algH[],verH[])),skH1[]),sign((BYTES,framed(OT_ATTEST,algH[],issuerId[],fp(pk(skH1[])),h(authTuple(issuerId[],fp(pk(skH1[])),ssetH[],algH[],verH[])),canonVerH[],p1_3)),skH1[]),decl1_2),fb_2,withTLR(pk(skH1[]),sign((TLR,(lineage2(entry(h(attemptCore(authTuple(issuerId[],fp(pk(skH1[])),ssetH[],algH[],verH[]),sign((POSS,authTuple(issuerId[],fp(pk(skH1[])),ssetH[],algH[],verH[])),skH1[]),sign((BYTES,framed(OT_ATTEST,algH[],issuerId[],fp(pk(skH1[])),h(authTuple(issuerId[],fp(pk(skH1[])),ssetH[],algH[],verH[])),canonVerH[],p1_3)),skH1[]),decl1_2)),DISP_ABANDONED),entry(h(attemptCore(authTuple(issuerId[],fp(pk(skH1[])),ssetH[],algH[],verH[]),sign((POSS,authTuple(issuerId[],fp(pk(skH1[])),ssetH[],algH[],verH[])),skH1[]),sign((BYTES,framed(OT_ATTEST,algH[],issuerId[],fp(pk(skH1[])),h(authTuple(issuerId[],fp(pk(skH1[])),ssetH[],algH[],verH[])),canonVerH[],p2_3)),skH1[]),decl2_2)),DISP_SHIPPED)),TERM_SHIPPED(h(attemptCore(authTuple(issuerId[],fp(pk(skH1[])),ssetH[],algH[],verH[]),sign((POSS,authTuple(issuerId[],fp(pk(skH1[])),ssetH[],algH[],verH[])),skH1[]),sign((BYTES,framed(OT_ATTEST,algH[],issuerId[],fp(pk(skH1[])),h(authTuple(issuerId[],fp(pk(skH1[])),ssetH[],algH[],verH[])),canonVerH[],p2_3)),skH1[]),decl2_2))),declT_3)),skH1[]),anchorProof(h(sign((TLR,(lineage2(entry(h(attemptCore(authTuple(issuerId[],fp(pk(skH1[])),ssetH[],algH[],verH[]),sign((POSS,authTuple(issuerId[],fp(pk(skH1[])),ssetH[],algH[],verH[])),skH1[]),sign((BYTES,framed(OT_ATTEST,algH[],issuerId[],fp(pk(skH1[])),h(authTuple(issuerId[],fp(pk(skH1[])),ssetH[],algH[],verH[])),canonVerH[],p1_3)),skH1[]),decl1_2)),DISP_ABANDONED),entry(h(attemptCore(authTuple(issuerId[],fp(pk(skH1[])),ssetH[],algH[],verH[]),sign((POSS,authTuple(issuerId[],fp(pk(skH1[])),ssetH[],algH[],verH[])),skH1[]),sign((BYTES,framed(OT_ATTEST,algH[],issuerId[],fp(pk(skH1[])),h(authTuple(issuerId[],fp(pk(skH1[])),ssetH[],algH[],verH[])),canonVerH[],p2_3)),skH1[]),decl2_2)),DISP_SHIPPED)),TERM_SHIPPED(h(attemptCore(authTuple(issuerId[],fp(pk(skH1[])),ssetH[],algH[],verH[]),sign((POSS,authTuple(issuerId[],fp(pk(skH1[])),ssetH[],algH[],verH[])),skH1[]),sign((BYTES,framed(OT_ATTEST,algH[],issuerId[],fp(pk(skH1[])),h(authTuple(issuerId[],fp(pk(skH1[])),ssetH[],algH[],verH[])),canonVerH[],p2_3)),skH1[]),decl2_2))),declT_3)),skH1[]))))).
attacker((authTuple(issuerId[],fp(pk(skH1[])),ssetH[],algH[],verH[]),sign((STMT_DIGEST,h(authTuple(issuerId[],fp(pk(skH1[])),ssetH[],algH[],verH[]))),skD[]),sign((STMT_DIGEST,h(authTuple(issuerId[],fp(pk(skH1[])),ssetH[],algH[],verH[]))),skR[]),pk(skH1[]),attemptCore(authTuple(issuerId[],fp(pk(skH1[])),ssetH[],algH[],verH[]),sign((POSS,authTuple(issuerId[],fp(pk(skH1[])),ssetH[],algH[],verH[])),skH1[]),sign((BYTES,framed(OT_ATTEST,algH[],issuerId[],fp(pk(skH1[])),h(authTuple(issuerId[],fp(pk(skH1[])),ssetH[],algH[],verH[])),canonVerH[],p1_3)),skH1[]),decl1_2),fb_2,withTLR(pk(skH1[]),sign((TLR,(lineage2(entry(h(attemptCore(authTuple(issuerId[],fp(pk(skH1[])),ssetH[],algH[],verH[]),sign((POSS,authTuple(issuerId[],fp(pk(skH1[])),ssetH[],algH[],verH[])),skH1[]),sign((BYTES,framed(OT_ATTEST,algH[],issuerId[],fp(pk(skH1[])),h(authTuple(issuerId[],fp(pk(skH1[])),ssetH[],algH[],verH[])),canonVerH[],p1_3)),skH1[]),decl1_2)),DISP_ABANDONED),entry(h(attemptCore(authTuple(issuerId[],fp(pk(skH1[])),ssetH[],algH[],verH[]),sign((POSS,authTuple(issuerId[],fp(pk(skH1[])),ssetH[],algH[],verH[])),skH1[]),sign((BYTES,framed(OT_ATTEST,algH[],issuerId[],fp(pk(skH1[])),h(authTuple(issuerId[],fp(pk(skH1[])),ssetH[],algH[],verH[])),canonVerH[],p2_3)),skH1[]),decl2_2)),DISP_SHIPPED)),TERM_SHIPPED(h(attemptCore(authTuple(issuerId[],fp(pk(skH1[])),ssetH[],algH[],verH[]),sign((POSS,authTuple(issuerId[],fp(pk(skH1[])),ssetH[],algH[],verH[])),skH1[]),sign((BYTES,framed(OT_ATTEST,algH[],issuerId[],fp(pk(skH1[])),h(authTuple(issuerId[],fp(pk(skH1[])),ssetH[],algH[],verH[])),canonVerH[],p2_3)),skH1[]),decl2_2))),declT_3)),skH1[]),anchorProof(h(sign((TLR,(lineage2(entry(h(attemptCore(authTuple(issuerId[],fp(pk(skH1[])),ssetH[],algH[],verH[]),sign((POSS,authTuple(issuerId[],fp(pk(skH1[])),ssetH[],algH[],verH[])),skH1[]),sign((BYTES,framed(OT_ATTEST,algH[],issuerId[],fp(pk(skH1[])),h(authTuple(issuerId[],fp(pk(skH1[])),ssetH[],algH[],verH[])),canonVerH[],p1_3)),skH1[]),decl1_2)),DISP_ABANDONED),entry(h(attemptCore(authTuple(issuerId[],fp(pk(skH1[])),ssetH[],algH[],verH[]),sign((POSS,authTuple(issuerId[],fp(pk(skH1[])),ssetH[],algH[],verH[])),skH1[]),sign((BYTES,framed(OT_ATTEST,algH[],issuerId[],fp(pk(skH1[])),h(authTuple(issuerId[],fp(pk(skH1[])),ssetH[],algH[],verH[])),canonVerH[],p2_3)),skH1[]),decl2_2)),DISP_SHIPPED)),TERM_SHIPPED(h(attemptCore(authTuple(issuerId[],fp(pk(skH1[])),ssetH[],algH[],verH[]),sign((POSS,authTuple(issuerId[],fp(pk(skH1[])),ssetH[],algH[],verH[])),skH1[]),sign((BYTES,framed(OT_ATTEST,algH[],issuerId[],fp(pk(skH1[])),h(authTuple(issuerId[],fp(pk(skH1[])),ssetH[],algH[],verH[])),canonVerH[],p2_3)),skH1[]),decl2_2))),declT_3)),skH1[])))))).

38. The message (authTuple(issuerId[],fp(pk(skH1[])),ssetH[],algH[],verH[]),sign((STMT_DIGEST,h(authTuple(issuerId[],fp(pk(skH1[])),ssetH[],algH[],verH[]))),skD[]),sign((STMT_DIGEST,h(authTuple(issuerId[],fp(pk(skH1[])),ssetH[],algH[],verH[]))),skR[]),pk(skH1[]),attemptCore(authTuple(issuerId[],fp(pk(skH1[])),ssetH[],algH[],verH[]),sign((POSS,authTuple(issuerId[],fp(pk(skH1[])),ssetH[],algH[],verH[])),skH1[]),sign((BYTES,framed(OT_ATTEST,algH[],issuerId[],fp(pk(skH1[])),h(authTuple(issuerId[],fp(pk(skH1[])),ssetH[],algH[],verH[])),canonVerH[],p1_3)),skH1[]),decl1_2),fb_2,withTLR(pk(skH1[]),sign((TLR,(lineage2(entry(h(attemptCore(authTuple(issuerId[],fp(pk(skH1[])),ssetH[],algH[],verH[]),sign((POSS,authTuple(issuerId[],fp(pk(skH1[])),ssetH[],algH[],verH[])),skH1[]),sign((BYTES,framed(OT_ATTEST,algH[],issuerId[],fp(pk(skH1[])),h(authTuple(issuerId[],fp(pk(skH1[])),ssetH[],algH[],verH[])),canonVerH[],p1_3)),skH1[]),decl1_2)),DISP_ABANDONED),entry(h(attemptCore(authTuple(issuerId[],fp(pk(skH1[])),ssetH[],algH[],verH[]),sign((POSS,authTuple(issuerId[],fp(pk(skH1[])),ssetH[],algH[],verH[])),skH1[]),sign((BYTES,framed(OT_ATTEST,algH[],issuerId[],fp(pk(skH1[])),h(authTuple(issuerId[],fp(pk(skH1[])),ssetH[],algH[],verH[])),canonVerH[],p2_3)),skH1[]),decl2_2)),DISP_SHIPPED)),TERM_SHIPPED(h(attemptCore(authTuple(issuerId[],fp(pk(skH1[])),ssetH[],algH[],verH[]),sign((POSS,authTuple(issuerId[],fp(pk(skH1[])),ssetH[],algH[],verH[])),skH1[]),sign((BYTES,framed(OT_ATTEST,algH[],issuerId[],fp(pk(skH1[])),h(authTuple(issuerId[],fp(pk(skH1[])),ssetH[],algH[],verH[])),canonVerH[],p2_3)),skH1[]),decl2_2))),declT_3)),skH1[]),anchorProof(h(sign((TLR,(lineage2(entry(h(attemptCore(authTuple(issuerId[],fp(pk(skH1[])),ssetH[],algH[],verH[]),sign((POSS,authTuple(issuerId[],fp(pk(skH1[])),ssetH[],algH[],verH[])),skH1[]),sign((BYTES,framed(OT_ATTEST,algH[],issuerId[],fp(pk(skH1[])),h(authTuple(issuerId[],fp(pk(skH1[])),ssetH[],algH[],verH[])),canonVerH[],p1_3)),skH1[]),decl1_2)),DISP_ABANDONED),entry(h(attemptCore(authTuple(issuerId[],fp(pk(skH1[])),ssetH[],algH[],verH[]),sign((POSS,authTuple(issuerId[],fp(pk(skH1[])),ssetH[],algH[],verH[])),skH1[]),sign((BYTES,framed(OT_ATTEST,algH[],issuerId[],fp(pk(skH1[])),h(authTuple(issuerId[],fp(pk(skH1[])),ssetH[],algH[],verH[])),canonVerH[],p2_3)),skH1[]),decl2_2)),DISP_SHIPPED)),TERM_SHIPPED(h(attemptCore(authTuple(issuerId[],fp(pk(skH1[])),ssetH[],algH[],verH[]),sign((POSS,authTuple(issuerId[],fp(pk(skH1[])),ssetH[],algH[],verH[])),skH1[]),sign((BYTES,framed(OT_ATTEST,algH[],issuerId[],fp(pk(skH1[])),h(authTuple(issuerId[],fp(pk(skH1[])),ssetH[],algH[],verH[])),canonVerH[],p2_3)),skH1[]),decl2_2))),declT_3)),skH1[]))))) that the attacker may have by 37 may be received at input {77}.
So event Established(pk(skH1[]),authTuple(issuerId[],fp(pk(skH1[])),ssetH[],algH[],verH[]),h(attemptCore(authTuple(issuerId[],fp(pk(skH1[])),ssetH[],algH[],verH[]),sign((POSS,authTuple(issuerId[],fp(pk(skH1[])),ssetH[],algH[],verH[])),skH1[]),sign((BYTES,framed(OT_ATTEST,algH[],issuerId[],fp(pk(skH1[])),h(authTuple(issuerId[],fp(pk(skH1[])),ssetH[],algH[],verH[])),canonVerH[],p1_3)),skH1[]),decl1_2))) may be executed at {91}.
event(Established(pk(skH1[]),authTuple(issuerId[],fp(pk(skH1[])),ssetH[],algH[],verH[]),h(attemptCore(authTuple(issuerId[],fp(pk(skH1[])),ssetH[],algH[],verH[]),sign((POSS,authTuple(issuerId[],fp(pk(skH1[])),ssetH[],algH[],verH[])),skH1[]),sign((BYTES,framed(OT_ATTEST,algH[],issuerId[],fp(pk(skH1[])),h(authTuple(issuerId[],fp(pk(skH1[])),ssetH[],algH[],verH[])),canonVerH[],p1_3)),skH1[]),decl1_2)))).

39. By 38, event(Established(pk(skH1[]),authTuple(issuerId[],fp(pk(skH1[])),ssetH[],algH[],verH[]),h(attemptCore(authTuple(issuerId[],fp(pk(skH1[])),ssetH[],algH[],verH[]),sign((POSS,authTuple(issuerId[],fp(pk(skH1[])),ssetH[],algH[],verH[])),skH1[]),sign((BYTES,framed(OT_ATTEST,algH[],issuerId[],fp(pk(skH1[])),h(authTuple(issuerId[],fp(pk(skH1[])),ssetH[],algH[],verH[])),canonVerH[],p1_3)),skH1[]),decl1_2)))).
The goal is reached, represented in the following fact:
event(Established(pk(skH1[]),authTuple(issuerId[],fp(pk(skH1[])),ssetH[],algH[],verH[]),h(attemptCore(authTuple(issuerId[],fp(pk(skH1[])),ssetH[],algH[],verH[]),sign((POSS,authTuple(issuerId[],fp(pk(skH1[])),ssetH[],algH[],verH[])),skH1[]),sign((BYTES,framed(OT_ATTEST,algH[],issuerId[],fp(pk(skH1[])),h(authTuple(issuerId[],fp(pk(skH1[])),ssetH[],algH[],verH[])),canonVerH[],p1_3)),skH1[]),decl1_2)))).


A more detailed output of the traces is available with
  set traceDisplay = long.

new skD: skey creating skD_3 at {1}

new skR: skey creating skR_3 at {2}

out(c, ~M) with ~M = pk(skD_3) at {5}

out(c, ~M_1) with ~M_1 = pk(skR_3) at {6}

out(c, ~M_2) with ~M_2 = pk(skH1) at {7}

out(c, ~M_3) with ~M_3 = pk(skH2) at {8}

out(c, authTuple(~M_4,~M_5,~M_6,~M_7,~M_8)) with ~M_4 = issuerId, ~M_5 = fp(pk(skH1)), ~M_6 = ssetH, ~M_7 = algH, ~M_8 = verH at {9}

out(c, authTuple(~M_9,~M_10,~M_11,~M_12,~M_13)) with ~M_9 = issuerId2, ~M_10 = fp(pk(skH2)), ~M_11 = ssetH, ~M_12 = algH, ~M_13 = verH at {10}

out(c, ~M_14) with ~M_14 = skD_3 at {11}

event AuthorityPublishedRepo(authTuple(issuerId,fp(pk(skH1)),ssetH,algH,verH)) at {22} in copy a

out(c, ~M_15) with ~M_15 = sign((STMT_DIGEST,h(authTuple(issuerId,fp(pk(skH1)),ssetH,algH,verH))),skR_3) at {23} in copy a

in(c, (a_1,a_2)) at {31} in copy a_3

new decl1: bitstring creating decl1_5 at {32} in copy a_3

new decl2: bitstring creating decl2_3 at {33} in copy a_3

new declT: bitstring creating declT_4 at {34} in copy a_3

event IssuerPossession(pk(skH1)) at {35} in copy a_3

event IssuerSigned(pk(skH1),framed(OT_ATTEST,algH,issuerId,fp(pk(skH1)),h(authTuple(issuerId,fp(pk(skH1)),ssetH,algH,verH)),canonVerH,a_1)) at {40} in copy a_3

out(c, (attemptCore(authTuple(~M_16,~M_17,~M_18,~M_19,~M_20),~M_21,~M_22,~M_23),framed(~M_24,~M_25,~M_26,~M_27,~M_28,~M_29,~M_30))) with ~M_16 = issuerId, ~M_17 = fp(pk(skH1)), ~M_18 = ssetH, ~M_19 = algH, ~M_20 = verH, ~M_21 = sign((POSS,authTuple(issuerId,fp(pk(skH1)),ssetH,algH,verH)),skH1), ~M_22 = sign((BYTES,framed(OT_ATTEST,algH,issuerId,fp(pk(skH1)),h(authTuple(issuerId,fp(pk(skH1)),ssetH,algH,verH)),canonVerH,a_1)),skH1), ~M_23 = decl1_5, ~M_24 = OT_ATTEST, ~M_25 = algH, ~M_26 = issuerId, ~M_27 = fp(pk(skH1)), ~M_28 = h(authTuple(issuerId,fp(pk(skH1)),ssetH,algH,verH)), ~M_29 = canonVerH, ~M_30 = a_1 at {41} in copy a_3

event IssuerSigned(pk(skH1),framed(OT_ATTEST,algH,issuerId,fp(pk(skH1)),h(authTuple(issuerId,fp(pk(skH1)),ssetH,algH,verH)),canonVerH,a_2)) at {45} in copy a_3

out(c, (attemptCore(authTuple(~M_31,~M_32,~M_33,~M_34,~M_35),~M_36,~M_37,~M_38),framed(~M_39,~M_40,~M_41,~M_42,~M_43,~M_44,~M_45))) with ~M_31 = issuerId, ~M_32 = fp(pk(skH1)), ~M_33 = ssetH, ~M_34 = algH, ~M_35 = verH, ~M_36 = sign((POSS,authTuple(issuerId,fp(pk(skH1)),ssetH,algH,verH)),skH1), ~M_37 = sign((BYTES,framed(OT_ATTEST,algH,issuerId,fp(pk(skH1)),h(authTuple(issuerId,fp(pk(skH1)),ssetH,algH,verH)),canonVerH,a_2)),skH1), ~M_38 = decl2_3, ~M_39 = OT_ATTEST, ~M_40 = algH, ~M_41 = issuerId, ~M_42 = fp(pk(skH1)), ~M_43 = h(authTuple(issuerId,fp(pk(skH1)),ssetH,algH,verH)), ~M_44 = canonVerH, ~M_45 = a_2 at {46} in copy a_3

in(c, (a_4,a_5)) at {31} in copy a_6

new decl1: bitstring creating decl1_6 at {32} in copy a_6

new decl2: bitstring creating decl2_4 at {33} in copy a_6

new declT: bitstring creating declT_5 at {34} in copy a_6

event IssuerPossession(pk(skH1)) at {35} in copy a_6

event IssuerSigned(pk(skH1),framed(OT_ATTEST,algH,issuerId,fp(pk(skH1)),h(authTuple(issuerId,fp(pk(skH1)),ssetH,algH,verH)),canonVerH,a_4)) at {40} in copy a_6

out(c, (attemptCore(authTuple(~M_46,~M_47,~M_48,~M_49,~M_50),~M_51,~M_52,~M_53),framed(~M_54,~M_55,~M_56,~M_57,~M_58,~M_59,~M_60))) with ~M_46 = issuerId, ~M_47 = fp(pk(skH1)), ~M_48 = ssetH, ~M_49 = algH, ~M_50 = verH, ~M_51 = sign((POSS,authTuple(issuerId,fp(pk(skH1)),ssetH,algH,verH)),skH1), ~M_52 = sign((BYTES,framed(OT_ATTEST,algH,issuerId,fp(pk(skH1)),h(authTuple(issuerId,fp(pk(skH1)),ssetH,algH,verH)),canonVerH,a_4)),skH1), ~M_53 = decl1_6, ~M_54 = OT_ATTEST, ~M_55 = algH, ~M_56 = issuerId, ~M_57 = fp(pk(skH1)), ~M_58 = h(authTuple(issuerId,fp(pk(skH1)),ssetH,algH,verH)), ~M_59 = canonVerH, ~M_60 = a_4 at {41} in copy a_6

event IssuerSigned(pk(skH1),framed(OT_ATTEST,algH,issuerId,fp(pk(skH1)),h(authTuple(issuerId,fp(pk(skH1)),ssetH,algH,verH)),canonVerH,a_5)) at {45} in copy a_6

out(c, (attemptCore(authTuple(~M_61,~M_62,~M_63,~M_64,~M_65),~M_66,~M_67,~M_68),framed(~M_69,~M_70,~M_71,~M_72,~M_73,~M_74,~M_75))) with ~M_61 = issuerId, ~M_62 = fp(pk(skH1)), ~M_63 = ssetH, ~M_64 = algH, ~M_65 = verH, ~M_66 = sign((POSS,authTuple(issuerId,fp(pk(skH1)),ssetH,algH,verH)),skH1), ~M_67 = sign((BYTES,framed(OT_ATTEST,algH,issuerId,fp(pk(skH1)),h(authTuple(issuerId,fp(pk(skH1)),ssetH,algH,verH)),canonVerH,a_5)),skH1), ~M_68 = decl2_4, ~M_69 = OT_ATTEST, ~M_70 = algH, ~M_71 = issuerId, ~M_72 = fp(pk(skH1)), ~M_73 = h(authTuple(issuerId,fp(pk(skH1)),ssetH,algH,verH)), ~M_74 = canonVerH, ~M_75 = a_5 at {46} in copy a_6

in(c, (a_4,a_7)) at {31} in copy a_8

new decl1: bitstring creating decl1_7 at {32} in copy a_8

new decl2: bitstring creating decl2_5 at {33} in copy a_8

new declT: bitstring creating declT_6 at {34} in copy a_8

event IssuerPossession(pk(skH1)) at {35} in copy a_8

event IssuerSigned(pk(skH1),framed(OT_ATTEST,algH,issuerId,fp(pk(skH1)),h(authTuple(issuerId,fp(pk(skH1)),ssetH,algH,verH)),canonVerH,a_4)) at {40} in copy a_8

out(c, (attemptCore(authTuple(~M_76,~M_77,~M_78,~M_79,~M_80),~M_81,~M_82,~M_83),framed(~M_84,~M_85,~M_86,~M_87,~M_88,~M_89,~M_90))) with ~M_76 = issuerId, ~M_77 = fp(pk(skH1)), ~M_78 = ssetH, ~M_79 = algH, ~M_80 = verH, ~M_81 = sign((POSS,authTuple(issuerId,fp(pk(skH1)),ssetH,algH,verH)),skH1), ~M_82 = sign((BYTES,framed(OT_ATTEST,algH,issuerId,fp(pk(skH1)),h(authTuple(issuerId,fp(pk(skH1)),ssetH,algH,verH)),canonVerH,a_4)),skH1), ~M_83 = decl1_7, ~M_84 = OT_ATTEST, ~M_85 = algH, ~M_86 = issuerId, ~M_87 = fp(pk(skH1)), ~M_88 = h(authTuple(issuerId,fp(pk(skH1)),ssetH,algH,verH)), ~M_89 = canonVerH, ~M_90 = a_4 at {41} in copy a_8

event IssuerSigned(pk(skH1),framed(OT_ATTEST,algH,issuerId,fp(pk(skH1)),h(authTuple(issuerId,fp(pk(skH1)),ssetH,algH,verH)),canonVerH,a_7)) at {45} in copy a_8

out(c, (attemptCore(authTuple(~M_91,~M_92,~M_93,~M_94,~M_95),~M_96,~M_97,~M_98),framed(~M_99,~M_100,~M_101,~M_102,~M_103,~M_104,~M_105))) with ~M_91 = issuerId, ~M_92 = fp(pk(skH1)), ~M_93 = ssetH, ~M_94 = algH, ~M_95 = verH, ~M_96 = sign((POSS,authTuple(issuerId,fp(pk(skH1)),ssetH,algH,verH)),skH1), ~M_97 = sign((BYTES,framed(OT_ATTEST,algH,issuerId,fp(pk(skH1)),h(authTuple(issuerId,fp(pk(skH1)),ssetH,algH,verH)),canonVerH,a_7)),skH1), ~M_98 = decl2_5, ~M_99 = OT_ATTEST, ~M_100 = algH, ~M_101 = issuerId, ~M_102 = fp(pk(skH1)), ~M_103 = h(authTuple(issuerId,fp(pk(skH1)),ssetH,algH,verH)), ~M_104 = canonVerH, ~M_105 = a_7 at {46} in copy a_8

event Designated(pk(skH1),h(attemptCore(authTuple(issuerId,fp(pk(skH1)),ssetH,algH,verH),sign((POSS,authTuple(issuerId,fp(pk(skH1)),ssetH,algH,verH)),skH1),sign((BYTES,framed(OT_ATTEST,algH,issuerId,fp(pk(skH1)),h(authTuple(issuerId,fp(pk(skH1)),ssetH,algH,verH)),canonVerH,a_7)),skH1),decl2_5))) at {49} in copy a_8

out(c, ~M_106) with ~M_106 = sign((TLR,(lineage2(entry(h(attemptCore(authTuple(issuerId,fp(pk(skH1)),ssetH,algH,verH),sign((POSS,authTuple(issuerId,fp(pk(skH1)),ssetH,algH,verH)),skH1),sign((BYTES,framed(OT_ATTEST,algH,issuerId,fp(pk(skH1)),h(authTuple(issuerId,fp(pk(skH1)),ssetH,algH,verH)),canonVerH,a_4)),skH1),decl1_7)),DISP_ABANDONED),entry(h(attemptCore(authTuple(issuerId,fp(pk(skH1)),ssetH,algH,verH),sign((POSS,authTuple(issuerId,fp(pk(skH1)),ssetH,algH,verH)),skH1),sign((BYTES,framed(OT_ATTEST,algH,issuerId,fp(pk(skH1)),h(authTuple(issuerId,fp(pk(skH1)),ssetH,algH,verH)),canonVerH,a_7)),skH1),decl2_5)),DISP_SHIPPED)),TERM_SHIPPED(h(attemptCore(authTuple(issuerId,fp(pk(skH1)),ssetH,algH,verH),sign((POSS,authTuple(issuerId,fp(pk(skH1)),ssetH,algH,verH)),skH1),sign((BYTES,framed(OT_ATTEST,algH,issuerId,fp(pk(skH1)),h(authTuple(issuerId,fp(pk(skH1)),ssetH,algH,verH)),canonVerH,a_7)),skH1),decl2_5))),declT_6)),skH1) at {52} in copy a_8

in(c, (authTuple(issuerId,fp(~M_2),ssetH,algH,verH),sign((STMT_DIGEST,h(authTuple(issuerId,fp(~M_2),ssetH,algH,verH))),~M_14),~M_15,~M_2,attemptCore(authTuple(issuerId,fp(~M_2),ssetH,algH,verH),~M_21,~M_52,~M_83),a_9,withTLR(~M_2,~M_106,anchorProof(h(~M_106))))) with fp(~M_2) = fp(pk(skH1)), sign((STMT_DIGEST,h(authTuple(issuerId,fp(~M_2),ssetH,algH,verH))),~M_14) = sign((STMT_DIGEST,h(authTuple(issuerId,fp(pk(skH1)),ssetH,algH,verH))),skD_3), ~M_15 = sign((STMT_DIGEST,h(authTuple(issuerId,fp(pk(skH1)),ssetH,algH,verH))),skR_3), ~M_2 = pk(skH1), fp(~M_2) = fp(pk(skH1)), ~M_21 = sign((POSS,authTuple(issuerId,fp(pk(skH1)),ssetH,algH,verH)),skH1), ~M_52 = sign((BYTES,framed(OT_ATTEST,algH,issuerId,fp(pk(skH1)),h(authTuple(issuerId,fp(pk(skH1)),ssetH,algH,verH)),canonVerH,a_4)),skH1), ~M_83 = decl1_7, ~M_2 = pk(skH1), ~M_106 = sign((TLR,(lineage2(entry(h(attemptCore(authTuple(issuerId,fp(pk(skH1)),ssetH,algH,verH),sign((POSS,authTuple(issuerId,fp(pk(skH1)),ssetH,algH,verH)),skH1),sign((BYTES,framed(OT_ATTEST,algH,issuerId,fp(pk(skH1)),h(authTuple(issuerId,fp(pk(skH1)),ssetH,algH,verH)),canonVerH,a_4)),skH1),decl1_7)),DISP_ABANDONED),entry(h(attemptCore(authTuple(issuerId,fp(pk(skH1)),ssetH,algH,verH),sign((POSS,authTuple(issuerId,fp(pk(skH1)),ssetH,algH,verH)),skH1),sign((BYTES,framed(OT_ATTEST,algH,issuerId,fp(pk(skH1)),h(authTuple(issuerId,fp(pk(skH1)),ssetH,algH,verH)),canonVerH,a_7)),skH1),decl2_5)),DISP_SHIPPED)),TERM_SHIPPED(h(attemptCore(authTuple(issuerId,fp(pk(skH1)),ssetH,algH,verH),sign((POSS,authTuple(issuerId,fp(pk(skH1)),ssetH,algH,verH)),skH1),sign((BYTES,framed(OT_ATTEST,algH,issuerId,fp(pk(skH1)),h(authTuple(issuerId,fp(pk(skH1)),ssetH,algH,verH)),canonVerH,a_7)),skH1),decl2_5))),declT_6)),skH1), h(~M_106) = h(sign((TLR,(lineage2(entry(h(attemptCore(authTuple(issuerId,fp(pk(skH1)),ssetH,algH,verH),sign((POSS,authTuple(issuerId,fp(pk(skH1)),ssetH,algH,verH)),skH1),sign((BYTES,framed(OT_ATTEST,algH,issuerId,fp(pk(skH1)),h(authTuple(issuerId,fp(pk(skH1)),ssetH,algH,verH)),canonVerH,a_4)),skH1),decl1_7)),DISP_ABANDONED),entry(h(attemptCore(authTuple(issuerId,fp(pk(skH1)),ssetH,algH,verH),sign((POSS,authTuple(issuerId,fp(pk(skH1)),ssetH,algH,verH)),skH1),sign((BYTES,framed(OT_ATTEST,algH,issuerId,fp(pk(skH1)),h(authTuple(issuerId,fp(pk(skH1)),ssetH,algH,verH)),canonVerH,a_7)),skH1),decl2_5)),DISP_SHIPPED)),TERM_SHIPPED(h(attemptCore(authTuple(issuerId,fp(pk(skH1)),ssetH,algH,verH),sign((POSS,authTuple(issuerId,fp(pk(skH1)),ssetH,algH,verH)),skH1),sign((BYTES,framed(OT_ATTEST,algH,issuerId,fp(pk(skH1)),h(authTuple(issuerId,fp(pk(skH1)),ssetH,algH,verH)),canonVerH,a_7)),skH1),decl2_5))),declT_6)),skH1)) at {77} in copy a_10

event Established(pk(skH1),authTuple(issuerId,fp(pk(skH1)),ssetH,algH,verH),h(attemptCore(authTuple(issuerId,fp(pk(skH1)),ssetH,algH,verH),sign((POSS,authTuple(issuerId,fp(pk(skH1)),ssetH,algH,verH)),skH1),sign((BYTES,framed(OT_ATTEST,algH,issuerId,fp(pk(skH1)),h(authTuple(issuerId,fp(pk(skH1)),ssetH,algH,verH)),canonVerH,a_4)),skH1),decl1_7))) at {91} in copy a_10 (goal)

The event Established(pk(skH1),authTuple(issuerId,fp(pk(skH1)),ssetH,algH,verH),h(attemptCore(authTuple(issuerId,fp(pk(skH1)),ssetH,algH,verH),sign((POSS,authTuple(issuerId,fp(pk(skH1)),ssetH,algH,verH)),skH1),sign((BYTES,framed(OT_ATTEST,algH,issuerId,fp(pk(skH1)),h(authTuple(issuerId,fp(pk(skH1)),ssetH,algH,verH)),canonVerH,a_4)),skH1),decl1_7))) is executed at {91} in copy a_10.
A trace has been found.
RESULT event(Established(pk(skH1[]),t_3,aid_2)) ==> event(Designated(pk(skH1[]),aid_2)) is false.
-- Query event(Established(pk(skH2[]),t_3,aid_2)) ==> event(Designated(pk(skH2[]),aid_2)) in process 1.
Translating the process into Horn clauses...
Completing...
200 rules inserted. Base: 152 rules (85 with conclusion selected). Queue: 25 rules.
400 rules inserted. Base: 187 rules (87 with conclusion selected). Queue: 15 rules.
Starting query event(Established(pk(skH2[]),t_3,aid_2)) ==> event(Designated(pk(skH2[]),aid_2))
goal reachable: attacker(p1_3) && attacker(p2_3) -> event(Established(pk(skH2[]),authTuple(issuerId2[],fp(pk(skH2[])),ssetH[],algH[],verH[]),h(attemptCore(authTuple(issuerId2[],fp(pk(skH2[])),ssetH[],algH[],verH[]),sign((POSS,authTuple(issuerId2[],fp(pk(skH2[])),ssetH[],algH[],verH[])),skH2[]),sign((BYTES,framed(OT_ATTEST,algH[],issuerId2[],fp(pk(skH2[])),h(authTuple(issuerId2[],fp(pk(skH2[])),ssetH[],algH[],verH[])),canonVerH[],p2_3)),skH2[]),decl2_2))))
Abbreviations:
decl2_2 = decl2_1[p2_1 = p2_3,p1_1 = p1_3,!1 = @sid]

Derivation:
Abbreviations:
decl2_2 = decl2_1[p2_1 = p2_3,p1_1 = p1_3,!1 = @sid]
decl1_2 = decl1_1[p2_1 = p2_3,p1_1 = p1_3,!1 = @sid]
declT_3 = declT_1[p2_1 = p2_3,p1_1 = p1_3,!1 = @sid]
decl1_3 = decl1_1[p2_1 = p2_4,p1_1 = p1_4,!1 = @sid_1]
decl1_4 = decl1_1[p2_1 = p2_5,p1_1 = p2_3,!1 = @sid_2]

1. We assume as hypothesis that
attacker(p2_3).

2. We assume as hypothesis that
attacker(p1_3).

3. By 2, the attacker may know p1_3.
By 1, the attacker may know p2_3.
Using the function 2-tuple the attacker may obtain (p1_3,p2_3).
attacker((p1_3,p2_3)).

4. The message (p1_3,p2_3) that the attacker may have by 3 may be received at input {56}.
So the message sign((TLR,(lineage2(entry(h(attemptCore(authTuple(issuerId2[],fp(pk(skH2[])),ssetH[],algH[],verH[]),sign((POSS,authTuple(issuerId2[],fp(pk(skH2[])),ssetH[],algH[],verH[])),skH2[]),sign((BYTES,framed(OT_ATTEST,algH[],issuerId2[],fp(pk(skH2[])),h(authTuple(issuerId2[],fp(pk(skH2[])),ssetH[],algH[],verH[])),canonVerH[],p1_3)),skH2[]),decl1_2)),DISP_ABANDONED),entry(h(attemptCore(authTuple(issuerId2[],fp(pk(skH2[])),ssetH[],algH[],verH[]),sign((POSS,authTuple(issuerId2[],fp(pk(skH2[])),ssetH[],algH[],verH[])),skH2[]),sign((BYTES,framed(OT_ATTEST,algH[],issuerId2[],fp(pk(skH2[])),h(authTuple(issuerId2[],fp(pk(skH2[])),ssetH[],algH[],verH[])),canonVerH[],p2_3)),skH2[]),decl2_2)),DISP_ABANDONED)),TERM_REFUSED,declT_3)),skH2[]) may be sent to the attacker at output {73}.
attacker(sign((TLR,(lineage2(entry(h(attemptCore(authTuple(issuerId2[],fp(pk(skH2[])),ssetH[],algH[],verH[]),sign((POSS,authTuple(issuerId2[],fp(pk(skH2[])),ssetH[],algH[],verH[])),skH2[]),sign((BYTES,framed(OT_ATTEST,algH[],issuerId2[],fp(pk(skH2[])),h(authTuple(issuerId2[],fp(pk(skH2[])),ssetH[],algH[],verH[])),canonVerH[],p1_3)),skH2[]),decl1_2)),DISP_ABANDONED),entry(h(attemptCore(authTuple(issuerId2[],fp(pk(skH2[])),ssetH[],algH[],verH[]),sign((POSS,authTuple(issuerId2[],fp(pk(skH2[])),ssetH[],algH[],verH[])),skH2[]),sign((BYTES,framed(OT_ATTEST,algH[],issuerId2[],fp(pk(skH2[])),h(authTuple(issuerId2[],fp(pk(skH2[])),ssetH[],algH[],verH[])),canonVerH[],p2_3)),skH2[]),decl2_2)),DISP_ABANDONED)),TERM_REFUSED,declT_3)),skH2[])).

5. By 4, the attacker may know sign((TLR,(lineage2(entry(h(attemptCore(authTuple(issuerId2[],fp(pk(skH2[])),ssetH[],algH[],verH[]),sign((POSS,authTuple(issuerId2[],fp(pk(skH2[])),ssetH[],algH[],verH[])),skH2[]),sign((BYTES,framed(OT_ATTEST,algH[],issuerId2[],fp(pk(skH2[])),h(authTuple(issuerId2[],fp(pk(skH2[])),ssetH[],algH[],verH[])),canonVerH[],p1_3)),skH2[]),decl1_2)),DISP_ABANDONED),entry(h(attemptCore(authTuple(issuerId2[],fp(pk(skH2[])),ssetH[],algH[],verH[]),sign((POSS,authTuple(issuerId2[],fp(pk(skH2[])),ssetH[],algH[],verH[])),skH2[]),sign((BYTES,framed(OT_ATTEST,algH[],issuerId2[],fp(pk(skH2[])),h(authTuple(issuerId2[],fp(pk(skH2[])),ssetH[],algH[],verH[])),canonVerH[],p2_3)),skH2[]),decl2_2)),DISP_ABANDONED)),TERM_REFUSED,declT_3)),skH2[]).
Using the function h the attacker may obtain h(sign((TLR,(lineage2(entry(h(attemptCore(authTuple(issuerId2[],fp(pk(skH2[])),ssetH[],algH[],verH[]),sign((POSS,authTuple(issuerId2[],fp(pk(skH2[])),ssetH[],algH[],verH[])),skH2[]),sign((BYTES,framed(OT_ATTEST,algH[],issuerId2[],fp(pk(skH2[])),h(authTuple(issuerId2[],fp(pk(skH2[])),ssetH[],algH[],verH[])),canonVerH[],p1_3)),skH2[]),decl1_2)),DISP_ABANDONED),entry(h(attemptCore(authTuple(issuerId2[],fp(pk(skH2[])),ssetH[],algH[],verH[]),sign((POSS,authTuple(issuerId2[],fp(pk(skH2[])),ssetH[],algH[],verH[])),skH2[]),sign((BYTES,framed(OT_ATTEST,algH[],issuerId2[],fp(pk(skH2[])),h(authTuple(issuerId2[],fp(pk(skH2[])),ssetH[],algH[],verH[])),canonVerH[],p2_3)),skH2[]),decl2_2)),DISP_ABANDONED)),TERM_REFUSED,declT_3)),skH2[])).
attacker(h(sign((TLR,(lineage2(entry(h(attemptCore(authTuple(issuerId2[],fp(pk(skH2[])),ssetH[],algH[],verH[]),sign((POSS,authTuple(issuerId2[],fp(pk(skH2[])),ssetH[],algH[],verH[])),skH2[]),sign((BYTES,framed(OT_ATTEST,algH[],issuerId2[],fp(pk(skH2[])),h(authTuple(issuerId2[],fp(pk(skH2[])),ssetH[],algH[],verH[])),canonVerH[],p1_3)),skH2[]),decl1_2)),DISP_ABANDONED),entry(h(attemptCore(authTuple(issuerId2[],fp(pk(skH2[])),ssetH[],algH[],verH[]),sign((POSS,authTuple(issuerId2[],fp(pk(skH2[])),ssetH[],algH[],verH[])),skH2[]),sign((BYTES,framed(OT_ATTEST,algH[],issuerId2[],fp(pk(skH2[])),h(authTuple(issuerId2[],fp(pk(skH2[])),ssetH[],algH[],verH[])),canonVerH[],p2_3)),skH2[]),decl2_2)),DISP_ABANDONED)),TERM_REFUSED,declT_3)),skH2[]))).

6. By 5, the attacker may know h(sign((TLR,(lineage2(entry(h(attemptCore(authTuple(issuerId2[],fp(pk(skH2[])),ssetH[],algH[],verH[]),sign((POSS,authTuple(issuerId2[],fp(pk(skH2[])),ssetH[],algH[],verH[])),skH2[]),sign((BYTES,framed(OT_ATTEST,algH[],issuerId2[],fp(pk(skH2[])),h(authTuple(issuerId2[],fp(pk(skH2[])),ssetH[],algH[],verH[])),canonVerH[],p1_3)),skH2[]),decl1_2)),DISP_ABANDONED),entry(h(attemptCore(authTuple(issuerId2[],fp(pk(skH2[])),ssetH[],algH[],verH[]),sign((POSS,authTuple(issuerId2[],fp(pk(skH2[])),ssetH[],algH[],verH[])),skH2[]),sign((BYTES,framed(OT_ATTEST,algH[],issuerId2[],fp(pk(skH2[])),h(authTuple(issuerId2[],fp(pk(skH2[])),ssetH[],algH[],verH[])),canonVerH[],p2_3)),skH2[]),decl2_2)),DISP_ABANDONED)),TERM_REFUSED,declT_3)),skH2[])).
Using the function anchorProof the attacker may obtain anchorProof(h(sign((TLR,(lineage2(entry(h(attemptCore(authTuple(issuerId2[],fp(pk(skH2[])),ssetH[],algH[],verH[]),sign((POSS,authTuple(issuerId2[],fp(pk(skH2[])),ssetH[],algH[],verH[])),skH2[]),sign((BYTES,framed(OT_ATTEST,algH[],issuerId2[],fp(pk(skH2[])),h(authTuple(issuerId2[],fp(pk(skH2[])),ssetH[],algH[],verH[])),canonVerH[],p1_3)),skH2[]),decl1_2)),DISP_ABANDONED),entry(h(attemptCore(authTuple(issuerId2[],fp(pk(skH2[])),ssetH[],algH[],verH[]),sign((POSS,authTuple(issuerId2[],fp(pk(skH2[])),ssetH[],algH[],verH[])),skH2[]),sign((BYTES,framed(OT_ATTEST,algH[],issuerId2[],fp(pk(skH2[])),h(authTuple(issuerId2[],fp(pk(skH2[])),ssetH[],algH[],verH[])),canonVerH[],p2_3)),skH2[]),decl2_2)),DISP_ABANDONED)),TERM_REFUSED,declT_3)),skH2[]))).
attacker(anchorProof(h(sign((TLR,(lineage2(entry(h(attemptCore(authTuple(issuerId2[],fp(pk(skH2[])),ssetH[],algH[],verH[]),sign((POSS,authTuple(issuerId2[],fp(pk(skH2[])),ssetH[],algH[],verH[])),skH2[]),sign((BYTES,framed(OT_ATTEST,algH[],issuerId2[],fp(pk(skH2[])),h(authTuple(issuerId2[],fp(pk(skH2[])),ssetH[],algH[],verH[])),canonVerH[],p1_3)),skH2[]),decl1_2)),DISP_ABANDONED),entry(h(attemptCore(authTuple(issuerId2[],fp(pk(skH2[])),ssetH[],algH[],verH[]),sign((POSS,authTuple(issuerId2[],fp(pk(skH2[])),ssetH[],algH[],verH[])),skH2[]),sign((BYTES,framed(OT_ATTEST,algH[],issuerId2[],fp(pk(skH2[])),h(authTuple(issuerId2[],fp(pk(skH2[])),ssetH[],algH[],verH[])),canonVerH[],p2_3)),skH2[]),decl2_2)),DISP_ABANDONED)),TERM_REFUSED,declT_3)),skH2[])))).

7. The message pk(skH2[]) may be sent to the attacker at output {8}.
attacker(pk(skH2[])).

8. By 7, the attacker may know pk(skH2[]).
By 4, the attacker may know sign((TLR,(lineage2(entry(h(attemptCore(authTuple(issuerId2[],fp(pk(skH2[])),ssetH[],algH[],verH[]),sign((POSS,authTuple(issuerId2[],fp(pk(skH2[])),ssetH[],algH[],verH[])),skH2[]),sign((BYTES,framed(OT_ATTEST,algH[],issuerId2[],fp(pk(skH2[])),h(authTuple(issuerId2[],fp(pk(skH2[])),ssetH[],algH[],verH[])),canonVerH[],p1_3)),skH2[]),decl1_2)),DISP_ABANDONED),entry(h(attemptCore(authTuple(issuerId2[],fp(pk(skH2[])),ssetH[],algH[],verH[]),sign((POSS,authTuple(issuerId2[],fp(pk(skH2[])),ssetH[],algH[],verH[])),skH2[]),sign((BYTES,framed(OT_ATTEST,algH[],issuerId2[],fp(pk(skH2[])),h(authTuple(issuerId2[],fp(pk(skH2[])),ssetH[],algH[],verH[])),canonVerH[],p2_3)),skH2[]),decl2_2)),DISP_ABANDONED)),TERM_REFUSED,declT_3)),skH2[]).
By 6, the attacker may know anchorProof(h(sign((TLR,(lineage2(entry(h(attemptCore(authTuple(issuerId2[],fp(pk(skH2[])),ssetH[],algH[],verH[]),sign((POSS,authTuple(issuerId2[],fp(pk(skH2[])),ssetH[],algH[],verH[])),skH2[]),sign((BYTES,framed(OT_ATTEST,algH[],issuerId2[],fp(pk(skH2[])),h(authTuple(issuerId2[],fp(pk(skH2[])),ssetH[],algH[],verH[])),canonVerH[],p1_3)),skH2[]),decl1_2)),DISP_ABANDONED),entry(h(attemptCore(authTuple(issuerId2[],fp(pk(skH2[])),ssetH[],algH[],verH[]),sign((POSS,authTuple(issuerId2[],fp(pk(skH2[])),ssetH[],algH[],verH[])),skH2[]),sign((BYTES,framed(OT_ATTEST,algH[],issuerId2[],fp(pk(skH2[])),h(authTuple(issuerId2[],fp(pk(skH2[])),ssetH[],algH[],verH[])),canonVerH[],p2_3)),skH2[]),decl2_2)),DISP_ABANDONED)),TERM_REFUSED,declT_3)),skH2[]))).
Using the function withTLR the attacker may obtain withTLR(pk(skH2[]),sign((TLR,(lineage2(entry(h(attemptCore(authTuple(issuerId2[],fp(pk(skH2[])),ssetH[],algH[],verH[]),sign((POSS,authTuple(issuerId2[],fp(pk(skH2[])),ssetH[],algH[],verH[])),skH2[]),sign((BYTES,framed(OT_ATTEST,algH[],issuerId2[],fp(pk(skH2[])),h(authTuple(issuerId2[],fp(pk(skH2[])),ssetH[],algH[],verH[])),canonVerH[],p1_3)),skH2[]),decl1_2)),DISP_ABANDONED),entry(h(attemptCore(authTuple(issuerId2[],fp(pk(skH2[])),ssetH[],algH[],verH[]),sign((POSS,authTuple(issuerId2[],fp(pk(skH2[])),ssetH[],algH[],verH[])),skH2[]),sign((BYTES,framed(OT_ATTEST,algH[],issuerId2[],fp(pk(skH2[])),h(authTuple(issuerId2[],fp(pk(skH2[])),ssetH[],algH[],verH[])),canonVerH[],p2_3)),skH2[]),decl2_2)),DISP_ABANDONED)),TERM_REFUSED,declT_3)),skH2[]),anchorProof(h(sign((TLR,(lineage2(entry(h(attemptCore(authTuple(issuerId2[],fp(pk(skH2[])),ssetH[],algH[],verH[]),sign((POSS,authTuple(issuerId2[],fp(pk(skH2[])),ssetH[],algH[],verH[])),skH2[]),sign((BYTES,framed(OT_ATTEST,algH[],issuerId2[],fp(pk(skH2[])),h(authTuple(issuerId2[],fp(pk(skH2[])),ssetH[],algH[],verH[])),canonVerH[],p1_3)),skH2[]),decl1_2)),DISP_ABANDONED),entry(h(attemptCore(authTuple(issuerId2[],fp(pk(skH2[])),ssetH[],algH[],verH[]),sign((POSS,authTuple(issuerId2[],fp(pk(skH2[])),ssetH[],algH[],verH[])),skH2[]),sign((BYTES,framed(OT_ATTEST,algH[],issuerId2[],fp(pk(skH2[])),h(authTuple(issuerId2[],fp(pk(skH2[])),ssetH[],algH[],verH[])),canonVerH[],p2_3)),skH2[]),decl2_2)),DISP_ABANDONED)),TERM_REFUSED,declT_3)),skH2[])))).
attacker(withTLR(pk(skH2[]),sign((TLR,(lineage2(entry(h(attemptCore(authTuple(issuerId2[],fp(pk(skH2[])),ssetH[],algH[],verH[]),sign((POSS,authTuple(issuerId2[],fp(pk(skH2[])),ssetH[],algH[],verH[])),skH2[]),sign((BYTES,framed(OT_ATTEST,algH[],issuerId2[],fp(pk(skH2[])),h(authTuple(issuerId2[],fp(pk(skH2[])),ssetH[],algH[],verH[])),canonVerH[],p1_3)),skH2[]),decl1_2)),DISP_ABANDONED),entry(h(attemptCore(authTuple(issuerId2[],fp(pk(skH2[])),ssetH[],algH[],verH[]),sign((POSS,authTuple(issuerId2[],fp(pk(skH2[])),ssetH[],algH[],verH[])),skH2[]),sign((BYTES,framed(OT_ATTEST,algH[],issuerId2[],fp(pk(skH2[])),h(authTuple(issuerId2[],fp(pk(skH2[])),ssetH[],algH[],verH[])),canonVerH[],p2_3)),skH2[]),decl2_2)),DISP_ABANDONED)),TERM_REFUSED,declT_3)),skH2[]),anchorProof(h(sign((TLR,(lineage2(entry(h(attemptCore(authTuple(issuerId2[],fp(pk(skH2[])),ssetH[],algH[],verH[]),sign((POSS,authTuple(issuerId2[],fp(pk(skH2[])),ssetH[],algH[],verH[])),skH2[]),sign((BYTES,framed(OT_ATTEST,algH[],issuerId2[],fp(pk(skH2[])),h(authTuple(issuerId2[],fp(pk(skH2[])),ssetH[],algH[],verH[])),canonVerH[],p1_3)),skH2[]),decl1_2)),DISP_ABANDONED),entry(h(attemptCore(authTuple(issuerId2[],fp(pk(skH2[])),ssetH[],algH[],verH[]),sign((POSS,authTuple(issuerId2[],fp(pk(skH2[])),ssetH[],algH[],verH[])),skH2[]),sign((BYTES,framed(OT_ATTEST,algH[],issuerId2[],fp(pk(skH2[])),h(authTuple(issuerId2[],fp(pk(skH2[])),ssetH[],algH[],verH[])),canonVerH[],p2_3)),skH2[]),decl2_2)),DISP_ABANDONED)),TERM_REFUSED,declT_3)),skH2[]))))).

9. The attacker has some term fb_2.
attacker(fb_2).

10. The message (p1_3,p2_3) that the attacker may have by 3 may be received at input {56}.
So the message (attemptCore(authTuple(issuerId2[],fp(pk(skH2[])),ssetH[],algH[],verH[]),sign((POSS,authTuple(issuerId2[],fp(pk(skH2[])),ssetH[],algH[],verH[])),skH2[]),sign((BYTES,framed(OT_ATTEST,algH[],issuerId2[],fp(pk(skH2[])),h(authTuple(issuerId2[],fp(pk(skH2[])),ssetH[],algH[],verH[])),canonVerH[],p2_3)),skH2[]),decl2_2),framed(OT_ATTEST,algH[],issuerId2[],fp(pk(skH2[])),h(authTuple(issuerId2[],fp(pk(skH2[])),ssetH[],algH[],verH[])),canonVerH[],p2_3)) may be sent to the attacker at output {71}.
attacker((attemptCore(authTuple(issuerId2[],fp(pk(skH2[])),ssetH[],algH[],verH[]),sign((POSS,authTuple(issuerId2[],fp(pk(skH2[])),ssetH[],algH[],verH[])),skH2[]),sign((BYTES,framed(OT_ATTEST,algH[],issuerId2[],fp(pk(skH2[])),h(authTuple(issuerId2[],fp(pk(skH2[])),ssetH[],algH[],verH[])),canonVerH[],p2_3)),skH2[]),decl2_2),framed(OT_ATTEST,algH[],issuerId2[],fp(pk(skH2[])),h(authTuple(issuerId2[],fp(pk(skH2[])),ssetH[],algH[],verH[])),canonVerH[],p2_3))).

11. By 10, the attacker may know (attemptCore(authTuple(issuerId2[],fp(pk(skH2[])),ssetH[],algH[],verH[]),sign((POSS,authTuple(issuerId2[],fp(pk(skH2[])),ssetH[],algH[],verH[])),skH2[]),sign((BYTES,framed(OT_ATTEST,algH[],issuerId2[],fp(pk(skH2[])),h(authTuple(issuerId2[],fp(pk(skH2[])),ssetH[],algH[],verH[])),canonVerH[],p2_3)),skH2[]),decl2_2),framed(OT_ATTEST,algH[],issuerId2[],fp(pk(skH2[])),h(authTuple(issuerId2[],fp(pk(skH2[])),ssetH[],algH[],verH[])),canonVerH[],p2_3)).
Using the function 1-proj-2-tuple the attacker may obtain attemptCore(authTuple(issuerId2[],fp(pk(skH2[])),ssetH[],algH[],verH[]),sign((POSS,authTuple(issuerId2[],fp(pk(skH2[])),ssetH[],algH[],verH[])),skH2[]),sign((BYTES,framed(OT_ATTEST,algH[],issuerId2[],fp(pk(skH2[])),h(authTuple(issuerId2[],fp(pk(skH2[])),ssetH[],algH[],verH[])),canonVerH[],p2_3)),skH2[]),decl2_2).
attacker(attemptCore(authTuple(issuerId2[],fp(pk(skH2[])),ssetH[],algH[],verH[]),sign((POSS,authTuple(issuerId2[],fp(pk(skH2[])),ssetH[],algH[],verH[])),skH2[]),sign((BYTES,framed(OT_ATTEST,algH[],issuerId2[],fp(pk(skH2[])),h(authTuple(issuerId2[],fp(pk(skH2[])),ssetH[],algH[],verH[])),canonVerH[],p2_3)),skH2[]),decl2_2)).

12. By 11, the attacker may know attemptCore(authTuple(issuerId2[],fp(pk(skH2[])),ssetH[],algH[],verH[]),sign((POSS,authTuple(issuerId2[],fp(pk(skH2[])),ssetH[],algH[],verH[])),skH2[]),sign((BYTES,framed(OT_ATTEST,algH[],issuerId2[],fp(pk(skH2[])),h(authTuple(issuerId2[],fp(pk(skH2[])),ssetH[],algH[],verH[])),canonVerH[],p2_3)),skH2[]),decl2_2).
Using the function 4-proj-attemptCore the attacker may obtain decl2_2.
attacker(decl2_2).

13. The attacker has some term p2_5.
attacker(p2_5).

14. By 1, the attacker may know p2_3.
By 13, the attacker may know p2_5.
Using the function 2-tuple the attacker may obtain (p2_3,p2_5).
attacker((p2_3,p2_5)).

15. The message (p2_3,p2_5) that the attacker may have by 14 may be received at input {56}.
So the message (attemptCore(authTuple(issuerId2[],fp(pk(skH2[])),ssetH[],algH[],verH[]),sign((POSS,authTuple(issuerId2[],fp(pk(skH2[])),ssetH[],algH[],verH[])),skH2[]),sign((BYTES,framed(OT_ATTEST,algH[],issuerId2[],fp(pk(skH2[])),h(authTuple(issuerId2[],fp(pk(skH2[])),ssetH[],algH[],verH[])),canonVerH[],p2_3)),skH2[]),decl1_4),framed(OT_ATTEST,algH[],issuerId2[],fp(pk(skH2[])),h(authTuple(issuerId2[],fp(pk(skH2[])),ssetH[],algH[],verH[])),canonVerH[],p2_3)) may be sent to the attacker at output {66}.
attacker((attemptCore(authTuple(issuerId2[],fp(pk(skH2[])),ssetH[],algH[],verH[]),sign((POSS,authTuple(issuerId2[],fp(pk(skH2[])),ssetH[],algH[],verH[])),skH2[]),sign((BYTES,framed(OT_ATTEST,algH[],issuerId2[],fp(pk(skH2[])),h(authTuple(issuerId2[],fp(pk(skH2[])),ssetH[],algH[],verH[])),canonVerH[],p2_3)),skH2[]),decl1_4),framed(OT_ATTEST,algH[],issuerId2[],fp(pk(skH2[])),h(authTuple(issuerId2[],fp(pk(skH2[])),ssetH[],algH[],verH[])),canonVerH[],p2_3))).

16. By 15, the attacker may know (attemptCore(authTuple(issuerId2[],fp(pk(skH2[])),ssetH[],algH[],verH[]),sign((POSS,authTuple(issuerId2[],fp(pk(skH2[])),ssetH[],algH[],verH[])),skH2[]),sign((BYTES,framed(OT_ATTEST,algH[],issuerId2[],fp(pk(skH2[])),h(authTuple(issuerId2[],fp(pk(skH2[])),ssetH[],algH[],verH[])),canonVerH[],p2_3)),skH2[]),decl1_4),framed(OT_ATTEST,algH[],issuerId2[],fp(pk(skH2[])),h(authTuple(issuerId2[],fp(pk(skH2[])),ssetH[],algH[],verH[])),canonVerH[],p2_3)).
Using the function 1-proj-2-tuple the attacker may obtain attemptCore(authTuple(issuerId2[],fp(pk(skH2[])),ssetH[],algH[],verH[]),sign((POSS,authTuple(issuerId2[],fp(pk(skH2[])),ssetH[],algH[],verH[])),skH2[]),sign((BYTES,framed(OT_ATTEST,algH[],issuerId2[],fp(pk(skH2[])),h(authTuple(issuerId2[],fp(pk(skH2[])),ssetH[],algH[],verH[])),canonVerH[],p2_3)),skH2[]),decl1_4).
attacker(attemptCore(authTuple(issuerId2[],fp(pk(skH2[])),ssetH[],algH[],verH[]),sign((POSS,authTuple(issuerId2[],fp(pk(skH2[])),ssetH[],algH[],verH[])),skH2[]),sign((BYTES,framed(OT_ATTEST,algH[],issuerId2[],fp(pk(skH2[])),h(authTuple(issuerId2[],fp(pk(skH2[])),ssetH[],algH[],verH[])),canonVerH[],p2_3)),skH2[]),decl1_4)).

17. By 16, the attacker may know attemptCore(authTuple(issuerId2[],fp(pk(skH2[])),ssetH[],algH[],verH[]),sign((POSS,authTuple(issuerId2[],fp(pk(skH2[])),ssetH[],algH[],verH[])),skH2[]),sign((BYTES,framed(OT_ATTEST,algH[],issuerId2[],fp(pk(skH2[])),h(authTuple(issuerId2[],fp(pk(skH2[])),ssetH[],algH[],verH[])),canonVerH[],p2_3)),skH2[]),decl1_4).
Using the function 3-proj-attemptCore the attacker may obtain sign((BYTES,framed(OT_ATTEST,algH[],issuerId2[],fp(pk(skH2[])),h(authTuple(issuerId2[],fp(pk(skH2[])),ssetH[],algH[],verH[])),canonVerH[],p2_3)),skH2[]).
attacker(sign((BYTES,framed(OT_ATTEST,algH[],issuerId2[],fp(pk(skH2[])),h(authTuple(issuerId2[],fp(pk(skH2[])),ssetH[],algH[],verH[])),canonVerH[],p2_3)),skH2[])).

18. The attacker has some term p2_4.
attacker(p2_4).

19. The attacker has some term p1_4.
attacker(p1_4).

20. By 19, the attacker may know p1_4.
By 18, the attacker may know p2_4.
Using the function 2-tuple the attacker may obtain (p1_4,p2_4).
attacker((p1_4,p2_4)).

21. The message (p1_4,p2_4) that the attacker may have by 20 may be received at input {56}.
So the message (attemptCore(authTuple(issuerId2[],fp(pk(skH2[])),ssetH[],algH[],verH[]),sign((POSS,authTuple(issuerId2[],fp(pk(skH2[])),ssetH[],algH[],verH[])),skH2[]),sign((BYTES,framed(OT_ATTEST,algH[],issuerId2[],fp(pk(skH2[])),h(authTuple(issuerId2[],fp(pk(skH2[])),ssetH[],algH[],verH[])),canonVerH[],p1_4)),skH2[]),decl1_3),framed(OT_ATTEST,algH[],issuerId2[],fp(pk(skH2[])),h(authTuple(issuerId2[],fp(pk(skH2[])),ssetH[],algH[],verH[])),canonVerH[],p1_4)) may be sent to the attacker at output {66}.
attacker((attemptCore(authTuple(issuerId2[],fp(pk(skH2[])),ssetH[],algH[],verH[]),sign((POSS,authTuple(issuerId2[],fp(pk(skH2[])),ssetH[],algH[],verH[])),skH2[]),sign((BYTES,framed(OT_ATTEST,algH[],issuerId2[],fp(pk(skH2[])),h(authTuple(issuerId2[],fp(pk(skH2[])),ssetH[],algH[],verH[])),canonVerH[],p1_4)),skH2[]),decl1_3),framed(OT_ATTEST,algH[],issuerId2[],fp(pk(skH2[])),h(authTuple(issuerId2[],fp(pk(skH2[])),ssetH[],algH[],verH[])),canonVerH[],p1_4))).

22. By 21, the attacker may know (attemptCore(authTuple(issuerId2[],fp(pk(skH2[])),ssetH[],algH[],verH[]),sign((POSS,authTuple(issuerId2[],fp(pk(skH2[])),ssetH[],algH[],verH[])),skH2[]),sign((BYTES,framed(OT_ATTEST,algH[],issuerId2[],fp(pk(skH2[])),h(authTuple(issuerId2[],fp(pk(skH2[])),ssetH[],algH[],verH[])),canonVerH[],p1_4)),skH2[]),decl1_3),framed(OT_ATTEST,algH[],issuerId2[],fp(pk(skH2[])),h(authTuple(issuerId2[],fp(pk(skH2[])),ssetH[],algH[],verH[])),canonVerH[],p1_4)).
Using the function 1-proj-2-tuple the attacker may obtain attemptCore(authTuple(issuerId2[],fp(pk(skH2[])),ssetH[],algH[],verH[]),sign((POSS,authTuple(issuerId2[],fp(pk(skH2[])),ssetH[],algH[],verH[])),skH2[]),sign((BYTES,framed(OT_ATTEST,algH[],issuerId2[],fp(pk(skH2[])),h(authTuple(issuerId2[],fp(pk(skH2[])),ssetH[],algH[],verH[])),canonVerH[],p1_4)),skH2[]),decl1_3).
attacker(attemptCore(authTuple(issuerId2[],fp(pk(skH2[])),ssetH[],algH[],verH[]),sign((POSS,authTuple(issuerId2[],fp(pk(skH2[])),ssetH[],algH[],verH[])),skH2[]),sign((BYTES,framed(OT_ATTEST,algH[],issuerId2[],fp(pk(skH2[])),h(authTuple(issuerId2[],fp(pk(skH2[])),ssetH[],algH[],verH[])),canonVerH[],p1_4)),skH2[]),decl1_3)).

23. By 22, the attacker may know attemptCore(authTuple(issuerId2[],fp(pk(skH2[])),ssetH[],algH[],verH[]),sign((POSS,authTuple(issuerId2[],fp(pk(skH2[])),ssetH[],algH[],verH[])),skH2[]),sign((BYTES,framed(OT_ATTEST,algH[],issuerId2[],fp(pk(skH2[])),h(authTuple(issuerId2[],fp(pk(skH2[])),ssetH[],algH[],verH[])),canonVerH[],p1_4)),skH2[]),decl1_3).
Using the function 2-proj-attemptCore the attacker may obtain sign((POSS,authTuple(issuerId2[],fp(pk(skH2[])),ssetH[],algH[],verH[])),skH2[]).
attacker(sign((POSS,authTuple(issuerId2[],fp(pk(skH2[])),ssetH[],algH[],verH[])),skH2[])).

24. The attacker initially knows verH[].
attacker(verH[]).

25. The attacker initially knows algH[].
attacker(algH[]).

26. The attacker initially knows ssetH[].
attacker(ssetH[]).

27. By 7, the attacker may know pk(skH2[]).
Using the function fp the attacker may obtain fp(pk(skH2[])).
attacker(fp(pk(skH2[]))).

28. The attacker initially knows issuerId2[].
attacker(issuerId2[]).

29. By 28, the attacker may know issuerId2[].
By 27, the attacker may know fp(pk(skH2[])).
By 26, the attacker may know ssetH[].
By 25, the attacker may know algH[].
By 24, the attacker may know verH[].
Using the function authTuple the attacker may obtain authTuple(issuerId2[],fp(pk(skH2[])),ssetH[],algH[],verH[]).
attacker(authTuple(issuerId2[],fp(pk(skH2[])),ssetH[],algH[],verH[])).

30. By 29, the attacker may know authTuple(issuerId2[],fp(pk(skH2[])),ssetH[],algH[],verH[]).
By 23, the attacker may know sign((POSS,authTuple(issuerId2[],fp(pk(skH2[])),ssetH[],algH[],verH[])),skH2[]).
By 17, the attacker may know sign((BYTES,framed(OT_ATTEST,algH[],issuerId2[],fp(pk(skH2[])),h(authTuple(issuerId2[],fp(pk(skH2[])),ssetH[],algH[],verH[])),canonVerH[],p2_3)),skH2[]).
By 12, the attacker may know decl2_2.
Using the function attemptCore the attacker may obtain attemptCore(authTuple(issuerId2[],fp(pk(skH2[])),ssetH[],algH[],verH[]),sign((POSS,authTuple(issuerId2[],fp(pk(skH2[])),ssetH[],algH[],verH[])),skH2[]),sign((BYTES,framed(OT_ATTEST,algH[],issuerId2[],fp(pk(skH2[])),h(authTuple(issuerId2[],fp(pk(skH2[])),ssetH[],algH[],verH[])),canonVerH[],p2_3)),skH2[]),decl2_2).
attacker(attemptCore(authTuple(issuerId2[],fp(pk(skH2[])),ssetH[],algH[],verH[]),sign((POSS,authTuple(issuerId2[],fp(pk(skH2[])),ssetH[],algH[],verH[])),skH2[]),sign((BYTES,framed(OT_ATTEST,algH[],issuerId2[],fp(pk(skH2[])),h(authTuple(issuerId2[],fp(pk(skH2[])),ssetH[],algH[],verH[])),canonVerH[],p2_3)),skH2[]),decl2_2)).

31. The message sign((STMT_DIGEST,h(authTuple(issuerId2[],fp(pk(skH2[])),ssetH[],algH[],verH[]))),skR[]) may be sent to the attacker at output {27}.
attacker(sign((STMT_DIGEST,h(authTuple(issuerId2[],fp(pk(skH2[])),ssetH[],algH[],verH[]))),skR[])).

32. The message skD[] may be sent to the attacker at output {11}.
attacker(skD[]).

33. By 29, the attacker may know authTuple(issuerId2[],fp(pk(skH2[])),ssetH[],algH[],verH[]).
Using the function h the attacker may obtain h(authTuple(issuerId2[],fp(pk(skH2[])),ssetH[],algH[],verH[])).
attacker(h(authTuple(issuerId2[],fp(pk(skH2[])),ssetH[],algH[],verH[]))).

34. Using the function STMT_DIGEST the attacker may obtain STMT_DIGEST.
attacker(STMT_DIGEST).

35. By 34, the attacker may know STMT_DIGEST.
By 33, the attacker may know h(authTuple(issuerId2[],fp(pk(skH2[])),ssetH[],algH[],verH[])).
Using the function 2-tuple the attacker may obtain (STMT_DIGEST,h(authTuple(issuerId2[],fp(pk(skH2[])),ssetH[],algH[],verH[]))).
attacker((STMT_DIGEST,h(authTuple(issuerId2[],fp(pk(skH2[])),ssetH[],algH[],verH[])))).

36. By 35, the attacker may know (STMT_DIGEST,h(authTuple(issuerId2[],fp(pk(skH2[])),ssetH[],algH[],verH[]))).
By 32, the attacker may know skD[].
Using the function sign the attacker may obtain sign((STMT_DIGEST,h(authTuple(issuerId2[],fp(pk(skH2[])),ssetH[],algH[],verH[]))),skD[]).
attacker(sign((STMT_DIGEST,h(authTuple(issuerId2[],fp(pk(skH2[])),ssetH[],algH[],verH[]))),skD[])).

37. By 29, the attacker may know authTuple(issuerId2[],fp(pk(skH2[])),ssetH[],algH[],verH[]).
By 36, the attacker may know sign((STMT_DIGEST,h(authTuple(issuerId2[],fp(pk(skH2[])),ssetH[],algH[],verH[]))),skD[]).
By 31, the attacker may know sign((STMT_DIGEST,h(authTuple(issuerId2[],fp(pk(skH2[])),ssetH[],algH[],verH[]))),skR[]).
By 7, the attacker may know pk(skH2[]).
By 30, the attacker may know attemptCore(authTuple(issuerId2[],fp(pk(skH2[])),ssetH[],algH[],verH[]),sign((POSS,authTuple(issuerId2[],fp(pk(skH2[])),ssetH[],algH[],verH[])),skH2[]),sign((BYTES,framed(OT_ATTEST,algH[],issuerId2[],fp(pk(skH2[])),h(authTuple(issuerId2[],fp(pk(skH2[])),ssetH[],algH[],verH[])),canonVerH[],p2_3)),skH2[]),decl2_2).
By 9, the attacker may know fb_2.
By 8, the attacker may know withTLR(pk(skH2[]),sign((TLR,(lineage2(entry(h(attemptCore(authTuple(issuerId2[],fp(pk(skH2[])),ssetH[],algH[],verH[]),sign((POSS,authTuple(issuerId2[],fp(pk(skH2[])),ssetH[],algH[],verH[])),skH2[]),sign((BYTES,framed(OT_ATTEST,algH[],issuerId2[],fp(pk(skH2[])),h(authTuple(issuerId2[],fp(pk(skH2[])),ssetH[],algH[],verH[])),canonVerH[],p1_3)),skH2[]),decl1_2)),DISP_ABANDONED),entry(h(attemptCore(authTuple(issuerId2[],fp(pk(skH2[])),ssetH[],algH[],verH[]),sign((POSS,authTuple(issuerId2[],fp(pk(skH2[])),ssetH[],algH[],verH[])),skH2[]),sign((BYTES,framed(OT_ATTEST,algH[],issuerId2[],fp(pk(skH2[])),h(authTuple(issuerId2[],fp(pk(skH2[])),ssetH[],algH[],verH[])),canonVerH[],p2_3)),skH2[]),decl2_2)),DISP_ABANDONED)),TERM_REFUSED,declT_3)),skH2[]),anchorProof(h(sign((TLR,(lineage2(entry(h(attemptCore(authTuple(issuerId2[],fp(pk(skH2[])),ssetH[],algH[],verH[]),sign((POSS,authTuple(issuerId2[],fp(pk(skH2[])),ssetH[],algH[],verH[])),skH2[]),sign((BYTES,framed(OT_ATTEST,algH[],issuerId2[],fp(pk(skH2[])),h(authTuple(issuerId2[],fp(pk(skH2[])),ssetH[],algH[],verH[])),canonVerH[],p1_3)),skH2[]),decl1_2)),DISP_ABANDONED),entry(h(attemptCore(authTuple(issuerId2[],fp(pk(skH2[])),ssetH[],algH[],verH[]),sign((POSS,authTuple(issuerId2[],fp(pk(skH2[])),ssetH[],algH[],verH[])),skH2[]),sign((BYTES,framed(OT_ATTEST,algH[],issuerId2[],fp(pk(skH2[])),h(authTuple(issuerId2[],fp(pk(skH2[])),ssetH[],algH[],verH[])),canonVerH[],p2_3)),skH2[]),decl2_2)),DISP_ABANDONED)),TERM_REFUSED,declT_3)),skH2[])))).
Using the function 7-tuple the attacker may obtain (authTuple(issuerId2[],fp(pk(skH2[])),ssetH[],algH[],verH[]),sign((STMT_DIGEST,h(authTuple(issuerId2[],fp(pk(skH2[])),ssetH[],algH[],verH[]))),skD[]),sign((STMT_DIGEST,h(authTuple(issuerId2[],fp(pk(skH2[])),ssetH[],algH[],verH[]))),skR[]),pk(skH2[]),attemptCore(authTuple(issuerId2[],fp(pk(skH2[])),ssetH[],algH[],verH[]),sign((POSS,authTuple(issuerId2[],fp(pk(skH2[])),ssetH[],algH[],verH[])),skH2[]),sign((BYTES,framed(OT_ATTEST,algH[],issuerId2[],fp(pk(skH2[])),h(authTuple(issuerId2[],fp(pk(skH2[])),ssetH[],algH[],verH[])),canonVerH[],p2_3)),skH2[]),decl2_2),fb_2,withTLR(pk(skH2[]),sign((TLR,(lineage2(entry(h(attemptCore(authTuple(issuerId2[],fp(pk(skH2[])),ssetH[],algH[],verH[]),sign((POSS,authTuple(issuerId2[],fp(pk(skH2[])),ssetH[],algH[],verH[])),skH2[]),sign((BYTES,framed(OT_ATTEST,algH[],issuerId2[],fp(pk(skH2[])),h(authTuple(issuerId2[],fp(pk(skH2[])),ssetH[],algH[],verH[])),canonVerH[],p1_3)),skH2[]),decl1_2)),DISP_ABANDONED),entry(h(attemptCore(authTuple(issuerId2[],fp(pk(skH2[])),ssetH[],algH[],verH[]),sign((POSS,authTuple(issuerId2[],fp(pk(skH2[])),ssetH[],algH[],verH[])),skH2[]),sign((BYTES,framed(OT_ATTEST,algH[],issuerId2[],fp(pk(skH2[])),h(authTuple(issuerId2[],fp(pk(skH2[])),ssetH[],algH[],verH[])),canonVerH[],p2_3)),skH2[]),decl2_2)),DISP_ABANDONED)),TERM_REFUSED,declT_3)),skH2[]),anchorProof(h(sign((TLR,(lineage2(entry(h(attemptCore(authTuple(issuerId2[],fp(pk(skH2[])),ssetH[],algH[],verH[]),sign((POSS,authTuple(issuerId2[],fp(pk(skH2[])),ssetH[],algH[],verH[])),skH2[]),sign((BYTES,framed(OT_ATTEST,algH[],issuerId2[],fp(pk(skH2[])),h(authTuple(issuerId2[],fp(pk(skH2[])),ssetH[],algH[],verH[])),canonVerH[],p1_3)),skH2[]),decl1_2)),DISP_ABANDONED),entry(h(attemptCore(authTuple(issuerId2[],fp(pk(skH2[])),ssetH[],algH[],verH[]),sign((POSS,authTuple(issuerId2[],fp(pk(skH2[])),ssetH[],algH[],verH[])),skH2[]),sign((BYTES,framed(OT_ATTEST,algH[],issuerId2[],fp(pk(skH2[])),h(authTuple(issuerId2[],fp(pk(skH2[])),ssetH[],algH[],verH[])),canonVerH[],p2_3)),skH2[]),decl2_2)),DISP_ABANDONED)),TERM_REFUSED,declT_3)),skH2[]))))).
attacker((authTuple(issuerId2[],fp(pk(skH2[])),ssetH[],algH[],verH[]),sign((STMT_DIGEST,h(authTuple(issuerId2[],fp(pk(skH2[])),ssetH[],algH[],verH[]))),skD[]),sign((STMT_DIGEST,h(authTuple(issuerId2[],fp(pk(skH2[])),ssetH[],algH[],verH[]))),skR[]),pk(skH2[]),attemptCore(authTuple(issuerId2[],fp(pk(skH2[])),ssetH[],algH[],verH[]),sign((POSS,authTuple(issuerId2[],fp(pk(skH2[])),ssetH[],algH[],verH[])),skH2[]),sign((BYTES,framed(OT_ATTEST,algH[],issuerId2[],fp(pk(skH2[])),h(authTuple(issuerId2[],fp(pk(skH2[])),ssetH[],algH[],verH[])),canonVerH[],p2_3)),skH2[]),decl2_2),fb_2,withTLR(pk(skH2[]),sign((TLR,(lineage2(entry(h(attemptCore(authTuple(issuerId2[],fp(pk(skH2[])),ssetH[],algH[],verH[]),sign((POSS,authTuple(issuerId2[],fp(pk(skH2[])),ssetH[],algH[],verH[])),skH2[]),sign((BYTES,framed(OT_ATTEST,algH[],issuerId2[],fp(pk(skH2[])),h(authTuple(issuerId2[],fp(pk(skH2[])),ssetH[],algH[],verH[])),canonVerH[],p1_3)),skH2[]),decl1_2)),DISP_ABANDONED),entry(h(attemptCore(authTuple(issuerId2[],fp(pk(skH2[])),ssetH[],algH[],verH[]),sign((POSS,authTuple(issuerId2[],fp(pk(skH2[])),ssetH[],algH[],verH[])),skH2[]),sign((BYTES,framed(OT_ATTEST,algH[],issuerId2[],fp(pk(skH2[])),h(authTuple(issuerId2[],fp(pk(skH2[])),ssetH[],algH[],verH[])),canonVerH[],p2_3)),skH2[]),decl2_2)),DISP_ABANDONED)),TERM_REFUSED,declT_3)),skH2[]),anchorProof(h(sign((TLR,(lineage2(entry(h(attemptCore(authTuple(issuerId2[],fp(pk(skH2[])),ssetH[],algH[],verH[]),sign((POSS,authTuple(issuerId2[],fp(pk(skH2[])),ssetH[],algH[],verH[])),skH2[]),sign((BYTES,framed(OT_ATTEST,algH[],issuerId2[],fp(pk(skH2[])),h(authTuple(issuerId2[],fp(pk(skH2[])),ssetH[],algH[],verH[])),canonVerH[],p1_3)),skH2[]),decl1_2)),DISP_ABANDONED),entry(h(attemptCore(authTuple(issuerId2[],fp(pk(skH2[])),ssetH[],algH[],verH[]),sign((POSS,authTuple(issuerId2[],fp(pk(skH2[])),ssetH[],algH[],verH[])),skH2[]),sign((BYTES,framed(OT_ATTEST,algH[],issuerId2[],fp(pk(skH2[])),h(authTuple(issuerId2[],fp(pk(skH2[])),ssetH[],algH[],verH[])),canonVerH[],p2_3)),skH2[]),decl2_2)),DISP_ABANDONED)),TERM_REFUSED,declT_3)),skH2[])))))).

38. The message (authTuple(issuerId2[],fp(pk(skH2[])),ssetH[],algH[],verH[]),sign((STMT_DIGEST,h(authTuple(issuerId2[],fp(pk(skH2[])),ssetH[],algH[],verH[]))),skD[]),sign((STMT_DIGEST,h(authTuple(issuerId2[],fp(pk(skH2[])),ssetH[],algH[],verH[]))),skR[]),pk(skH2[]),attemptCore(authTuple(issuerId2[],fp(pk(skH2[])),ssetH[],algH[],verH[]),sign((POSS,authTuple(issuerId2[],fp(pk(skH2[])),ssetH[],algH[],verH[])),skH2[]),sign((BYTES,framed(OT_ATTEST,algH[],issuerId2[],fp(pk(skH2[])),h(authTuple(issuerId2[],fp(pk(skH2[])),ssetH[],algH[],verH[])),canonVerH[],p2_3)),skH2[]),decl2_2),fb_2,withTLR(pk(skH2[]),sign((TLR,(lineage2(entry(h(attemptCore(authTuple(issuerId2[],fp(pk(skH2[])),ssetH[],algH[],verH[]),sign((POSS,authTuple(issuerId2[],fp(pk(skH2[])),ssetH[],algH[],verH[])),skH2[]),sign((BYTES,framed(OT_ATTEST,algH[],issuerId2[],fp(pk(skH2[])),h(authTuple(issuerId2[],fp(pk(skH2[])),ssetH[],algH[],verH[])),canonVerH[],p1_3)),skH2[]),decl1_2)),DISP_ABANDONED),entry(h(attemptCore(authTuple(issuerId2[],fp(pk(skH2[])),ssetH[],algH[],verH[]),sign((POSS,authTuple(issuerId2[],fp(pk(skH2[])),ssetH[],algH[],verH[])),skH2[]),sign((BYTES,framed(OT_ATTEST,algH[],issuerId2[],fp(pk(skH2[])),h(authTuple(issuerId2[],fp(pk(skH2[])),ssetH[],algH[],verH[])),canonVerH[],p2_3)),skH2[]),decl2_2)),DISP_ABANDONED)),TERM_REFUSED,declT_3)),skH2[]),anchorProof(h(sign((TLR,(lineage2(entry(h(attemptCore(authTuple(issuerId2[],fp(pk(skH2[])),ssetH[],algH[],verH[]),sign((POSS,authTuple(issuerId2[],fp(pk(skH2[])),ssetH[],algH[],verH[])),skH2[]),sign((BYTES,framed(OT_ATTEST,algH[],issuerId2[],fp(pk(skH2[])),h(authTuple(issuerId2[],fp(pk(skH2[])),ssetH[],algH[],verH[])),canonVerH[],p1_3)),skH2[]),decl1_2)),DISP_ABANDONED),entry(h(attemptCore(authTuple(issuerId2[],fp(pk(skH2[])),ssetH[],algH[],verH[]),sign((POSS,authTuple(issuerId2[],fp(pk(skH2[])),ssetH[],algH[],verH[])),skH2[]),sign((BYTES,framed(OT_ATTEST,algH[],issuerId2[],fp(pk(skH2[])),h(authTuple(issuerId2[],fp(pk(skH2[])),ssetH[],algH[],verH[])),canonVerH[],p2_3)),skH2[]),decl2_2)),DISP_ABANDONED)),TERM_REFUSED,declT_3)),skH2[]))))) that the attacker may have by 37 may be received at input {77}.
We have h(attemptCore(authTuple(issuerId2[],fp(pk(skH2[])),ssetH[],algH[],verH[]),sign((POSS,authTuple(issuerId2[],fp(pk(skH2[])),ssetH[],algH[],verH[])),skH2[]),sign((BYTES,framed(OT_ATTEST,algH[],issuerId2[],fp(pk(skH2[])),h(authTuple(issuerId2[],fp(pk(skH2[])),ssetH[],algH[],verH[])),canonVerH[],p1_3)),skH2[]),decl1_2)) ≠ h(attemptCore(authTuple(issuerId2[],fp(pk(skH2[])),ssetH[],algH[],verH[]),sign((POSS,authTuple(issuerId2[],fp(pk(skH2[])),ssetH[],algH[],verH[])),skH2[]),sign((BYTES,framed(OT_ATTEST,algH[],issuerId2[],fp(pk(skH2[])),h(authTuple(issuerId2[],fp(pk(skH2[])),ssetH[],algH[],verH[])),canonVerH[],p2_3)),skH2[]),decl2_2)).
So event Established(pk(skH2[]),authTuple(issuerId2[],fp(pk(skH2[])),ssetH[],algH[],verH[]),h(attemptCore(authTuple(issuerId2[],fp(pk(skH2[])),ssetH[],algH[],verH[]),sign((POSS,authTuple(issuerId2[],fp(pk(skH2[])),ssetH[],algH[],verH[])),skH2[]),sign((BYTES,framed(OT_ATTEST,algH[],issuerId2[],fp(pk(skH2[])),h(authTuple(issuerId2[],fp(pk(skH2[])),ssetH[],algH[],verH[])),canonVerH[],p2_3)),skH2[]),decl2_2))) may be executed at {91}.
event(Established(pk(skH2[]),authTuple(issuerId2[],fp(pk(skH2[])),ssetH[],algH[],verH[]),h(attemptCore(authTuple(issuerId2[],fp(pk(skH2[])),ssetH[],algH[],verH[]),sign((POSS,authTuple(issuerId2[],fp(pk(skH2[])),ssetH[],algH[],verH[])),skH2[]),sign((BYTES,framed(OT_ATTEST,algH[],issuerId2[],fp(pk(skH2[])),h(authTuple(issuerId2[],fp(pk(skH2[])),ssetH[],algH[],verH[])),canonVerH[],p2_3)),skH2[]),decl2_2)))).

39. By 38, event(Established(pk(skH2[]),authTuple(issuerId2[],fp(pk(skH2[])),ssetH[],algH[],verH[]),h(attemptCore(authTuple(issuerId2[],fp(pk(skH2[])),ssetH[],algH[],verH[]),sign((POSS,authTuple(issuerId2[],fp(pk(skH2[])),ssetH[],algH[],verH[])),skH2[]),sign((BYTES,framed(OT_ATTEST,algH[],issuerId2[],fp(pk(skH2[])),h(authTuple(issuerId2[],fp(pk(skH2[])),ssetH[],algH[],verH[])),canonVerH[],p2_3)),skH2[]),decl2_2)))).
The goal is reached, represented in the following fact:
event(Established(pk(skH2[]),authTuple(issuerId2[],fp(pk(skH2[])),ssetH[],algH[],verH[]),h(attemptCore(authTuple(issuerId2[],fp(pk(skH2[])),ssetH[],algH[],verH[]),sign((POSS,authTuple(issuerId2[],fp(pk(skH2[])),ssetH[],algH[],verH[])),skH2[]),sign((BYTES,framed(OT_ATTEST,algH[],issuerId2[],fp(pk(skH2[])),h(authTuple(issuerId2[],fp(pk(skH2[])),ssetH[],algH[],verH[])),canonVerH[],p2_3)),skH2[]),decl2_2)))).


A more detailed output of the traces is available with
  set traceDisplay = long.

new skD: skey creating skD_3 at {1}

new skR: skey creating skR_3 at {2}

out(c, ~M) with ~M = pk(skD_3) at {5}

out(c, ~M_1) with ~M_1 = pk(skR_3) at {6}

out(c, ~M_2) with ~M_2 = pk(skH1) at {7}

out(c, ~M_3) with ~M_3 = pk(skH2) at {8}

out(c, authTuple(~M_4,~M_5,~M_6,~M_7,~M_8)) with ~M_4 = issuerId, ~M_5 = fp(pk(skH1)), ~M_6 = ssetH, ~M_7 = algH, ~M_8 = verH at {9}

out(c, authTuple(~M_9,~M_10,~M_11,~M_12,~M_13)) with ~M_9 = issuerId2, ~M_10 = fp(pk(skH2)), ~M_11 = ssetH, ~M_12 = algH, ~M_13 = verH at {10}

out(c, ~M_14) with ~M_14 = skD_3 at {11}

event AuthorityPublishedRepo(authTuple(issuerId2,fp(pk(skH2)),ssetH,algH,verH)) at {26} in copy a

out(c, ~M_15) with ~M_15 = sign((STMT_DIGEST,h(authTuple(issuerId2,fp(pk(skH2)),ssetH,algH,verH))),skR_3) at {27} in copy a

in(c, (a_1,a_2)) at {56} in copy a_3

new decl1_1: bitstring creating decl1_5 at {57} in copy a_3

new decl2_1: bitstring creating decl2_3 at {58} in copy a_3

new declT_1: bitstring creating declT_4 at {59} in copy a_3

event IssuerPossession(pk(skH2)) at {60} in copy a_3

event IssuerSigned(pk(skH2),framed(OT_ATTEST,algH,issuerId2,fp(pk(skH2)),h(authTuple(issuerId2,fp(pk(skH2)),ssetH,algH,verH)),canonVerH,a_1)) at {65} in copy a_3

out(c, (attemptCore(authTuple(~M_16,~M_17,~M_18,~M_19,~M_20),~M_21,~M_22,~M_23),framed(~M_24,~M_25,~M_26,~M_27,~M_28,~M_29,~M_30))) with ~M_16 = issuerId2, ~M_17 = fp(pk(skH2)), ~M_18 = ssetH, ~M_19 = algH, ~M_20 = verH, ~M_21 = sign((POSS,authTuple(issuerId2,fp(pk(skH2)),ssetH,algH,verH)),skH2), ~M_22 = sign((BYTES,framed(OT_ATTEST,algH,issuerId2,fp(pk(skH2)),h(authTuple(issuerId2,fp(pk(skH2)),ssetH,algH,verH)),canonVerH,a_1)),skH2), ~M_23 = decl1_5, ~M_24 = OT_ATTEST, ~M_25 = algH, ~M_26 = issuerId2, ~M_27 = fp(pk(skH2)), ~M_28 = h(authTuple(issuerId2,fp(pk(skH2)),ssetH,algH,verH)), ~M_29 = canonVerH, ~M_30 = a_1 at {66} in copy a_3

event IssuerSigned(pk(skH2),framed(OT_ATTEST,algH,issuerId2,fp(pk(skH2)),h(authTuple(issuerId2,fp(pk(skH2)),ssetH,algH,verH)),canonVerH,a_2)) at {70} in copy a_3

out(c, (attemptCore(authTuple(~M_31,~M_32,~M_33,~M_34,~M_35),~M_36,~M_37,~M_38),framed(~M_39,~M_40,~M_41,~M_42,~M_43,~M_44,~M_45))) with ~M_31 = issuerId2, ~M_32 = fp(pk(skH2)), ~M_33 = ssetH, ~M_34 = algH, ~M_35 = verH, ~M_36 = sign((POSS,authTuple(issuerId2,fp(pk(skH2)),ssetH,algH,verH)),skH2), ~M_37 = sign((BYTES,framed(OT_ATTEST,algH,issuerId2,fp(pk(skH2)),h(authTuple(issuerId2,fp(pk(skH2)),ssetH,algH,verH)),canonVerH,a_2)),skH2), ~M_38 = decl2_3, ~M_39 = OT_ATTEST, ~M_40 = algH, ~M_41 = issuerId2, ~M_42 = fp(pk(skH2)), ~M_43 = h(authTuple(issuerId2,fp(pk(skH2)),ssetH,algH,verH)), ~M_44 = canonVerH, ~M_45 = a_2 at {71} in copy a_3

out(c, ~M_46) with ~M_46 = sign((TLR,(lineage2(entry(h(attemptCore(authTuple(issuerId2,fp(pk(skH2)),ssetH,algH,verH),sign((POSS,authTuple(issuerId2,fp(pk(skH2)),ssetH,algH,verH)),skH2),sign((BYTES,framed(OT_ATTEST,algH,issuerId2,fp(pk(skH2)),h(authTuple(issuerId2,fp(pk(skH2)),ssetH,algH,verH)),canonVerH,a_1)),skH2),decl1_5)),DISP_ABANDONED),entry(h(attemptCore(authTuple(issuerId2,fp(pk(skH2)),ssetH,algH,verH),sign((POSS,authTuple(issuerId2,fp(pk(skH2)),ssetH,algH,verH)),skH2),sign((BYTES,framed(OT_ATTEST,algH,issuerId2,fp(pk(skH2)),h(authTuple(issuerId2,fp(pk(skH2)),ssetH,algH,verH)),canonVerH,a_2)),skH2),decl2_3)),DISP_ABANDONED)),TERM_REFUSED,declT_4)),skH2) at {73} in copy a_3

in(c, (a_4,a_5)) at {56} in copy a_6

new decl1_1: bitstring creating decl1_6 at {57} in copy a_6

new decl2_1: bitstring creating decl2_4 at {58} in copy a_6

new declT_1: bitstring creating declT_5 at {59} in copy a_6

event IssuerPossession(pk(skH2)) at {60} in copy a_6

event IssuerSigned(pk(skH2),framed(OT_ATTEST,algH,issuerId2,fp(pk(skH2)),h(authTuple(issuerId2,fp(pk(skH2)),ssetH,algH,verH)),canonVerH,a_4)) at {65} in copy a_6

out(c, (attemptCore(authTuple(~M_47,~M_48,~M_49,~M_50,~M_51),~M_52,~M_53,~M_54),framed(~M_55,~M_56,~M_57,~M_58,~M_59,~M_60,~M_61))) with ~M_47 = issuerId2, ~M_48 = fp(pk(skH2)), ~M_49 = ssetH, ~M_50 = algH, ~M_51 = verH, ~M_52 = sign((POSS,authTuple(issuerId2,fp(pk(skH2)),ssetH,algH,verH)),skH2), ~M_53 = sign((BYTES,framed(OT_ATTEST,algH,issuerId2,fp(pk(skH2)),h(authTuple(issuerId2,fp(pk(skH2)),ssetH,algH,verH)),canonVerH,a_4)),skH2), ~M_54 = decl1_6, ~M_55 = OT_ATTEST, ~M_56 = algH, ~M_57 = issuerId2, ~M_58 = fp(pk(skH2)), ~M_59 = h(authTuple(issuerId2,fp(pk(skH2)),ssetH,algH,verH)), ~M_60 = canonVerH, ~M_61 = a_4 at {66} in copy a_6

event IssuerSigned(pk(skH2),framed(OT_ATTEST,algH,issuerId2,fp(pk(skH2)),h(authTuple(issuerId2,fp(pk(skH2)),ssetH,algH,verH)),canonVerH,a_5)) at {70} in copy a_6

out(c, (attemptCore(authTuple(~M_62,~M_63,~M_64,~M_65,~M_66),~M_67,~M_68,~M_69),framed(~M_70,~M_71,~M_72,~M_73,~M_74,~M_75,~M_76))) with ~M_62 = issuerId2, ~M_63 = fp(pk(skH2)), ~M_64 = ssetH, ~M_65 = algH, ~M_66 = verH, ~M_67 = sign((POSS,authTuple(issuerId2,fp(pk(skH2)),ssetH,algH,verH)),skH2), ~M_68 = sign((BYTES,framed(OT_ATTEST,algH,issuerId2,fp(pk(skH2)),h(authTuple(issuerId2,fp(pk(skH2)),ssetH,algH,verH)),canonVerH,a_5)),skH2), ~M_69 = decl2_4, ~M_70 = OT_ATTEST, ~M_71 = algH, ~M_72 = issuerId2, ~M_73 = fp(pk(skH2)), ~M_74 = h(authTuple(issuerId2,fp(pk(skH2)),ssetH,algH,verH)), ~M_75 = canonVerH, ~M_76 = a_5 at {71} in copy a_6

out(c, ~M_77) with ~M_77 = sign((TLR,(lineage2(entry(h(attemptCore(authTuple(issuerId2,fp(pk(skH2)),ssetH,algH,verH),sign((POSS,authTuple(issuerId2,fp(pk(skH2)),ssetH,algH,verH)),skH2),sign((BYTES,framed(OT_ATTEST,algH,issuerId2,fp(pk(skH2)),h(authTuple(issuerId2,fp(pk(skH2)),ssetH,algH,verH)),canonVerH,a_4)),skH2),decl1_6)),DISP_ABANDONED),entry(h(attemptCore(authTuple(issuerId2,fp(pk(skH2)),ssetH,algH,verH),sign((POSS,authTuple(issuerId2,fp(pk(skH2)),ssetH,algH,verH)),skH2),sign((BYTES,framed(OT_ATTEST,algH,issuerId2,fp(pk(skH2)),h(authTuple(issuerId2,fp(pk(skH2)),ssetH,algH,verH)),canonVerH,a_5)),skH2),decl2_4)),DISP_ABANDONED)),TERM_REFUSED,declT_5)),skH2) at {73} in copy a_6

in(c, (a_7,a_4)) at {56} in copy a_8

new decl1_1: bitstring creating decl1_7 at {57} in copy a_8

new decl2_1: bitstring creating decl2_5 at {58} in copy a_8

new declT_1: bitstring creating declT_6 at {59} in copy a_8

event IssuerPossession(pk(skH2)) at {60} in copy a_8

event IssuerSigned(pk(skH2),framed(OT_ATTEST,algH,issuerId2,fp(pk(skH2)),h(authTuple(issuerId2,fp(pk(skH2)),ssetH,algH,verH)),canonVerH,a_7)) at {65} in copy a_8

out(c, (attemptCore(authTuple(~M_78,~M_79,~M_80,~M_81,~M_82),~M_83,~M_84,~M_85),framed(~M_86,~M_87,~M_88,~M_89,~M_90,~M_91,~M_92))) with ~M_78 = issuerId2, ~M_79 = fp(pk(skH2)), ~M_80 = ssetH, ~M_81 = algH, ~M_82 = verH, ~M_83 = sign((POSS,authTuple(issuerId2,fp(pk(skH2)),ssetH,algH,verH)),skH2), ~M_84 = sign((BYTES,framed(OT_ATTEST,algH,issuerId2,fp(pk(skH2)),h(authTuple(issuerId2,fp(pk(skH2)),ssetH,algH,verH)),canonVerH,a_7)),skH2), ~M_85 = decl1_7, ~M_86 = OT_ATTEST, ~M_87 = algH, ~M_88 = issuerId2, ~M_89 = fp(pk(skH2)), ~M_90 = h(authTuple(issuerId2,fp(pk(skH2)),ssetH,algH,verH)), ~M_91 = canonVerH, ~M_92 = a_7 at {66} in copy a_8

event IssuerSigned(pk(skH2),framed(OT_ATTEST,algH,issuerId2,fp(pk(skH2)),h(authTuple(issuerId2,fp(pk(skH2)),ssetH,algH,verH)),canonVerH,a_4)) at {70} in copy a_8

out(c, (attemptCore(authTuple(~M_93,~M_94,~M_95,~M_96,~M_97),~M_98,~M_99,~M_100),framed(~M_101,~M_102,~M_103,~M_104,~M_105,~M_106,~M_107))) with ~M_93 = issuerId2, ~M_94 = fp(pk(skH2)), ~M_95 = ssetH, ~M_96 = algH, ~M_97 = verH, ~M_98 = sign((POSS,authTuple(issuerId2,fp(pk(skH2)),ssetH,algH,verH)),skH2), ~M_99 = sign((BYTES,framed(OT_ATTEST,algH,issuerId2,fp(pk(skH2)),h(authTuple(issuerId2,fp(pk(skH2)),ssetH,algH,verH)),canonVerH,a_4)),skH2), ~M_100 = decl2_5, ~M_101 = OT_ATTEST, ~M_102 = algH, ~M_103 = issuerId2, ~M_104 = fp(pk(skH2)), ~M_105 = h(authTuple(issuerId2,fp(pk(skH2)),ssetH,algH,verH)), ~M_106 = canonVerH, ~M_107 = a_4 at {71} in copy a_8

out(c, ~M_108) with ~M_108 = sign((TLR,(lineage2(entry(h(attemptCore(authTuple(issuerId2,fp(pk(skH2)),ssetH,algH,verH),sign((POSS,authTuple(issuerId2,fp(pk(skH2)),ssetH,algH,verH)),skH2),sign((BYTES,framed(OT_ATTEST,algH,issuerId2,fp(pk(skH2)),h(authTuple(issuerId2,fp(pk(skH2)),ssetH,algH,verH)),canonVerH,a_7)),skH2),decl1_7)),DISP_ABANDONED),entry(h(attemptCore(authTuple(issuerId2,fp(pk(skH2)),ssetH,algH,verH),sign((POSS,authTuple(issuerId2,fp(pk(skH2)),ssetH,algH,verH)),skH2),sign((BYTES,framed(OT_ATTEST,algH,issuerId2,fp(pk(skH2)),h(authTuple(issuerId2,fp(pk(skH2)),ssetH,algH,verH)),canonVerH,a_4)),skH2),decl2_5)),DISP_ABANDONED)),TERM_REFUSED,declT_6)),skH2) at {73} in copy a_8

in(c, (authTuple(issuerId2,fp(~M_3),ssetH,algH,verH),sign((STMT_DIGEST,h(authTuple(issuerId2,fp(~M_3),ssetH,algH,verH))),~M_14),~M_15,~M_3,attemptCore(authTuple(issuerId2,fp(~M_3),ssetH,algH,verH),~M_21,~M_53,~M_100),a_9,withTLR(~M_3,~M_108,anchorProof(h(~M_108))))) with fp(~M_3) = fp(pk(skH2)), sign((STMT_DIGEST,h(authTuple(issuerId2,fp(~M_3),ssetH,algH,verH))),~M_14) = sign((STMT_DIGEST,h(authTuple(issuerId2,fp(pk(skH2)),ssetH,algH,verH))),skD_3), ~M_15 = sign((STMT_DIGEST,h(authTuple(issuerId2,fp(pk(skH2)),ssetH,algH,verH))),skR_3), ~M_3 = pk(skH2), fp(~M_3) = fp(pk(skH2)), ~M_21 = sign((POSS,authTuple(issuerId2,fp(pk(skH2)),ssetH,algH,verH)),skH2), ~M_53 = sign((BYTES,framed(OT_ATTEST,algH,issuerId2,fp(pk(skH2)),h(authTuple(issuerId2,fp(pk(skH2)),ssetH,algH,verH)),canonVerH,a_4)),skH2), ~M_100 = decl2_5, ~M_3 = pk(skH2), ~M_108 = sign((TLR,(lineage2(entry(h(attemptCore(authTuple(issuerId2,fp(pk(skH2)),ssetH,algH,verH),sign((POSS,authTuple(issuerId2,fp(pk(skH2)),ssetH,algH,verH)),skH2),sign((BYTES,framed(OT_ATTEST,algH,issuerId2,fp(pk(skH2)),h(authTuple(issuerId2,fp(pk(skH2)),ssetH,algH,verH)),canonVerH,a_7)),skH2),decl1_7)),DISP_ABANDONED),entry(h(attemptCore(authTuple(issuerId2,fp(pk(skH2)),ssetH,algH,verH),sign((POSS,authTuple(issuerId2,fp(pk(skH2)),ssetH,algH,verH)),skH2),sign((BYTES,framed(OT_ATTEST,algH,issuerId2,fp(pk(skH2)),h(authTuple(issuerId2,fp(pk(skH2)),ssetH,algH,verH)),canonVerH,a_4)),skH2),decl2_5)),DISP_ABANDONED)),TERM_REFUSED,declT_6)),skH2), h(~M_108) = h(sign((TLR,(lineage2(entry(h(attemptCore(authTuple(issuerId2,fp(pk(skH2)),ssetH,algH,verH),sign((POSS,authTuple(issuerId2,fp(pk(skH2)),ssetH,algH,verH)),skH2),sign((BYTES,framed(OT_ATTEST,algH,issuerId2,fp(pk(skH2)),h(authTuple(issuerId2,fp(pk(skH2)),ssetH,algH,verH)),canonVerH,a_7)),skH2),decl1_7)),DISP_ABANDONED),entry(h(attemptCore(authTuple(issuerId2,fp(pk(skH2)),ssetH,algH,verH),sign((POSS,authTuple(issuerId2,fp(pk(skH2)),ssetH,algH,verH)),skH2),sign((BYTES,framed(OT_ATTEST,algH,issuerId2,fp(pk(skH2)),h(authTuple(issuerId2,fp(pk(skH2)),ssetH,algH,verH)),canonVerH,a_4)),skH2),decl2_5)),DISP_ABANDONED)),TERM_REFUSED,declT_6)),skH2)) at {77} in copy a_10

event Established(pk(skH2),authTuple(issuerId2,fp(pk(skH2)),ssetH,algH,verH),h(attemptCore(authTuple(issuerId2,fp(pk(skH2)),ssetH,algH,verH),sign((POSS,authTuple(issuerId2,fp(pk(skH2)),ssetH,algH,verH)),skH2),sign((BYTES,framed(OT_ATTEST,algH,issuerId2,fp(pk(skH2)),h(authTuple(issuerId2,fp(pk(skH2)),ssetH,algH,verH)),canonVerH,a_4)),skH2),decl2_5))) at {91} in copy a_10 (goal)

The event Established(pk(skH2),authTuple(issuerId2,fp(pk(skH2)),ssetH,algH,verH),h(attemptCore(authTuple(issuerId2,fp(pk(skH2)),ssetH,algH,verH),sign((POSS,authTuple(issuerId2,fp(pk(skH2)),ssetH,algH,verH)),skH2),sign((BYTES,framed(OT_ATTEST,algH,issuerId2,fp(pk(skH2)),h(authTuple(issuerId2,fp(pk(skH2)),ssetH,algH,verH)),canonVerH,a_4)),skH2),decl2_5))) is executed at {91} in copy a_10.
A trace has been found.
RESULT event(Established(pk(skH2[]),t_3,aid_2)) ==> event(Designated(pk(skH2[]),aid_2)) is false.
-- Query not event(StandingUnentitled(kX_3,t_3)) in process 1.
Translating the process into Horn clauses...
Completing...
200 rules inserted. Base: 149 rules (85 with conclusion selected). Queue: 14 rules.
Starting query not event(StandingUnentitled(kX_3,t_3))
RESULT not event(StandingUnentitled(kX_3,t_3)) is true.
-- Query not event(HonestStandingEstablished(k,aid_2)) in process 1.
Translating the process into Horn clauses...
Completing...
200 rules inserted. Base: 151 rules (85 with conclusion selected). Queue: 15 rules.
Starting query not event(HonestStandingEstablished(k,aid_2))
goal reachable: attacker(p1_3) && attacker(p2_3) -> event(HonestStandingEstablished(pk(skH1[]),h(attemptCore(authTuple(issuerId[],fp(pk(skH1[])),ssetH[],algH[],verH[]),sign((POSS,authTuple(issuerId[],fp(pk(skH1[])),ssetH[],algH[],verH[])),skH1[]),sign((BYTES,framed(OT_ATTEST,algH[],issuerId[],fp(pk(skH1[])),h(authTuple(issuerId[],fp(pk(skH1[])),ssetH[],algH[],verH[])),canonVerH[],p2_3)),skH1[]),decl2_2))))
Abbreviations:
decl2_2 = decl2[p2 = p2_3,p1 = p1_3,!1 = @sid]

Derivation:
Abbreviations:
decl2_2 = decl2[p2 = p2_3,p1 = p1_3,!1 = @sid]
decl1_2 = decl1[p2 = p2_3,p1 = p1_3,!1 = @sid]
declT_3 = declT[p2 = p2_3,p1 = p1_3,!1 = @sid]
decl1_3 = decl1[p2 = p2_4,p1 = p1_4,!1 = @sid_1]
decl1_4 = decl1[p2 = p2_5,p1 = p2_3,!1 = @sid_2]

1. We assume as hypothesis that
attacker(p2_3).

2. We assume as hypothesis that
attacker(p1_3).

3. By 2, the attacker may know p1_3.
By 1, the attacker may know p2_3.
Using the function 2-tuple the attacker may obtain (p1_3,p2_3).
attacker((p1_3,p2_3)).

4. The message (p1_3,p2_3) that the attacker may have by 3 may be received at input {31}.
So the message sign((TLR,(lineage2(entry(h(attemptCore(authTuple(issuerId[],fp(pk(skH1[])),ssetH[],algH[],verH[]),sign((POSS,authTuple(issuerId[],fp(pk(skH1[])),ssetH[],algH[],verH[])),skH1[]),sign((BYTES,framed(OT_ATTEST,algH[],issuerId[],fp(pk(skH1[])),h(authTuple(issuerId[],fp(pk(skH1[])),ssetH[],algH[],verH[])),canonVerH[],p1_3)),skH1[]),decl1_2)),DISP_ABANDONED),entry(h(attemptCore(authTuple(issuerId[],fp(pk(skH1[])),ssetH[],algH[],verH[]),sign((POSS,authTuple(issuerId[],fp(pk(skH1[])),ssetH[],algH[],verH[])),skH1[]),sign((BYTES,framed(OT_ATTEST,algH[],issuerId[],fp(pk(skH1[])),h(authTuple(issuerId[],fp(pk(skH1[])),ssetH[],algH[],verH[])),canonVerH[],p2_3)),skH1[]),decl2_2)),DISP_SHIPPED)),TERM_SHIPPED(h(attemptCore(authTuple(issuerId[],fp(pk(skH1[])),ssetH[],algH[],verH[]),sign((POSS,authTuple(issuerId[],fp(pk(skH1[])),ssetH[],algH[],verH[])),skH1[]),sign((BYTES,framed(OT_ATTEST,algH[],issuerId[],fp(pk(skH1[])),h(authTuple(issuerId[],fp(pk(skH1[])),ssetH[],algH[],verH[])),canonVerH[],p2_3)),skH1[]),decl2_2))),declT_3)),skH1[]) may be sent to the attacker at output {52}.
attacker(sign((TLR,(lineage2(entry(h(attemptCore(authTuple(issuerId[],fp(pk(skH1[])),ssetH[],algH[],verH[]),sign((POSS,authTuple(issuerId[],fp(pk(skH1[])),ssetH[],algH[],verH[])),skH1[]),sign((BYTES,framed(OT_ATTEST,algH[],issuerId[],fp(pk(skH1[])),h(authTuple(issuerId[],fp(pk(skH1[])),ssetH[],algH[],verH[])),canonVerH[],p1_3)),skH1[]),decl1_2)),DISP_ABANDONED),entry(h(attemptCore(authTuple(issuerId[],fp(pk(skH1[])),ssetH[],algH[],verH[]),sign((POSS,authTuple(issuerId[],fp(pk(skH1[])),ssetH[],algH[],verH[])),skH1[]),sign((BYTES,framed(OT_ATTEST,algH[],issuerId[],fp(pk(skH1[])),h(authTuple(issuerId[],fp(pk(skH1[])),ssetH[],algH[],verH[])),canonVerH[],p2_3)),skH1[]),decl2_2)),DISP_SHIPPED)),TERM_SHIPPED(h(attemptCore(authTuple(issuerId[],fp(pk(skH1[])),ssetH[],algH[],verH[]),sign((POSS,authTuple(issuerId[],fp(pk(skH1[])),ssetH[],algH[],verH[])),skH1[]),sign((BYTES,framed(OT_ATTEST,algH[],issuerId[],fp(pk(skH1[])),h(authTuple(issuerId[],fp(pk(skH1[])),ssetH[],algH[],verH[])),canonVerH[],p2_3)),skH1[]),decl2_2))),declT_3)),skH1[])).

5. By 4, the attacker may know sign((TLR,(lineage2(entry(h(attemptCore(authTuple(issuerId[],fp(pk(skH1[])),ssetH[],algH[],verH[]),sign((POSS,authTuple(issuerId[],fp(pk(skH1[])),ssetH[],algH[],verH[])),skH1[]),sign((BYTES,framed(OT_ATTEST,algH[],issuerId[],fp(pk(skH1[])),h(authTuple(issuerId[],fp(pk(skH1[])),ssetH[],algH[],verH[])),canonVerH[],p1_3)),skH1[]),decl1_2)),DISP_ABANDONED),entry(h(attemptCore(authTuple(issuerId[],fp(pk(skH1[])),ssetH[],algH[],verH[]),sign((POSS,authTuple(issuerId[],fp(pk(skH1[])),ssetH[],algH[],verH[])),skH1[]),sign((BYTES,framed(OT_ATTEST,algH[],issuerId[],fp(pk(skH1[])),h(authTuple(issuerId[],fp(pk(skH1[])),ssetH[],algH[],verH[])),canonVerH[],p2_3)),skH1[]),decl2_2)),DISP_SHIPPED)),TERM_SHIPPED(h(attemptCore(authTuple(issuerId[],fp(pk(skH1[])),ssetH[],algH[],verH[]),sign((POSS,authTuple(issuerId[],fp(pk(skH1[])),ssetH[],algH[],verH[])),skH1[]),sign((BYTES,framed(OT_ATTEST,algH[],issuerId[],fp(pk(skH1[])),h(authTuple(issuerId[],fp(pk(skH1[])),ssetH[],algH[],verH[])),canonVerH[],p2_3)),skH1[]),decl2_2))),declT_3)),skH1[]).
Using the function h the attacker may obtain h(sign((TLR,(lineage2(entry(h(attemptCore(authTuple(issuerId[],fp(pk(skH1[])),ssetH[],algH[],verH[]),sign((POSS,authTuple(issuerId[],fp(pk(skH1[])),ssetH[],algH[],verH[])),skH1[]),sign((BYTES,framed(OT_ATTEST,algH[],issuerId[],fp(pk(skH1[])),h(authTuple(issuerId[],fp(pk(skH1[])),ssetH[],algH[],verH[])),canonVerH[],p1_3)),skH1[]),decl1_2)),DISP_ABANDONED),entry(h(attemptCore(authTuple(issuerId[],fp(pk(skH1[])),ssetH[],algH[],verH[]),sign((POSS,authTuple(issuerId[],fp(pk(skH1[])),ssetH[],algH[],verH[])),skH1[]),sign((BYTES,framed(OT_ATTEST,algH[],issuerId[],fp(pk(skH1[])),h(authTuple(issuerId[],fp(pk(skH1[])),ssetH[],algH[],verH[])),canonVerH[],p2_3)),skH1[]),decl2_2)),DISP_SHIPPED)),TERM_SHIPPED(h(attemptCore(authTuple(issuerId[],fp(pk(skH1[])),ssetH[],algH[],verH[]),sign((POSS,authTuple(issuerId[],fp(pk(skH1[])),ssetH[],algH[],verH[])),skH1[]),sign((BYTES,framed(OT_ATTEST,algH[],issuerId[],fp(pk(skH1[])),h(authTuple(issuerId[],fp(pk(skH1[])),ssetH[],algH[],verH[])),canonVerH[],p2_3)),skH1[]),decl2_2))),declT_3)),skH1[])).
attacker(h(sign((TLR,(lineage2(entry(h(attemptCore(authTuple(issuerId[],fp(pk(skH1[])),ssetH[],algH[],verH[]),sign((POSS,authTuple(issuerId[],fp(pk(skH1[])),ssetH[],algH[],verH[])),skH1[]),sign((BYTES,framed(OT_ATTEST,algH[],issuerId[],fp(pk(skH1[])),h(authTuple(issuerId[],fp(pk(skH1[])),ssetH[],algH[],verH[])),canonVerH[],p1_3)),skH1[]),decl1_2)),DISP_ABANDONED),entry(h(attemptCore(authTuple(issuerId[],fp(pk(skH1[])),ssetH[],algH[],verH[]),sign((POSS,authTuple(issuerId[],fp(pk(skH1[])),ssetH[],algH[],verH[])),skH1[]),sign((BYTES,framed(OT_ATTEST,algH[],issuerId[],fp(pk(skH1[])),h(authTuple(issuerId[],fp(pk(skH1[])),ssetH[],algH[],verH[])),canonVerH[],p2_3)),skH1[]),decl2_2)),DISP_SHIPPED)),TERM_SHIPPED(h(attemptCore(authTuple(issuerId[],fp(pk(skH1[])),ssetH[],algH[],verH[]),sign((POSS,authTuple(issuerId[],fp(pk(skH1[])),ssetH[],algH[],verH[])),skH1[]),sign((BYTES,framed(OT_ATTEST,algH[],issuerId[],fp(pk(skH1[])),h(authTuple(issuerId[],fp(pk(skH1[])),ssetH[],algH[],verH[])),canonVerH[],p2_3)),skH1[]),decl2_2))),declT_3)),skH1[]))).

6. By 5, the attacker may know h(sign((TLR,(lineage2(entry(h(attemptCore(authTuple(issuerId[],fp(pk(skH1[])),ssetH[],algH[],verH[]),sign((POSS,authTuple(issuerId[],fp(pk(skH1[])),ssetH[],algH[],verH[])),skH1[]),sign((BYTES,framed(OT_ATTEST,algH[],issuerId[],fp(pk(skH1[])),h(authTuple(issuerId[],fp(pk(skH1[])),ssetH[],algH[],verH[])),canonVerH[],p1_3)),skH1[]),decl1_2)),DISP_ABANDONED),entry(h(attemptCore(authTuple(issuerId[],fp(pk(skH1[])),ssetH[],algH[],verH[]),sign((POSS,authTuple(issuerId[],fp(pk(skH1[])),ssetH[],algH[],verH[])),skH1[]),sign((BYTES,framed(OT_ATTEST,algH[],issuerId[],fp(pk(skH1[])),h(authTuple(issuerId[],fp(pk(skH1[])),ssetH[],algH[],verH[])),canonVerH[],p2_3)),skH1[]),decl2_2)),DISP_SHIPPED)),TERM_SHIPPED(h(attemptCore(authTuple(issuerId[],fp(pk(skH1[])),ssetH[],algH[],verH[]),sign((POSS,authTuple(issuerId[],fp(pk(skH1[])),ssetH[],algH[],verH[])),skH1[]),sign((BYTES,framed(OT_ATTEST,algH[],issuerId[],fp(pk(skH1[])),h(authTuple(issuerId[],fp(pk(skH1[])),ssetH[],algH[],verH[])),canonVerH[],p2_3)),skH1[]),decl2_2))),declT_3)),skH1[])).
Using the function anchorProof the attacker may obtain anchorProof(h(sign((TLR,(lineage2(entry(h(attemptCore(authTuple(issuerId[],fp(pk(skH1[])),ssetH[],algH[],verH[]),sign((POSS,authTuple(issuerId[],fp(pk(skH1[])),ssetH[],algH[],verH[])),skH1[]),sign((BYTES,framed(OT_ATTEST,algH[],issuerId[],fp(pk(skH1[])),h(authTuple(issuerId[],fp(pk(skH1[])),ssetH[],algH[],verH[])),canonVerH[],p1_3)),skH1[]),decl1_2)),DISP_ABANDONED),entry(h(attemptCore(authTuple(issuerId[],fp(pk(skH1[])),ssetH[],algH[],verH[]),sign((POSS,authTuple(issuerId[],fp(pk(skH1[])),ssetH[],algH[],verH[])),skH1[]),sign((BYTES,framed(OT_ATTEST,algH[],issuerId[],fp(pk(skH1[])),h(authTuple(issuerId[],fp(pk(skH1[])),ssetH[],algH[],verH[])),canonVerH[],p2_3)),skH1[]),decl2_2)),DISP_SHIPPED)),TERM_SHIPPED(h(attemptCore(authTuple(issuerId[],fp(pk(skH1[])),ssetH[],algH[],verH[]),sign((POSS,authTuple(issuerId[],fp(pk(skH1[])),ssetH[],algH[],verH[])),skH1[]),sign((BYTES,framed(OT_ATTEST,algH[],issuerId[],fp(pk(skH1[])),h(authTuple(issuerId[],fp(pk(skH1[])),ssetH[],algH[],verH[])),canonVerH[],p2_3)),skH1[]),decl2_2))),declT_3)),skH1[]))).
attacker(anchorProof(h(sign((TLR,(lineage2(entry(h(attemptCore(authTuple(issuerId[],fp(pk(skH1[])),ssetH[],algH[],verH[]),sign((POSS,authTuple(issuerId[],fp(pk(skH1[])),ssetH[],algH[],verH[])),skH1[]),sign((BYTES,framed(OT_ATTEST,algH[],issuerId[],fp(pk(skH1[])),h(authTuple(issuerId[],fp(pk(skH1[])),ssetH[],algH[],verH[])),canonVerH[],p1_3)),skH1[]),decl1_2)),DISP_ABANDONED),entry(h(attemptCore(authTuple(issuerId[],fp(pk(skH1[])),ssetH[],algH[],verH[]),sign((POSS,authTuple(issuerId[],fp(pk(skH1[])),ssetH[],algH[],verH[])),skH1[]),sign((BYTES,framed(OT_ATTEST,algH[],issuerId[],fp(pk(skH1[])),h(authTuple(issuerId[],fp(pk(skH1[])),ssetH[],algH[],verH[])),canonVerH[],p2_3)),skH1[]),decl2_2)),DISP_SHIPPED)),TERM_SHIPPED(h(attemptCore(authTuple(issuerId[],fp(pk(skH1[])),ssetH[],algH[],verH[]),sign((POSS,authTuple(issuerId[],fp(pk(skH1[])),ssetH[],algH[],verH[])),skH1[]),sign((BYTES,framed(OT_ATTEST,algH[],issuerId[],fp(pk(skH1[])),h(authTuple(issuerId[],fp(pk(skH1[])),ssetH[],algH[],verH[])),canonVerH[],p2_3)),skH1[]),decl2_2))),declT_3)),skH1[])))).

7. The message pk(skH1[]) may be sent to the attacker at output {7}.
attacker(pk(skH1[])).

8. By 7, the attacker may know pk(skH1[]).
By 4, the attacker may know sign((TLR,(lineage2(entry(h(attemptCore(authTuple(issuerId[],fp(pk(skH1[])),ssetH[],algH[],verH[]),sign((POSS,authTuple(issuerId[],fp(pk(skH1[])),ssetH[],algH[],verH[])),skH1[]),sign((BYTES,framed(OT_ATTEST,algH[],issuerId[],fp(pk(skH1[])),h(authTuple(issuerId[],fp(pk(skH1[])),ssetH[],algH[],verH[])),canonVerH[],p1_3)),skH1[]),decl1_2)),DISP_ABANDONED),entry(h(attemptCore(authTuple(issuerId[],fp(pk(skH1[])),ssetH[],algH[],verH[]),sign((POSS,authTuple(issuerId[],fp(pk(skH1[])),ssetH[],algH[],verH[])),skH1[]),sign((BYTES,framed(OT_ATTEST,algH[],issuerId[],fp(pk(skH1[])),h(authTuple(issuerId[],fp(pk(skH1[])),ssetH[],algH[],verH[])),canonVerH[],p2_3)),skH1[]),decl2_2)),DISP_SHIPPED)),TERM_SHIPPED(h(attemptCore(authTuple(issuerId[],fp(pk(skH1[])),ssetH[],algH[],verH[]),sign((POSS,authTuple(issuerId[],fp(pk(skH1[])),ssetH[],algH[],verH[])),skH1[]),sign((BYTES,framed(OT_ATTEST,algH[],issuerId[],fp(pk(skH1[])),h(authTuple(issuerId[],fp(pk(skH1[])),ssetH[],algH[],verH[])),canonVerH[],p2_3)),skH1[]),decl2_2))),declT_3)),skH1[]).
By 6, the attacker may know anchorProof(h(sign((TLR,(lineage2(entry(h(attemptCore(authTuple(issuerId[],fp(pk(skH1[])),ssetH[],algH[],verH[]),sign((POSS,authTuple(issuerId[],fp(pk(skH1[])),ssetH[],algH[],verH[])),skH1[]),sign((BYTES,framed(OT_ATTEST,algH[],issuerId[],fp(pk(skH1[])),h(authTuple(issuerId[],fp(pk(skH1[])),ssetH[],algH[],verH[])),canonVerH[],p1_3)),skH1[]),decl1_2)),DISP_ABANDONED),entry(h(attemptCore(authTuple(issuerId[],fp(pk(skH1[])),ssetH[],algH[],verH[]),sign((POSS,authTuple(issuerId[],fp(pk(skH1[])),ssetH[],algH[],verH[])),skH1[]),sign((BYTES,framed(OT_ATTEST,algH[],issuerId[],fp(pk(skH1[])),h(authTuple(issuerId[],fp(pk(skH1[])),ssetH[],algH[],verH[])),canonVerH[],p2_3)),skH1[]),decl2_2)),DISP_SHIPPED)),TERM_SHIPPED(h(attemptCore(authTuple(issuerId[],fp(pk(skH1[])),ssetH[],algH[],verH[]),sign((POSS,authTuple(issuerId[],fp(pk(skH1[])),ssetH[],algH[],verH[])),skH1[]),sign((BYTES,framed(OT_ATTEST,algH[],issuerId[],fp(pk(skH1[])),h(authTuple(issuerId[],fp(pk(skH1[])),ssetH[],algH[],verH[])),canonVerH[],p2_3)),skH1[]),decl2_2))),declT_3)),skH1[]))).
Using the function withTLR the attacker may obtain withTLR(pk(skH1[]),sign((TLR,(lineage2(entry(h(attemptCore(authTuple(issuerId[],fp(pk(skH1[])),ssetH[],algH[],verH[]),sign((POSS,authTuple(issuerId[],fp(pk(skH1[])),ssetH[],algH[],verH[])),skH1[]),sign((BYTES,framed(OT_ATTEST,algH[],issuerId[],fp(pk(skH1[])),h(authTuple(issuerId[],fp(pk(skH1[])),ssetH[],algH[],verH[])),canonVerH[],p1_3)),skH1[]),decl1_2)),DISP_ABANDONED),entry(h(attemptCore(authTuple(issuerId[],fp(pk(skH1[])),ssetH[],algH[],verH[]),sign((POSS,authTuple(issuerId[],fp(pk(skH1[])),ssetH[],algH[],verH[])),skH1[]),sign((BYTES,framed(OT_ATTEST,algH[],issuerId[],fp(pk(skH1[])),h(authTuple(issuerId[],fp(pk(skH1[])),ssetH[],algH[],verH[])),canonVerH[],p2_3)),skH1[]),decl2_2)),DISP_SHIPPED)),TERM_SHIPPED(h(attemptCore(authTuple(issuerId[],fp(pk(skH1[])),ssetH[],algH[],verH[]),sign((POSS,authTuple(issuerId[],fp(pk(skH1[])),ssetH[],algH[],verH[])),skH1[]),sign((BYTES,framed(OT_ATTEST,algH[],issuerId[],fp(pk(skH1[])),h(authTuple(issuerId[],fp(pk(skH1[])),ssetH[],algH[],verH[])),canonVerH[],p2_3)),skH1[]),decl2_2))),declT_3)),skH1[]),anchorProof(h(sign((TLR,(lineage2(entry(h(attemptCore(authTuple(issuerId[],fp(pk(skH1[])),ssetH[],algH[],verH[]),sign((POSS,authTuple(issuerId[],fp(pk(skH1[])),ssetH[],algH[],verH[])),skH1[]),sign((BYTES,framed(OT_ATTEST,algH[],issuerId[],fp(pk(skH1[])),h(authTuple(issuerId[],fp(pk(skH1[])),ssetH[],algH[],verH[])),canonVerH[],p1_3)),skH1[]),decl1_2)),DISP_ABANDONED),entry(h(attemptCore(authTuple(issuerId[],fp(pk(skH1[])),ssetH[],algH[],verH[]),sign((POSS,authTuple(issuerId[],fp(pk(skH1[])),ssetH[],algH[],verH[])),skH1[]),sign((BYTES,framed(OT_ATTEST,algH[],issuerId[],fp(pk(skH1[])),h(authTuple(issuerId[],fp(pk(skH1[])),ssetH[],algH[],verH[])),canonVerH[],p2_3)),skH1[]),decl2_2)),DISP_SHIPPED)),TERM_SHIPPED(h(attemptCore(authTuple(issuerId[],fp(pk(skH1[])),ssetH[],algH[],verH[]),sign((POSS,authTuple(issuerId[],fp(pk(skH1[])),ssetH[],algH[],verH[])),skH1[]),sign((BYTES,framed(OT_ATTEST,algH[],issuerId[],fp(pk(skH1[])),h(authTuple(issuerId[],fp(pk(skH1[])),ssetH[],algH[],verH[])),canonVerH[],p2_3)),skH1[]),decl2_2))),declT_3)),skH1[])))).
attacker(withTLR(pk(skH1[]),sign((TLR,(lineage2(entry(h(attemptCore(authTuple(issuerId[],fp(pk(skH1[])),ssetH[],algH[],verH[]),sign((POSS,authTuple(issuerId[],fp(pk(skH1[])),ssetH[],algH[],verH[])),skH1[]),sign((BYTES,framed(OT_ATTEST,algH[],issuerId[],fp(pk(skH1[])),h(authTuple(issuerId[],fp(pk(skH1[])),ssetH[],algH[],verH[])),canonVerH[],p1_3)),skH1[]),decl1_2)),DISP_ABANDONED),entry(h(attemptCore(authTuple(issuerId[],fp(pk(skH1[])),ssetH[],algH[],verH[]),sign((POSS,authTuple(issuerId[],fp(pk(skH1[])),ssetH[],algH[],verH[])),skH1[]),sign((BYTES,framed(OT_ATTEST,algH[],issuerId[],fp(pk(skH1[])),h(authTuple(issuerId[],fp(pk(skH1[])),ssetH[],algH[],verH[])),canonVerH[],p2_3)),skH1[]),decl2_2)),DISP_SHIPPED)),TERM_SHIPPED(h(attemptCore(authTuple(issuerId[],fp(pk(skH1[])),ssetH[],algH[],verH[]),sign((POSS,authTuple(issuerId[],fp(pk(skH1[])),ssetH[],algH[],verH[])),skH1[]),sign((BYTES,framed(OT_ATTEST,algH[],issuerId[],fp(pk(skH1[])),h(authTuple(issuerId[],fp(pk(skH1[])),ssetH[],algH[],verH[])),canonVerH[],p2_3)),skH1[]),decl2_2))),declT_3)),skH1[]),anchorProof(h(sign((TLR,(lineage2(entry(h(attemptCore(authTuple(issuerId[],fp(pk(skH1[])),ssetH[],algH[],verH[]),sign((POSS,authTuple(issuerId[],fp(pk(skH1[])),ssetH[],algH[],verH[])),skH1[]),sign((BYTES,framed(OT_ATTEST,algH[],issuerId[],fp(pk(skH1[])),h(authTuple(issuerId[],fp(pk(skH1[])),ssetH[],algH[],verH[])),canonVerH[],p1_3)),skH1[]),decl1_2)),DISP_ABANDONED),entry(h(attemptCore(authTuple(issuerId[],fp(pk(skH1[])),ssetH[],algH[],verH[]),sign((POSS,authTuple(issuerId[],fp(pk(skH1[])),ssetH[],algH[],verH[])),skH1[]),sign((BYTES,framed(OT_ATTEST,algH[],issuerId[],fp(pk(skH1[])),h(authTuple(issuerId[],fp(pk(skH1[])),ssetH[],algH[],verH[])),canonVerH[],p2_3)),skH1[]),decl2_2)),DISP_SHIPPED)),TERM_SHIPPED(h(attemptCore(authTuple(issuerId[],fp(pk(skH1[])),ssetH[],algH[],verH[]),sign((POSS,authTuple(issuerId[],fp(pk(skH1[])),ssetH[],algH[],verH[])),skH1[]),sign((BYTES,framed(OT_ATTEST,algH[],issuerId[],fp(pk(skH1[])),h(authTuple(issuerId[],fp(pk(skH1[])),ssetH[],algH[],verH[])),canonVerH[],p2_3)),skH1[]),decl2_2))),declT_3)),skH1[]))))).

9. The attacker has some term fb_2.
attacker(fb_2).

10. The message (p1_3,p2_3) that the attacker may have by 3 may be received at input {31}.
So the message (attemptCore(authTuple(issuerId[],fp(pk(skH1[])),ssetH[],algH[],verH[]),sign((POSS,authTuple(issuerId[],fp(pk(skH1[])),ssetH[],algH[],verH[])),skH1[]),sign((BYTES,framed(OT_ATTEST,algH[],issuerId[],fp(pk(skH1[])),h(authTuple(issuerId[],fp(pk(skH1[])),ssetH[],algH[],verH[])),canonVerH[],p2_3)),skH1[]),decl2_2),framed(OT_ATTEST,algH[],issuerId[],fp(pk(skH1[])),h(authTuple(issuerId[],fp(pk(skH1[])),ssetH[],algH[],verH[])),canonVerH[],p2_3)) may be sent to the attacker at output {46}.
attacker((attemptCore(authTuple(issuerId[],fp(pk(skH1[])),ssetH[],algH[],verH[]),sign((POSS,authTuple(issuerId[],fp(pk(skH1[])),ssetH[],algH[],verH[])),skH1[]),sign((BYTES,framed(OT_ATTEST,algH[],issuerId[],fp(pk(skH1[])),h(authTuple(issuerId[],fp(pk(skH1[])),ssetH[],algH[],verH[])),canonVerH[],p2_3)),skH1[]),decl2_2),framed(OT_ATTEST,algH[],issuerId[],fp(pk(skH1[])),h(authTuple(issuerId[],fp(pk(skH1[])),ssetH[],algH[],verH[])),canonVerH[],p2_3))).

11. By 10, the attacker may know (attemptCore(authTuple(issuerId[],fp(pk(skH1[])),ssetH[],algH[],verH[]),sign((POSS,authTuple(issuerId[],fp(pk(skH1[])),ssetH[],algH[],verH[])),skH1[]),sign((BYTES,framed(OT_ATTEST,algH[],issuerId[],fp(pk(skH1[])),h(authTuple(issuerId[],fp(pk(skH1[])),ssetH[],algH[],verH[])),canonVerH[],p2_3)),skH1[]),decl2_2),framed(OT_ATTEST,algH[],issuerId[],fp(pk(skH1[])),h(authTuple(issuerId[],fp(pk(skH1[])),ssetH[],algH[],verH[])),canonVerH[],p2_3)).
Using the function 1-proj-2-tuple the attacker may obtain attemptCore(authTuple(issuerId[],fp(pk(skH1[])),ssetH[],algH[],verH[]),sign((POSS,authTuple(issuerId[],fp(pk(skH1[])),ssetH[],algH[],verH[])),skH1[]),sign((BYTES,framed(OT_ATTEST,algH[],issuerId[],fp(pk(skH1[])),h(authTuple(issuerId[],fp(pk(skH1[])),ssetH[],algH[],verH[])),canonVerH[],p2_3)),skH1[]),decl2_2).
attacker(attemptCore(authTuple(issuerId[],fp(pk(skH1[])),ssetH[],algH[],verH[]),sign((POSS,authTuple(issuerId[],fp(pk(skH1[])),ssetH[],algH[],verH[])),skH1[]),sign((BYTES,framed(OT_ATTEST,algH[],issuerId[],fp(pk(skH1[])),h(authTuple(issuerId[],fp(pk(skH1[])),ssetH[],algH[],verH[])),canonVerH[],p2_3)),skH1[]),decl2_2)).

12. By 11, the attacker may know attemptCore(authTuple(issuerId[],fp(pk(skH1[])),ssetH[],algH[],verH[]),sign((POSS,authTuple(issuerId[],fp(pk(skH1[])),ssetH[],algH[],verH[])),skH1[]),sign((BYTES,framed(OT_ATTEST,algH[],issuerId[],fp(pk(skH1[])),h(authTuple(issuerId[],fp(pk(skH1[])),ssetH[],algH[],verH[])),canonVerH[],p2_3)),skH1[]),decl2_2).
Using the function 4-proj-attemptCore the attacker may obtain decl2_2.
attacker(decl2_2).

13. The attacker has some term p2_5.
attacker(p2_5).

14. By 1, the attacker may know p2_3.
By 13, the attacker may know p2_5.
Using the function 2-tuple the attacker may obtain (p2_3,p2_5).
attacker((p2_3,p2_5)).

15. The message (p2_3,p2_5) that the attacker may have by 14 may be received at input {31}.
So the message (attemptCore(authTuple(issuerId[],fp(pk(skH1[])),ssetH[],algH[],verH[]),sign((POSS,authTuple(issuerId[],fp(pk(skH1[])),ssetH[],algH[],verH[])),skH1[]),sign((BYTES,framed(OT_ATTEST,algH[],issuerId[],fp(pk(skH1[])),h(authTuple(issuerId[],fp(pk(skH1[])),ssetH[],algH[],verH[])),canonVerH[],p2_3)),skH1[]),decl1_4),framed(OT_ATTEST,algH[],issuerId[],fp(pk(skH1[])),h(authTuple(issuerId[],fp(pk(skH1[])),ssetH[],algH[],verH[])),canonVerH[],p2_3)) may be sent to the attacker at output {41}.
attacker((attemptCore(authTuple(issuerId[],fp(pk(skH1[])),ssetH[],algH[],verH[]),sign((POSS,authTuple(issuerId[],fp(pk(skH1[])),ssetH[],algH[],verH[])),skH1[]),sign((BYTES,framed(OT_ATTEST,algH[],issuerId[],fp(pk(skH1[])),h(authTuple(issuerId[],fp(pk(skH1[])),ssetH[],algH[],verH[])),canonVerH[],p2_3)),skH1[]),decl1_4),framed(OT_ATTEST,algH[],issuerId[],fp(pk(skH1[])),h(authTuple(issuerId[],fp(pk(skH1[])),ssetH[],algH[],verH[])),canonVerH[],p2_3))).

16. By 15, the attacker may know (attemptCore(authTuple(issuerId[],fp(pk(skH1[])),ssetH[],algH[],verH[]),sign((POSS,authTuple(issuerId[],fp(pk(skH1[])),ssetH[],algH[],verH[])),skH1[]),sign((BYTES,framed(OT_ATTEST,algH[],issuerId[],fp(pk(skH1[])),h(authTuple(issuerId[],fp(pk(skH1[])),ssetH[],algH[],verH[])),canonVerH[],p2_3)),skH1[]),decl1_4),framed(OT_ATTEST,algH[],issuerId[],fp(pk(skH1[])),h(authTuple(issuerId[],fp(pk(skH1[])),ssetH[],algH[],verH[])),canonVerH[],p2_3)).
Using the function 1-proj-2-tuple the attacker may obtain attemptCore(authTuple(issuerId[],fp(pk(skH1[])),ssetH[],algH[],verH[]),sign((POSS,authTuple(issuerId[],fp(pk(skH1[])),ssetH[],algH[],verH[])),skH1[]),sign((BYTES,framed(OT_ATTEST,algH[],issuerId[],fp(pk(skH1[])),h(authTuple(issuerId[],fp(pk(skH1[])),ssetH[],algH[],verH[])),canonVerH[],p2_3)),skH1[]),decl1_4).
attacker(attemptCore(authTuple(issuerId[],fp(pk(skH1[])),ssetH[],algH[],verH[]),sign((POSS,authTuple(issuerId[],fp(pk(skH1[])),ssetH[],algH[],verH[])),skH1[]),sign((BYTES,framed(OT_ATTEST,algH[],issuerId[],fp(pk(skH1[])),h(authTuple(issuerId[],fp(pk(skH1[])),ssetH[],algH[],verH[])),canonVerH[],p2_3)),skH1[]),decl1_4)).

17. By 16, the attacker may know attemptCore(authTuple(issuerId[],fp(pk(skH1[])),ssetH[],algH[],verH[]),sign((POSS,authTuple(issuerId[],fp(pk(skH1[])),ssetH[],algH[],verH[])),skH1[]),sign((BYTES,framed(OT_ATTEST,algH[],issuerId[],fp(pk(skH1[])),h(authTuple(issuerId[],fp(pk(skH1[])),ssetH[],algH[],verH[])),canonVerH[],p2_3)),skH1[]),decl1_4).
Using the function 3-proj-attemptCore the attacker may obtain sign((BYTES,framed(OT_ATTEST,algH[],issuerId[],fp(pk(skH1[])),h(authTuple(issuerId[],fp(pk(skH1[])),ssetH[],algH[],verH[])),canonVerH[],p2_3)),skH1[]).
attacker(sign((BYTES,framed(OT_ATTEST,algH[],issuerId[],fp(pk(skH1[])),h(authTuple(issuerId[],fp(pk(skH1[])),ssetH[],algH[],verH[])),canonVerH[],p2_3)),skH1[])).

18. The attacker has some term p2_4.
attacker(p2_4).

19. The attacker has some term p1_4.
attacker(p1_4).

20. By 19, the attacker may know p1_4.
By 18, the attacker may know p2_4.
Using the function 2-tuple the attacker may obtain (p1_4,p2_4).
attacker((p1_4,p2_4)).

21. The message (p1_4,p2_4) that the attacker may have by 20 may be received at input {31}.
So the message (attemptCore(authTuple(issuerId[],fp(pk(skH1[])),ssetH[],algH[],verH[]),sign((POSS,authTuple(issuerId[],fp(pk(skH1[])),ssetH[],algH[],verH[])),skH1[]),sign((BYTES,framed(OT_ATTEST,algH[],issuerId[],fp(pk(skH1[])),h(authTuple(issuerId[],fp(pk(skH1[])),ssetH[],algH[],verH[])),canonVerH[],p1_4)),skH1[]),decl1_3),framed(OT_ATTEST,algH[],issuerId[],fp(pk(skH1[])),h(authTuple(issuerId[],fp(pk(skH1[])),ssetH[],algH[],verH[])),canonVerH[],p1_4)) may be sent to the attacker at output {41}.
attacker((attemptCore(authTuple(issuerId[],fp(pk(skH1[])),ssetH[],algH[],verH[]),sign((POSS,authTuple(issuerId[],fp(pk(skH1[])),ssetH[],algH[],verH[])),skH1[]),sign((BYTES,framed(OT_ATTEST,algH[],issuerId[],fp(pk(skH1[])),h(authTuple(issuerId[],fp(pk(skH1[])),ssetH[],algH[],verH[])),canonVerH[],p1_4)),skH1[]),decl1_3),framed(OT_ATTEST,algH[],issuerId[],fp(pk(skH1[])),h(authTuple(issuerId[],fp(pk(skH1[])),ssetH[],algH[],verH[])),canonVerH[],p1_4))).

22. By 21, the attacker may know (attemptCore(authTuple(issuerId[],fp(pk(skH1[])),ssetH[],algH[],verH[]),sign((POSS,authTuple(issuerId[],fp(pk(skH1[])),ssetH[],algH[],verH[])),skH1[]),sign((BYTES,framed(OT_ATTEST,algH[],issuerId[],fp(pk(skH1[])),h(authTuple(issuerId[],fp(pk(skH1[])),ssetH[],algH[],verH[])),canonVerH[],p1_4)),skH1[]),decl1_3),framed(OT_ATTEST,algH[],issuerId[],fp(pk(skH1[])),h(authTuple(issuerId[],fp(pk(skH1[])),ssetH[],algH[],verH[])),canonVerH[],p1_4)).
Using the function 1-proj-2-tuple the attacker may obtain attemptCore(authTuple(issuerId[],fp(pk(skH1[])),ssetH[],algH[],verH[]),sign((POSS,authTuple(issuerId[],fp(pk(skH1[])),ssetH[],algH[],verH[])),skH1[]),sign((BYTES,framed(OT_ATTEST,algH[],issuerId[],fp(pk(skH1[])),h(authTuple(issuerId[],fp(pk(skH1[])),ssetH[],algH[],verH[])),canonVerH[],p1_4)),skH1[]),decl1_3).
attacker(attemptCore(authTuple(issuerId[],fp(pk(skH1[])),ssetH[],algH[],verH[]),sign((POSS,authTuple(issuerId[],fp(pk(skH1[])),ssetH[],algH[],verH[])),skH1[]),sign((BYTES,framed(OT_ATTEST,algH[],issuerId[],fp(pk(skH1[])),h(authTuple(issuerId[],fp(pk(skH1[])),ssetH[],algH[],verH[])),canonVerH[],p1_4)),skH1[]),decl1_3)).

23. By 22, the attacker may know attemptCore(authTuple(issuerId[],fp(pk(skH1[])),ssetH[],algH[],verH[]),sign((POSS,authTuple(issuerId[],fp(pk(skH1[])),ssetH[],algH[],verH[])),skH1[]),sign((BYTES,framed(OT_ATTEST,algH[],issuerId[],fp(pk(skH1[])),h(authTuple(issuerId[],fp(pk(skH1[])),ssetH[],algH[],verH[])),canonVerH[],p1_4)),skH1[]),decl1_3).
Using the function 2-proj-attemptCore the attacker may obtain sign((POSS,authTuple(issuerId[],fp(pk(skH1[])),ssetH[],algH[],verH[])),skH1[]).
attacker(sign((POSS,authTuple(issuerId[],fp(pk(skH1[])),ssetH[],algH[],verH[])),skH1[])).

24. The attacker initially knows verH[].
attacker(verH[]).

25. The attacker initially knows algH[].
attacker(algH[]).

26. The attacker initially knows ssetH[].
attacker(ssetH[]).

27. By 7, the attacker may know pk(skH1[]).
Using the function fp the attacker may obtain fp(pk(skH1[])).
attacker(fp(pk(skH1[]))).

28. The attacker initially knows issuerId[].
attacker(issuerId[]).

29. By 28, the attacker may know issuerId[].
By 27, the attacker may know fp(pk(skH1[])).
By 26, the attacker may know ssetH[].
By 25, the attacker may know algH[].
By 24, the attacker may know verH[].
Using the function authTuple the attacker may obtain authTuple(issuerId[],fp(pk(skH1[])),ssetH[],algH[],verH[]).
attacker(authTuple(issuerId[],fp(pk(skH1[])),ssetH[],algH[],verH[])).

30. By 29, the attacker may know authTuple(issuerId[],fp(pk(skH1[])),ssetH[],algH[],verH[]).
By 23, the attacker may know sign((POSS,authTuple(issuerId[],fp(pk(skH1[])),ssetH[],algH[],verH[])),skH1[]).
By 17, the attacker may know sign((BYTES,framed(OT_ATTEST,algH[],issuerId[],fp(pk(skH1[])),h(authTuple(issuerId[],fp(pk(skH1[])),ssetH[],algH[],verH[])),canonVerH[],p2_3)),skH1[]).
By 12, the attacker may know decl2_2.
Using the function attemptCore the attacker may obtain attemptCore(authTuple(issuerId[],fp(pk(skH1[])),ssetH[],algH[],verH[]),sign((POSS,authTuple(issuerId[],fp(pk(skH1[])),ssetH[],algH[],verH[])),skH1[]),sign((BYTES,framed(OT_ATTEST,algH[],issuerId[],fp(pk(skH1[])),h(authTuple(issuerId[],fp(pk(skH1[])),ssetH[],algH[],verH[])),canonVerH[],p2_3)),skH1[]),decl2_2).
attacker(attemptCore(authTuple(issuerId[],fp(pk(skH1[])),ssetH[],algH[],verH[]),sign((POSS,authTuple(issuerId[],fp(pk(skH1[])),ssetH[],algH[],verH[])),skH1[]),sign((BYTES,framed(OT_ATTEST,algH[],issuerId[],fp(pk(skH1[])),h(authTuple(issuerId[],fp(pk(skH1[])),ssetH[],algH[],verH[])),canonVerH[],p2_3)),skH1[]),decl2_2)).

31. The message sign((STMT_DIGEST,h(authTuple(issuerId[],fp(pk(skH1[])),ssetH[],algH[],verH[]))),skR[]) may be sent to the attacker at output {23}.
attacker(sign((STMT_DIGEST,h(authTuple(issuerId[],fp(pk(skH1[])),ssetH[],algH[],verH[]))),skR[])).

32. The message skD[] may be sent to the attacker at output {11}.
attacker(skD[]).

33. By 29, the attacker may know authTuple(issuerId[],fp(pk(skH1[])),ssetH[],algH[],verH[]).
Using the function h the attacker may obtain h(authTuple(issuerId[],fp(pk(skH1[])),ssetH[],algH[],verH[])).
attacker(h(authTuple(issuerId[],fp(pk(skH1[])),ssetH[],algH[],verH[]))).

34. Using the function STMT_DIGEST the attacker may obtain STMT_DIGEST.
attacker(STMT_DIGEST).

35. By 34, the attacker may know STMT_DIGEST.
By 33, the attacker may know h(authTuple(issuerId[],fp(pk(skH1[])),ssetH[],algH[],verH[])).
Using the function 2-tuple the attacker may obtain (STMT_DIGEST,h(authTuple(issuerId[],fp(pk(skH1[])),ssetH[],algH[],verH[]))).
attacker((STMT_DIGEST,h(authTuple(issuerId[],fp(pk(skH1[])),ssetH[],algH[],verH[])))).

36. By 35, the attacker may know (STMT_DIGEST,h(authTuple(issuerId[],fp(pk(skH1[])),ssetH[],algH[],verH[]))).
By 32, the attacker may know skD[].
Using the function sign the attacker may obtain sign((STMT_DIGEST,h(authTuple(issuerId[],fp(pk(skH1[])),ssetH[],algH[],verH[]))),skD[]).
attacker(sign((STMT_DIGEST,h(authTuple(issuerId[],fp(pk(skH1[])),ssetH[],algH[],verH[]))),skD[])).

37. By 29, the attacker may know authTuple(issuerId[],fp(pk(skH1[])),ssetH[],algH[],verH[]).
By 36, the attacker may know sign((STMT_DIGEST,h(authTuple(issuerId[],fp(pk(skH1[])),ssetH[],algH[],verH[]))),skD[]).
By 31, the attacker may know sign((STMT_DIGEST,h(authTuple(issuerId[],fp(pk(skH1[])),ssetH[],algH[],verH[]))),skR[]).
By 7, the attacker may know pk(skH1[]).
By 30, the attacker may know attemptCore(authTuple(issuerId[],fp(pk(skH1[])),ssetH[],algH[],verH[]),sign((POSS,authTuple(issuerId[],fp(pk(skH1[])),ssetH[],algH[],verH[])),skH1[]),sign((BYTES,framed(OT_ATTEST,algH[],issuerId[],fp(pk(skH1[])),h(authTuple(issuerId[],fp(pk(skH1[])),ssetH[],algH[],verH[])),canonVerH[],p2_3)),skH1[]),decl2_2).
By 9, the attacker may know fb_2.
By 8, the attacker may know withTLR(pk(skH1[]),sign((TLR,(lineage2(entry(h(attemptCore(authTuple(issuerId[],fp(pk(skH1[])),ssetH[],algH[],verH[]),sign((POSS,authTuple(issuerId[],fp(pk(skH1[])),ssetH[],algH[],verH[])),skH1[]),sign((BYTES,framed(OT_ATTEST,algH[],issuerId[],fp(pk(skH1[])),h(authTuple(issuerId[],fp(pk(skH1[])),ssetH[],algH[],verH[])),canonVerH[],p1_3)),skH1[]),decl1_2)),DISP_ABANDONED),entry(h(attemptCore(authTuple(issuerId[],fp(pk(skH1[])),ssetH[],algH[],verH[]),sign((POSS,authTuple(issuerId[],fp(pk(skH1[])),ssetH[],algH[],verH[])),skH1[]),sign((BYTES,framed(OT_ATTEST,algH[],issuerId[],fp(pk(skH1[])),h(authTuple(issuerId[],fp(pk(skH1[])),ssetH[],algH[],verH[])),canonVerH[],p2_3)),skH1[]),decl2_2)),DISP_SHIPPED)),TERM_SHIPPED(h(attemptCore(authTuple(issuerId[],fp(pk(skH1[])),ssetH[],algH[],verH[]),sign((POSS,authTuple(issuerId[],fp(pk(skH1[])),ssetH[],algH[],verH[])),skH1[]),sign((BYTES,framed(OT_ATTEST,algH[],issuerId[],fp(pk(skH1[])),h(authTuple(issuerId[],fp(pk(skH1[])),ssetH[],algH[],verH[])),canonVerH[],p2_3)),skH1[]),decl2_2))),declT_3)),skH1[]),anchorProof(h(sign((TLR,(lineage2(entry(h(attemptCore(authTuple(issuerId[],fp(pk(skH1[])),ssetH[],algH[],verH[]),sign((POSS,authTuple(issuerId[],fp(pk(skH1[])),ssetH[],algH[],verH[])),skH1[]),sign((BYTES,framed(OT_ATTEST,algH[],issuerId[],fp(pk(skH1[])),h(authTuple(issuerId[],fp(pk(skH1[])),ssetH[],algH[],verH[])),canonVerH[],p1_3)),skH1[]),decl1_2)),DISP_ABANDONED),entry(h(attemptCore(authTuple(issuerId[],fp(pk(skH1[])),ssetH[],algH[],verH[]),sign((POSS,authTuple(issuerId[],fp(pk(skH1[])),ssetH[],algH[],verH[])),skH1[]),sign((BYTES,framed(OT_ATTEST,algH[],issuerId[],fp(pk(skH1[])),h(authTuple(issuerId[],fp(pk(skH1[])),ssetH[],algH[],verH[])),canonVerH[],p2_3)),skH1[]),decl2_2)),DISP_SHIPPED)),TERM_SHIPPED(h(attemptCore(authTuple(issuerId[],fp(pk(skH1[])),ssetH[],algH[],verH[]),sign((POSS,authTuple(issuerId[],fp(pk(skH1[])),ssetH[],algH[],verH[])),skH1[]),sign((BYTES,framed(OT_ATTEST,algH[],issuerId[],fp(pk(skH1[])),h(authTuple(issuerId[],fp(pk(skH1[])),ssetH[],algH[],verH[])),canonVerH[],p2_3)),skH1[]),decl2_2))),declT_3)),skH1[])))).
Using the function 7-tuple the attacker may obtain (authTuple(issuerId[],fp(pk(skH1[])),ssetH[],algH[],verH[]),sign((STMT_DIGEST,h(authTuple(issuerId[],fp(pk(skH1[])),ssetH[],algH[],verH[]))),skD[]),sign((STMT_DIGEST,h(authTuple(issuerId[],fp(pk(skH1[])),ssetH[],algH[],verH[]))),skR[]),pk(skH1[]),attemptCore(authTuple(issuerId[],fp(pk(skH1[])),ssetH[],algH[],verH[]),sign((POSS,authTuple(issuerId[],fp(pk(skH1[])),ssetH[],algH[],verH[])),skH1[]),sign((BYTES,framed(OT_ATTEST,algH[],issuerId[],fp(pk(skH1[])),h(authTuple(issuerId[],fp(pk(skH1[])),ssetH[],algH[],verH[])),canonVerH[],p2_3)),skH1[]),decl2_2),fb_2,withTLR(pk(skH1[]),sign((TLR,(lineage2(entry(h(attemptCore(authTuple(issuerId[],fp(pk(skH1[])),ssetH[],algH[],verH[]),sign((POSS,authTuple(issuerId[],fp(pk(skH1[])),ssetH[],algH[],verH[])),skH1[]),sign((BYTES,framed(OT_ATTEST,algH[],issuerId[],fp(pk(skH1[])),h(authTuple(issuerId[],fp(pk(skH1[])),ssetH[],algH[],verH[])),canonVerH[],p1_3)),skH1[]),decl1_2)),DISP_ABANDONED),entry(h(attemptCore(authTuple(issuerId[],fp(pk(skH1[])),ssetH[],algH[],verH[]),sign((POSS,authTuple(issuerId[],fp(pk(skH1[])),ssetH[],algH[],verH[])),skH1[]),sign((BYTES,framed(OT_ATTEST,algH[],issuerId[],fp(pk(skH1[])),h(authTuple(issuerId[],fp(pk(skH1[])),ssetH[],algH[],verH[])),canonVerH[],p2_3)),skH1[]),decl2_2)),DISP_SHIPPED)),TERM_SHIPPED(h(attemptCore(authTuple(issuerId[],fp(pk(skH1[])),ssetH[],algH[],verH[]),sign((POSS,authTuple(issuerId[],fp(pk(skH1[])),ssetH[],algH[],verH[])),skH1[]),sign((BYTES,framed(OT_ATTEST,algH[],issuerId[],fp(pk(skH1[])),h(authTuple(issuerId[],fp(pk(skH1[])),ssetH[],algH[],verH[])),canonVerH[],p2_3)),skH1[]),decl2_2))),declT_3)),skH1[]),anchorProof(h(sign((TLR,(lineage2(entry(h(attemptCore(authTuple(issuerId[],fp(pk(skH1[])),ssetH[],algH[],verH[]),sign((POSS,authTuple(issuerId[],fp(pk(skH1[])),ssetH[],algH[],verH[])),skH1[]),sign((BYTES,framed(OT_ATTEST,algH[],issuerId[],fp(pk(skH1[])),h(authTuple(issuerId[],fp(pk(skH1[])),ssetH[],algH[],verH[])),canonVerH[],p1_3)),skH1[]),decl1_2)),DISP_ABANDONED),entry(h(attemptCore(authTuple(issuerId[],fp(pk(skH1[])),ssetH[],algH[],verH[]),sign((POSS,authTuple(issuerId[],fp(pk(skH1[])),ssetH[],algH[],verH[])),skH1[]),sign((BYTES,framed(OT_ATTEST,algH[],issuerId[],fp(pk(skH1[])),h(authTuple(issuerId[],fp(pk(skH1[])),ssetH[],algH[],verH[])),canonVerH[],p2_3)),skH1[]),decl2_2)),DISP_SHIPPED)),TERM_SHIPPED(h(attemptCore(authTuple(issuerId[],fp(pk(skH1[])),ssetH[],algH[],verH[]),sign((POSS,authTuple(issuerId[],fp(pk(skH1[])),ssetH[],algH[],verH[])),skH1[]),sign((BYTES,framed(OT_ATTEST,algH[],issuerId[],fp(pk(skH1[])),h(authTuple(issuerId[],fp(pk(skH1[])),ssetH[],algH[],verH[])),canonVerH[],p2_3)),skH1[]),decl2_2))),declT_3)),skH1[]))))).
attacker((authTuple(issuerId[],fp(pk(skH1[])),ssetH[],algH[],verH[]),sign((STMT_DIGEST,h(authTuple(issuerId[],fp(pk(skH1[])),ssetH[],algH[],verH[]))),skD[]),sign((STMT_DIGEST,h(authTuple(issuerId[],fp(pk(skH1[])),ssetH[],algH[],verH[]))),skR[]),pk(skH1[]),attemptCore(authTuple(issuerId[],fp(pk(skH1[])),ssetH[],algH[],verH[]),sign((POSS,authTuple(issuerId[],fp(pk(skH1[])),ssetH[],algH[],verH[])),skH1[]),sign((BYTES,framed(OT_ATTEST,algH[],issuerId[],fp(pk(skH1[])),h(authTuple(issuerId[],fp(pk(skH1[])),ssetH[],algH[],verH[])),canonVerH[],p2_3)),skH1[]),decl2_2),fb_2,withTLR(pk(skH1[]),sign((TLR,(lineage2(entry(h(attemptCore(authTuple(issuerId[],fp(pk(skH1[])),ssetH[],algH[],verH[]),sign((POSS,authTuple(issuerId[],fp(pk(skH1[])),ssetH[],algH[],verH[])),skH1[]),sign((BYTES,framed(OT_ATTEST,algH[],issuerId[],fp(pk(skH1[])),h(authTuple(issuerId[],fp(pk(skH1[])),ssetH[],algH[],verH[])),canonVerH[],p1_3)),skH1[]),decl1_2)),DISP_ABANDONED),entry(h(attemptCore(authTuple(issuerId[],fp(pk(skH1[])),ssetH[],algH[],verH[]),sign((POSS,authTuple(issuerId[],fp(pk(skH1[])),ssetH[],algH[],verH[])),skH1[]),sign((BYTES,framed(OT_ATTEST,algH[],issuerId[],fp(pk(skH1[])),h(authTuple(issuerId[],fp(pk(skH1[])),ssetH[],algH[],verH[])),canonVerH[],p2_3)),skH1[]),decl2_2)),DISP_SHIPPED)),TERM_SHIPPED(h(attemptCore(authTuple(issuerId[],fp(pk(skH1[])),ssetH[],algH[],verH[]),sign((POSS,authTuple(issuerId[],fp(pk(skH1[])),ssetH[],algH[],verH[])),skH1[]),sign((BYTES,framed(OT_ATTEST,algH[],issuerId[],fp(pk(skH1[])),h(authTuple(issuerId[],fp(pk(skH1[])),ssetH[],algH[],verH[])),canonVerH[],p2_3)),skH1[]),decl2_2))),declT_3)),skH1[]),anchorProof(h(sign((TLR,(lineage2(entry(h(attemptCore(authTuple(issuerId[],fp(pk(skH1[])),ssetH[],algH[],verH[]),sign((POSS,authTuple(issuerId[],fp(pk(skH1[])),ssetH[],algH[],verH[])),skH1[]),sign((BYTES,framed(OT_ATTEST,algH[],issuerId[],fp(pk(skH1[])),h(authTuple(issuerId[],fp(pk(skH1[])),ssetH[],algH[],verH[])),canonVerH[],p1_3)),skH1[]),decl1_2)),DISP_ABANDONED),entry(h(attemptCore(authTuple(issuerId[],fp(pk(skH1[])),ssetH[],algH[],verH[]),sign((POSS,authTuple(issuerId[],fp(pk(skH1[])),ssetH[],algH[],verH[])),skH1[]),sign((BYTES,framed(OT_ATTEST,algH[],issuerId[],fp(pk(skH1[])),h(authTuple(issuerId[],fp(pk(skH1[])),ssetH[],algH[],verH[])),canonVerH[],p2_3)),skH1[]),decl2_2)),DISP_SHIPPED)),TERM_SHIPPED(h(attemptCore(authTuple(issuerId[],fp(pk(skH1[])),ssetH[],algH[],verH[]),sign((POSS,authTuple(issuerId[],fp(pk(skH1[])),ssetH[],algH[],verH[])),skH1[]),sign((BYTES,framed(OT_ATTEST,algH[],issuerId[],fp(pk(skH1[])),h(authTuple(issuerId[],fp(pk(skH1[])),ssetH[],algH[],verH[])),canonVerH[],p2_3)),skH1[]),decl2_2))),declT_3)),skH1[])))))).

38. The message (authTuple(issuerId[],fp(pk(skH1[])),ssetH[],algH[],verH[]),sign((STMT_DIGEST,h(authTuple(issuerId[],fp(pk(skH1[])),ssetH[],algH[],verH[]))),skD[]),sign((STMT_DIGEST,h(authTuple(issuerId[],fp(pk(skH1[])),ssetH[],algH[],verH[]))),skR[]),pk(skH1[]),attemptCore(authTuple(issuerId[],fp(pk(skH1[])),ssetH[],algH[],verH[]),sign((POSS,authTuple(issuerId[],fp(pk(skH1[])),ssetH[],algH[],verH[])),skH1[]),sign((BYTES,framed(OT_ATTEST,algH[],issuerId[],fp(pk(skH1[])),h(authTuple(issuerId[],fp(pk(skH1[])),ssetH[],algH[],verH[])),canonVerH[],p2_3)),skH1[]),decl2_2),fb_2,withTLR(pk(skH1[]),sign((TLR,(lineage2(entry(h(attemptCore(authTuple(issuerId[],fp(pk(skH1[])),ssetH[],algH[],verH[]),sign((POSS,authTuple(issuerId[],fp(pk(skH1[])),ssetH[],algH[],verH[])),skH1[]),sign((BYTES,framed(OT_ATTEST,algH[],issuerId[],fp(pk(skH1[])),h(authTuple(issuerId[],fp(pk(skH1[])),ssetH[],algH[],verH[])),canonVerH[],p1_3)),skH1[]),decl1_2)),DISP_ABANDONED),entry(h(attemptCore(authTuple(issuerId[],fp(pk(skH1[])),ssetH[],algH[],verH[]),sign((POSS,authTuple(issuerId[],fp(pk(skH1[])),ssetH[],algH[],verH[])),skH1[]),sign((BYTES,framed(OT_ATTEST,algH[],issuerId[],fp(pk(skH1[])),h(authTuple(issuerId[],fp(pk(skH1[])),ssetH[],algH[],verH[])),canonVerH[],p2_3)),skH1[]),decl2_2)),DISP_SHIPPED)),TERM_SHIPPED(h(attemptCore(authTuple(issuerId[],fp(pk(skH1[])),ssetH[],algH[],verH[]),sign((POSS,authTuple(issuerId[],fp(pk(skH1[])),ssetH[],algH[],verH[])),skH1[]),sign((BYTES,framed(OT_ATTEST,algH[],issuerId[],fp(pk(skH1[])),h(authTuple(issuerId[],fp(pk(skH1[])),ssetH[],algH[],verH[])),canonVerH[],p2_3)),skH1[]),decl2_2))),declT_3)),skH1[]),anchorProof(h(sign((TLR,(lineage2(entry(h(attemptCore(authTuple(issuerId[],fp(pk(skH1[])),ssetH[],algH[],verH[]),sign((POSS,authTuple(issuerId[],fp(pk(skH1[])),ssetH[],algH[],verH[])),skH1[]),sign((BYTES,framed(OT_ATTEST,algH[],issuerId[],fp(pk(skH1[])),h(authTuple(issuerId[],fp(pk(skH1[])),ssetH[],algH[],verH[])),canonVerH[],p1_3)),skH1[]),decl1_2)),DISP_ABANDONED),entry(h(attemptCore(authTuple(issuerId[],fp(pk(skH1[])),ssetH[],algH[],verH[]),sign((POSS,authTuple(issuerId[],fp(pk(skH1[])),ssetH[],algH[],verH[])),skH1[]),sign((BYTES,framed(OT_ATTEST,algH[],issuerId[],fp(pk(skH1[])),h(authTuple(issuerId[],fp(pk(skH1[])),ssetH[],algH[],verH[])),canonVerH[],p2_3)),skH1[]),decl2_2)),DISP_SHIPPED)),TERM_SHIPPED(h(attemptCore(authTuple(issuerId[],fp(pk(skH1[])),ssetH[],algH[],verH[]),sign((POSS,authTuple(issuerId[],fp(pk(skH1[])),ssetH[],algH[],verH[])),skH1[]),sign((BYTES,framed(OT_ATTEST,algH[],issuerId[],fp(pk(skH1[])),h(authTuple(issuerId[],fp(pk(skH1[])),ssetH[],algH[],verH[])),canonVerH[],p2_3)),skH1[]),decl2_2))),declT_3)),skH1[]))))) that the attacker may have by 37 may be received at input {77}.
We have h(attemptCore(authTuple(issuerId[],fp(pk(skH1[])),ssetH[],algH[],verH[]),sign((POSS,authTuple(issuerId[],fp(pk(skH1[])),ssetH[],algH[],verH[])),skH1[]),sign((BYTES,framed(OT_ATTEST,algH[],issuerId[],fp(pk(skH1[])),h(authTuple(issuerId[],fp(pk(skH1[])),ssetH[],algH[],verH[])),canonVerH[],p1_3)),skH1[]),decl1_2)) ≠ h(attemptCore(authTuple(issuerId[],fp(pk(skH1[])),ssetH[],algH[],verH[]),sign((POSS,authTuple(issuerId[],fp(pk(skH1[])),ssetH[],algH[],verH[])),skH1[]),sign((BYTES,framed(OT_ATTEST,algH[],issuerId[],fp(pk(skH1[])),h(authTuple(issuerId[],fp(pk(skH1[])),ssetH[],algH[],verH[])),canonVerH[],p2_3)),skH1[]),decl2_2)).
So the message (pk(skH1[]),authTuple(issuerId[],fp(pk(skH1[])),ssetH[],algH[],verH[]),h(attemptCore(authTuple(issuerId[],fp(pk(skH1[])),ssetH[],algH[],verH[]),sign((POSS,authTuple(issuerId[],fp(pk(skH1[])),ssetH[],algH[],verH[])),skH1[]),sign((BYTES,framed(OT_ATTEST,algH[],issuerId[],fp(pk(skH1[])),h(authTuple(issuerId[],fp(pk(skH1[])),ssetH[],algH[],verH[])),canonVerH[],p2_3)),skH1[]),decl2_2))) may be sent on channel estCh[] at output {93}.
mess(estCh[],(pk(skH1[]),authTuple(issuerId[],fp(pk(skH1[])),ssetH[],algH[],verH[]),h(attemptCore(authTuple(issuerId[],fp(pk(skH1[])),ssetH[],algH[],verH[]),sign((POSS,authTuple(issuerId[],fp(pk(skH1[])),ssetH[],algH[],verH[])),skH1[]),sign((BYTES,framed(OT_ATTEST,algH[],issuerId[],fp(pk(skH1[])),h(authTuple(issuerId[],fp(pk(skH1[])),ssetH[],algH[],verH[])),canonVerH[],p2_3)),skH1[]),decl2_2)))).

39. The message (p1_3,p2_3) that the attacker may have by 3 may be received at input {31}.
So the message (pk(skH1[]),h(attemptCore(authTuple(issuerId[],fp(pk(skH1[])),ssetH[],algH[],verH[]),sign((POSS,authTuple(issuerId[],fp(pk(skH1[])),ssetH[],algH[],verH[])),skH1[]),sign((BYTES,framed(OT_ATTEST,algH[],issuerId[],fp(pk(skH1[])),h(authTuple(issuerId[],fp(pk(skH1[])),ssetH[],algH[],verH[])),canonVerH[],p2_3)),skH1[]),decl2_2))) may be sent on channel designCh[] at output {51}.
mess(designCh[],(pk(skH1[]),h(attemptCore(authTuple(issuerId[],fp(pk(skH1[])),ssetH[],algH[],verH[]),sign((POSS,authTuple(issuerId[],fp(pk(skH1[])),ssetH[],algH[],verH[])),skH1[]),sign((BYTES,framed(OT_ATTEST,algH[],issuerId[],fp(pk(skH1[])),h(authTuple(issuerId[],fp(pk(skH1[])),ssetH[],algH[],verH[])),canonVerH[],p2_3)),skH1[]),decl2_2)))).

40. The message (pk(skH1[]),authTuple(issuerId[],fp(pk(skH1[])),ssetH[],algH[],verH[]),h(attemptCore(authTuple(issuerId[],fp(pk(skH1[])),ssetH[],algH[],verH[]),sign((POSS,authTuple(issuerId[],fp(pk(skH1[])),ssetH[],algH[],verH[])),skH1[]),sign((BYTES,framed(OT_ATTEST,algH[],issuerId[],fp(pk(skH1[])),h(authTuple(issuerId[],fp(pk(skH1[])),ssetH[],algH[],verH[])),canonVerH[],p2_3)),skH1[]),decl2_2))) that may be sent on channel estCh[] by 38 may be received at input {113}.
The message (pk(skH1[]),h(attemptCore(authTuple(issuerId[],fp(pk(skH1[])),ssetH[],algH[],verH[]),sign((POSS,authTuple(issuerId[],fp(pk(skH1[])),ssetH[],algH[],verH[])),skH1[]),sign((BYTES,framed(OT_ATTEST,algH[],issuerId[],fp(pk(skH1[])),h(authTuple(issuerId[],fp(pk(skH1[])),ssetH[],algH[],verH[])),canonVerH[],p2_3)),skH1[]),decl2_2))) that may be sent on channel designCh[] by 39 may be received at input {117}.
So event HonestStandingEstablished(pk(skH1[]),h(attemptCore(authTuple(issuerId[],fp(pk(skH1[])),ssetH[],algH[],verH[]),sign((POSS,authTuple(issuerId[],fp(pk(skH1[])),ssetH[],algH[],verH[])),skH1[]),sign((BYTES,framed(OT_ATTEST,algH[],issuerId[],fp(pk(skH1[])),h(authTuple(issuerId[],fp(pk(skH1[])),ssetH[],algH[],verH[])),canonVerH[],p2_3)),skH1[]),decl2_2))) may be executed at {118}.
event(HonestStandingEstablished(pk(skH1[]),h(attemptCore(authTuple(issuerId[],fp(pk(skH1[])),ssetH[],algH[],verH[]),sign((POSS,authTuple(issuerId[],fp(pk(skH1[])),ssetH[],algH[],verH[])),skH1[]),sign((BYTES,framed(OT_ATTEST,algH[],issuerId[],fp(pk(skH1[])),h(authTuple(issuerId[],fp(pk(skH1[])),ssetH[],algH[],verH[])),canonVerH[],p2_3)),skH1[]),decl2_2)))).

41. By 40, event(HonestStandingEstablished(pk(skH1[]),h(attemptCore(authTuple(issuerId[],fp(pk(skH1[])),ssetH[],algH[],verH[]),sign((POSS,authTuple(issuerId[],fp(pk(skH1[])),ssetH[],algH[],verH[])),skH1[]),sign((BYTES,framed(OT_ATTEST,algH[],issuerId[],fp(pk(skH1[])),h(authTuple(issuerId[],fp(pk(skH1[])),ssetH[],algH[],verH[])),canonVerH[],p2_3)),skH1[]),decl2_2)))).
The goal is reached, represented in the following fact:
event(HonestStandingEstablished(pk(skH1[]),h(attemptCore(authTuple(issuerId[],fp(pk(skH1[])),ssetH[],algH[],verH[]),sign((POSS,authTuple(issuerId[],fp(pk(skH1[])),ssetH[],algH[],verH[])),skH1[]),sign((BYTES,framed(OT_ATTEST,algH[],issuerId[],fp(pk(skH1[])),h(authTuple(issuerId[],fp(pk(skH1[])),ssetH[],algH[],verH[])),canonVerH[],p2_3)),skH1[]),decl2_2)))).


A more detailed output of the traces is available with
  set traceDisplay = long.

new skD: skey creating skD_3 at {1}

new skR: skey creating skR_3 at {2}

out(c, ~M) with ~M = pk(skD_3) at {5}

out(c, ~M_1) with ~M_1 = pk(skR_3) at {6}

out(c, ~M_2) with ~M_2 = pk(skH1) at {7}

out(c, ~M_3) with ~M_3 = pk(skH2) at {8}

out(c, authTuple(~M_4,~M_5,~M_6,~M_7,~M_8)) with ~M_4 = issuerId, ~M_5 = fp(pk(skH1)), ~M_6 = ssetH, ~M_7 = algH, ~M_8 = verH at {9}

out(c, authTuple(~M_9,~M_10,~M_11,~M_12,~M_13)) with ~M_9 = issuerId2, ~M_10 = fp(pk(skH2)), ~M_11 = ssetH, ~M_12 = algH, ~M_13 = verH at {10}

out(c, ~M_14) with ~M_14 = skD_3 at {11}

event AuthorityPublishedRepo(authTuple(issuerId,fp(pk(skH1)),ssetH,algH,verH)) at {22} in copy a

out(c, ~M_15) with ~M_15 = sign((STMT_DIGEST,h(authTuple(issuerId,fp(pk(skH1)),ssetH,algH,verH))),skR_3) at {23} in copy a

in(c, (a_1,a_2)) at {31} in copy a_3

new decl1: bitstring creating decl1_5 at {32} in copy a_3

new decl2: bitstring creating decl2_3 at {33} in copy a_3

new declT: bitstring creating declT_4 at {34} in copy a_3

event IssuerPossession(pk(skH1)) at {35} in copy a_3

event IssuerSigned(pk(skH1),framed(OT_ATTEST,algH,issuerId,fp(pk(skH1)),h(authTuple(issuerId,fp(pk(skH1)),ssetH,algH,verH)),canonVerH,a_1)) at {40} in copy a_3

out(c, (attemptCore(authTuple(~M_16,~M_17,~M_18,~M_19,~M_20),~M_21,~M_22,~M_23),framed(~M_24,~M_25,~M_26,~M_27,~M_28,~M_29,~M_30))) with ~M_16 = issuerId, ~M_17 = fp(pk(skH1)), ~M_18 = ssetH, ~M_19 = algH, ~M_20 = verH, ~M_21 = sign((POSS,authTuple(issuerId,fp(pk(skH1)),ssetH,algH,verH)),skH1), ~M_22 = sign((BYTES,framed(OT_ATTEST,algH,issuerId,fp(pk(skH1)),h(authTuple(issuerId,fp(pk(skH1)),ssetH,algH,verH)),canonVerH,a_1)),skH1), ~M_23 = decl1_5, ~M_24 = OT_ATTEST, ~M_25 = algH, ~M_26 = issuerId, ~M_27 = fp(pk(skH1)), ~M_28 = h(authTuple(issuerId,fp(pk(skH1)),ssetH,algH,verH)), ~M_29 = canonVerH, ~M_30 = a_1 at {41} in copy a_3

event IssuerSigned(pk(skH1),framed(OT_ATTEST,algH,issuerId,fp(pk(skH1)),h(authTuple(issuerId,fp(pk(skH1)),ssetH,algH,verH)),canonVerH,a_2)) at {45} in copy a_3

out(c, (attemptCore(authTuple(~M_31,~M_32,~M_33,~M_34,~M_35),~M_36,~M_37,~M_38),framed(~M_39,~M_40,~M_41,~M_42,~M_43,~M_44,~M_45))) with ~M_31 = issuerId, ~M_32 = fp(pk(skH1)), ~M_33 = ssetH, ~M_34 = algH, ~M_35 = verH, ~M_36 = sign((POSS,authTuple(issuerId,fp(pk(skH1)),ssetH,algH,verH)),skH1), ~M_37 = sign((BYTES,framed(OT_ATTEST,algH,issuerId,fp(pk(skH1)),h(authTuple(issuerId,fp(pk(skH1)),ssetH,algH,verH)),canonVerH,a_2)),skH1), ~M_38 = decl2_3, ~M_39 = OT_ATTEST, ~M_40 = algH, ~M_41 = issuerId, ~M_42 = fp(pk(skH1)), ~M_43 = h(authTuple(issuerId,fp(pk(skH1)),ssetH,algH,verH)), ~M_44 = canonVerH, ~M_45 = a_2 at {46} in copy a_3

event Designated(pk(skH1),h(attemptCore(authTuple(issuerId,fp(pk(skH1)),ssetH,algH,verH),sign((POSS,authTuple(issuerId,fp(pk(skH1)),ssetH,algH,verH)),skH1),sign((BYTES,framed(OT_ATTEST,algH,issuerId,fp(pk(skH1)),h(authTuple(issuerId,fp(pk(skH1)),ssetH,algH,verH)),canonVerH,a_2)),skH1),decl2_3))) at {49} in copy a_3

out(c, ~M_46) with ~M_46 = sign((TLR,(lineage2(entry(h(attemptCore(authTuple(issuerId,fp(pk(skH1)),ssetH,algH,verH),sign((POSS,authTuple(issuerId,fp(pk(skH1)),ssetH,algH,verH)),skH1),sign((BYTES,framed(OT_ATTEST,algH,issuerId,fp(pk(skH1)),h(authTuple(issuerId,fp(pk(skH1)),ssetH,algH,verH)),canonVerH,a_1)),skH1),decl1_5)),DISP_ABANDONED),entry(h(attemptCore(authTuple(issuerId,fp(pk(skH1)),ssetH,algH,verH),sign((POSS,authTuple(issuerId,fp(pk(skH1)),ssetH,algH,verH)),skH1),sign((BYTES,framed(OT_ATTEST,algH,issuerId,fp(pk(skH1)),h(authTuple(issuerId,fp(pk(skH1)),ssetH,algH,verH)),canonVerH,a_2)),skH1),decl2_3)),DISP_SHIPPED)),TERM_SHIPPED(h(attemptCore(authTuple(issuerId,fp(pk(skH1)),ssetH,algH,verH),sign((POSS,authTuple(issuerId,fp(pk(skH1)),ssetH,algH,verH)),skH1),sign((BYTES,framed(OT_ATTEST,algH,issuerId,fp(pk(skH1)),h(authTuple(issuerId,fp(pk(skH1)),ssetH,algH,verH)),canonVerH,a_2)),skH1),decl2_3))),declT_4)),skH1) at {52} in copy a_3

in(c, (a_4,a_5)) at {31} in copy a_6

new decl1: bitstring creating decl1_6 at {32} in copy a_6

new decl2: bitstring creating decl2_4 at {33} in copy a_6

new declT: bitstring creating declT_5 at {34} in copy a_6

event IssuerPossession(pk(skH1)) at {35} in copy a_6

event IssuerSigned(pk(skH1),framed(OT_ATTEST,algH,issuerId,fp(pk(skH1)),h(authTuple(issuerId,fp(pk(skH1)),ssetH,algH,verH)),canonVerH,a_4)) at {40} in copy a_6

out(c, (attemptCore(authTuple(~M_47,~M_48,~M_49,~M_50,~M_51),~M_52,~M_53,~M_54),framed(~M_55,~M_56,~M_57,~M_58,~M_59,~M_60,~M_61))) with ~M_47 = issuerId, ~M_48 = fp(pk(skH1)), ~M_49 = ssetH, ~M_50 = algH, ~M_51 = verH, ~M_52 = sign((POSS,authTuple(issuerId,fp(pk(skH1)),ssetH,algH,verH)),skH1), ~M_53 = sign((BYTES,framed(OT_ATTEST,algH,issuerId,fp(pk(skH1)),h(authTuple(issuerId,fp(pk(skH1)),ssetH,algH,verH)),canonVerH,a_4)),skH1), ~M_54 = decl1_6, ~M_55 = OT_ATTEST, ~M_56 = algH, ~M_57 = issuerId, ~M_58 = fp(pk(skH1)), ~M_59 = h(authTuple(issuerId,fp(pk(skH1)),ssetH,algH,verH)), ~M_60 = canonVerH, ~M_61 = a_4 at {41} in copy a_6

event IssuerSigned(pk(skH1),framed(OT_ATTEST,algH,issuerId,fp(pk(skH1)),h(authTuple(issuerId,fp(pk(skH1)),ssetH,algH,verH)),canonVerH,a_5)) at {45} in copy a_6

out(c, (attemptCore(authTuple(~M_62,~M_63,~M_64,~M_65,~M_66),~M_67,~M_68,~M_69),framed(~M_70,~M_71,~M_72,~M_73,~M_74,~M_75,~M_76))) with ~M_62 = issuerId, ~M_63 = fp(pk(skH1)), ~M_64 = ssetH, ~M_65 = algH, ~M_66 = verH, ~M_67 = sign((POSS,authTuple(issuerId,fp(pk(skH1)),ssetH,algH,verH)),skH1), ~M_68 = sign((BYTES,framed(OT_ATTEST,algH,issuerId,fp(pk(skH1)),h(authTuple(issuerId,fp(pk(skH1)),ssetH,algH,verH)),canonVerH,a_5)),skH1), ~M_69 = decl2_4, ~M_70 = OT_ATTEST, ~M_71 = algH, ~M_72 = issuerId, ~M_73 = fp(pk(skH1)), ~M_74 = h(authTuple(issuerId,fp(pk(skH1)),ssetH,algH,verH)), ~M_75 = canonVerH, ~M_76 = a_5 at {46} in copy a_6

event Designated(pk(skH1),h(attemptCore(authTuple(issuerId,fp(pk(skH1)),ssetH,algH,verH),sign((POSS,authTuple(issuerId,fp(pk(skH1)),ssetH,algH,verH)),skH1),sign((BYTES,framed(OT_ATTEST,algH,issuerId,fp(pk(skH1)),h(authTuple(issuerId,fp(pk(skH1)),ssetH,algH,verH)),canonVerH,a_5)),skH1),decl2_4))) at {49} in copy a_6

out(c, ~M_77) with ~M_77 = sign((TLR,(lineage2(entry(h(attemptCore(authTuple(issuerId,fp(pk(skH1)),ssetH,algH,verH),sign((POSS,authTuple(issuerId,fp(pk(skH1)),ssetH,algH,verH)),skH1),sign((BYTES,framed(OT_ATTEST,algH,issuerId,fp(pk(skH1)),h(authTuple(issuerId,fp(pk(skH1)),ssetH,algH,verH)),canonVerH,a_4)),skH1),decl1_6)),DISP_ABANDONED),entry(h(attemptCore(authTuple(issuerId,fp(pk(skH1)),ssetH,algH,verH),sign((POSS,authTuple(issuerId,fp(pk(skH1)),ssetH,algH,verH)),skH1),sign((BYTES,framed(OT_ATTEST,algH,issuerId,fp(pk(skH1)),h(authTuple(issuerId,fp(pk(skH1)),ssetH,algH,verH)),canonVerH,a_5)),skH1),decl2_4)),DISP_SHIPPED)),TERM_SHIPPED(h(attemptCore(authTuple(issuerId,fp(pk(skH1)),ssetH,algH,verH),sign((POSS,authTuple(issuerId,fp(pk(skH1)),ssetH,algH,verH)),skH1),sign((BYTES,framed(OT_ATTEST,algH,issuerId,fp(pk(skH1)),h(authTuple(issuerId,fp(pk(skH1)),ssetH,algH,verH)),canonVerH,a_5)),skH1),decl2_4))),declT_5)),skH1) at {52} in copy a_6

in(c, (a_7,a_4)) at {31} in copy a_8

new decl1: bitstring creating decl1_7 at {32} in copy a_8

new decl2: bitstring creating decl2_5 at {33} in copy a_8

new declT: bitstring creating declT_6 at {34} in copy a_8

event IssuerPossession(pk(skH1)) at {35} in copy a_8

event IssuerSigned(pk(skH1),framed(OT_ATTEST,algH,issuerId,fp(pk(skH1)),h(authTuple(issuerId,fp(pk(skH1)),ssetH,algH,verH)),canonVerH,a_7)) at {40} in copy a_8

out(c, (attemptCore(authTuple(~M_78,~M_79,~M_80,~M_81,~M_82),~M_83,~M_84,~M_85),framed(~M_86,~M_87,~M_88,~M_89,~M_90,~M_91,~M_92))) with ~M_78 = issuerId, ~M_79 = fp(pk(skH1)), ~M_80 = ssetH, ~M_81 = algH, ~M_82 = verH, ~M_83 = sign((POSS,authTuple(issuerId,fp(pk(skH1)),ssetH,algH,verH)),skH1), ~M_84 = sign((BYTES,framed(OT_ATTEST,algH,issuerId,fp(pk(skH1)),h(authTuple(issuerId,fp(pk(skH1)),ssetH,algH,verH)),canonVerH,a_7)),skH1), ~M_85 = decl1_7, ~M_86 = OT_ATTEST, ~M_87 = algH, ~M_88 = issuerId, ~M_89 = fp(pk(skH1)), ~M_90 = h(authTuple(issuerId,fp(pk(skH1)),ssetH,algH,verH)), ~M_91 = canonVerH, ~M_92 = a_7 at {41} in copy a_8

event IssuerSigned(pk(skH1),framed(OT_ATTEST,algH,issuerId,fp(pk(skH1)),h(authTuple(issuerId,fp(pk(skH1)),ssetH,algH,verH)),canonVerH,a_4)) at {45} in copy a_8

out(c, (attemptCore(authTuple(~M_93,~M_94,~M_95,~M_96,~M_97),~M_98,~M_99,~M_100),framed(~M_101,~M_102,~M_103,~M_104,~M_105,~M_106,~M_107))) with ~M_93 = issuerId, ~M_94 = fp(pk(skH1)), ~M_95 = ssetH, ~M_96 = algH, ~M_97 = verH, ~M_98 = sign((POSS,authTuple(issuerId,fp(pk(skH1)),ssetH,algH,verH)),skH1), ~M_99 = sign((BYTES,framed(OT_ATTEST,algH,issuerId,fp(pk(skH1)),h(authTuple(issuerId,fp(pk(skH1)),ssetH,algH,verH)),canonVerH,a_4)),skH1), ~M_100 = decl2_5, ~M_101 = OT_ATTEST, ~M_102 = algH, ~M_103 = issuerId, ~M_104 = fp(pk(skH1)), ~M_105 = h(authTuple(issuerId,fp(pk(skH1)),ssetH,algH,verH)), ~M_106 = canonVerH, ~M_107 = a_4 at {46} in copy a_8

event Designated(pk(skH1),h(attemptCore(authTuple(issuerId,fp(pk(skH1)),ssetH,algH,verH),sign((POSS,authTuple(issuerId,fp(pk(skH1)),ssetH,algH,verH)),skH1),sign((BYTES,framed(OT_ATTEST,algH,issuerId,fp(pk(skH1)),h(authTuple(issuerId,fp(pk(skH1)),ssetH,algH,verH)),canonVerH,a_4)),skH1),decl2_5))) at {49} in copy a_8

out(c, ~M_108) with ~M_108 = sign((TLR,(lineage2(entry(h(attemptCore(authTuple(issuerId,fp(pk(skH1)),ssetH,algH,verH),sign((POSS,authTuple(issuerId,fp(pk(skH1)),ssetH,algH,verH)),skH1),sign((BYTES,framed(OT_ATTEST,algH,issuerId,fp(pk(skH1)),h(authTuple(issuerId,fp(pk(skH1)),ssetH,algH,verH)),canonVerH,a_7)),skH1),decl1_7)),DISP_ABANDONED),entry(h(attemptCore(authTuple(issuerId,fp(pk(skH1)),ssetH,algH,verH),sign((POSS,authTuple(issuerId,fp(pk(skH1)),ssetH,algH,verH)),skH1),sign((BYTES,framed(OT_ATTEST,algH,issuerId,fp(pk(skH1)),h(authTuple(issuerId,fp(pk(skH1)),ssetH,algH,verH)),canonVerH,a_4)),skH1),decl2_5)),DISP_SHIPPED)),TERM_SHIPPED(h(attemptCore(authTuple(issuerId,fp(pk(skH1)),ssetH,algH,verH),sign((POSS,authTuple(issuerId,fp(pk(skH1)),ssetH,algH,verH)),skH1),sign((BYTES,framed(OT_ATTEST,algH,issuerId,fp(pk(skH1)),h(authTuple(issuerId,fp(pk(skH1)),ssetH,algH,verH)),canonVerH,a_4)),skH1),decl2_5))),declT_6)),skH1) at {52} in copy a_8

in(c, (authTuple(issuerId,fp(~M_2),ssetH,algH,verH),sign((STMT_DIGEST,h(authTuple(issuerId,fp(~M_2),ssetH,algH,verH))),~M_14),~M_15,~M_2,attemptCore(authTuple(issuerId,fp(~M_2),ssetH,algH,verH),~M_21,~M_53,~M_100),a_9,withTLR(~M_2,~M_108,anchorProof(h(~M_108))))) with fp(~M_2) = fp(pk(skH1)), sign((STMT_DIGEST,h(authTuple(issuerId,fp(~M_2),ssetH,algH,verH))),~M_14) = sign((STMT_DIGEST,h(authTuple(issuerId,fp(pk(skH1)),ssetH,algH,verH))),skD_3), ~M_15 = sign((STMT_DIGEST,h(authTuple(issuerId,fp(pk(skH1)),ssetH,algH,verH))),skR_3), ~M_2 = pk(skH1), fp(~M_2) = fp(pk(skH1)), ~M_21 = sign((POSS,authTuple(issuerId,fp(pk(skH1)),ssetH,algH,verH)),skH1), ~M_53 = sign((BYTES,framed(OT_ATTEST,algH,issuerId,fp(pk(skH1)),h(authTuple(issuerId,fp(pk(skH1)),ssetH,algH,verH)),canonVerH,a_4)),skH1), ~M_100 = decl2_5, ~M_2 = pk(skH1), ~M_108 = sign((TLR,(lineage2(entry(h(attemptCore(authTuple(issuerId,fp(pk(skH1)),ssetH,algH,verH),sign((POSS,authTuple(issuerId,fp(pk(skH1)),ssetH,algH,verH)),skH1),sign((BYTES,framed(OT_ATTEST,algH,issuerId,fp(pk(skH1)),h(authTuple(issuerId,fp(pk(skH1)),ssetH,algH,verH)),canonVerH,a_7)),skH1),decl1_7)),DISP_ABANDONED),entry(h(attemptCore(authTuple(issuerId,fp(pk(skH1)),ssetH,algH,verH),sign((POSS,authTuple(issuerId,fp(pk(skH1)),ssetH,algH,verH)),skH1),sign((BYTES,framed(OT_ATTEST,algH,issuerId,fp(pk(skH1)),h(authTuple(issuerId,fp(pk(skH1)),ssetH,algH,verH)),canonVerH,a_4)),skH1),decl2_5)),DISP_SHIPPED)),TERM_SHIPPED(h(attemptCore(authTuple(issuerId,fp(pk(skH1)),ssetH,algH,verH),sign((POSS,authTuple(issuerId,fp(pk(skH1)),ssetH,algH,verH)),skH1),sign((BYTES,framed(OT_ATTEST,algH,issuerId,fp(pk(skH1)),h(authTuple(issuerId,fp(pk(skH1)),ssetH,algH,verH)),canonVerH,a_4)),skH1),decl2_5))),declT_6)),skH1), h(~M_108) = h(sign((TLR,(lineage2(entry(h(attemptCore(authTuple(issuerId,fp(pk(skH1)),ssetH,algH,verH),sign((POSS,authTuple(issuerId,fp(pk(skH1)),ssetH,algH,verH)),skH1),sign((BYTES,framed(OT_ATTEST,algH,issuerId,fp(pk(skH1)),h(authTuple(issuerId,fp(pk(skH1)),ssetH,algH,verH)),canonVerH,a_7)),skH1),decl1_7)),DISP_ABANDONED),entry(h(attemptCore(authTuple(issuerId,fp(pk(skH1)),ssetH,algH,verH),sign((POSS,authTuple(issuerId,fp(pk(skH1)),ssetH,algH,verH)),skH1),sign((BYTES,framed(OT_ATTEST,algH,issuerId,fp(pk(skH1)),h(authTuple(issuerId,fp(pk(skH1)),ssetH,algH,verH)),canonVerH,a_4)),skH1),decl2_5)),DISP_SHIPPED)),TERM_SHIPPED(h(attemptCore(authTuple(issuerId,fp(pk(skH1)),ssetH,algH,verH),sign((POSS,authTuple(issuerId,fp(pk(skH1)),ssetH,algH,verH)),skH1),sign((BYTES,framed(OT_ATTEST,algH,issuerId,fp(pk(skH1)),h(authTuple(issuerId,fp(pk(skH1)),ssetH,algH,verH)),canonVerH,a_4)),skH1),decl2_5))),declT_6)),skH1)) at {77} in copy a_10

event Established(pk(skH1),authTuple(issuerId,fp(pk(skH1)),ssetH,algH,verH),h(attemptCore(authTuple(issuerId,fp(pk(skH1)),ssetH,algH,verH),sign((POSS,authTuple(issuerId,fp(pk(skH1)),ssetH,algH,verH)),skH1),sign((BYTES,framed(OT_ATTEST,algH,issuerId,fp(pk(skH1)),h(authTuple(issuerId,fp(pk(skH1)),ssetH,algH,verH)),canonVerH,a_4)),skH1),decl2_5))) at {91} in copy a_10

event StandingReport(ESTABLISHED,TERMINAL_DISPOSITION_SHOWN,pk(skH1),authTuple(issuerId,fp(pk(skH1)),ssetH,algH,verH),h(attemptCore(authTuple(issuerId,fp(pk(skH1)),ssetH,algH,verH),sign((POSS,authTuple(issuerId,fp(pk(skH1)),ssetH,algH,verH)),skH1),sign((BYTES,framed(OT_ATTEST,algH,issuerId,fp(pk(skH1)),h(authTuple(issuerId,fp(pk(skH1)),ssetH,algH,verH)),canonVerH,a_4)),skH1),decl2_5))) at {92} in copy a_10

out(estCh, (pk(skH1),authTuple(issuerId,fp(pk(skH1)),ssetH,algH,verH),h(attemptCore(authTuple(issuerId,fp(pk(skH1)),ssetH,algH,verH),sign((POSS,authTuple(issuerId,fp(pk(skH1)),ssetH,algH,verH)),skH1),sign((BYTES,framed(OT_ATTEST,algH,issuerId,fp(pk(skH1)),h(authTuple(issuerId,fp(pk(skH1)),ssetH,algH,verH)),canonVerH,a_4)),skH1),decl2_5)))) at {93} in copy a_10 received at {113} in copy a_11

out(designCh, (pk(skH1),h(attemptCore(authTuple(issuerId,fp(pk(skH1)),ssetH,algH,verH),sign((POSS,authTuple(issuerId,fp(pk(skH1)),ssetH,algH,verH)),skH1),sign((BYTES,framed(OT_ATTEST,algH,issuerId,fp(pk(skH1)),h(authTuple(issuerId,fp(pk(skH1)),ssetH,algH,verH)),canonVerH,a_4)),skH1),decl2_5)))) at {51} in copy a_8 received at {117} in copy a_11

event HonestStandingEstablished(pk(skH1),h(attemptCore(authTuple(issuerId,fp(pk(skH1)),ssetH,algH,verH),sign((POSS,authTuple(issuerId,fp(pk(skH1)),ssetH,algH,verH)),skH1),sign((BYTES,framed(OT_ATTEST,algH,issuerId,fp(pk(skH1)),h(authTuple(issuerId,fp(pk(skH1)),ssetH,algH,verH)),canonVerH,a_4)),skH1),decl2_5))) at {118} in copy a_11 (goal)

The event HonestStandingEstablished(pk(skH1),h(attemptCore(authTuple(issuerId,fp(pk(skH1)),ssetH,algH,verH),sign((POSS,authTuple(issuerId,fp(pk(skH1)),ssetH,algH,verH)),skH1),sign((BYTES,framed(OT_ATTEST,algH,issuerId,fp(pk(skH1)),h(authTuple(issuerId,fp(pk(skH1)),ssetH,algH,verH)),canonVerH,a_4)),skH1),decl2_5))) is executed at {118} in copy a_11.
A trace has been found.
RESULT not event(HonestStandingEstablished(k,aid_2)) is false.
-- Query not event(StandingReport(ESTABLISHED,TERMINAL_DISPOSITION_SHOWN,k,t_3,a)) in process 1.
Translating the process into Horn clauses...
Completing...
200 rules inserted. Base: 159 rules (85 with conclusion selected). Queue: 40 rules.
400 rules inserted. Base: 201 rules (92 with conclusion selected). Queue: 48 rules.
Starting query not event(StandingReport(ESTABLISHED,TERMINAL_DISPOSITION_SHOWN,k,t_3,a))
goal reachable: attacker(p1_3) && attacker(p2_3) -> event(StandingReport(ESTABLISHED,TERMINAL_DISPOSITION_SHOWN,pk(skH2[]),authTuple(issuerId2[],fp(pk(skH2[])),ssetH[],algH[],verH[]),h(attemptCore(authTuple(issuerId2[],fp(pk(skH2[])),ssetH[],algH[],verH[]),sign((POSS,authTuple(issuerId2[],fp(pk(skH2[])),ssetH[],algH[],verH[])),skH2[]),sign((BYTES,framed(OT_ATTEST,algH[],issuerId2[],fp(pk(skH2[])),h(authTuple(issuerId2[],fp(pk(skH2[])),ssetH[],algH[],verH[])),canonVerH[],p2_3)),skH2[]),decl2_2))))
Abbreviations:
decl2_2 = decl2_1[p2_1 = p2_3,p1_1 = p1_3,!1 = @sid]

Derivation:
Abbreviations:
decl2_2 = decl2_1[p2_1 = p2_3,p1_1 = p1_3,!1 = @sid]
decl1_2 = decl1_1[p2_1 = p2_3,p1_1 = p1_3,!1 = @sid]
declT_3 = declT_1[p2_1 = p2_3,p1_1 = p1_3,!1 = @sid]
decl1_3 = decl1_1[p2_1 = p2_4,p1_1 = p1_4,!1 = @sid_1]
decl1_4 = decl1_1[p2_1 = p2_5,p1_1 = p2_3,!1 = @sid_2]

1. We assume as hypothesis that
attacker(p2_3).

2. We assume as hypothesis that
attacker(p1_3).

3. By 2, the attacker may know p1_3.
By 1, the attacker may know p2_3.
Using the function 2-tuple the attacker may obtain (p1_3,p2_3).
attacker((p1_3,p2_3)).

4. The message (p1_3,p2_3) that the attacker may have by 3 may be received at input {56}.
So the message sign((TLR,(lineage2(entry(h(attemptCore(authTuple(issuerId2[],fp(pk(skH2[])),ssetH[],algH[],verH[]),sign((POSS,authTuple(issuerId2[],fp(pk(skH2[])),ssetH[],algH[],verH[])),skH2[]),sign((BYTES,framed(OT_ATTEST,algH[],issuerId2[],fp(pk(skH2[])),h(authTuple(issuerId2[],fp(pk(skH2[])),ssetH[],algH[],verH[])),canonVerH[],p1_3)),skH2[]),decl1_2)),DISP_ABANDONED),entry(h(attemptCore(authTuple(issuerId2[],fp(pk(skH2[])),ssetH[],algH[],verH[]),sign((POSS,authTuple(issuerId2[],fp(pk(skH2[])),ssetH[],algH[],verH[])),skH2[]),sign((BYTES,framed(OT_ATTEST,algH[],issuerId2[],fp(pk(skH2[])),h(authTuple(issuerId2[],fp(pk(skH2[])),ssetH[],algH[],verH[])),canonVerH[],p2_3)),skH2[]),decl2_2)),DISP_ABANDONED)),TERM_REFUSED,declT_3)),skH2[]) may be sent to the attacker at output {73}.
attacker(sign((TLR,(lineage2(entry(h(attemptCore(authTuple(issuerId2[],fp(pk(skH2[])),ssetH[],algH[],verH[]),sign((POSS,authTuple(issuerId2[],fp(pk(skH2[])),ssetH[],algH[],verH[])),skH2[]),sign((BYTES,framed(OT_ATTEST,algH[],issuerId2[],fp(pk(skH2[])),h(authTuple(issuerId2[],fp(pk(skH2[])),ssetH[],algH[],verH[])),canonVerH[],p1_3)),skH2[]),decl1_2)),DISP_ABANDONED),entry(h(attemptCore(authTuple(issuerId2[],fp(pk(skH2[])),ssetH[],algH[],verH[]),sign((POSS,authTuple(issuerId2[],fp(pk(skH2[])),ssetH[],algH[],verH[])),skH2[]),sign((BYTES,framed(OT_ATTEST,algH[],issuerId2[],fp(pk(skH2[])),h(authTuple(issuerId2[],fp(pk(skH2[])),ssetH[],algH[],verH[])),canonVerH[],p2_3)),skH2[]),decl2_2)),DISP_ABANDONED)),TERM_REFUSED,declT_3)),skH2[])).

5. By 4, the attacker may know sign((TLR,(lineage2(entry(h(attemptCore(authTuple(issuerId2[],fp(pk(skH2[])),ssetH[],algH[],verH[]),sign((POSS,authTuple(issuerId2[],fp(pk(skH2[])),ssetH[],algH[],verH[])),skH2[]),sign((BYTES,framed(OT_ATTEST,algH[],issuerId2[],fp(pk(skH2[])),h(authTuple(issuerId2[],fp(pk(skH2[])),ssetH[],algH[],verH[])),canonVerH[],p1_3)),skH2[]),decl1_2)),DISP_ABANDONED),entry(h(attemptCore(authTuple(issuerId2[],fp(pk(skH2[])),ssetH[],algH[],verH[]),sign((POSS,authTuple(issuerId2[],fp(pk(skH2[])),ssetH[],algH[],verH[])),skH2[]),sign((BYTES,framed(OT_ATTEST,algH[],issuerId2[],fp(pk(skH2[])),h(authTuple(issuerId2[],fp(pk(skH2[])),ssetH[],algH[],verH[])),canonVerH[],p2_3)),skH2[]),decl2_2)),DISP_ABANDONED)),TERM_REFUSED,declT_3)),skH2[]).
Using the function h the attacker may obtain h(sign((TLR,(lineage2(entry(h(attemptCore(authTuple(issuerId2[],fp(pk(skH2[])),ssetH[],algH[],verH[]),sign((POSS,authTuple(issuerId2[],fp(pk(skH2[])),ssetH[],algH[],verH[])),skH2[]),sign((BYTES,framed(OT_ATTEST,algH[],issuerId2[],fp(pk(skH2[])),h(authTuple(issuerId2[],fp(pk(skH2[])),ssetH[],algH[],verH[])),canonVerH[],p1_3)),skH2[]),decl1_2)),DISP_ABANDONED),entry(h(attemptCore(authTuple(issuerId2[],fp(pk(skH2[])),ssetH[],algH[],verH[]),sign((POSS,authTuple(issuerId2[],fp(pk(skH2[])),ssetH[],algH[],verH[])),skH2[]),sign((BYTES,framed(OT_ATTEST,algH[],issuerId2[],fp(pk(skH2[])),h(authTuple(issuerId2[],fp(pk(skH2[])),ssetH[],algH[],verH[])),canonVerH[],p2_3)),skH2[]),decl2_2)),DISP_ABANDONED)),TERM_REFUSED,declT_3)),skH2[])).
attacker(h(sign((TLR,(lineage2(entry(h(attemptCore(authTuple(issuerId2[],fp(pk(skH2[])),ssetH[],algH[],verH[]),sign((POSS,authTuple(issuerId2[],fp(pk(skH2[])),ssetH[],algH[],verH[])),skH2[]),sign((BYTES,framed(OT_ATTEST,algH[],issuerId2[],fp(pk(skH2[])),h(authTuple(issuerId2[],fp(pk(skH2[])),ssetH[],algH[],verH[])),canonVerH[],p1_3)),skH2[]),decl1_2)),DISP_ABANDONED),entry(h(attemptCore(authTuple(issuerId2[],fp(pk(skH2[])),ssetH[],algH[],verH[]),sign((POSS,authTuple(issuerId2[],fp(pk(skH2[])),ssetH[],algH[],verH[])),skH2[]),sign((BYTES,framed(OT_ATTEST,algH[],issuerId2[],fp(pk(skH2[])),h(authTuple(issuerId2[],fp(pk(skH2[])),ssetH[],algH[],verH[])),canonVerH[],p2_3)),skH2[]),decl2_2)),DISP_ABANDONED)),TERM_REFUSED,declT_3)),skH2[]))).

6. By 5, the attacker may know h(sign((TLR,(lineage2(entry(h(attemptCore(authTuple(issuerId2[],fp(pk(skH2[])),ssetH[],algH[],verH[]),sign((POSS,authTuple(issuerId2[],fp(pk(skH2[])),ssetH[],algH[],verH[])),skH2[]),sign((BYTES,framed(OT_ATTEST,algH[],issuerId2[],fp(pk(skH2[])),h(authTuple(issuerId2[],fp(pk(skH2[])),ssetH[],algH[],verH[])),canonVerH[],p1_3)),skH2[]),decl1_2)),DISP_ABANDONED),entry(h(attemptCore(authTuple(issuerId2[],fp(pk(skH2[])),ssetH[],algH[],verH[]),sign((POSS,authTuple(issuerId2[],fp(pk(skH2[])),ssetH[],algH[],verH[])),skH2[]),sign((BYTES,framed(OT_ATTEST,algH[],issuerId2[],fp(pk(skH2[])),h(authTuple(issuerId2[],fp(pk(skH2[])),ssetH[],algH[],verH[])),canonVerH[],p2_3)),skH2[]),decl2_2)),DISP_ABANDONED)),TERM_REFUSED,declT_3)),skH2[])).
Using the function anchorProof the attacker may obtain anchorProof(h(sign((TLR,(lineage2(entry(h(attemptCore(authTuple(issuerId2[],fp(pk(skH2[])),ssetH[],algH[],verH[]),sign((POSS,authTuple(issuerId2[],fp(pk(skH2[])),ssetH[],algH[],verH[])),skH2[]),sign((BYTES,framed(OT_ATTEST,algH[],issuerId2[],fp(pk(skH2[])),h(authTuple(issuerId2[],fp(pk(skH2[])),ssetH[],algH[],verH[])),canonVerH[],p1_3)),skH2[]),decl1_2)),DISP_ABANDONED),entry(h(attemptCore(authTuple(issuerId2[],fp(pk(skH2[])),ssetH[],algH[],verH[]),sign((POSS,authTuple(issuerId2[],fp(pk(skH2[])),ssetH[],algH[],verH[])),skH2[]),sign((BYTES,framed(OT_ATTEST,algH[],issuerId2[],fp(pk(skH2[])),h(authTuple(issuerId2[],fp(pk(skH2[])),ssetH[],algH[],verH[])),canonVerH[],p2_3)),skH2[]),decl2_2)),DISP_ABANDONED)),TERM_REFUSED,declT_3)),skH2[]))).
attacker(anchorProof(h(sign((TLR,(lineage2(entry(h(attemptCore(authTuple(issuerId2[],fp(pk(skH2[])),ssetH[],algH[],verH[]),sign((POSS,authTuple(issuerId2[],fp(pk(skH2[])),ssetH[],algH[],verH[])),skH2[]),sign((BYTES,framed(OT_ATTEST,algH[],issuerId2[],fp(pk(skH2[])),h(authTuple(issuerId2[],fp(pk(skH2[])),ssetH[],algH[],verH[])),canonVerH[],p1_3)),skH2[]),decl1_2)),DISP_ABANDONED),entry(h(attemptCore(authTuple(issuerId2[],fp(pk(skH2[])),ssetH[],algH[],verH[]),sign((POSS,authTuple(issuerId2[],fp(pk(skH2[])),ssetH[],algH[],verH[])),skH2[]),sign((BYTES,framed(OT_ATTEST,algH[],issuerId2[],fp(pk(skH2[])),h(authTuple(issuerId2[],fp(pk(skH2[])),ssetH[],algH[],verH[])),canonVerH[],p2_3)),skH2[]),decl2_2)),DISP_ABANDONED)),TERM_REFUSED,declT_3)),skH2[])))).

7. The message pk(skH2[]) may be sent to the attacker at output {8}.
attacker(pk(skH2[])).

8. By 7, the attacker may know pk(skH2[]).
By 4, the attacker may know sign((TLR,(lineage2(entry(h(attemptCore(authTuple(issuerId2[],fp(pk(skH2[])),ssetH[],algH[],verH[]),sign((POSS,authTuple(issuerId2[],fp(pk(skH2[])),ssetH[],algH[],verH[])),skH2[]),sign((BYTES,framed(OT_ATTEST,algH[],issuerId2[],fp(pk(skH2[])),h(authTuple(issuerId2[],fp(pk(skH2[])),ssetH[],algH[],verH[])),canonVerH[],p1_3)),skH2[]),decl1_2)),DISP_ABANDONED),entry(h(attemptCore(authTuple(issuerId2[],fp(pk(skH2[])),ssetH[],algH[],verH[]),sign((POSS,authTuple(issuerId2[],fp(pk(skH2[])),ssetH[],algH[],verH[])),skH2[]),sign((BYTES,framed(OT_ATTEST,algH[],issuerId2[],fp(pk(skH2[])),h(authTuple(issuerId2[],fp(pk(skH2[])),ssetH[],algH[],verH[])),canonVerH[],p2_3)),skH2[]),decl2_2)),DISP_ABANDONED)),TERM_REFUSED,declT_3)),skH2[]).
By 6, the attacker may know anchorProof(h(sign((TLR,(lineage2(entry(h(attemptCore(authTuple(issuerId2[],fp(pk(skH2[])),ssetH[],algH[],verH[]),sign((POSS,authTuple(issuerId2[],fp(pk(skH2[])),ssetH[],algH[],verH[])),skH2[]),sign((BYTES,framed(OT_ATTEST,algH[],issuerId2[],fp(pk(skH2[])),h(authTuple(issuerId2[],fp(pk(skH2[])),ssetH[],algH[],verH[])),canonVerH[],p1_3)),skH2[]),decl1_2)),DISP_ABANDONED),entry(h(attemptCore(authTuple(issuerId2[],fp(pk(skH2[])),ssetH[],algH[],verH[]),sign((POSS,authTuple(issuerId2[],fp(pk(skH2[])),ssetH[],algH[],verH[])),skH2[]),sign((BYTES,framed(OT_ATTEST,algH[],issuerId2[],fp(pk(skH2[])),h(authTuple(issuerId2[],fp(pk(skH2[])),ssetH[],algH[],verH[])),canonVerH[],p2_3)),skH2[]),decl2_2)),DISP_ABANDONED)),TERM_REFUSED,declT_3)),skH2[]))).
Using the function withTLR the attacker may obtain withTLR(pk(skH2[]),sign((TLR,(lineage2(entry(h(attemptCore(authTuple(issuerId2[],fp(pk(skH2[])),ssetH[],algH[],verH[]),sign((POSS,authTuple(issuerId2[],fp(pk(skH2[])),ssetH[],algH[],verH[])),skH2[]),sign((BYTES,framed(OT_ATTEST,algH[],issuerId2[],fp(pk(skH2[])),h(authTuple(issuerId2[],fp(pk(skH2[])),ssetH[],algH[],verH[])),canonVerH[],p1_3)),skH2[]),decl1_2)),DISP_ABANDONED),entry(h(attemptCore(authTuple(issuerId2[],fp(pk(skH2[])),ssetH[],algH[],verH[]),sign((POSS,authTuple(issuerId2[],fp(pk(skH2[])),ssetH[],algH[],verH[])),skH2[]),sign((BYTES,framed(OT_ATTEST,algH[],issuerId2[],fp(pk(skH2[])),h(authTuple(issuerId2[],fp(pk(skH2[])),ssetH[],algH[],verH[])),canonVerH[],p2_3)),skH2[]),decl2_2)),DISP_ABANDONED)),TERM_REFUSED,declT_3)),skH2[]),anchorProof(h(sign((TLR,(lineage2(entry(h(attemptCore(authTuple(issuerId2[],fp(pk(skH2[])),ssetH[],algH[],verH[]),sign((POSS,authTuple(issuerId2[],fp(pk(skH2[])),ssetH[],algH[],verH[])),skH2[]),sign((BYTES,framed(OT_ATTEST,algH[],issuerId2[],fp(pk(skH2[])),h(authTuple(issuerId2[],fp(pk(skH2[])),ssetH[],algH[],verH[])),canonVerH[],p1_3)),skH2[]),decl1_2)),DISP_ABANDONED),entry(h(attemptCore(authTuple(issuerId2[],fp(pk(skH2[])),ssetH[],algH[],verH[]),sign((POSS,authTuple(issuerId2[],fp(pk(skH2[])),ssetH[],algH[],verH[])),skH2[]),sign((BYTES,framed(OT_ATTEST,algH[],issuerId2[],fp(pk(skH2[])),h(authTuple(issuerId2[],fp(pk(skH2[])),ssetH[],algH[],verH[])),canonVerH[],p2_3)),skH2[]),decl2_2)),DISP_ABANDONED)),TERM_REFUSED,declT_3)),skH2[])))).
attacker(withTLR(pk(skH2[]),sign((TLR,(lineage2(entry(h(attemptCore(authTuple(issuerId2[],fp(pk(skH2[])),ssetH[],algH[],verH[]),sign((POSS,authTuple(issuerId2[],fp(pk(skH2[])),ssetH[],algH[],verH[])),skH2[]),sign((BYTES,framed(OT_ATTEST,algH[],issuerId2[],fp(pk(skH2[])),h(authTuple(issuerId2[],fp(pk(skH2[])),ssetH[],algH[],verH[])),canonVerH[],p1_3)),skH2[]),decl1_2)),DISP_ABANDONED),entry(h(attemptCore(authTuple(issuerId2[],fp(pk(skH2[])),ssetH[],algH[],verH[]),sign((POSS,authTuple(issuerId2[],fp(pk(skH2[])),ssetH[],algH[],verH[])),skH2[]),sign((BYTES,framed(OT_ATTEST,algH[],issuerId2[],fp(pk(skH2[])),h(authTuple(issuerId2[],fp(pk(skH2[])),ssetH[],algH[],verH[])),canonVerH[],p2_3)),skH2[]),decl2_2)),DISP_ABANDONED)),TERM_REFUSED,declT_3)),skH2[]),anchorProof(h(sign((TLR,(lineage2(entry(h(attemptCore(authTuple(issuerId2[],fp(pk(skH2[])),ssetH[],algH[],verH[]),sign((POSS,authTuple(issuerId2[],fp(pk(skH2[])),ssetH[],algH[],verH[])),skH2[]),sign((BYTES,framed(OT_ATTEST,algH[],issuerId2[],fp(pk(skH2[])),h(authTuple(issuerId2[],fp(pk(skH2[])),ssetH[],algH[],verH[])),canonVerH[],p1_3)),skH2[]),decl1_2)),DISP_ABANDONED),entry(h(attemptCore(authTuple(issuerId2[],fp(pk(skH2[])),ssetH[],algH[],verH[]),sign((POSS,authTuple(issuerId2[],fp(pk(skH2[])),ssetH[],algH[],verH[])),skH2[]),sign((BYTES,framed(OT_ATTEST,algH[],issuerId2[],fp(pk(skH2[])),h(authTuple(issuerId2[],fp(pk(skH2[])),ssetH[],algH[],verH[])),canonVerH[],p2_3)),skH2[]),decl2_2)),DISP_ABANDONED)),TERM_REFUSED,declT_3)),skH2[]))))).

9. The attacker has some term fb_2.
attacker(fb_2).

10. The message (p1_3,p2_3) that the attacker may have by 3 may be received at input {56}.
So the message (attemptCore(authTuple(issuerId2[],fp(pk(skH2[])),ssetH[],algH[],verH[]),sign((POSS,authTuple(issuerId2[],fp(pk(skH2[])),ssetH[],algH[],verH[])),skH2[]),sign((BYTES,framed(OT_ATTEST,algH[],issuerId2[],fp(pk(skH2[])),h(authTuple(issuerId2[],fp(pk(skH2[])),ssetH[],algH[],verH[])),canonVerH[],p2_3)),skH2[]),decl2_2),framed(OT_ATTEST,algH[],issuerId2[],fp(pk(skH2[])),h(authTuple(issuerId2[],fp(pk(skH2[])),ssetH[],algH[],verH[])),canonVerH[],p2_3)) may be sent to the attacker at output {71}.
attacker((attemptCore(authTuple(issuerId2[],fp(pk(skH2[])),ssetH[],algH[],verH[]),sign((POSS,authTuple(issuerId2[],fp(pk(skH2[])),ssetH[],algH[],verH[])),skH2[]),sign((BYTES,framed(OT_ATTEST,algH[],issuerId2[],fp(pk(skH2[])),h(authTuple(issuerId2[],fp(pk(skH2[])),ssetH[],algH[],verH[])),canonVerH[],p2_3)),skH2[]),decl2_2),framed(OT_ATTEST,algH[],issuerId2[],fp(pk(skH2[])),h(authTuple(issuerId2[],fp(pk(skH2[])),ssetH[],algH[],verH[])),canonVerH[],p2_3))).

11. By 10, the attacker may know (attemptCore(authTuple(issuerId2[],fp(pk(skH2[])),ssetH[],algH[],verH[]),sign((POSS,authTuple(issuerId2[],fp(pk(skH2[])),ssetH[],algH[],verH[])),skH2[]),sign((BYTES,framed(OT_ATTEST,algH[],issuerId2[],fp(pk(skH2[])),h(authTuple(issuerId2[],fp(pk(skH2[])),ssetH[],algH[],verH[])),canonVerH[],p2_3)),skH2[]),decl2_2),framed(OT_ATTEST,algH[],issuerId2[],fp(pk(skH2[])),h(authTuple(issuerId2[],fp(pk(skH2[])),ssetH[],algH[],verH[])),canonVerH[],p2_3)).
Using the function 1-proj-2-tuple the attacker may obtain attemptCore(authTuple(issuerId2[],fp(pk(skH2[])),ssetH[],algH[],verH[]),sign((POSS,authTuple(issuerId2[],fp(pk(skH2[])),ssetH[],algH[],verH[])),skH2[]),sign((BYTES,framed(OT_ATTEST,algH[],issuerId2[],fp(pk(skH2[])),h(authTuple(issuerId2[],fp(pk(skH2[])),ssetH[],algH[],verH[])),canonVerH[],p2_3)),skH2[]),decl2_2).
attacker(attemptCore(authTuple(issuerId2[],fp(pk(skH2[])),ssetH[],algH[],verH[]),sign((POSS,authTuple(issuerId2[],fp(pk(skH2[])),ssetH[],algH[],verH[])),skH2[]),sign((BYTES,framed(OT_ATTEST,algH[],issuerId2[],fp(pk(skH2[])),h(authTuple(issuerId2[],fp(pk(skH2[])),ssetH[],algH[],verH[])),canonVerH[],p2_3)),skH2[]),decl2_2)).

12. By 11, the attacker may know attemptCore(authTuple(issuerId2[],fp(pk(skH2[])),ssetH[],algH[],verH[]),sign((POSS,authTuple(issuerId2[],fp(pk(skH2[])),ssetH[],algH[],verH[])),skH2[]),sign((BYTES,framed(OT_ATTEST,algH[],issuerId2[],fp(pk(skH2[])),h(authTuple(issuerId2[],fp(pk(skH2[])),ssetH[],algH[],verH[])),canonVerH[],p2_3)),skH2[]),decl2_2).
Using the function 4-proj-attemptCore the attacker may obtain decl2_2.
attacker(decl2_2).

13. The attacker has some term p2_5.
attacker(p2_5).

14. By 1, the attacker may know p2_3.
By 13, the attacker may know p2_5.
Using the function 2-tuple the attacker may obtain (p2_3,p2_5).
attacker((p2_3,p2_5)).

15. The message (p2_3,p2_5) that the attacker may have by 14 may be received at input {56}.
So the message (attemptCore(authTuple(issuerId2[],fp(pk(skH2[])),ssetH[],algH[],verH[]),sign((POSS,authTuple(issuerId2[],fp(pk(skH2[])),ssetH[],algH[],verH[])),skH2[]),sign((BYTES,framed(OT_ATTEST,algH[],issuerId2[],fp(pk(skH2[])),h(authTuple(issuerId2[],fp(pk(skH2[])),ssetH[],algH[],verH[])),canonVerH[],p2_3)),skH2[]),decl1_4),framed(OT_ATTEST,algH[],issuerId2[],fp(pk(skH2[])),h(authTuple(issuerId2[],fp(pk(skH2[])),ssetH[],algH[],verH[])),canonVerH[],p2_3)) may be sent to the attacker at output {66}.
attacker((attemptCore(authTuple(issuerId2[],fp(pk(skH2[])),ssetH[],algH[],verH[]),sign((POSS,authTuple(issuerId2[],fp(pk(skH2[])),ssetH[],algH[],verH[])),skH2[]),sign((BYTES,framed(OT_ATTEST,algH[],issuerId2[],fp(pk(skH2[])),h(authTuple(issuerId2[],fp(pk(skH2[])),ssetH[],algH[],verH[])),canonVerH[],p2_3)),skH2[]),decl1_4),framed(OT_ATTEST,algH[],issuerId2[],fp(pk(skH2[])),h(authTuple(issuerId2[],fp(pk(skH2[])),ssetH[],algH[],verH[])),canonVerH[],p2_3))).

16. By 15, the attacker may know (attemptCore(authTuple(issuerId2[],fp(pk(skH2[])),ssetH[],algH[],verH[]),sign((POSS,authTuple(issuerId2[],fp(pk(skH2[])),ssetH[],algH[],verH[])),skH2[]),sign((BYTES,framed(OT_ATTEST,algH[],issuerId2[],fp(pk(skH2[])),h(authTuple(issuerId2[],fp(pk(skH2[])),ssetH[],algH[],verH[])),canonVerH[],p2_3)),skH2[]),decl1_4),framed(OT_ATTEST,algH[],issuerId2[],fp(pk(skH2[])),h(authTuple(issuerId2[],fp(pk(skH2[])),ssetH[],algH[],verH[])),canonVerH[],p2_3)).
Using the function 1-proj-2-tuple the attacker may obtain attemptCore(authTuple(issuerId2[],fp(pk(skH2[])),ssetH[],algH[],verH[]),sign((POSS,authTuple(issuerId2[],fp(pk(skH2[])),ssetH[],algH[],verH[])),skH2[]),sign((BYTES,framed(OT_ATTEST,algH[],issuerId2[],fp(pk(skH2[])),h(authTuple(issuerId2[],fp(pk(skH2[])),ssetH[],algH[],verH[])),canonVerH[],p2_3)),skH2[]),decl1_4).
attacker(attemptCore(authTuple(issuerId2[],fp(pk(skH2[])),ssetH[],algH[],verH[]),sign((POSS,authTuple(issuerId2[],fp(pk(skH2[])),ssetH[],algH[],verH[])),skH2[]),sign((BYTES,framed(OT_ATTEST,algH[],issuerId2[],fp(pk(skH2[])),h(authTuple(issuerId2[],fp(pk(skH2[])),ssetH[],algH[],verH[])),canonVerH[],p2_3)),skH2[]),decl1_4)).

17. By 16, the attacker may know attemptCore(authTuple(issuerId2[],fp(pk(skH2[])),ssetH[],algH[],verH[]),sign((POSS,authTuple(issuerId2[],fp(pk(skH2[])),ssetH[],algH[],verH[])),skH2[]),sign((BYTES,framed(OT_ATTEST,algH[],issuerId2[],fp(pk(skH2[])),h(authTuple(issuerId2[],fp(pk(skH2[])),ssetH[],algH[],verH[])),canonVerH[],p2_3)),skH2[]),decl1_4).
Using the function 3-proj-attemptCore the attacker may obtain sign((BYTES,framed(OT_ATTEST,algH[],issuerId2[],fp(pk(skH2[])),h(authTuple(issuerId2[],fp(pk(skH2[])),ssetH[],algH[],verH[])),canonVerH[],p2_3)),skH2[]).
attacker(sign((BYTES,framed(OT_ATTEST,algH[],issuerId2[],fp(pk(skH2[])),h(authTuple(issuerId2[],fp(pk(skH2[])),ssetH[],algH[],verH[])),canonVerH[],p2_3)),skH2[])).

18. The attacker has some term p2_4.
attacker(p2_4).

19. The attacker has some term p1_4.
attacker(p1_4).

20. By 19, the attacker may know p1_4.
By 18, the attacker may know p2_4.
Using the function 2-tuple the attacker may obtain (p1_4,p2_4).
attacker((p1_4,p2_4)).

21. The message (p1_4,p2_4) that the attacker may have by 20 may be received at input {56}.
So the message (attemptCore(authTuple(issuerId2[],fp(pk(skH2[])),ssetH[],algH[],verH[]),sign((POSS,authTuple(issuerId2[],fp(pk(skH2[])),ssetH[],algH[],verH[])),skH2[]),sign((BYTES,framed(OT_ATTEST,algH[],issuerId2[],fp(pk(skH2[])),h(authTuple(issuerId2[],fp(pk(skH2[])),ssetH[],algH[],verH[])),canonVerH[],p1_4)),skH2[]),decl1_3),framed(OT_ATTEST,algH[],issuerId2[],fp(pk(skH2[])),h(authTuple(issuerId2[],fp(pk(skH2[])),ssetH[],algH[],verH[])),canonVerH[],p1_4)) may be sent to the attacker at output {66}.
attacker((attemptCore(authTuple(issuerId2[],fp(pk(skH2[])),ssetH[],algH[],verH[]),sign((POSS,authTuple(issuerId2[],fp(pk(skH2[])),ssetH[],algH[],verH[])),skH2[]),sign((BYTES,framed(OT_ATTEST,algH[],issuerId2[],fp(pk(skH2[])),h(authTuple(issuerId2[],fp(pk(skH2[])),ssetH[],algH[],verH[])),canonVerH[],p1_4)),skH2[]),decl1_3),framed(OT_ATTEST,algH[],issuerId2[],fp(pk(skH2[])),h(authTuple(issuerId2[],fp(pk(skH2[])),ssetH[],algH[],verH[])),canonVerH[],p1_4))).

22. By 21, the attacker may know (attemptCore(authTuple(issuerId2[],fp(pk(skH2[])),ssetH[],algH[],verH[]),sign((POSS,authTuple(issuerId2[],fp(pk(skH2[])),ssetH[],algH[],verH[])),skH2[]),sign((BYTES,framed(OT_ATTEST,algH[],issuerId2[],fp(pk(skH2[])),h(authTuple(issuerId2[],fp(pk(skH2[])),ssetH[],algH[],verH[])),canonVerH[],p1_4)),skH2[]),decl1_3),framed(OT_ATTEST,algH[],issuerId2[],fp(pk(skH2[])),h(authTuple(issuerId2[],fp(pk(skH2[])),ssetH[],algH[],verH[])),canonVerH[],p1_4)).
Using the function 1-proj-2-tuple the attacker may obtain attemptCore(authTuple(issuerId2[],fp(pk(skH2[])),ssetH[],algH[],verH[]),sign((POSS,authTuple(issuerId2[],fp(pk(skH2[])),ssetH[],algH[],verH[])),skH2[]),sign((BYTES,framed(OT_ATTEST,algH[],issuerId2[],fp(pk(skH2[])),h(authTuple(issuerId2[],fp(pk(skH2[])),ssetH[],algH[],verH[])),canonVerH[],p1_4)),skH2[]),decl1_3).
attacker(attemptCore(authTuple(issuerId2[],fp(pk(skH2[])),ssetH[],algH[],verH[]),sign((POSS,authTuple(issuerId2[],fp(pk(skH2[])),ssetH[],algH[],verH[])),skH2[]),sign((BYTES,framed(OT_ATTEST,algH[],issuerId2[],fp(pk(skH2[])),h(authTuple(issuerId2[],fp(pk(skH2[])),ssetH[],algH[],verH[])),canonVerH[],p1_4)),skH2[]),decl1_3)).

23. By 22, the attacker may know attemptCore(authTuple(issuerId2[],fp(pk(skH2[])),ssetH[],algH[],verH[]),sign((POSS,authTuple(issuerId2[],fp(pk(skH2[])),ssetH[],algH[],verH[])),skH2[]),sign((BYTES,framed(OT_ATTEST,algH[],issuerId2[],fp(pk(skH2[])),h(authTuple(issuerId2[],fp(pk(skH2[])),ssetH[],algH[],verH[])),canonVerH[],p1_4)),skH2[]),decl1_3).
Using the function 2-proj-attemptCore the attacker may obtain sign((POSS,authTuple(issuerId2[],fp(pk(skH2[])),ssetH[],algH[],verH[])),skH2[]).
attacker(sign((POSS,authTuple(issuerId2[],fp(pk(skH2[])),ssetH[],algH[],verH[])),skH2[])).

24. The attacker initially knows verH[].
attacker(verH[]).

25. The attacker initially knows algH[].
attacker(algH[]).

26. The attacker initially knows ssetH[].
attacker(ssetH[]).

27. By 7, the attacker may know pk(skH2[]).
Using the function fp the attacker may obtain fp(pk(skH2[])).
attacker(fp(pk(skH2[]))).

28. The attacker initially knows issuerId2[].
attacker(issuerId2[]).

29. By 28, the attacker may know issuerId2[].
By 27, the attacker may know fp(pk(skH2[])).
By 26, the attacker may know ssetH[].
By 25, the attacker may know algH[].
By 24, the attacker may know verH[].
Using the function authTuple the attacker may obtain authTuple(issuerId2[],fp(pk(skH2[])),ssetH[],algH[],verH[]).
attacker(authTuple(issuerId2[],fp(pk(skH2[])),ssetH[],algH[],verH[])).

30. By 29, the attacker may know authTuple(issuerId2[],fp(pk(skH2[])),ssetH[],algH[],verH[]).
By 23, the attacker may know sign((POSS,authTuple(issuerId2[],fp(pk(skH2[])),ssetH[],algH[],verH[])),skH2[]).
By 17, the attacker may know sign((BYTES,framed(OT_ATTEST,algH[],issuerId2[],fp(pk(skH2[])),h(authTuple(issuerId2[],fp(pk(skH2[])),ssetH[],algH[],verH[])),canonVerH[],p2_3)),skH2[]).
By 12, the attacker may know decl2_2.
Using the function attemptCore the attacker may obtain attemptCore(authTuple(issuerId2[],fp(pk(skH2[])),ssetH[],algH[],verH[]),sign((POSS,authTuple(issuerId2[],fp(pk(skH2[])),ssetH[],algH[],verH[])),skH2[]),sign((BYTES,framed(OT_ATTEST,algH[],issuerId2[],fp(pk(skH2[])),h(authTuple(issuerId2[],fp(pk(skH2[])),ssetH[],algH[],verH[])),canonVerH[],p2_3)),skH2[]),decl2_2).
attacker(attemptCore(authTuple(issuerId2[],fp(pk(skH2[])),ssetH[],algH[],verH[]),sign((POSS,authTuple(issuerId2[],fp(pk(skH2[])),ssetH[],algH[],verH[])),skH2[]),sign((BYTES,framed(OT_ATTEST,algH[],issuerId2[],fp(pk(skH2[])),h(authTuple(issuerId2[],fp(pk(skH2[])),ssetH[],algH[],verH[])),canonVerH[],p2_3)),skH2[]),decl2_2)).

31. The message sign((STMT_DIGEST,h(authTuple(issuerId2[],fp(pk(skH2[])),ssetH[],algH[],verH[]))),skR[]) may be sent to the attacker at output {27}.
attacker(sign((STMT_DIGEST,h(authTuple(issuerId2[],fp(pk(skH2[])),ssetH[],algH[],verH[]))),skR[])).

32. The message skD[] may be sent to the attacker at output {11}.
attacker(skD[]).

33. By 29, the attacker may know authTuple(issuerId2[],fp(pk(skH2[])),ssetH[],algH[],verH[]).
Using the function h the attacker may obtain h(authTuple(issuerId2[],fp(pk(skH2[])),ssetH[],algH[],verH[])).
attacker(h(authTuple(issuerId2[],fp(pk(skH2[])),ssetH[],algH[],verH[]))).

34. Using the function STMT_DIGEST the attacker may obtain STMT_DIGEST.
attacker(STMT_DIGEST).

35. By 34, the attacker may know STMT_DIGEST.
By 33, the attacker may know h(authTuple(issuerId2[],fp(pk(skH2[])),ssetH[],algH[],verH[])).
Using the function 2-tuple the attacker may obtain (STMT_DIGEST,h(authTuple(issuerId2[],fp(pk(skH2[])),ssetH[],algH[],verH[]))).
attacker((STMT_DIGEST,h(authTuple(issuerId2[],fp(pk(skH2[])),ssetH[],algH[],verH[])))).

36. By 35, the attacker may know (STMT_DIGEST,h(authTuple(issuerId2[],fp(pk(skH2[])),ssetH[],algH[],verH[]))).
By 32, the attacker may know skD[].
Using the function sign the attacker may obtain sign((STMT_DIGEST,h(authTuple(issuerId2[],fp(pk(skH2[])),ssetH[],algH[],verH[]))),skD[]).
attacker(sign((STMT_DIGEST,h(authTuple(issuerId2[],fp(pk(skH2[])),ssetH[],algH[],verH[]))),skD[])).

37. By 29, the attacker may know authTuple(issuerId2[],fp(pk(skH2[])),ssetH[],algH[],verH[]).
By 36, the attacker may know sign((STMT_DIGEST,h(authTuple(issuerId2[],fp(pk(skH2[])),ssetH[],algH[],verH[]))),skD[]).
By 31, the attacker may know sign((STMT_DIGEST,h(authTuple(issuerId2[],fp(pk(skH2[])),ssetH[],algH[],verH[]))),skR[]).
By 7, the attacker may know pk(skH2[]).
By 30, the attacker may know attemptCore(authTuple(issuerId2[],fp(pk(skH2[])),ssetH[],algH[],verH[]),sign((POSS,authTuple(issuerId2[],fp(pk(skH2[])),ssetH[],algH[],verH[])),skH2[]),sign((BYTES,framed(OT_ATTEST,algH[],issuerId2[],fp(pk(skH2[])),h(authTuple(issuerId2[],fp(pk(skH2[])),ssetH[],algH[],verH[])),canonVerH[],p2_3)),skH2[]),decl2_2).
By 9, the attacker may know fb_2.
By 8, the attacker may know withTLR(pk(skH2[]),sign((TLR,(lineage2(entry(h(attemptCore(authTuple(issuerId2[],fp(pk(skH2[])),ssetH[],algH[],verH[]),sign((POSS,authTuple(issuerId2[],fp(pk(skH2[])),ssetH[],algH[],verH[])),skH2[]),sign((BYTES,framed(OT_ATTEST,algH[],issuerId2[],fp(pk(skH2[])),h(authTuple(issuerId2[],fp(pk(skH2[])),ssetH[],algH[],verH[])),canonVerH[],p1_3)),skH2[]),decl1_2)),DISP_ABANDONED),entry(h(attemptCore(authTuple(issuerId2[],fp(pk(skH2[])),ssetH[],algH[],verH[]),sign((POSS,authTuple(issuerId2[],fp(pk(skH2[])),ssetH[],algH[],verH[])),skH2[]),sign((BYTES,framed(OT_ATTEST,algH[],issuerId2[],fp(pk(skH2[])),h(authTuple(issuerId2[],fp(pk(skH2[])),ssetH[],algH[],verH[])),canonVerH[],p2_3)),skH2[]),decl2_2)),DISP_ABANDONED)),TERM_REFUSED,declT_3)),skH2[]),anchorProof(h(sign((TLR,(lineage2(entry(h(attemptCore(authTuple(issuerId2[],fp(pk(skH2[])),ssetH[],algH[],verH[]),sign((POSS,authTuple(issuerId2[],fp(pk(skH2[])),ssetH[],algH[],verH[])),skH2[]),sign((BYTES,framed(OT_ATTEST,algH[],issuerId2[],fp(pk(skH2[])),h(authTuple(issuerId2[],fp(pk(skH2[])),ssetH[],algH[],verH[])),canonVerH[],p1_3)),skH2[]),decl1_2)),DISP_ABANDONED),entry(h(attemptCore(authTuple(issuerId2[],fp(pk(skH2[])),ssetH[],algH[],verH[]),sign((POSS,authTuple(issuerId2[],fp(pk(skH2[])),ssetH[],algH[],verH[])),skH2[]),sign((BYTES,framed(OT_ATTEST,algH[],issuerId2[],fp(pk(skH2[])),h(authTuple(issuerId2[],fp(pk(skH2[])),ssetH[],algH[],verH[])),canonVerH[],p2_3)),skH2[]),decl2_2)),DISP_ABANDONED)),TERM_REFUSED,declT_3)),skH2[])))).
Using the function 7-tuple the attacker may obtain (authTuple(issuerId2[],fp(pk(skH2[])),ssetH[],algH[],verH[]),sign((STMT_DIGEST,h(authTuple(issuerId2[],fp(pk(skH2[])),ssetH[],algH[],verH[]))),skD[]),sign((STMT_DIGEST,h(authTuple(issuerId2[],fp(pk(skH2[])),ssetH[],algH[],verH[]))),skR[]),pk(skH2[]),attemptCore(authTuple(issuerId2[],fp(pk(skH2[])),ssetH[],algH[],verH[]),sign((POSS,authTuple(issuerId2[],fp(pk(skH2[])),ssetH[],algH[],verH[])),skH2[]),sign((BYTES,framed(OT_ATTEST,algH[],issuerId2[],fp(pk(skH2[])),h(authTuple(issuerId2[],fp(pk(skH2[])),ssetH[],algH[],verH[])),canonVerH[],p2_3)),skH2[]),decl2_2),fb_2,withTLR(pk(skH2[]),sign((TLR,(lineage2(entry(h(attemptCore(authTuple(issuerId2[],fp(pk(skH2[])),ssetH[],algH[],verH[]),sign((POSS,authTuple(issuerId2[],fp(pk(skH2[])),ssetH[],algH[],verH[])),skH2[]),sign((BYTES,framed(OT_ATTEST,algH[],issuerId2[],fp(pk(skH2[])),h(authTuple(issuerId2[],fp(pk(skH2[])),ssetH[],algH[],verH[])),canonVerH[],p1_3)),skH2[]),decl1_2)),DISP_ABANDONED),entry(h(attemptCore(authTuple(issuerId2[],fp(pk(skH2[])),ssetH[],algH[],verH[]),sign((POSS,authTuple(issuerId2[],fp(pk(skH2[])),ssetH[],algH[],verH[])),skH2[]),sign((BYTES,framed(OT_ATTEST,algH[],issuerId2[],fp(pk(skH2[])),h(authTuple(issuerId2[],fp(pk(skH2[])),ssetH[],algH[],verH[])),canonVerH[],p2_3)),skH2[]),decl2_2)),DISP_ABANDONED)),TERM_REFUSED,declT_3)),skH2[]),anchorProof(h(sign((TLR,(lineage2(entry(h(attemptCore(authTuple(issuerId2[],fp(pk(skH2[])),ssetH[],algH[],verH[]),sign((POSS,authTuple(issuerId2[],fp(pk(skH2[])),ssetH[],algH[],verH[])),skH2[]),sign((BYTES,framed(OT_ATTEST,algH[],issuerId2[],fp(pk(skH2[])),h(authTuple(issuerId2[],fp(pk(skH2[])),ssetH[],algH[],verH[])),canonVerH[],p1_3)),skH2[]),decl1_2)),DISP_ABANDONED),entry(h(attemptCore(authTuple(issuerId2[],fp(pk(skH2[])),ssetH[],algH[],verH[]),sign((POSS,authTuple(issuerId2[],fp(pk(skH2[])),ssetH[],algH[],verH[])),skH2[]),sign((BYTES,framed(OT_ATTEST,algH[],issuerId2[],fp(pk(skH2[])),h(authTuple(issuerId2[],fp(pk(skH2[])),ssetH[],algH[],verH[])),canonVerH[],p2_3)),skH2[]),decl2_2)),DISP_ABANDONED)),TERM_REFUSED,declT_3)),skH2[]))))).
attacker((authTuple(issuerId2[],fp(pk(skH2[])),ssetH[],algH[],verH[]),sign((STMT_DIGEST,h(authTuple(issuerId2[],fp(pk(skH2[])),ssetH[],algH[],verH[]))),skD[]),sign((STMT_DIGEST,h(authTuple(issuerId2[],fp(pk(skH2[])),ssetH[],algH[],verH[]))),skR[]),pk(skH2[]),attemptCore(authTuple(issuerId2[],fp(pk(skH2[])),ssetH[],algH[],verH[]),sign((POSS,authTuple(issuerId2[],fp(pk(skH2[])),ssetH[],algH[],verH[])),skH2[]),sign((BYTES,framed(OT_ATTEST,algH[],issuerId2[],fp(pk(skH2[])),h(authTuple(issuerId2[],fp(pk(skH2[])),ssetH[],algH[],verH[])),canonVerH[],p2_3)),skH2[]),decl2_2),fb_2,withTLR(pk(skH2[]),sign((TLR,(lineage2(entry(h(attemptCore(authTuple(issuerId2[],fp(pk(skH2[])),ssetH[],algH[],verH[]),sign((POSS,authTuple(issuerId2[],fp(pk(skH2[])),ssetH[],algH[],verH[])),skH2[]),sign((BYTES,framed(OT_ATTEST,algH[],issuerId2[],fp(pk(skH2[])),h(authTuple(issuerId2[],fp(pk(skH2[])),ssetH[],algH[],verH[])),canonVerH[],p1_3)),skH2[]),decl1_2)),DISP_ABANDONED),entry(h(attemptCore(authTuple(issuerId2[],fp(pk(skH2[])),ssetH[],algH[],verH[]),sign((POSS,authTuple(issuerId2[],fp(pk(skH2[])),ssetH[],algH[],verH[])),skH2[]),sign((BYTES,framed(OT_ATTEST,algH[],issuerId2[],fp(pk(skH2[])),h(authTuple(issuerId2[],fp(pk(skH2[])),ssetH[],algH[],verH[])),canonVerH[],p2_3)),skH2[]),decl2_2)),DISP_ABANDONED)),TERM_REFUSED,declT_3)),skH2[]),anchorProof(h(sign((TLR,(lineage2(entry(h(attemptCore(authTuple(issuerId2[],fp(pk(skH2[])),ssetH[],algH[],verH[]),sign((POSS,authTuple(issuerId2[],fp(pk(skH2[])),ssetH[],algH[],verH[])),skH2[]),sign((BYTES,framed(OT_ATTEST,algH[],issuerId2[],fp(pk(skH2[])),h(authTuple(issuerId2[],fp(pk(skH2[])),ssetH[],algH[],verH[])),canonVerH[],p1_3)),skH2[]),decl1_2)),DISP_ABANDONED),entry(h(attemptCore(authTuple(issuerId2[],fp(pk(skH2[])),ssetH[],algH[],verH[]),sign((POSS,authTuple(issuerId2[],fp(pk(skH2[])),ssetH[],algH[],verH[])),skH2[]),sign((BYTES,framed(OT_ATTEST,algH[],issuerId2[],fp(pk(skH2[])),h(authTuple(issuerId2[],fp(pk(skH2[])),ssetH[],algH[],verH[])),canonVerH[],p2_3)),skH2[]),decl2_2)),DISP_ABANDONED)),TERM_REFUSED,declT_3)),skH2[])))))).

38. The message (authTuple(issuerId2[],fp(pk(skH2[])),ssetH[],algH[],verH[]),sign((STMT_DIGEST,h(authTuple(issuerId2[],fp(pk(skH2[])),ssetH[],algH[],verH[]))),skD[]),sign((STMT_DIGEST,h(authTuple(issuerId2[],fp(pk(skH2[])),ssetH[],algH[],verH[]))),skR[]),pk(skH2[]),attemptCore(authTuple(issuerId2[],fp(pk(skH2[])),ssetH[],algH[],verH[]),sign((POSS,authTuple(issuerId2[],fp(pk(skH2[])),ssetH[],algH[],verH[])),skH2[]),sign((BYTES,framed(OT_ATTEST,algH[],issuerId2[],fp(pk(skH2[])),h(authTuple(issuerId2[],fp(pk(skH2[])),ssetH[],algH[],verH[])),canonVerH[],p2_3)),skH2[]),decl2_2),fb_2,withTLR(pk(skH2[]),sign((TLR,(lineage2(entry(h(attemptCore(authTuple(issuerId2[],fp(pk(skH2[])),ssetH[],algH[],verH[]),sign((POSS,authTuple(issuerId2[],fp(pk(skH2[])),ssetH[],algH[],verH[])),skH2[]),sign((BYTES,framed(OT_ATTEST,algH[],issuerId2[],fp(pk(skH2[])),h(authTuple(issuerId2[],fp(pk(skH2[])),ssetH[],algH[],verH[])),canonVerH[],p1_3)),skH2[]),decl1_2)),DISP_ABANDONED),entry(h(attemptCore(authTuple(issuerId2[],fp(pk(skH2[])),ssetH[],algH[],verH[]),sign((POSS,authTuple(issuerId2[],fp(pk(skH2[])),ssetH[],algH[],verH[])),skH2[]),sign((BYTES,framed(OT_ATTEST,algH[],issuerId2[],fp(pk(skH2[])),h(authTuple(issuerId2[],fp(pk(skH2[])),ssetH[],algH[],verH[])),canonVerH[],p2_3)),skH2[]),decl2_2)),DISP_ABANDONED)),TERM_REFUSED,declT_3)),skH2[]),anchorProof(h(sign((TLR,(lineage2(entry(h(attemptCore(authTuple(issuerId2[],fp(pk(skH2[])),ssetH[],algH[],verH[]),sign((POSS,authTuple(issuerId2[],fp(pk(skH2[])),ssetH[],algH[],verH[])),skH2[]),sign((BYTES,framed(OT_ATTEST,algH[],issuerId2[],fp(pk(skH2[])),h(authTuple(issuerId2[],fp(pk(skH2[])),ssetH[],algH[],verH[])),canonVerH[],p1_3)),skH2[]),decl1_2)),DISP_ABANDONED),entry(h(attemptCore(authTuple(issuerId2[],fp(pk(skH2[])),ssetH[],algH[],verH[]),sign((POSS,authTuple(issuerId2[],fp(pk(skH2[])),ssetH[],algH[],verH[])),skH2[]),sign((BYTES,framed(OT_ATTEST,algH[],issuerId2[],fp(pk(skH2[])),h(authTuple(issuerId2[],fp(pk(skH2[])),ssetH[],algH[],verH[])),canonVerH[],p2_3)),skH2[]),decl2_2)),DISP_ABANDONED)),TERM_REFUSED,declT_3)),skH2[]))))) that the attacker may have by 37 may be received at input {77}.
We have h(attemptCore(authTuple(issuerId2[],fp(pk(skH2[])),ssetH[],algH[],verH[]),sign((POSS,authTuple(issuerId2[],fp(pk(skH2[])),ssetH[],algH[],verH[])),skH2[]),sign((BYTES,framed(OT_ATTEST,algH[],issuerId2[],fp(pk(skH2[])),h(authTuple(issuerId2[],fp(pk(skH2[])),ssetH[],algH[],verH[])),canonVerH[],p1_3)),skH2[]),decl1_2)) ≠ h(attemptCore(authTuple(issuerId2[],fp(pk(skH2[])),ssetH[],algH[],verH[]),sign((POSS,authTuple(issuerId2[],fp(pk(skH2[])),ssetH[],algH[],verH[])),skH2[]),sign((BYTES,framed(OT_ATTEST,algH[],issuerId2[],fp(pk(skH2[])),h(authTuple(issuerId2[],fp(pk(skH2[])),ssetH[],algH[],verH[])),canonVerH[],p2_3)),skH2[]),decl2_2)).
So event StandingReport(ESTABLISHED,TERMINAL_DISPOSITION_SHOWN,pk(skH2[]),authTuple(issuerId2[],fp(pk(skH2[])),ssetH[],algH[],verH[]),h(attemptCore(authTuple(issuerId2[],fp(pk(skH2[])),ssetH[],algH[],verH[]),sign((POSS,authTuple(issuerId2[],fp(pk(skH2[])),ssetH[],algH[],verH[])),skH2[]),sign((BYTES,framed(OT_ATTEST,algH[],issuerId2[],fp(pk(skH2[])),h(authTuple(issuerId2[],fp(pk(skH2[])),ssetH[],algH[],verH[])),canonVerH[],p2_3)),skH2[]),decl2_2))) may be executed at {92}.
event(StandingReport(ESTABLISHED,TERMINAL_DISPOSITION_SHOWN,pk(skH2[]),authTuple(issuerId2[],fp(pk(skH2[])),ssetH[],algH[],verH[]),h(attemptCore(authTuple(issuerId2[],fp(pk(skH2[])),ssetH[],algH[],verH[]),sign((POSS,authTuple(issuerId2[],fp(pk(skH2[])),ssetH[],algH[],verH[])),skH2[]),sign((BYTES,framed(OT_ATTEST,algH[],issuerId2[],fp(pk(skH2[])),h(authTuple(issuerId2[],fp(pk(skH2[])),ssetH[],algH[],verH[])),canonVerH[],p2_3)),skH2[]),decl2_2)))).

39. By 38, event(StandingReport(ESTABLISHED,TERMINAL_DISPOSITION_SHOWN,pk(skH2[]),authTuple(issuerId2[],fp(pk(skH2[])),ssetH[],algH[],verH[]),h(attemptCore(authTuple(issuerId2[],fp(pk(skH2[])),ssetH[],algH[],verH[]),sign((POSS,authTuple(issuerId2[],fp(pk(skH2[])),ssetH[],algH[],verH[])),skH2[]),sign((BYTES,framed(OT_ATTEST,algH[],issuerId2[],fp(pk(skH2[])),h(authTuple(issuerId2[],fp(pk(skH2[])),ssetH[],algH[],verH[])),canonVerH[],p2_3)),skH2[]),decl2_2)))).
The goal is reached, represented in the following fact:
event(StandingReport(ESTABLISHED,TERMINAL_DISPOSITION_SHOWN,pk(skH2[]),authTuple(issuerId2[],fp(pk(skH2[])),ssetH[],algH[],verH[]),h(attemptCore(authTuple(issuerId2[],fp(pk(skH2[])),ssetH[],algH[],verH[]),sign((POSS,authTuple(issuerId2[],fp(pk(skH2[])),ssetH[],algH[],verH[])),skH2[]),sign((BYTES,framed(OT_ATTEST,algH[],issuerId2[],fp(pk(skH2[])),h(authTuple(issuerId2[],fp(pk(skH2[])),ssetH[],algH[],verH[])),canonVerH[],p2_3)),skH2[]),decl2_2)))).


A more detailed output of the traces is available with
  set traceDisplay = long.

new skD: skey creating skD_3 at {1}

new skR: skey creating skR_3 at {2}

out(c, ~M) with ~M = pk(skD_3) at {5}

out(c, ~M_1) with ~M_1 = pk(skR_3) at {6}

out(c, ~M_2) with ~M_2 = pk(skH1) at {7}

out(c, ~M_3) with ~M_3 = pk(skH2) at {8}

out(c, authTuple(~M_4,~M_5,~M_6,~M_7,~M_8)) with ~M_4 = issuerId, ~M_5 = fp(pk(skH1)), ~M_6 = ssetH, ~M_7 = algH, ~M_8 = verH at {9}

out(c, authTuple(~M_9,~M_10,~M_11,~M_12,~M_13)) with ~M_9 = issuerId2, ~M_10 = fp(pk(skH2)), ~M_11 = ssetH, ~M_12 = algH, ~M_13 = verH at {10}

out(c, ~M_14) with ~M_14 = skD_3 at {11}

event AuthorityPublishedRepo(authTuple(issuerId2,fp(pk(skH2)),ssetH,algH,verH)) at {26} in copy a

out(c, ~M_15) with ~M_15 = sign((STMT_DIGEST,h(authTuple(issuerId2,fp(pk(skH2)),ssetH,algH,verH))),skR_3) at {27} in copy a

in(c, (a_1,a_2)) at {56} in copy a_3

new decl1_1: bitstring creating decl1_5 at {57} in copy a_3

new decl2_1: bitstring creating decl2_3 at {58} in copy a_3

new declT_1: bitstring creating declT_4 at {59} in copy a_3

event IssuerPossession(pk(skH2)) at {60} in copy a_3

event IssuerSigned(pk(skH2),framed(OT_ATTEST,algH,issuerId2,fp(pk(skH2)),h(authTuple(issuerId2,fp(pk(skH2)),ssetH,algH,verH)),canonVerH,a_1)) at {65} in copy a_3

out(c, (attemptCore(authTuple(~M_16,~M_17,~M_18,~M_19,~M_20),~M_21,~M_22,~M_23),framed(~M_24,~M_25,~M_26,~M_27,~M_28,~M_29,~M_30))) with ~M_16 = issuerId2, ~M_17 = fp(pk(skH2)), ~M_18 = ssetH, ~M_19 = algH, ~M_20 = verH, ~M_21 = sign((POSS,authTuple(issuerId2,fp(pk(skH2)),ssetH,algH,verH)),skH2), ~M_22 = sign((BYTES,framed(OT_ATTEST,algH,issuerId2,fp(pk(skH2)),h(authTuple(issuerId2,fp(pk(skH2)),ssetH,algH,verH)),canonVerH,a_1)),skH2), ~M_23 = decl1_5, ~M_24 = OT_ATTEST, ~M_25 = algH, ~M_26 = issuerId2, ~M_27 = fp(pk(skH2)), ~M_28 = h(authTuple(issuerId2,fp(pk(skH2)),ssetH,algH,verH)), ~M_29 = canonVerH, ~M_30 = a_1 at {66} in copy a_3

event IssuerSigned(pk(skH2),framed(OT_ATTEST,algH,issuerId2,fp(pk(skH2)),h(authTuple(issuerId2,fp(pk(skH2)),ssetH,algH,verH)),canonVerH,a_2)) at {70} in copy a_3

out(c, (attemptCore(authTuple(~M_31,~M_32,~M_33,~M_34,~M_35),~M_36,~M_37,~M_38),framed(~M_39,~M_40,~M_41,~M_42,~M_43,~M_44,~M_45))) with ~M_31 = issuerId2, ~M_32 = fp(pk(skH2)), ~M_33 = ssetH, ~M_34 = algH, ~M_35 = verH, ~M_36 = sign((POSS,authTuple(issuerId2,fp(pk(skH2)),ssetH,algH,verH)),skH2), ~M_37 = sign((BYTES,framed(OT_ATTEST,algH,issuerId2,fp(pk(skH2)),h(authTuple(issuerId2,fp(pk(skH2)),ssetH,algH,verH)),canonVerH,a_2)),skH2), ~M_38 = decl2_3, ~M_39 = OT_ATTEST, ~M_40 = algH, ~M_41 = issuerId2, ~M_42 = fp(pk(skH2)), ~M_43 = h(authTuple(issuerId2,fp(pk(skH2)),ssetH,algH,verH)), ~M_44 = canonVerH, ~M_45 = a_2 at {71} in copy a_3

out(c, ~M_46) with ~M_46 = sign((TLR,(lineage2(entry(h(attemptCore(authTuple(issuerId2,fp(pk(skH2)),ssetH,algH,verH),sign((POSS,authTuple(issuerId2,fp(pk(skH2)),ssetH,algH,verH)),skH2),sign((BYTES,framed(OT_ATTEST,algH,issuerId2,fp(pk(skH2)),h(authTuple(issuerId2,fp(pk(skH2)),ssetH,algH,verH)),canonVerH,a_1)),skH2),decl1_5)),DISP_ABANDONED),entry(h(attemptCore(authTuple(issuerId2,fp(pk(skH2)),ssetH,algH,verH),sign((POSS,authTuple(issuerId2,fp(pk(skH2)),ssetH,algH,verH)),skH2),sign((BYTES,framed(OT_ATTEST,algH,issuerId2,fp(pk(skH2)),h(authTuple(issuerId2,fp(pk(skH2)),ssetH,algH,verH)),canonVerH,a_2)),skH2),decl2_3)),DISP_ABANDONED)),TERM_REFUSED,declT_4)),skH2) at {73} in copy a_3

in(c, (a_4,a_5)) at {56} in copy a_6

new decl1_1: bitstring creating decl1_6 at {57} in copy a_6

new decl2_1: bitstring creating decl2_4 at {58} in copy a_6

new declT_1: bitstring creating declT_5 at {59} in copy a_6

event IssuerPossession(pk(skH2)) at {60} in copy a_6

event IssuerSigned(pk(skH2),framed(OT_ATTEST,algH,issuerId2,fp(pk(skH2)),h(authTuple(issuerId2,fp(pk(skH2)),ssetH,algH,verH)),canonVerH,a_4)) at {65} in copy a_6

out(c, (attemptCore(authTuple(~M_47,~M_48,~M_49,~M_50,~M_51),~M_52,~M_53,~M_54),framed(~M_55,~M_56,~M_57,~M_58,~M_59,~M_60,~M_61))) with ~M_47 = issuerId2, ~M_48 = fp(pk(skH2)), ~M_49 = ssetH, ~M_50 = algH, ~M_51 = verH, ~M_52 = sign((POSS,authTuple(issuerId2,fp(pk(skH2)),ssetH,algH,verH)),skH2), ~M_53 = sign((BYTES,framed(OT_ATTEST,algH,issuerId2,fp(pk(skH2)),h(authTuple(issuerId2,fp(pk(skH2)),ssetH,algH,verH)),canonVerH,a_4)),skH2), ~M_54 = decl1_6, ~M_55 = OT_ATTEST, ~M_56 = algH, ~M_57 = issuerId2, ~M_58 = fp(pk(skH2)), ~M_59 = h(authTuple(issuerId2,fp(pk(skH2)),ssetH,algH,verH)), ~M_60 = canonVerH, ~M_61 = a_4 at {66} in copy a_6

event IssuerSigned(pk(skH2),framed(OT_ATTEST,algH,issuerId2,fp(pk(skH2)),h(authTuple(issuerId2,fp(pk(skH2)),ssetH,algH,verH)),canonVerH,a_5)) at {70} in copy a_6

out(c, (attemptCore(authTuple(~M_62,~M_63,~M_64,~M_65,~M_66),~M_67,~M_68,~M_69),framed(~M_70,~M_71,~M_72,~M_73,~M_74,~M_75,~M_76))) with ~M_62 = issuerId2, ~M_63 = fp(pk(skH2)), ~M_64 = ssetH, ~M_65 = algH, ~M_66 = verH, ~M_67 = sign((POSS,authTuple(issuerId2,fp(pk(skH2)),ssetH,algH,verH)),skH2), ~M_68 = sign((BYTES,framed(OT_ATTEST,algH,issuerId2,fp(pk(skH2)),h(authTuple(issuerId2,fp(pk(skH2)),ssetH,algH,verH)),canonVerH,a_5)),skH2), ~M_69 = decl2_4, ~M_70 = OT_ATTEST, ~M_71 = algH, ~M_72 = issuerId2, ~M_73 = fp(pk(skH2)), ~M_74 = h(authTuple(issuerId2,fp(pk(skH2)),ssetH,algH,verH)), ~M_75 = canonVerH, ~M_76 = a_5 at {71} in copy a_6

out(c, ~M_77) with ~M_77 = sign((TLR,(lineage2(entry(h(attemptCore(authTuple(issuerId2,fp(pk(skH2)),ssetH,algH,verH),sign((POSS,authTuple(issuerId2,fp(pk(skH2)),ssetH,algH,verH)),skH2),sign((BYTES,framed(OT_ATTEST,algH,issuerId2,fp(pk(skH2)),h(authTuple(issuerId2,fp(pk(skH2)),ssetH,algH,verH)),canonVerH,a_4)),skH2),decl1_6)),DISP_ABANDONED),entry(h(attemptCore(authTuple(issuerId2,fp(pk(skH2)),ssetH,algH,verH),sign((POSS,authTuple(issuerId2,fp(pk(skH2)),ssetH,algH,verH)),skH2),sign((BYTES,framed(OT_ATTEST,algH,issuerId2,fp(pk(skH2)),h(authTuple(issuerId2,fp(pk(skH2)),ssetH,algH,verH)),canonVerH,a_5)),skH2),decl2_4)),DISP_ABANDONED)),TERM_REFUSED,declT_5)),skH2) at {73} in copy a_6

in(c, (a_7,a_4)) at {56} in copy a_8

new decl1_1: bitstring creating decl1_7 at {57} in copy a_8

new decl2_1: bitstring creating decl2_5 at {58} in copy a_8

new declT_1: bitstring creating declT_6 at {59} in copy a_8

event IssuerPossession(pk(skH2)) at {60} in copy a_8

event IssuerSigned(pk(skH2),framed(OT_ATTEST,algH,issuerId2,fp(pk(skH2)),h(authTuple(issuerId2,fp(pk(skH2)),ssetH,algH,verH)),canonVerH,a_7)) at {65} in copy a_8

out(c, (attemptCore(authTuple(~M_78,~M_79,~M_80,~M_81,~M_82),~M_83,~M_84,~M_85),framed(~M_86,~M_87,~M_88,~M_89,~M_90,~M_91,~M_92))) with ~M_78 = issuerId2, ~M_79 = fp(pk(skH2)), ~M_80 = ssetH, ~M_81 = algH, ~M_82 = verH, ~M_83 = sign((POSS,authTuple(issuerId2,fp(pk(skH2)),ssetH,algH,verH)),skH2), ~M_84 = sign((BYTES,framed(OT_ATTEST,algH,issuerId2,fp(pk(skH2)),h(authTuple(issuerId2,fp(pk(skH2)),ssetH,algH,verH)),canonVerH,a_7)),skH2), ~M_85 = decl1_7, ~M_86 = OT_ATTEST, ~M_87 = algH, ~M_88 = issuerId2, ~M_89 = fp(pk(skH2)), ~M_90 = h(authTuple(issuerId2,fp(pk(skH2)),ssetH,algH,verH)), ~M_91 = canonVerH, ~M_92 = a_7 at {66} in copy a_8

event IssuerSigned(pk(skH2),framed(OT_ATTEST,algH,issuerId2,fp(pk(skH2)),h(authTuple(issuerId2,fp(pk(skH2)),ssetH,algH,verH)),canonVerH,a_4)) at {70} in copy a_8

out(c, (attemptCore(authTuple(~M_93,~M_94,~M_95,~M_96,~M_97),~M_98,~M_99,~M_100),framed(~M_101,~M_102,~M_103,~M_104,~M_105,~M_106,~M_107))) with ~M_93 = issuerId2, ~M_94 = fp(pk(skH2)), ~M_95 = ssetH, ~M_96 = algH, ~M_97 = verH, ~M_98 = sign((POSS,authTuple(issuerId2,fp(pk(skH2)),ssetH,algH,verH)),skH2), ~M_99 = sign((BYTES,framed(OT_ATTEST,algH,issuerId2,fp(pk(skH2)),h(authTuple(issuerId2,fp(pk(skH2)),ssetH,algH,verH)),canonVerH,a_4)),skH2), ~M_100 = decl2_5, ~M_101 = OT_ATTEST, ~M_102 = algH, ~M_103 = issuerId2, ~M_104 = fp(pk(skH2)), ~M_105 = h(authTuple(issuerId2,fp(pk(skH2)),ssetH,algH,verH)), ~M_106 = canonVerH, ~M_107 = a_4 at {71} in copy a_8

out(c, ~M_108) with ~M_108 = sign((TLR,(lineage2(entry(h(attemptCore(authTuple(issuerId2,fp(pk(skH2)),ssetH,algH,verH),sign((POSS,authTuple(issuerId2,fp(pk(skH2)),ssetH,algH,verH)),skH2),sign((BYTES,framed(OT_ATTEST,algH,issuerId2,fp(pk(skH2)),h(authTuple(issuerId2,fp(pk(skH2)),ssetH,algH,verH)),canonVerH,a_7)),skH2),decl1_7)),DISP_ABANDONED),entry(h(attemptCore(authTuple(issuerId2,fp(pk(skH2)),ssetH,algH,verH),sign((POSS,authTuple(issuerId2,fp(pk(skH2)),ssetH,algH,verH)),skH2),sign((BYTES,framed(OT_ATTEST,algH,issuerId2,fp(pk(skH2)),h(authTuple(issuerId2,fp(pk(skH2)),ssetH,algH,verH)),canonVerH,a_4)),skH2),decl2_5)),DISP_ABANDONED)),TERM_REFUSED,declT_6)),skH2) at {73} in copy a_8

in(c, (authTuple(issuerId2,fp(~M_3),ssetH,algH,verH),sign((STMT_DIGEST,h(authTuple(issuerId2,fp(~M_3),ssetH,algH,verH))),~M_14),~M_15,~M_3,attemptCore(authTuple(issuerId2,fp(~M_3),ssetH,algH,verH),~M_21,~M_53,~M_100),a_9,withTLR(~M_3,~M_108,anchorProof(h(~M_108))))) with fp(~M_3) = fp(pk(skH2)), sign((STMT_DIGEST,h(authTuple(issuerId2,fp(~M_3),ssetH,algH,verH))),~M_14) = sign((STMT_DIGEST,h(authTuple(issuerId2,fp(pk(skH2)),ssetH,algH,verH))),skD_3), ~M_15 = sign((STMT_DIGEST,h(authTuple(issuerId2,fp(pk(skH2)),ssetH,algH,verH))),skR_3), ~M_3 = pk(skH2), fp(~M_3) = fp(pk(skH2)), ~M_21 = sign((POSS,authTuple(issuerId2,fp(pk(skH2)),ssetH,algH,verH)),skH2), ~M_53 = sign((BYTES,framed(OT_ATTEST,algH,issuerId2,fp(pk(skH2)),h(authTuple(issuerId2,fp(pk(skH2)),ssetH,algH,verH)),canonVerH,a_4)),skH2), ~M_100 = decl2_5, ~M_3 = pk(skH2), ~M_108 = sign((TLR,(lineage2(entry(h(attemptCore(authTuple(issuerId2,fp(pk(skH2)),ssetH,algH,verH),sign((POSS,authTuple(issuerId2,fp(pk(skH2)),ssetH,algH,verH)),skH2),sign((BYTES,framed(OT_ATTEST,algH,issuerId2,fp(pk(skH2)),h(authTuple(issuerId2,fp(pk(skH2)),ssetH,algH,verH)),canonVerH,a_7)),skH2),decl1_7)),DISP_ABANDONED),entry(h(attemptCore(authTuple(issuerId2,fp(pk(skH2)),ssetH,algH,verH),sign((POSS,authTuple(issuerId2,fp(pk(skH2)),ssetH,algH,verH)),skH2),sign((BYTES,framed(OT_ATTEST,algH,issuerId2,fp(pk(skH2)),h(authTuple(issuerId2,fp(pk(skH2)),ssetH,algH,verH)),canonVerH,a_4)),skH2),decl2_5)),DISP_ABANDONED)),TERM_REFUSED,declT_6)),skH2), h(~M_108) = h(sign((TLR,(lineage2(entry(h(attemptCore(authTuple(issuerId2,fp(pk(skH2)),ssetH,algH,verH),sign((POSS,authTuple(issuerId2,fp(pk(skH2)),ssetH,algH,verH)),skH2),sign((BYTES,framed(OT_ATTEST,algH,issuerId2,fp(pk(skH2)),h(authTuple(issuerId2,fp(pk(skH2)),ssetH,algH,verH)),canonVerH,a_7)),skH2),decl1_7)),DISP_ABANDONED),entry(h(attemptCore(authTuple(issuerId2,fp(pk(skH2)),ssetH,algH,verH),sign((POSS,authTuple(issuerId2,fp(pk(skH2)),ssetH,algH,verH)),skH2),sign((BYTES,framed(OT_ATTEST,algH,issuerId2,fp(pk(skH2)),h(authTuple(issuerId2,fp(pk(skH2)),ssetH,algH,verH)),canonVerH,a_4)),skH2),decl2_5)),DISP_ABANDONED)),TERM_REFUSED,declT_6)),skH2)) at {77} in copy a_10

event Established(pk(skH2),authTuple(issuerId2,fp(pk(skH2)),ssetH,algH,verH),h(attemptCore(authTuple(issuerId2,fp(pk(skH2)),ssetH,algH,verH),sign((POSS,authTuple(issuerId2,fp(pk(skH2)),ssetH,algH,verH)),skH2),sign((BYTES,framed(OT_ATTEST,algH,issuerId2,fp(pk(skH2)),h(authTuple(issuerId2,fp(pk(skH2)),ssetH,algH,verH)),canonVerH,a_4)),skH2),decl2_5))) at {91} in copy a_10

event StandingReport(ESTABLISHED,TERMINAL_DISPOSITION_SHOWN,pk(skH2),authTuple(issuerId2,fp(pk(skH2)),ssetH,algH,verH),h(attemptCore(authTuple(issuerId2,fp(pk(skH2)),ssetH,algH,verH),sign((POSS,authTuple(issuerId2,fp(pk(skH2)),ssetH,algH,verH)),skH2),sign((BYTES,framed(OT_ATTEST,algH,issuerId2,fp(pk(skH2)),h(authTuple(issuerId2,fp(pk(skH2)),ssetH,algH,verH)),canonVerH,a_4)),skH2),decl2_5))) at {92} in copy a_10 (goal)

The event StandingReport(ESTABLISHED,TERMINAL_DISPOSITION_SHOWN,pk(skH2),authTuple(issuerId2,fp(pk(skH2)),ssetH,algH,verH),h(attemptCore(authTuple(issuerId2,fp(pk(skH2)),ssetH,algH,verH),sign((POSS,authTuple(issuerId2,fp(pk(skH2)),ssetH,algH,verH)),skH2),sign((BYTES,framed(OT_ATTEST,algH,issuerId2,fp(pk(skH2)),h(authTuple(issuerId2,fp(pk(skH2)),ssetH,algH,verH)),canonVerH,a_4)),skH2),decl2_5))) is executed at {92} in copy a_10.
A trace has been found.
RESULT not event(StandingReport(ESTABLISHED,TERMINAL_DISPOSITION_SHOWN,k,t_3,a)) is false.
-- Query not event(StandingReport(ABSENT,SUPERSEDED,k,t_3,a)) in process 1.
Translating the process into Horn clauses...
Completing...
200 rules inserted. Base: 159 rules (85 with conclusion selected). Queue: 40 rules.
400 rules inserted. Base: 201 rules (92 with conclusion selected). Queue: 48 rules.
Starting query not event(StandingReport(ABSENT,SUPERSEDED,k,t_3,a))
RESULT not event(StandingReport(ABSENT,SUPERSEDED,k,t_3,a)) is true.
-- Query not event(StandingReport(ABSENT,NO_TERMINAL_DISPOSITION_EVIDENCE,k,t_3,a)) in process 1.
Translating the process into Horn clauses...
Completing...
200 rules inserted. Base: 159 rules (85 with conclusion selected). Queue: 40 rules.
400 rules inserted. Base: 201 rules (92 with conclusion selected). Queue: 48 rules.
Starting query not event(StandingReport(ABSENT,NO_TERMINAL_DISPOSITION_EVIDENCE,k,t_3,a))
goal reachable: attacker(k) && attacker(core_2) -> event(StandingReport(ABSENT,NO_TERMINAL_DISPOSITION_EVIDENCE,k,authTuple(issuerId2[],fp(pk(skH2[])),ssetH[],algH[],verH[]),h(core_2)))

Derivation:

1. Using the function noTLR the attacker may obtain noTLR.
attacker(noTLR).

2. The attacker has some term fb_2.
attacker(fb_2).

3. We assume as hypothesis that
attacker(core_2).

4. We assume as hypothesis that
attacker(k).

5. The message sign((STMT_DIGEST,h(authTuple(issuerId2[],fp(pk(skH2[])),ssetH[],algH[],verH[]))),skR[]) may be sent to the attacker at output {27}.
attacker(sign((STMT_DIGEST,h(authTuple(issuerId2[],fp(pk(skH2[])),ssetH[],algH[],verH[]))),skR[])).

6. The message skD[] may be sent to the attacker at output {11}.
attacker(skD[]).

7. The attacker initially knows verH[].
attacker(verH[]).

8. The attacker initially knows algH[].
attacker(algH[]).

9. The attacker initially knows ssetH[].
attacker(ssetH[]).

10. The message pk(skH2[]) may be sent to the attacker at output {8}.
attacker(pk(skH2[])).

11. By 10, the attacker may know pk(skH2[]).
Using the function fp the attacker may obtain fp(pk(skH2[])).
attacker(fp(pk(skH2[]))).

12. The attacker initially knows issuerId2[].
attacker(issuerId2[]).

13. By 12, the attacker may know issuerId2[].
By 11, the attacker may know fp(pk(skH2[])).
By 9, the attacker may know ssetH[].
By 8, the attacker may know algH[].
By 7, the attacker may know verH[].
Using the function authTuple the attacker may obtain authTuple(issuerId2[],fp(pk(skH2[])),ssetH[],algH[],verH[]).
attacker(authTuple(issuerId2[],fp(pk(skH2[])),ssetH[],algH[],verH[])).

14. By 13, the attacker may know authTuple(issuerId2[],fp(pk(skH2[])),ssetH[],algH[],verH[]).
Using the function h the attacker may obtain h(authTuple(issuerId2[],fp(pk(skH2[])),ssetH[],algH[],verH[])).
attacker(h(authTuple(issuerId2[],fp(pk(skH2[])),ssetH[],algH[],verH[]))).

15. Using the function STMT_DIGEST the attacker may obtain STMT_DIGEST.
attacker(STMT_DIGEST).

16. By 15, the attacker may know STMT_DIGEST.
By 14, the attacker may know h(authTuple(issuerId2[],fp(pk(skH2[])),ssetH[],algH[],verH[])).
Using the function 2-tuple the attacker may obtain (STMT_DIGEST,h(authTuple(issuerId2[],fp(pk(skH2[])),ssetH[],algH[],verH[]))).
attacker((STMT_DIGEST,h(authTuple(issuerId2[],fp(pk(skH2[])),ssetH[],algH[],verH[])))).

17. By 16, the attacker may know (STMT_DIGEST,h(authTuple(issuerId2[],fp(pk(skH2[])),ssetH[],algH[],verH[]))).
By 6, the attacker may know skD[].
Using the function sign the attacker may obtain sign((STMT_DIGEST,h(authTuple(issuerId2[],fp(pk(skH2[])),ssetH[],algH[],verH[]))),skD[]).
attacker(sign((STMT_DIGEST,h(authTuple(issuerId2[],fp(pk(skH2[])),ssetH[],algH[],verH[]))),skD[])).

18. By 13, the attacker may know authTuple(issuerId2[],fp(pk(skH2[])),ssetH[],algH[],verH[]).
By 17, the attacker may know sign((STMT_DIGEST,h(authTuple(issuerId2[],fp(pk(skH2[])),ssetH[],algH[],verH[]))),skD[]).
By 5, the attacker may know sign((STMT_DIGEST,h(authTuple(issuerId2[],fp(pk(skH2[])),ssetH[],algH[],verH[]))),skR[]).
By 4, the attacker may know k.
By 3, the attacker may know core_2.
By 2, the attacker may know fb_2.
By 1, the attacker may know noTLR.
Using the function 7-tuple the attacker may obtain (authTuple(issuerId2[],fp(pk(skH2[])),ssetH[],algH[],verH[]),sign((STMT_DIGEST,h(authTuple(issuerId2[],fp(pk(skH2[])),ssetH[],algH[],verH[]))),skD[]),sign((STMT_DIGEST,h(authTuple(issuerId2[],fp(pk(skH2[])),ssetH[],algH[],verH[]))),skR[]),k,core_2,fb_2,noTLR).
attacker((authTuple(issuerId2[],fp(pk(skH2[])),ssetH[],algH[],verH[]),sign((STMT_DIGEST,h(authTuple(issuerId2[],fp(pk(skH2[])),ssetH[],algH[],verH[]))),skD[]),sign((STMT_DIGEST,h(authTuple(issuerId2[],fp(pk(skH2[])),ssetH[],algH[],verH[]))),skR[]),k,core_2,fb_2,noTLR)).

19. The message (authTuple(issuerId2[],fp(pk(skH2[])),ssetH[],algH[],verH[]),sign((STMT_DIGEST,h(authTuple(issuerId2[],fp(pk(skH2[])),ssetH[],algH[],verH[]))),skD[]),sign((STMT_DIGEST,h(authTuple(issuerId2[],fp(pk(skH2[])),ssetH[],algH[],verH[]))),skR[]),k,core_2,fb_2,noTLR) that the attacker may have by 18 may be received at input {77}.
So event StandingReport(ABSENT,NO_TERMINAL_DISPOSITION_EVIDENCE,k,authTuple(issuerId2[],fp(pk(skH2[])),ssetH[],algH[],verH[]),h(core_2)) may be executed at {83}.
event(StandingReport(ABSENT,NO_TERMINAL_DISPOSITION_EVIDENCE,k,authTuple(issuerId2[],fp(pk(skH2[])),ssetH[],algH[],verH[]),h(core_2))).

20. By 19, event(StandingReport(ABSENT,NO_TERMINAL_DISPOSITION_EVIDENCE,k,authTuple(issuerId2[],fp(pk(skH2[])),ssetH[],algH[],verH[]),h(core_2))).
The goal is reached, represented in the following fact:
event(StandingReport(ABSENT,NO_TERMINAL_DISPOSITION_EVIDENCE,k,authTuple(issuerId2[],fp(pk(skH2[])),ssetH[],algH[],verH[]),h(core_2))).


A more detailed output of the traces is available with
  set traceDisplay = long.

new skD: skey creating skD_3 at {1}

new skR: skey creating skR_3 at {2}

out(c, ~M) with ~M = pk(skD_3) at {5}

out(c, ~M_1) with ~M_1 = pk(skR_3) at {6}

out(c, ~M_2) with ~M_2 = pk(skH1) at {7}

out(c, ~M_3) with ~M_3 = pk(skH2) at {8}

out(c, authTuple(~M_4,~M_5,~M_6,~M_7,~M_8)) with ~M_4 = issuerId, ~M_5 = fp(pk(skH1)), ~M_6 = ssetH, ~M_7 = algH, ~M_8 = verH at {9}

out(c, authTuple(~M_9,~M_10,~M_11,~M_12,~M_13)) with ~M_9 = issuerId2, ~M_10 = fp(pk(skH2)), ~M_11 = ssetH, ~M_12 = algH, ~M_13 = verH at {10}

out(c, ~M_14) with ~M_14 = skD_3 at {11}

event AuthorityPublishedRepo(authTuple(issuerId2,fp(pk(skH2)),ssetH,algH,verH)) at {26} in copy a

out(c, ~M_15) with ~M_15 = sign((STMT_DIGEST,h(authTuple(issuerId2,fp(pk(skH2)),ssetH,algH,verH))),skR_3) at {27} in copy a

in(c, (authTuple(issuerId2,fp(~M_3),ssetH,algH,verH),sign((STMT_DIGEST,h(authTuple(issuerId2,fp(~M_3),ssetH,algH,verH))),~M_14),~M_15,a_1,a_2,a_3,noTLR)) with fp(~M_3) = fp(pk(skH2)), sign((STMT_DIGEST,h(authTuple(issuerId2,fp(~M_3),ssetH,algH,verH))),~M_14) = sign((STMT_DIGEST,h(authTuple(issuerId2,fp(pk(skH2)),ssetH,algH,verH))),skD_3), ~M_15 = sign((STMT_DIGEST,h(authTuple(issuerId2,fp(pk(skH2)),ssetH,algH,verH))),skR_3) at {77} in copy a_4

event StandingReport(ABSENT,NO_TERMINAL_DISPOSITION_EVIDENCE,a_1,authTuple(issuerId2,fp(pk(skH2)),ssetH,algH,verH),h(a_2)) at {83} in copy a_4 (goal)

The event StandingReport(ABSENT,NO_TERMINAL_DISPOSITION_EVIDENCE,a_1,authTuple(issuerId2,fp(pk(skH2)),ssetH,algH,verH),h(a_2)) is executed at {83} in copy a_4.
A trace has been found.
RESULT not event(StandingReport(ABSENT,NO_TERMINAL_DISPOSITION_EVIDENCE,k,t_3,a)) is false.
-- Query not event(StandingReport(ABSENT,ISSUANCE_REFUSED,k,t_3,a)) in process 1.
Translating the process into Horn clauses...
Completing...
200 rules inserted. Base: 159 rules (85 with conclusion selected). Queue: 40 rules.
400 rules inserted. Base: 201 rules (92 with conclusion selected). Queue: 48 rules.
Starting query not event(StandingReport(ABSENT,ISSUANCE_REFUSED,k,t_3,a))
RESULT not event(StandingReport(ABSENT,ISSUANCE_REFUSED,k,t_3,a)) is true.
-- Query not event(StandingReport(ABSENT,STANDING_EVIDENCE_MISMATCH,k,t_3,a)) in process 1.
Translating the process into Horn clauses...
Completing...
200 rules inserted. Base: 159 rules (85 with conclusion selected). Queue: 40 rules.
400 rules inserted. Base: 201 rules (92 with conclusion selected). Queue: 48 rules.
Starting query not event(StandingReport(ABSENT,STANDING_EVIDENCE_MISMATCH,k,t_3,a))
goal reachable: attacker(core_2) -> event(StandingReport(ABSENT,STANDING_EVIDENCE_MISMATCH,pk(skH2[]),authTuple(issuerId2[],fp(pk(skH2[])),ssetH[],algH[],verH[]),h(core_2)))

Derivation:
Abbreviations:
decl1_2 = decl1_1[p2_1 = p2_3,p1_1 = p1_3,!1 = @sid]
decl2_2 = decl2_1[p2_1 = p2_3,p1_1 = p1_3,!1 = @sid]
declT_3 = declT_1[p2_1 = p2_3,p1_1 = p1_3,!1 = @sid]

1. The attacker has some term p2_3.
attacker(p2_3).

2. The attacker has some term p1_3.
attacker(p1_3).

3. By 2, the attacker may know p1_3.
By 1, the attacker may know p2_3.
Using the function 2-tuple the attacker may obtain (p1_3,p2_3).
attacker((p1_3,p2_3)).

4. The message (p1_3,p2_3) that the attacker may have by 3 may be received at input {56}.
So the message sign((TLR,(lineage2(entry(h(attemptCore(authTuple(issuerId2[],fp(pk(skH2[])),ssetH[],algH[],verH[]),sign((POSS,authTuple(issuerId2[],fp(pk(skH2[])),ssetH[],algH[],verH[])),skH2[]),sign((BYTES,framed(OT_ATTEST,algH[],issuerId2[],fp(pk(skH2[])),h(authTuple(issuerId2[],fp(pk(skH2[])),ssetH[],algH[],verH[])),canonVerH[],p1_3)),skH2[]),decl1_2)),DISP_ABANDONED),entry(h(attemptCore(authTuple(issuerId2[],fp(pk(skH2[])),ssetH[],algH[],verH[]),sign((POSS,authTuple(issuerId2[],fp(pk(skH2[])),ssetH[],algH[],verH[])),skH2[]),sign((BYTES,framed(OT_ATTEST,algH[],issuerId2[],fp(pk(skH2[])),h(authTuple(issuerId2[],fp(pk(skH2[])),ssetH[],algH[],verH[])),canonVerH[],p2_3)),skH2[]),decl2_2)),DISP_ABANDONED)),TERM_REFUSED,declT_3)),skH2[]) may be sent to the attacker at output {73}.
attacker(sign((TLR,(lineage2(entry(h(attemptCore(authTuple(issuerId2[],fp(pk(skH2[])),ssetH[],algH[],verH[]),sign((POSS,authTuple(issuerId2[],fp(pk(skH2[])),ssetH[],algH[],verH[])),skH2[]),sign((BYTES,framed(OT_ATTEST,algH[],issuerId2[],fp(pk(skH2[])),h(authTuple(issuerId2[],fp(pk(skH2[])),ssetH[],algH[],verH[])),canonVerH[],p1_3)),skH2[]),decl1_2)),DISP_ABANDONED),entry(h(attemptCore(authTuple(issuerId2[],fp(pk(skH2[])),ssetH[],algH[],verH[]),sign((POSS,authTuple(issuerId2[],fp(pk(skH2[])),ssetH[],algH[],verH[])),skH2[]),sign((BYTES,framed(OT_ATTEST,algH[],issuerId2[],fp(pk(skH2[])),h(authTuple(issuerId2[],fp(pk(skH2[])),ssetH[],algH[],verH[])),canonVerH[],p2_3)),skH2[]),decl2_2)),DISP_ABANDONED)),TERM_REFUSED,declT_3)),skH2[])).

5. By 4, the attacker may know sign((TLR,(lineage2(entry(h(attemptCore(authTuple(issuerId2[],fp(pk(skH2[])),ssetH[],algH[],verH[]),sign((POSS,authTuple(issuerId2[],fp(pk(skH2[])),ssetH[],algH[],verH[])),skH2[]),sign((BYTES,framed(OT_ATTEST,algH[],issuerId2[],fp(pk(skH2[])),h(authTuple(issuerId2[],fp(pk(skH2[])),ssetH[],algH[],verH[])),canonVerH[],p1_3)),skH2[]),decl1_2)),DISP_ABANDONED),entry(h(attemptCore(authTuple(issuerId2[],fp(pk(skH2[])),ssetH[],algH[],verH[]),sign((POSS,authTuple(issuerId2[],fp(pk(skH2[])),ssetH[],algH[],verH[])),skH2[]),sign((BYTES,framed(OT_ATTEST,algH[],issuerId2[],fp(pk(skH2[])),h(authTuple(issuerId2[],fp(pk(skH2[])),ssetH[],algH[],verH[])),canonVerH[],p2_3)),skH2[]),decl2_2)),DISP_ABANDONED)),TERM_REFUSED,declT_3)),skH2[]).
Using the function h the attacker may obtain h(sign((TLR,(lineage2(entry(h(attemptCore(authTuple(issuerId2[],fp(pk(skH2[])),ssetH[],algH[],verH[]),sign((POSS,authTuple(issuerId2[],fp(pk(skH2[])),ssetH[],algH[],verH[])),skH2[]),sign((BYTES,framed(OT_ATTEST,algH[],issuerId2[],fp(pk(skH2[])),h(authTuple(issuerId2[],fp(pk(skH2[])),ssetH[],algH[],verH[])),canonVerH[],p1_3)),skH2[]),decl1_2)),DISP_ABANDONED),entry(h(attemptCore(authTuple(issuerId2[],fp(pk(skH2[])),ssetH[],algH[],verH[]),sign((POSS,authTuple(issuerId2[],fp(pk(skH2[])),ssetH[],algH[],verH[])),skH2[]),sign((BYTES,framed(OT_ATTEST,algH[],issuerId2[],fp(pk(skH2[])),h(authTuple(issuerId2[],fp(pk(skH2[])),ssetH[],algH[],verH[])),canonVerH[],p2_3)),skH2[]),decl2_2)),DISP_ABANDONED)),TERM_REFUSED,declT_3)),skH2[])).
attacker(h(sign((TLR,(lineage2(entry(h(attemptCore(authTuple(issuerId2[],fp(pk(skH2[])),ssetH[],algH[],verH[]),sign((POSS,authTuple(issuerId2[],fp(pk(skH2[])),ssetH[],algH[],verH[])),skH2[]),sign((BYTES,framed(OT_ATTEST,algH[],issuerId2[],fp(pk(skH2[])),h(authTuple(issuerId2[],fp(pk(skH2[])),ssetH[],algH[],verH[])),canonVerH[],p1_3)),skH2[]),decl1_2)),DISP_ABANDONED),entry(h(attemptCore(authTuple(issuerId2[],fp(pk(skH2[])),ssetH[],algH[],verH[]),sign((POSS,authTuple(issuerId2[],fp(pk(skH2[])),ssetH[],algH[],verH[])),skH2[]),sign((BYTES,framed(OT_ATTEST,algH[],issuerId2[],fp(pk(skH2[])),h(authTuple(issuerId2[],fp(pk(skH2[])),ssetH[],algH[],verH[])),canonVerH[],p2_3)),skH2[]),decl2_2)),DISP_ABANDONED)),TERM_REFUSED,declT_3)),skH2[]))).

6. By 5, the attacker may know h(sign((TLR,(lineage2(entry(h(attemptCore(authTuple(issuerId2[],fp(pk(skH2[])),ssetH[],algH[],verH[]),sign((POSS,authTuple(issuerId2[],fp(pk(skH2[])),ssetH[],algH[],verH[])),skH2[]),sign((BYTES,framed(OT_ATTEST,algH[],issuerId2[],fp(pk(skH2[])),h(authTuple(issuerId2[],fp(pk(skH2[])),ssetH[],algH[],verH[])),canonVerH[],p1_3)),skH2[]),decl1_2)),DISP_ABANDONED),entry(h(attemptCore(authTuple(issuerId2[],fp(pk(skH2[])),ssetH[],algH[],verH[]),sign((POSS,authTuple(issuerId2[],fp(pk(skH2[])),ssetH[],algH[],verH[])),skH2[]),sign((BYTES,framed(OT_ATTEST,algH[],issuerId2[],fp(pk(skH2[])),h(authTuple(issuerId2[],fp(pk(skH2[])),ssetH[],algH[],verH[])),canonVerH[],p2_3)),skH2[]),decl2_2)),DISP_ABANDONED)),TERM_REFUSED,declT_3)),skH2[])).
Using the function anchorProof the attacker may obtain anchorProof(h(sign((TLR,(lineage2(entry(h(attemptCore(authTuple(issuerId2[],fp(pk(skH2[])),ssetH[],algH[],verH[]),sign((POSS,authTuple(issuerId2[],fp(pk(skH2[])),ssetH[],algH[],verH[])),skH2[]),sign((BYTES,framed(OT_ATTEST,algH[],issuerId2[],fp(pk(skH2[])),h(authTuple(issuerId2[],fp(pk(skH2[])),ssetH[],algH[],verH[])),canonVerH[],p1_3)),skH2[]),decl1_2)),DISP_ABANDONED),entry(h(attemptCore(authTuple(issuerId2[],fp(pk(skH2[])),ssetH[],algH[],verH[]),sign((POSS,authTuple(issuerId2[],fp(pk(skH2[])),ssetH[],algH[],verH[])),skH2[]),sign((BYTES,framed(OT_ATTEST,algH[],issuerId2[],fp(pk(skH2[])),h(authTuple(issuerId2[],fp(pk(skH2[])),ssetH[],algH[],verH[])),canonVerH[],p2_3)),skH2[]),decl2_2)),DISP_ABANDONED)),TERM_REFUSED,declT_3)),skH2[]))).
attacker(anchorProof(h(sign((TLR,(lineage2(entry(h(attemptCore(authTuple(issuerId2[],fp(pk(skH2[])),ssetH[],algH[],verH[]),sign((POSS,authTuple(issuerId2[],fp(pk(skH2[])),ssetH[],algH[],verH[])),skH2[]),sign((BYTES,framed(OT_ATTEST,algH[],issuerId2[],fp(pk(skH2[])),h(authTuple(issuerId2[],fp(pk(skH2[])),ssetH[],algH[],verH[])),canonVerH[],p1_3)),skH2[]),decl1_2)),DISP_ABANDONED),entry(h(attemptCore(authTuple(issuerId2[],fp(pk(skH2[])),ssetH[],algH[],verH[]),sign((POSS,authTuple(issuerId2[],fp(pk(skH2[])),ssetH[],algH[],verH[])),skH2[]),sign((BYTES,framed(OT_ATTEST,algH[],issuerId2[],fp(pk(skH2[])),h(authTuple(issuerId2[],fp(pk(skH2[])),ssetH[],algH[],verH[])),canonVerH[],p2_3)),skH2[]),decl2_2)),DISP_ABANDONED)),TERM_REFUSED,declT_3)),skH2[])))).

7. The message pk(skH2[]) may be sent to the attacker at output {8}.
attacker(pk(skH2[])).

8. By 7, the attacker may know pk(skH2[]).
By 4, the attacker may know sign((TLR,(lineage2(entry(h(attemptCore(authTuple(issuerId2[],fp(pk(skH2[])),ssetH[],algH[],verH[]),sign((POSS,authTuple(issuerId2[],fp(pk(skH2[])),ssetH[],algH[],verH[])),skH2[]),sign((BYTES,framed(OT_ATTEST,algH[],issuerId2[],fp(pk(skH2[])),h(authTuple(issuerId2[],fp(pk(skH2[])),ssetH[],algH[],verH[])),canonVerH[],p1_3)),skH2[]),decl1_2)),DISP_ABANDONED),entry(h(attemptCore(authTuple(issuerId2[],fp(pk(skH2[])),ssetH[],algH[],verH[]),sign((POSS,authTuple(issuerId2[],fp(pk(skH2[])),ssetH[],algH[],verH[])),skH2[]),sign((BYTES,framed(OT_ATTEST,algH[],issuerId2[],fp(pk(skH2[])),h(authTuple(issuerId2[],fp(pk(skH2[])),ssetH[],algH[],verH[])),canonVerH[],p2_3)),skH2[]),decl2_2)),DISP_ABANDONED)),TERM_REFUSED,declT_3)),skH2[]).
By 6, the attacker may know anchorProof(h(sign((TLR,(lineage2(entry(h(attemptCore(authTuple(issuerId2[],fp(pk(skH2[])),ssetH[],algH[],verH[]),sign((POSS,authTuple(issuerId2[],fp(pk(skH2[])),ssetH[],algH[],verH[])),skH2[]),sign((BYTES,framed(OT_ATTEST,algH[],issuerId2[],fp(pk(skH2[])),h(authTuple(issuerId2[],fp(pk(skH2[])),ssetH[],algH[],verH[])),canonVerH[],p1_3)),skH2[]),decl1_2)),DISP_ABANDONED),entry(h(attemptCore(authTuple(issuerId2[],fp(pk(skH2[])),ssetH[],algH[],verH[]),sign((POSS,authTuple(issuerId2[],fp(pk(skH2[])),ssetH[],algH[],verH[])),skH2[]),sign((BYTES,framed(OT_ATTEST,algH[],issuerId2[],fp(pk(skH2[])),h(authTuple(issuerId2[],fp(pk(skH2[])),ssetH[],algH[],verH[])),canonVerH[],p2_3)),skH2[]),decl2_2)),DISP_ABANDONED)),TERM_REFUSED,declT_3)),skH2[]))).
Using the function withTLR the attacker may obtain withTLR(pk(skH2[]),sign((TLR,(lineage2(entry(h(attemptCore(authTuple(issuerId2[],fp(pk(skH2[])),ssetH[],algH[],verH[]),sign((POSS,authTuple(issuerId2[],fp(pk(skH2[])),ssetH[],algH[],verH[])),skH2[]),sign((BYTES,framed(OT_ATTEST,algH[],issuerId2[],fp(pk(skH2[])),h(authTuple(issuerId2[],fp(pk(skH2[])),ssetH[],algH[],verH[])),canonVerH[],p1_3)),skH2[]),decl1_2)),DISP_ABANDONED),entry(h(attemptCore(authTuple(issuerId2[],fp(pk(skH2[])),ssetH[],algH[],verH[]),sign((POSS,authTuple(issuerId2[],fp(pk(skH2[])),ssetH[],algH[],verH[])),skH2[]),sign((BYTES,framed(OT_ATTEST,algH[],issuerId2[],fp(pk(skH2[])),h(authTuple(issuerId2[],fp(pk(skH2[])),ssetH[],algH[],verH[])),canonVerH[],p2_3)),skH2[]),decl2_2)),DISP_ABANDONED)),TERM_REFUSED,declT_3)),skH2[]),anchorProof(h(sign((TLR,(lineage2(entry(h(attemptCore(authTuple(issuerId2[],fp(pk(skH2[])),ssetH[],algH[],verH[]),sign((POSS,authTuple(issuerId2[],fp(pk(skH2[])),ssetH[],algH[],verH[])),skH2[]),sign((BYTES,framed(OT_ATTEST,algH[],issuerId2[],fp(pk(skH2[])),h(authTuple(issuerId2[],fp(pk(skH2[])),ssetH[],algH[],verH[])),canonVerH[],p1_3)),skH2[]),decl1_2)),DISP_ABANDONED),entry(h(attemptCore(authTuple(issuerId2[],fp(pk(skH2[])),ssetH[],algH[],verH[]),sign((POSS,authTuple(issuerId2[],fp(pk(skH2[])),ssetH[],algH[],verH[])),skH2[]),sign((BYTES,framed(OT_ATTEST,algH[],issuerId2[],fp(pk(skH2[])),h(authTuple(issuerId2[],fp(pk(skH2[])),ssetH[],algH[],verH[])),canonVerH[],p2_3)),skH2[]),decl2_2)),DISP_ABANDONED)),TERM_REFUSED,declT_3)),skH2[])))).
attacker(withTLR(pk(skH2[]),sign((TLR,(lineage2(entry(h(attemptCore(authTuple(issuerId2[],fp(pk(skH2[])),ssetH[],algH[],verH[]),sign((POSS,authTuple(issuerId2[],fp(pk(skH2[])),ssetH[],algH[],verH[])),skH2[]),sign((BYTES,framed(OT_ATTEST,algH[],issuerId2[],fp(pk(skH2[])),h(authTuple(issuerId2[],fp(pk(skH2[])),ssetH[],algH[],verH[])),canonVerH[],p1_3)),skH2[]),decl1_2)),DISP_ABANDONED),entry(h(attemptCore(authTuple(issuerId2[],fp(pk(skH2[])),ssetH[],algH[],verH[]),sign((POSS,authTuple(issuerId2[],fp(pk(skH2[])),ssetH[],algH[],verH[])),skH2[]),sign((BYTES,framed(OT_ATTEST,algH[],issuerId2[],fp(pk(skH2[])),h(authTuple(issuerId2[],fp(pk(skH2[])),ssetH[],algH[],verH[])),canonVerH[],p2_3)),skH2[]),decl2_2)),DISP_ABANDONED)),TERM_REFUSED,declT_3)),skH2[]),anchorProof(h(sign((TLR,(lineage2(entry(h(attemptCore(authTuple(issuerId2[],fp(pk(skH2[])),ssetH[],algH[],verH[]),sign((POSS,authTuple(issuerId2[],fp(pk(skH2[])),ssetH[],algH[],verH[])),skH2[]),sign((BYTES,framed(OT_ATTEST,algH[],issuerId2[],fp(pk(skH2[])),h(authTuple(issuerId2[],fp(pk(skH2[])),ssetH[],algH[],verH[])),canonVerH[],p1_3)),skH2[]),decl1_2)),DISP_ABANDONED),entry(h(attemptCore(authTuple(issuerId2[],fp(pk(skH2[])),ssetH[],algH[],verH[]),sign((POSS,authTuple(issuerId2[],fp(pk(skH2[])),ssetH[],algH[],verH[])),skH2[]),sign((BYTES,framed(OT_ATTEST,algH[],issuerId2[],fp(pk(skH2[])),h(authTuple(issuerId2[],fp(pk(skH2[])),ssetH[],algH[],verH[])),canonVerH[],p2_3)),skH2[]),decl2_2)),DISP_ABANDONED)),TERM_REFUSED,declT_3)),skH2[]))))).

9. The attacker has some term fb_2.
attacker(fb_2).

10. We assume as hypothesis that
attacker(core_2).

11. The message sign((STMT_DIGEST,h(authTuple(issuerId2[],fp(pk(skH2[])),ssetH[],algH[],verH[]))),skR[]) may be sent to the attacker at output {27}.
attacker(sign((STMT_DIGEST,h(authTuple(issuerId2[],fp(pk(skH2[])),ssetH[],algH[],verH[]))),skR[])).

12. The message skD[] may be sent to the attacker at output {11}.
attacker(skD[]).

13. The attacker initially knows verH[].
attacker(verH[]).

14. The attacker initially knows algH[].
attacker(algH[]).

15. The attacker initially knows ssetH[].
attacker(ssetH[]).

16. By 7, the attacker may know pk(skH2[]).
Using the function fp the attacker may obtain fp(pk(skH2[])).
attacker(fp(pk(skH2[]))).

17. The attacker initially knows issuerId2[].
attacker(issuerId2[]).

18. By 17, the attacker may know issuerId2[].
By 16, the attacker may know fp(pk(skH2[])).
By 15, the attacker may know ssetH[].
By 14, the attacker may know algH[].
By 13, the attacker may know verH[].
Using the function authTuple the attacker may obtain authTuple(issuerId2[],fp(pk(skH2[])),ssetH[],algH[],verH[]).
attacker(authTuple(issuerId2[],fp(pk(skH2[])),ssetH[],algH[],verH[])).

19. By 18, the attacker may know authTuple(issuerId2[],fp(pk(skH2[])),ssetH[],algH[],verH[]).
Using the function h the attacker may obtain h(authTuple(issuerId2[],fp(pk(skH2[])),ssetH[],algH[],verH[])).
attacker(h(authTuple(issuerId2[],fp(pk(skH2[])),ssetH[],algH[],verH[]))).

20. Using the function STMT_DIGEST the attacker may obtain STMT_DIGEST.
attacker(STMT_DIGEST).

21. By 20, the attacker may know STMT_DIGEST.
By 19, the attacker may know h(authTuple(issuerId2[],fp(pk(skH2[])),ssetH[],algH[],verH[])).
Using the function 2-tuple the attacker may obtain (STMT_DIGEST,h(authTuple(issuerId2[],fp(pk(skH2[])),ssetH[],algH[],verH[]))).
attacker((STMT_DIGEST,h(authTuple(issuerId2[],fp(pk(skH2[])),ssetH[],algH[],verH[])))).

22. By 21, the attacker may know (STMT_DIGEST,h(authTuple(issuerId2[],fp(pk(skH2[])),ssetH[],algH[],verH[]))).
By 12, the attacker may know skD[].
Using the function sign the attacker may obtain sign((STMT_DIGEST,h(authTuple(issuerId2[],fp(pk(skH2[])),ssetH[],algH[],verH[]))),skD[]).
attacker(sign((STMT_DIGEST,h(authTuple(issuerId2[],fp(pk(skH2[])),ssetH[],algH[],verH[]))),skD[])).

23. By 18, the attacker may know authTuple(issuerId2[],fp(pk(skH2[])),ssetH[],algH[],verH[]).
By 22, the attacker may know sign((STMT_DIGEST,h(authTuple(issuerId2[],fp(pk(skH2[])),ssetH[],algH[],verH[]))),skD[]).
By 11, the attacker may know sign((STMT_DIGEST,h(authTuple(issuerId2[],fp(pk(skH2[])),ssetH[],algH[],verH[]))),skR[]).
By 7, the attacker may know pk(skH2[]).
By 10, the attacker may know core_2.
By 9, the attacker may know fb_2.
By 8, the attacker may know withTLR(pk(skH2[]),sign((TLR,(lineage2(entry(h(attemptCore(authTuple(issuerId2[],fp(pk(skH2[])),ssetH[],algH[],verH[]),sign((POSS,authTuple(issuerId2[],fp(pk(skH2[])),ssetH[],algH[],verH[])),skH2[]),sign((BYTES,framed(OT_ATTEST,algH[],issuerId2[],fp(pk(skH2[])),h(authTuple(issuerId2[],fp(pk(skH2[])),ssetH[],algH[],verH[])),canonVerH[],p1_3)),skH2[]),decl1_2)),DISP_ABANDONED),entry(h(attemptCore(authTuple(issuerId2[],fp(pk(skH2[])),ssetH[],algH[],verH[]),sign((POSS,authTuple(issuerId2[],fp(pk(skH2[])),ssetH[],algH[],verH[])),skH2[]),sign((BYTES,framed(OT_ATTEST,algH[],issuerId2[],fp(pk(skH2[])),h(authTuple(issuerId2[],fp(pk(skH2[])),ssetH[],algH[],verH[])),canonVerH[],p2_3)),skH2[]),decl2_2)),DISP_ABANDONED)),TERM_REFUSED,declT_3)),skH2[]),anchorProof(h(sign((TLR,(lineage2(entry(h(attemptCore(authTuple(issuerId2[],fp(pk(skH2[])),ssetH[],algH[],verH[]),sign((POSS,authTuple(issuerId2[],fp(pk(skH2[])),ssetH[],algH[],verH[])),skH2[]),sign((BYTES,framed(OT_ATTEST,algH[],issuerId2[],fp(pk(skH2[])),h(authTuple(issuerId2[],fp(pk(skH2[])),ssetH[],algH[],verH[])),canonVerH[],p1_3)),skH2[]),decl1_2)),DISP_ABANDONED),entry(h(attemptCore(authTuple(issuerId2[],fp(pk(skH2[])),ssetH[],algH[],verH[]),sign((POSS,authTuple(issuerId2[],fp(pk(skH2[])),ssetH[],algH[],verH[])),skH2[]),sign((BYTES,framed(OT_ATTEST,algH[],issuerId2[],fp(pk(skH2[])),h(authTuple(issuerId2[],fp(pk(skH2[])),ssetH[],algH[],verH[])),canonVerH[],p2_3)),skH2[]),decl2_2)),DISP_ABANDONED)),TERM_REFUSED,declT_3)),skH2[])))).
Using the function 7-tuple the attacker may obtain (authTuple(issuerId2[],fp(pk(skH2[])),ssetH[],algH[],verH[]),sign((STMT_DIGEST,h(authTuple(issuerId2[],fp(pk(skH2[])),ssetH[],algH[],verH[]))),skD[]),sign((STMT_DIGEST,h(authTuple(issuerId2[],fp(pk(skH2[])),ssetH[],algH[],verH[]))),skR[]),pk(skH2[]),core_2,fb_2,withTLR(pk(skH2[]),sign((TLR,(lineage2(entry(h(attemptCore(authTuple(issuerId2[],fp(pk(skH2[])),ssetH[],algH[],verH[]),sign((POSS,authTuple(issuerId2[],fp(pk(skH2[])),ssetH[],algH[],verH[])),skH2[]),sign((BYTES,framed(OT_ATTEST,algH[],issuerId2[],fp(pk(skH2[])),h(authTuple(issuerId2[],fp(pk(skH2[])),ssetH[],algH[],verH[])),canonVerH[],p1_3)),skH2[]),decl1_2)),DISP_ABANDONED),entry(h(attemptCore(authTuple(issuerId2[],fp(pk(skH2[])),ssetH[],algH[],verH[]),sign((POSS,authTuple(issuerId2[],fp(pk(skH2[])),ssetH[],algH[],verH[])),skH2[]),sign((BYTES,framed(OT_ATTEST,algH[],issuerId2[],fp(pk(skH2[])),h(authTuple(issuerId2[],fp(pk(skH2[])),ssetH[],algH[],verH[])),canonVerH[],p2_3)),skH2[]),decl2_2)),DISP_ABANDONED)),TERM_REFUSED,declT_3)),skH2[]),anchorProof(h(sign((TLR,(lineage2(entry(h(attemptCore(authTuple(issuerId2[],fp(pk(skH2[])),ssetH[],algH[],verH[]),sign((POSS,authTuple(issuerId2[],fp(pk(skH2[])),ssetH[],algH[],verH[])),skH2[]),sign((BYTES,framed(OT_ATTEST,algH[],issuerId2[],fp(pk(skH2[])),h(authTuple(issuerId2[],fp(pk(skH2[])),ssetH[],algH[],verH[])),canonVerH[],p1_3)),skH2[]),decl1_2)),DISP_ABANDONED),entry(h(attemptCore(authTuple(issuerId2[],fp(pk(skH2[])),ssetH[],algH[],verH[]),sign((POSS,authTuple(issuerId2[],fp(pk(skH2[])),ssetH[],algH[],verH[])),skH2[]),sign((BYTES,framed(OT_ATTEST,algH[],issuerId2[],fp(pk(skH2[])),h(authTuple(issuerId2[],fp(pk(skH2[])),ssetH[],algH[],verH[])),canonVerH[],p2_3)),skH2[]),decl2_2)),DISP_ABANDONED)),TERM_REFUSED,declT_3)),skH2[]))))).
attacker((authTuple(issuerId2[],fp(pk(skH2[])),ssetH[],algH[],verH[]),sign((STMT_DIGEST,h(authTuple(issuerId2[],fp(pk(skH2[])),ssetH[],algH[],verH[]))),skD[]),sign((STMT_DIGEST,h(authTuple(issuerId2[],fp(pk(skH2[])),ssetH[],algH[],verH[]))),skR[]),pk(skH2[]),core_2,fb_2,withTLR(pk(skH2[]),sign((TLR,(lineage2(entry(h(attemptCore(authTuple(issuerId2[],fp(pk(skH2[])),ssetH[],algH[],verH[]),sign((POSS,authTuple(issuerId2[],fp(pk(skH2[])),ssetH[],algH[],verH[])),skH2[]),sign((BYTES,framed(OT_ATTEST,algH[],issuerId2[],fp(pk(skH2[])),h(authTuple(issuerId2[],fp(pk(skH2[])),ssetH[],algH[],verH[])),canonVerH[],p1_3)),skH2[]),decl1_2)),DISP_ABANDONED),entry(h(attemptCore(authTuple(issuerId2[],fp(pk(skH2[])),ssetH[],algH[],verH[]),sign((POSS,authTuple(issuerId2[],fp(pk(skH2[])),ssetH[],algH[],verH[])),skH2[]),sign((BYTES,framed(OT_ATTEST,algH[],issuerId2[],fp(pk(skH2[])),h(authTuple(issuerId2[],fp(pk(skH2[])),ssetH[],algH[],verH[])),canonVerH[],p2_3)),skH2[]),decl2_2)),DISP_ABANDONED)),TERM_REFUSED,declT_3)),skH2[]),anchorProof(h(sign((TLR,(lineage2(entry(h(attemptCore(authTuple(issuerId2[],fp(pk(skH2[])),ssetH[],algH[],verH[]),sign((POSS,authTuple(issuerId2[],fp(pk(skH2[])),ssetH[],algH[],verH[])),skH2[]),sign((BYTES,framed(OT_ATTEST,algH[],issuerId2[],fp(pk(skH2[])),h(authTuple(issuerId2[],fp(pk(skH2[])),ssetH[],algH[],verH[])),canonVerH[],p1_3)),skH2[]),decl1_2)),DISP_ABANDONED),entry(h(attemptCore(authTuple(issuerId2[],fp(pk(skH2[])),ssetH[],algH[],verH[]),sign((POSS,authTuple(issuerId2[],fp(pk(skH2[])),ssetH[],algH[],verH[])),skH2[]),sign((BYTES,framed(OT_ATTEST,algH[],issuerId2[],fp(pk(skH2[])),h(authTuple(issuerId2[],fp(pk(skH2[])),ssetH[],algH[],verH[])),canonVerH[],p2_3)),skH2[]),decl2_2)),DISP_ABANDONED)),TERM_REFUSED,declT_3)),skH2[])))))).

24. The message (authTuple(issuerId2[],fp(pk(skH2[])),ssetH[],algH[],verH[]),sign((STMT_DIGEST,h(authTuple(issuerId2[],fp(pk(skH2[])),ssetH[],algH[],verH[]))),skD[]),sign((STMT_DIGEST,h(authTuple(issuerId2[],fp(pk(skH2[])),ssetH[],algH[],verH[]))),skR[]),pk(skH2[]),core_2,fb_2,withTLR(pk(skH2[]),sign((TLR,(lineage2(entry(h(attemptCore(authTuple(issuerId2[],fp(pk(skH2[])),ssetH[],algH[],verH[]),sign((POSS,authTuple(issuerId2[],fp(pk(skH2[])),ssetH[],algH[],verH[])),skH2[]),sign((BYTES,framed(OT_ATTEST,algH[],issuerId2[],fp(pk(skH2[])),h(authTuple(issuerId2[],fp(pk(skH2[])),ssetH[],algH[],verH[])),canonVerH[],p1_3)),skH2[]),decl1_2)),DISP_ABANDONED),entry(h(attemptCore(authTuple(issuerId2[],fp(pk(skH2[])),ssetH[],algH[],verH[]),sign((POSS,authTuple(issuerId2[],fp(pk(skH2[])),ssetH[],algH[],verH[])),skH2[]),sign((BYTES,framed(OT_ATTEST,algH[],issuerId2[],fp(pk(skH2[])),h(authTuple(issuerId2[],fp(pk(skH2[])),ssetH[],algH[],verH[])),canonVerH[],p2_3)),skH2[]),decl2_2)),DISP_ABANDONED)),TERM_REFUSED,declT_3)),skH2[]),anchorProof(h(sign((TLR,(lineage2(entry(h(attemptCore(authTuple(issuerId2[],fp(pk(skH2[])),ssetH[],algH[],verH[]),sign((POSS,authTuple(issuerId2[],fp(pk(skH2[])),ssetH[],algH[],verH[])),skH2[]),sign((BYTES,framed(OT_ATTEST,algH[],issuerId2[],fp(pk(skH2[])),h(authTuple(issuerId2[],fp(pk(skH2[])),ssetH[],algH[],verH[])),canonVerH[],p1_3)),skH2[]),decl1_2)),DISP_ABANDONED),entry(h(attemptCore(authTuple(issuerId2[],fp(pk(skH2[])),ssetH[],algH[],verH[]),sign((POSS,authTuple(issuerId2[],fp(pk(skH2[])),ssetH[],algH[],verH[])),skH2[]),sign((BYTES,framed(OT_ATTEST,algH[],issuerId2[],fp(pk(skH2[])),h(authTuple(issuerId2[],fp(pk(skH2[])),ssetH[],algH[],verH[])),canonVerH[],p2_3)),skH2[]),decl2_2)),DISP_ABANDONED)),TERM_REFUSED,declT_3)),skH2[]))))) that the attacker may have by 23 may be received at input {77}.
We have (forall @gen,@gen_1,@gen_2, lineage2(entry(h(attemptCore(authTuple(issuerId2[],fp(pk(skH2[])),ssetH[],algH[],verH[]),sign((POSS,authTuple(issuerId2[],fp(pk(skH2[])),ssetH[],algH[],verH[])),skH2[]),sign((BYTES,framed(OT_ATTEST,algH[],issuerId2[],fp(pk(skH2[])),h(authTuple(issuerId2[],fp(pk(skH2[])),ssetH[],algH[],verH[])),canonVerH[],p1_3)),skH2[]),decl1_2)),DISP_ABANDONED),entry(h(attemptCore(authTuple(issuerId2[],fp(pk(skH2[])),ssetH[],algH[],verH[]),sign((POSS,authTuple(issuerId2[],fp(pk(skH2[])),ssetH[],algH[],verH[])),skH2[]),sign((BYTES,framed(OT_ATTEST,algH[],issuerId2[],fp(pk(skH2[])),h(authTuple(issuerId2[],fp(pk(skH2[])),ssetH[],algH[],verH[])),canonVerH[],p2_3)),skH2[]),decl2_2)),DISP_ABANDONED)) ≠ lineage2(entry(h(core_2),@gen_2),entry(@gen_1,@gen))) && (forall @gen_3,@gen_4,@gen_5, lineage2(entry(h(attemptCore(authTuple(issuerId2[],fp(pk(skH2[])),ssetH[],algH[],verH[]),sign((POSS,authTuple(issuerId2[],fp(pk(skH2[])),ssetH[],algH[],verH[])),skH2[]),sign((BYTES,framed(OT_ATTEST,algH[],issuerId2[],fp(pk(skH2[])),h(authTuple(issuerId2[],fp(pk(skH2[])),ssetH[],algH[],verH[])),canonVerH[],p1_3)),skH2[]),decl1_2)),DISP_ABANDONED),entry(h(attemptCore(authTuple(issuerId2[],fp(pk(skH2[])),ssetH[],algH[],verH[]),sign((POSS,authTuple(issuerId2[],fp(pk(skH2[])),ssetH[],algH[],verH[])),skH2[]),sign((BYTES,framed(OT_ATTEST,algH[],issuerId2[],fp(pk(skH2[])),h(authTuple(issuerId2[],fp(pk(skH2[])),ssetH[],algH[],verH[])),canonVerH[],p2_3)),skH2[]),decl2_2)),DISP_ABANDONED)) ≠ lineage2(entry(@gen_5,@gen_4),entry(h(core_2),@gen_3))).
So event StandingReport(ABSENT,STANDING_EVIDENCE_MISMATCH,pk(skH2[]),authTuple(issuerId2[],fp(pk(skH2[])),ssetH[],algH[],verH[]),h(core_2)) may be executed at {94}.
event(StandingReport(ABSENT,STANDING_EVIDENCE_MISMATCH,pk(skH2[]),authTuple(issuerId2[],fp(pk(skH2[])),ssetH[],algH[],verH[]),h(core_2))).

25. By 24, event(StandingReport(ABSENT,STANDING_EVIDENCE_MISMATCH,pk(skH2[]),authTuple(issuerId2[],fp(pk(skH2[])),ssetH[],algH[],verH[]),h(core_2))).
The goal is reached, represented in the following fact:
event(StandingReport(ABSENT,STANDING_EVIDENCE_MISMATCH,pk(skH2[]),authTuple(issuerId2[],fp(pk(skH2[])),ssetH[],algH[],verH[]),h(core_2))).


A more detailed output of the traces is available with
  set traceDisplay = long.

new skD: skey creating skD_3 at {1}

new skR: skey creating skR_3 at {2}

out(c, ~M) with ~M = pk(skD_3) at {5}

out(c, ~M_1) with ~M_1 = pk(skR_3) at {6}

out(c, ~M_2) with ~M_2 = pk(skH1) at {7}

out(c, ~M_3) with ~M_3 = pk(skH2) at {8}

out(c, authTuple(~M_4,~M_5,~M_6,~M_7,~M_8)) with ~M_4 = issuerId, ~M_5 = fp(pk(skH1)), ~M_6 = ssetH, ~M_7 = algH, ~M_8 = verH at {9}

out(c, authTuple(~M_9,~M_10,~M_11,~M_12,~M_13)) with ~M_9 = issuerId2, ~M_10 = fp(pk(skH2)), ~M_11 = ssetH, ~M_12 = algH, ~M_13 = verH at {10}

out(c, ~M_14) with ~M_14 = skD_3 at {11}

event AuthorityPublishedRepo(authTuple(issuerId2,fp(pk(skH2)),ssetH,algH,verH)) at {26} in copy a

out(c, ~M_15) with ~M_15 = sign((STMT_DIGEST,h(authTuple(issuerId2,fp(pk(skH2)),ssetH,algH,verH))),skR_3) at {27} in copy a

in(c, (a_1,a_2)) at {56} in copy a_3

new decl1_1: bitstring creating decl1_3 at {57} in copy a_3

new decl2_1: bitstring creating decl2_3 at {58} in copy a_3

new declT_1: bitstring creating declT_4 at {59} in copy a_3

event IssuerPossession(pk(skH2)) at {60} in copy a_3

event IssuerSigned(pk(skH2),framed(OT_ATTEST,algH,issuerId2,fp(pk(skH2)),h(authTuple(issuerId2,fp(pk(skH2)),ssetH,algH,verH)),canonVerH,a_1)) at {65} in copy a_3

out(c, (attemptCore(authTuple(~M_16,~M_17,~M_18,~M_19,~M_20),~M_21,~M_22,~M_23),framed(~M_24,~M_25,~M_26,~M_27,~M_28,~M_29,~M_30))) with ~M_16 = issuerId2, ~M_17 = fp(pk(skH2)), ~M_18 = ssetH, ~M_19 = algH, ~M_20 = verH, ~M_21 = sign((POSS,authTuple(issuerId2,fp(pk(skH2)),ssetH,algH,verH)),skH2), ~M_22 = sign((BYTES,framed(OT_ATTEST,algH,issuerId2,fp(pk(skH2)),h(authTuple(issuerId2,fp(pk(skH2)),ssetH,algH,verH)),canonVerH,a_1)),skH2), ~M_23 = decl1_3, ~M_24 = OT_ATTEST, ~M_25 = algH, ~M_26 = issuerId2, ~M_27 = fp(pk(skH2)), ~M_28 = h(authTuple(issuerId2,fp(pk(skH2)),ssetH,algH,verH)), ~M_29 = canonVerH, ~M_30 = a_1 at {66} in copy a_3

event IssuerSigned(pk(skH2),framed(OT_ATTEST,algH,issuerId2,fp(pk(skH2)),h(authTuple(issuerId2,fp(pk(skH2)),ssetH,algH,verH)),canonVerH,a_2)) at {70} in copy a_3

out(c, (attemptCore(authTuple(~M_31,~M_32,~M_33,~M_34,~M_35),~M_36,~M_37,~M_38),framed(~M_39,~M_40,~M_41,~M_42,~M_43,~M_44,~M_45))) with ~M_31 = issuerId2, ~M_32 = fp(pk(skH2)), ~M_33 = ssetH, ~M_34 = algH, ~M_35 = verH, ~M_36 = sign((POSS,authTuple(issuerId2,fp(pk(skH2)),ssetH,algH,verH)),skH2), ~M_37 = sign((BYTES,framed(OT_ATTEST,algH,issuerId2,fp(pk(skH2)),h(authTuple(issuerId2,fp(pk(skH2)),ssetH,algH,verH)),canonVerH,a_2)),skH2), ~M_38 = decl2_3, ~M_39 = OT_ATTEST, ~M_40 = algH, ~M_41 = issuerId2, ~M_42 = fp(pk(skH2)), ~M_43 = h(authTuple(issuerId2,fp(pk(skH2)),ssetH,algH,verH)), ~M_44 = canonVerH, ~M_45 = a_2 at {71} in copy a_3

out(c, ~M_46) with ~M_46 = sign((TLR,(lineage2(entry(h(attemptCore(authTuple(issuerId2,fp(pk(skH2)),ssetH,algH,verH),sign((POSS,authTuple(issuerId2,fp(pk(skH2)),ssetH,algH,verH)),skH2),sign((BYTES,framed(OT_ATTEST,algH,issuerId2,fp(pk(skH2)),h(authTuple(issuerId2,fp(pk(skH2)),ssetH,algH,verH)),canonVerH,a_1)),skH2),decl1_3)),DISP_ABANDONED),entry(h(attemptCore(authTuple(issuerId2,fp(pk(skH2)),ssetH,algH,verH),sign((POSS,authTuple(issuerId2,fp(pk(skH2)),ssetH,algH,verH)),skH2),sign((BYTES,framed(OT_ATTEST,algH,issuerId2,fp(pk(skH2)),h(authTuple(issuerId2,fp(pk(skH2)),ssetH,algH,verH)),canonVerH,a_2)),skH2),decl2_3)),DISP_ABANDONED)),TERM_REFUSED,declT_4)),skH2) at {73} in copy a_3

in(c, (authTuple(issuerId2,fp(~M_3),ssetH,algH,verH),sign((STMT_DIGEST,h(authTuple(issuerId2,fp(~M_3),ssetH,algH,verH))),~M_14),~M_15,~M_3,a_4,a_5,withTLR(~M_3,~M_46,anchorProof(h(~M_46))))) with fp(~M_3) = fp(pk(skH2)), sign((STMT_DIGEST,h(authTuple(issuerId2,fp(~M_3),ssetH,algH,verH))),~M_14) = sign((STMT_DIGEST,h(authTuple(issuerId2,fp(pk(skH2)),ssetH,algH,verH))),skD_3), ~M_15 = sign((STMT_DIGEST,h(authTuple(issuerId2,fp(pk(skH2)),ssetH,algH,verH))),skR_3), ~M_3 = pk(skH2), ~M_3 = pk(skH2), ~M_46 = sign((TLR,(lineage2(entry(h(attemptCore(authTuple(issuerId2,fp(pk(skH2)),ssetH,algH,verH),sign((POSS,authTuple(issuerId2,fp(pk(skH2)),ssetH,algH,verH)),skH2),sign((BYTES,framed(OT_ATTEST,algH,issuerId2,fp(pk(skH2)),h(authTuple(issuerId2,fp(pk(skH2)),ssetH,algH,verH)),canonVerH,a_1)),skH2),decl1_3)),DISP_ABANDONED),entry(h(attemptCore(authTuple(issuerId2,fp(pk(skH2)),ssetH,algH,verH),sign((POSS,authTuple(issuerId2,fp(pk(skH2)),ssetH,algH,verH)),skH2),sign((BYTES,framed(OT_ATTEST,algH,issuerId2,fp(pk(skH2)),h(authTuple(issuerId2,fp(pk(skH2)),ssetH,algH,verH)),canonVerH,a_2)),skH2),decl2_3)),DISP_ABANDONED)),TERM_REFUSED,declT_4)),skH2), h(~M_46) = h(sign((TLR,(lineage2(entry(h(attemptCore(authTuple(issuerId2,fp(pk(skH2)),ssetH,algH,verH),sign((POSS,authTuple(issuerId2,fp(pk(skH2)),ssetH,algH,verH)),skH2),sign((BYTES,framed(OT_ATTEST,algH,issuerId2,fp(pk(skH2)),h(authTuple(issuerId2,fp(pk(skH2)),ssetH,algH,verH)),canonVerH,a_1)),skH2),decl1_3)),DISP_ABANDONED),entry(h(attemptCore(authTuple(issuerId2,fp(pk(skH2)),ssetH,algH,verH),sign((POSS,authTuple(issuerId2,fp(pk(skH2)),ssetH,algH,verH)),skH2),sign((BYTES,framed(OT_ATTEST,algH,issuerId2,fp(pk(skH2)),h(authTuple(issuerId2,fp(pk(skH2)),ssetH,algH,verH)),canonVerH,a_2)),skH2),decl2_3)),DISP_ABANDONED)),TERM_REFUSED,declT_4)),skH2)) at {77} in copy a_6

event StandingReport(ABSENT,STANDING_EVIDENCE_MISMATCH,pk(skH2),authTuple(issuerId2,fp(pk(skH2)),ssetH,algH,verH),h(a_4)) at {94} in copy a_6 (goal)

The event StandingReport(ABSENT,STANDING_EVIDENCE_MISMATCH,pk(skH2),authTuple(issuerId2,fp(pk(skH2)),ssetH,algH,verH),h(a_4)) is executed at {94} in copy a_6.
A trace has been found.
RESULT not event(StandingReport(ABSENT,STANDING_EVIDENCE_MISMATCH,k,t_3,a)) is false.
-- Query not event(ReasonCollapsed(p1_3,p2_3,r)) in process 1.
Translating the process into Horn clauses...
Completing...
200 rules inserted. Base: 150 rules (85 with conclusion selected). Queue: 14 rules.
Starting query not event(ReasonCollapsed(p1_3,p2_3,r))
RESULT not event(ReasonCollapsed(p1_3,p2_3,r)) is true.

--------------------------------------------------------------
Verification summary:

Query event(Established(kX_3,t_3,aid_2)) ==> event(Designated(kX_3,aid_2)) is false.

Query event(Established(pk(skH1[]),t_3,aid_2)) ==> event(Designated(pk(skH1[]),aid_2)) is false.

Query event(Established(pk(skH2[]),t_3,aid_2)) ==> event(Designated(pk(skH2[]),aid_2)) is false.

Query not event(StandingUnentitled(kX_3,t_3)) is true.

Query not event(HonestStandingEstablished(k,aid_2)) is false.

Query not event(StandingReport(ESTABLISHED,TERMINAL_DISPOSITION_SHOWN,k,t_3,a)) is false.

Query not event(StandingReport(ABSENT,SUPERSEDED,k,t_3,a)) is true.

Query not event(StandingReport(ABSENT,NO_TERMINAL_DISPOSITION_EVIDENCE,k,t_3,a)) is false.

Query not event(StandingReport(ABSENT,ISSUANCE_REFUSED,k,t_3,a)) is true.

Query not event(StandingReport(ABSENT,STANDING_EVIDENCE_MISMATCH,k,t_3,a)) is false.

Query not event(ReasonCollapsed(p1_3,p2_3,r)) is true.

--------------------------------------------------------------

