Process 0 (that is, the initial process):
{1}new skD: skey;
{2}new skR: skey;
{3}let m: bitstring = authTuple(issuerId,fp(pk(skH1)),ssetH,algH,verH) in
{4}let m2: bitstring = authTuple(issuerId2,fp(pk(skH2)),ssetH,algH,verH) in
{5}out(c, pk(skD));
{6}out(c, pk(skR));
{7}out(c, pk(skH1));
{8}out(c, pk(skH2));
{9}out(c, m);
{10}out(c, m2);
{11}out(c, skD);
(
    {12}!
    {13}let skD_1: skey = skD in
    {14}event AuthorityPublishedDNS(m);
    {15}out(c, sign((STMT_DIGEST,h(m)),skD_1))
) | (
    {16}!
    {17}let skD_2: skey = skD in
    {18}event AuthorityPublishedDNS(m2);
    {19}out(c, sign((STMT_DIGEST,h(m2)),skD_2))
) | (
    {20}!
    {21}let skR_1: skey = skR in
    {22}event AuthorityPublishedRepo(m);
    {23}out(c, sign((STMT_DIGEST,h(m)),skR_1))
) | (
    {24}!
    {25}let skR_2: skey = skR in
    {26}event AuthorityPublishedRepo(m2);
    {27}out(c, sign((STMT_DIGEST,h(m2)),skR_2))
) | (
    {28}!
    {29}let skI: skey = skH1 in
    {30}let id: bitstring = issuerId in
    {31}in(c, (p1: bitstring,p2: bitstring));
    {32}new decl1: bitstring;
    {33}new decl2: bitstring;
    {34}new declT: bitstring;
    {35}event IssuerPossession(pk(skI));
    {36}let ppf: bitstring = sign((POSS,m),skI) in
    {37}let fb1: bitstring = framed(OT_ATTEST,algH,id,fp(pk(skI)),h(m),canonVerH,p1) in
    {38}let sg1: bitstring = sign((BYTES,fb1),skI) in
    {39}let core1: bitstring = attemptCore(m,ppf,sg1,decl1) in
    {40}event IssuerSigned(pk(skI),fb1);
    {41}out(c, (core1,fb1));
    {42}let fb2: bitstring = framed(OT_ATTEST,algH,id,fp(pk(skI)),h(m),canonVerH,p2) in
    {43}let sg2: bitstring = sign((BYTES,fb2),skI) in
    {44}let core2: bitstring = attemptCore(m,ppf,sg2,decl2) in
    {45}event IssuerSigned(pk(skI),fb2);
    {46}out(c, (core2,fb2));
    {47}let aid1: bitstring = h(core1) in
    {48}let aid2: bitstring = h(core2) in
    {49}event Designated(pk(skI),aid2);
    {50}let body: bitstring = (lineage2(entry(LBL1,DISP_ABANDONED),entry(LBL2,DISP_SHIPPED)),TERM_SHIPPED(LBL2),declT) in
    (
        {51}out(designCh, (pk(skI),aid2))
    ) | (
        {52}out(c, sign((TLR,body),skI))
    )
) | (
    {53}!
    {54}let skI_1: skey = skH1 in
    {55}let id_1: bitstring = issuerId in
    {56}in(c, (p1_1: bitstring,p2_1: bitstring));
    {57}new decl1_1: bitstring;
    {58}new decl2_1: bitstring;
    {59}new declT_1: bitstring;
    {60}event IssuerPossession(pk(skI_1));
    {61}let ppf_1: bitstring = sign((POSS,m),skI_1) in
    {62}let fb1_1: bitstring = framed(OT_ATTEST,algH,id_1,fp(pk(skI_1)),h(m),canonVerH,p1_1) in
    {63}let sg1_1: bitstring = sign((BYTES,fb1_1),skI_1) in
    {64}let core1_1: bitstring = attemptCore(m,ppf_1,sg1_1,decl1_1) in
    {65}event IssuerSigned(pk(skI_1),fb1_1);
    {66}out(c, (core1_1,fb1_1));
    {67}let fb2_1: bitstring = framed(OT_ATTEST,algH,id_1,fp(pk(skI_1)),h(m),canonVerH,p2_1) in
    {68}let sg2_1: bitstring = sign((BYTES,fb2_1),skI_1) in
    {69}let core2_1: bitstring = attemptCore(m,ppf_1,sg2_1,decl2_1) in
    {70}event IssuerSigned(pk(skI_1),fb2_1);
    {71}out(c, (core2_1,fb2_1));
    {72}let body_1: bitstring = (lineage2(entry(LBL1,DISP_ABANDONED),entry(LBL2,DISP_ABANDONED)),TERM_REFUSED,declT_1) in
    {73}out(c, sign((TLR,body_1),skI_1))
) | (
    {74}!
    {75}let skI_2: skey = skH2 in
    {76}let id_2: bitstring = issuerId2 in
    {77}in(c, (p1_2: bitstring,p2_2: bitstring));
    {78}new decl1_2: bitstring;
    {79}new decl2_2: bitstring;
    {80}new declT_2: bitstring;
    {81}event IssuerPossession(pk(skI_2));
    {82}let ppf_2: bitstring = sign((POSS,m2),skI_2) in
    {83}let fb1_2: bitstring = framed(OT_ATTEST,algH,id_2,fp(pk(skI_2)),h(m2),canonVerH,p1_2) in
    {84}let sg1_2: bitstring = sign((BYTES,fb1_2),skI_2) in
    {85}let core1_2: bitstring = attemptCore(m2,ppf_2,sg1_2,decl1_2) in
    {86}event IssuerSigned(pk(skI_2),fb1_2);
    {87}out(c, (core1_2,fb1_2));
    {88}let fb2_2: bitstring = framed(OT_ATTEST,algH,id_2,fp(pk(skI_2)),h(m2),canonVerH,p2_2) in
    {89}let sg2_2: bitstring = sign((BYTES,fb2_2),skI_2) in
    {90}let core2_2: bitstring = attemptCore(m2,ppf_2,sg2_2,decl2_2) in
    {91}event IssuerSigned(pk(skI_2),fb2_2);
    {92}out(c, (core2_2,fb2_2));
    {93}let aid1_1: bitstring = h(core1_2) in
    {94}let aid2_1: bitstring = h(core2_2) in
    {95}event Designated(pk(skI_2),aid2_1);
    {96}let body_2: bitstring = (lineage2(entry(LBL1,DISP_ABANDONED),entry(LBL2,DISP_SHIPPED)),TERM_SHIPPED(LBL2),declT_2) in
    (
        {97}out(designCh, (pk(skI_2),aid2_1))
    ) | (
        {98}out(c, sign((TLR,body_2),skI_2))
    )
) | (
    {99}!
    {100}let skI_3: skey = skH2 in
    {101}let id_3: bitstring = issuerId2 in
    {102}in(c, (p1_3: bitstring,p2_3: bitstring));
    {103}new decl1_3: bitstring;
    {104}new decl2_3: bitstring;
    {105}new declT_3: bitstring;
    {106}event IssuerPossession(pk(skI_3));
    {107}let ppf_3: bitstring = sign((POSS,m2),skI_3) in
    {108}let fb1_3: bitstring = framed(OT_ATTEST,algH,id_3,fp(pk(skI_3)),h(m2),canonVerH,p1_3) in
    {109}let sg1_3: bitstring = sign((BYTES,fb1_3),skI_3) in
    {110}let core1_3: bitstring = attemptCore(m2,ppf_3,sg1_3,decl1_3) in
    {111}event IssuerSigned(pk(skI_3),fb1_3);
    {112}out(c, (core1_3,fb1_3));
    {113}let fb2_3: bitstring = framed(OT_ATTEST,algH,id_3,fp(pk(skI_3)),h(m2),canonVerH,p2_3) in
    {114}let sg2_3: bitstring = sign((BYTES,fb2_3),skI_3) in
    {115}let core2_3: bitstring = attemptCore(m2,ppf_3,sg2_3,decl2_3) in
    {116}event IssuerSigned(pk(skI_3),fb2_3);
    {117}out(c, (core2_3,fb2_3));
    {118}let body_3: bitstring = (lineage2(entry(LBL1,DISP_ABANDONED),entry(LBL2,DISP_ABANDONED)),TERM_REFUSED,declT_3) in
    {119}out(c, sign((TLR,body_3),skI_3))
) | (
    {120}!
    {121}let pkD: pkey = pk(skD) in
    {122}let pkR: pkey = pk(skR) in
    {123}in(c, (t: bitstring,evD: bitstring,evR: bitstring,kX: pkey,core: bitstring,fb: bitstring,se: bitstring,lbl: bitstring));
    {124}let (=STMT_DIGEST,=h(t)) = checksign(evD,pkD) in
    {125}let (=STMT_DIGEST,=h(t)) = checksign(evR,pkR) in
    {126}let authTuple(id_4: bitstring,kfpr: bitstring,ss: bitstring,alg: bitstring,ver: bitstring) = t in
    {127}let aid: bitstring = h(core) in
    {128}if (se = noTLR) then
        {129}event StandingReport(ABSENT,NO_TERMINAL_DISPOSITION_EVIDENCE,kX,t,aid);
        {130}out(reasonCh, (PATH_S3,NO_TERMINAL_DISPOSITION_EVIDENCE))
    else
        {131}let withTLR(kT: pkey,tlrSig: bitstring,ap: bitstring) = se in
        {132}if (fp(kT) = kfpr) then
        (
            {133}if (kT = kX) then
            {134}let (=TLR,(lin: bitstring,terminal: bitstring,declT_4: bitstring)) = checksign(tlrSig,kT) in
            (
                {135}let anchorProof(=h(tlrSig)) = ap in
                (
                    {136}let d: bitstring = lookup2(lbl,lin) in
                    (
                        {137}if (terminal = TERM_REFUSED) then
                            {138}event StandingReport(ABSENT,ISSUANCE_REFUSED,kT,t,aid);
                            {139}out(reasonCh, (PATH_S4,ISSUANCE_REFUSED))
                        else
                            {140}let TERM_SHIPPED(shippedId: bitstring) = terminal in
                            (
                                {141}if (shippedId = lbl) then
                                (
                                    {142}if (d = DISP_SHIPPED) then
                                        {143}event Established(kT,t,aid);
                                        {144}event StandingReport(ESTABLISHED,TERMINAL_DISPOSITION_SHOWN,kT,t,aid);
                                        (
                                            {145}out(estCh, (kT,t,aid))
                                        ) | (
                                            {146}let wrapCore(inner: bitstring,outer: bitstring) = core in
                                            {147}event EstablishedWrapped(kT,t,aid)
                                        )
                                    else
                                        {148}event StandingReport(UNVERIFIABLE,STANDING_EVIDENCE_MALFORMED,kT,t,aid)
                                )
                                else
                                    {149}event StandingReport(ABSENT,SUPERSEDED,kT,t,aid);
                                    {150}out(reasonCh, (PATH_S2,SUPERSEDED))
                            )
                            else
                                {151}event StandingReport(UNVERIFIABLE,STANDING_EVIDENCE_MALFORMED,kT,t,aid)
                    )
                    else
                        {152}event StandingReport(ABSENT,STANDING_EVIDENCE_MISMATCH,kT,t,aid)
                )
                else
                    {153}event StandingReport(UNVERIFIABLE,STANDING_EVIDENCE_TEMPORAL_MISMATCH,kT,t,aid)
            )
            else
                {154}event StandingReport(UNVERIFIABLE,STANDING_EVIDENCE_SIGNATURE_INVALID,kT,t,aid)
        )
        else
            {155}event StandingReport(UNVERIFIABLE,STANDING_EVIDENCE_SIGNATURE_INVALID,kT,t,aid)
) | (
    {156}!
    {157}let pkD_1: pkey = pk(skD) in
    {158}let pkR_1: pkey = pk(skR) in
    {159}in(c, (t_1: bitstring,evD_1: bitstring,evR_1: bitstring,kX_1: pkey,core_1: bitstring,fb_1: bitstring,se_1: bitstring,lbl_1: bitstring));
    {160}let (=STMT_DIGEST,=h(t_1)) = checksign(evD_1,pkD_1) in
    {161}let (=STMT_DIGEST,=h(t_1)) = checksign(evR_1,pkR_1) in
    {162}let authTuple(id_5: bitstring,kfpr_1: bitstring,ss_1: bitstring,alg_1: bitstring,ver_1: bitstring) = t_1 in
    {163}if (fp(kX_1) = kfpr_1) then
    {164}let attemptCore(=t_1,ppf_4: bitstring,sg: bitstring,decl: bitstring) = core_1 in
    {165}let (=POSS,=t_1) = checksign(ppf_4,kX_1) in
    {166}let (=BYTES,=fb_1) = checksign(sg,kX_1) in
    {167}let framed(ot: bitstring,=alg_1,=id_5,=fp(kX_1),mh: bitstring,cv: bitstring,pl: bitstring) = fb_1 in
    {168}if (mh = h(t_1)) then
    {169}event Accept(evD_1,evR_1,t_1,kX_1,fb_1)
) | (
    {170}!
    {171}in(estCh, (kX_2: pkey,t_2: bitstring,aid_1: bitstring));
    {172}let authTuple(idJ: bitstring,kfprJ: bitstring,ssJ: bitstring,algJ: bitstring,verJ: bitstring) = t_2 in
    {173}if (fp(kX_2) ≠ kfprJ) then
        {174}event StandingUnentitled(kX_2,t_2)
    else
        {175}in(designCh, (=kX_2,=aid_1));
        {176}event HonestStandingEstablished(kX_2,aid_1)
) | (
    {177}!
    {178}in(reasonCh, (p1_4: bitstring,r1: bitstring));
    {179}in(reasonCh, (p2_4: bitstring,=r1));
    {180}if (p1_4 ≠ p2_4) then
    {181}event ReasonCollapsed(p1_4,p2_4,r1)
)

--  Process 1 (that is, process 0, with let moved downwards):
{1}new skD: skey;
{2}new skR: skey;
{5}out(c, pk(skD));
{6}out(c, pk(skR));
{7}out(c, pk(skH1));
{8}out(c, pk(skH2));
{3}let m: bitstring = authTuple(issuerId,fp(pk(skH1)),ssetH,algH,verH) in
{9}out(c, m);
{4}let m2: bitstring = authTuple(issuerId2,fp(pk(skH2)),ssetH,algH,verH) in
{10}out(c, m2);
{11}out(c, skD);
(
    {12}!
    {14}event AuthorityPublishedDNS(m);
    {13}let skD_1: skey = skD in
    {15}out(c, sign((STMT_DIGEST,h(m)),skD_1))
) | (
    {16}!
    {18}event AuthorityPublishedDNS(m2);
    {17}let skD_2: skey = skD in
    {19}out(c, sign((STMT_DIGEST,h(m2)),skD_2))
) | (
    {20}!
    {22}event AuthorityPublishedRepo(m);
    {21}let skR_1: skey = skR in
    {23}out(c, sign((STMT_DIGEST,h(m)),skR_1))
) | (
    {24}!
    {26}event AuthorityPublishedRepo(m2);
    {25}let skR_2: skey = skR in
    {27}out(c, sign((STMT_DIGEST,h(m2)),skR_2))
) | (
    {28}!
    {31}in(c, (p1: bitstring,p2: bitstring));
    {32}new decl1: bitstring;
    {33}new decl2: bitstring;
    {34}new declT: bitstring;
    {29}let skI: skey = skH1 in
    {35}event IssuerPossession(pk(skI));
    {30}let id: bitstring = issuerId in
    {37}let fb1: bitstring = framed(OT_ATTEST,algH,id,fp(pk(skI)),h(m),canonVerH,p1) in
    {40}event IssuerSigned(pk(skI),fb1);
    {38}let sg1: bitstring = sign((BYTES,fb1),skI) in
    {36}let ppf: bitstring = sign((POSS,m),skI) in
    {39}let core1: bitstring = attemptCore(m,ppf,sg1,decl1) in
    {41}out(c, (core1,fb1));
    {42}let fb2: bitstring = framed(OT_ATTEST,algH,id,fp(pk(skI)),h(m),canonVerH,p2) in
    {45}event IssuerSigned(pk(skI),fb2);
    {43}let sg2: bitstring = sign((BYTES,fb2),skI) in
    {44}let core2: bitstring = attemptCore(m,ppf,sg2,decl2) in
    {46}out(c, (core2,fb2));
    {48}let aid2: bitstring = h(core2) in
    {49}event Designated(pk(skI),aid2);
    (
        {51}out(designCh, (pk(skI),aid2))
    ) | (
        {50}let body: bitstring = (lineage2(entry(LBL1,DISP_ABANDONED),entry(LBL2,DISP_SHIPPED)),TERM_SHIPPED(LBL2),declT) in
        {52}out(c, sign((TLR,body),skI))
    )
) | (
    {53}!
    {56}in(c, (p1_1: bitstring,p2_1: bitstring));
    {57}new decl1_1: bitstring;
    {58}new decl2_1: bitstring;
    {59}new declT_1: bitstring;
    {54}let skI_1: skey = skH1 in
    {60}event IssuerPossession(pk(skI_1));
    {55}let id_1: bitstring = issuerId in
    {62}let fb1_1: bitstring = framed(OT_ATTEST,algH,id_1,fp(pk(skI_1)),h(m),canonVerH,p1_1) in
    {65}event IssuerSigned(pk(skI_1),fb1_1);
    {63}let sg1_1: bitstring = sign((BYTES,fb1_1),skI_1) in
    {61}let ppf_1: bitstring = sign((POSS,m),skI_1) in
    {64}let core1_1: bitstring = attemptCore(m,ppf_1,sg1_1,decl1_1) in
    {66}out(c, (core1_1,fb1_1));
    {67}let fb2_1: bitstring = framed(OT_ATTEST,algH,id_1,fp(pk(skI_1)),h(m),canonVerH,p2_1) in
    {70}event IssuerSigned(pk(skI_1),fb2_1);
    {68}let sg2_1: bitstring = sign((BYTES,fb2_1),skI_1) in
    {69}let core2_1: bitstring = attemptCore(m,ppf_1,sg2_1,decl2_1) in
    {71}out(c, (core2_1,fb2_1));
    {72}let body_1: bitstring = (lineage2(entry(LBL1,DISP_ABANDONED),entry(LBL2,DISP_ABANDONED)),TERM_REFUSED,declT_1) in
    {73}out(c, sign((TLR,body_1),skI_1))
) | (
    {74}!
    {77}in(c, (p1_2: bitstring,p2_2: bitstring));
    {78}new decl1_2: bitstring;
    {79}new decl2_2: bitstring;
    {80}new declT_2: bitstring;
    {75}let skI_2: skey = skH2 in
    {81}event IssuerPossession(pk(skI_2));
    {76}let id_2: bitstring = issuerId2 in
    {83}let fb1_2: bitstring = framed(OT_ATTEST,algH,id_2,fp(pk(skI_2)),h(m2),canonVerH,p1_2) in
    {86}event IssuerSigned(pk(skI_2),fb1_2);
    {84}let sg1_2: bitstring = sign((BYTES,fb1_2),skI_2) in
    {82}let ppf_2: bitstring = sign((POSS,m2),skI_2) in
    {85}let core1_2: bitstring = attemptCore(m2,ppf_2,sg1_2,decl1_2) in
    {87}out(c, (core1_2,fb1_2));
    {88}let fb2_2: bitstring = framed(OT_ATTEST,algH,id_2,fp(pk(skI_2)),h(m2),canonVerH,p2_2) in
    {91}event IssuerSigned(pk(skI_2),fb2_2);
    {89}let sg2_2: bitstring = sign((BYTES,fb2_2),skI_2) in
    {90}let core2_2: bitstring = attemptCore(m2,ppf_2,sg2_2,decl2_2) in
    {92}out(c, (core2_2,fb2_2));
    {94}let aid2_1: bitstring = h(core2_2) in
    {95}event Designated(pk(skI_2),aid2_1);
    (
        {97}out(designCh, (pk(skI_2),aid2_1))
    ) | (
        {96}let body_2: bitstring = (lineage2(entry(LBL1,DISP_ABANDONED),entry(LBL2,DISP_SHIPPED)),TERM_SHIPPED(LBL2),declT_2) in
        {98}out(c, sign((TLR,body_2),skI_2))
    )
) | (
    {99}!
    {102}in(c, (p1_3: bitstring,p2_3: bitstring));
    {103}new decl1_3: bitstring;
    {104}new decl2_3: bitstring;
    {105}new declT_3: bitstring;
    {100}let skI_3: skey = skH2 in
    {106}event IssuerPossession(pk(skI_3));
    {101}let id_3: bitstring = issuerId2 in
    {108}let fb1_3: bitstring = framed(OT_ATTEST,algH,id_3,fp(pk(skI_3)),h(m2),canonVerH,p1_3) in
    {111}event IssuerSigned(pk(skI_3),fb1_3);
    {109}let sg1_3: bitstring = sign((BYTES,fb1_3),skI_3) in
    {107}let ppf_3: bitstring = sign((POSS,m2),skI_3) in
    {110}let core1_3: bitstring = attemptCore(m2,ppf_3,sg1_3,decl1_3) in
    {112}out(c, (core1_3,fb1_3));
    {113}let fb2_3: bitstring = framed(OT_ATTEST,algH,id_3,fp(pk(skI_3)),h(m2),canonVerH,p2_3) in
    {116}event IssuerSigned(pk(skI_3),fb2_3);
    {114}let sg2_3: bitstring = sign((BYTES,fb2_3),skI_3) in
    {115}let core2_3: bitstring = attemptCore(m2,ppf_3,sg2_3,decl2_3) in
    {117}out(c, (core2_3,fb2_3));
    {118}let body_3: bitstring = (lineage2(entry(LBL1,DISP_ABANDONED),entry(LBL2,DISP_ABANDONED)),TERM_REFUSED,declT_3) in
    {119}out(c, sign((TLR,body_3),skI_3))
) | (
    {120}!
    {123}in(c, (t: bitstring,evD: bitstring,evR: bitstring,kX: pkey,core: bitstring,fb: bitstring,se: bitstring,lbl: bitstring));
    {121}let pkD: pkey = pk(skD) in
    {124}let (=STMT_DIGEST,=h(t)) = checksign(evD,pkD) in
    {122}let pkR: pkey = pk(skR) in
    {125}let (=STMT_DIGEST,=h(t)) = checksign(evR,pkR) in
    {126}let authTuple(id_4: bitstring,kfpr: bitstring,ss: bitstring,alg: bitstring,ver: bitstring) = t in
    {127}let aid: bitstring = h(core) in
    {128}if (se = noTLR) then
        {129}event StandingReport(ABSENT,NO_TERMINAL_DISPOSITION_EVIDENCE,kX,t,aid);
        {130}out(reasonCh, (PATH_S3,NO_TERMINAL_DISPOSITION_EVIDENCE))
    else
        {131}let withTLR(kT: pkey,tlrSig: bitstring,ap: bitstring) = se in
        {132}if (fp(kT) = kfpr) then
        (
            {133}if (kT = kX) then
            {134}let (=TLR,(lin: bitstring,terminal: bitstring,declT_4: bitstring)) = checksign(tlrSig,kT) in
            (
                {135}let anchorProof(=h(tlrSig)) = ap in
                (
                    {136}let d: bitstring = lookup2(lbl,lin) in
                    (
                        {137}if (terminal = TERM_REFUSED) then
                            {138}event StandingReport(ABSENT,ISSUANCE_REFUSED,kT,t,aid);
                            {139}out(reasonCh, (PATH_S4,ISSUANCE_REFUSED))
                        else
                            {140}let TERM_SHIPPED(shippedId: bitstring) = terminal in
                            (
                                {141}if (shippedId = lbl) then
                                (
                                    {142}if (d = DISP_SHIPPED) then
                                        {143}event Established(kT,t,aid);
                                        {144}event StandingReport(ESTABLISHED,TERMINAL_DISPOSITION_SHOWN,kT,t,aid);
                                        (
                                            {145}out(estCh, (kT,t,aid))
                                        ) | (
                                            {146}let wrapCore(inner: bitstring,outer: bitstring) = core in
                                            {147}event EstablishedWrapped(kT,t,aid)
                                        )
                                    else
                                        {148}event StandingReport(UNVERIFIABLE,STANDING_EVIDENCE_MALFORMED,kT,t,aid)
                                )
                                else
                                    {149}event StandingReport(ABSENT,SUPERSEDED,kT,t,aid);
                                    {150}out(reasonCh, (PATH_S2,SUPERSEDED))
                            )
                            else
                                {151}event StandingReport(UNVERIFIABLE,STANDING_EVIDENCE_MALFORMED,kT,t,aid)
                    )
                    else
                        {152}event StandingReport(ABSENT,STANDING_EVIDENCE_MISMATCH,kT,t,aid)
                )
                else
                    {153}event StandingReport(UNVERIFIABLE,STANDING_EVIDENCE_TEMPORAL_MISMATCH,kT,t,aid)
            )
            else
                {154}event StandingReport(UNVERIFIABLE,STANDING_EVIDENCE_SIGNATURE_INVALID,kT,t,aid)
        )
        else
            {155}event StandingReport(UNVERIFIABLE,STANDING_EVIDENCE_SIGNATURE_INVALID,kT,t,aid)
) | (
    {156}!
    {159}in(c, (t_1: bitstring,evD_1: bitstring,evR_1: bitstring,kX_1: pkey,core_1: bitstring,fb_1: bitstring,se_1: bitstring,lbl_1: bitstring));
    {157}let pkD_1: pkey = pk(skD) in
    {160}let (=STMT_DIGEST,=h(t_1)) = checksign(evD_1,pkD_1) in
    {158}let pkR_1: pkey = pk(skR) in
    {161}let (=STMT_DIGEST,=h(t_1)) = checksign(evR_1,pkR_1) in
    {162}let authTuple(id_5: bitstring,kfpr_1: bitstring,ss_1: bitstring,alg_1: bitstring,ver_1: bitstring) = t_1 in
    {163}if (fp(kX_1) = kfpr_1) then
    {164}let attemptCore(=t_1,ppf_4: bitstring,sg: bitstring,decl: bitstring) = core_1 in
    {165}let (=POSS,=t_1) = checksign(ppf_4,kX_1) in
    {166}let (=BYTES,=fb_1) = checksign(sg,kX_1) in
    {167}let framed(ot: bitstring,=alg_1,=id_5,=fp(kX_1),mh: bitstring,cv: bitstring,pl: bitstring) = fb_1 in
    {168}if (mh = h(t_1)) then
    {169}event Accept(evD_1,evR_1,t_1,kX_1,fb_1)
) | (
    {170}!
    {171}in(estCh, (kX_2: pkey,t_2: bitstring,aid_1: bitstring));
    {172}let authTuple(idJ: bitstring,kfprJ: bitstring,ssJ: bitstring,algJ: bitstring,verJ: bitstring) = t_2 in
    {173}if (fp(kX_2) ≠ kfprJ) then
        {174}event StandingUnentitled(kX_2,t_2)
    else
        {175}in(designCh, (=kX_2,=aid_1));
        {176}event HonestStandingEstablished(kX_2,aid_1)
) | (
    {177}!
    {178}in(reasonCh, (p1_4: bitstring,r1: bitstring));
    {179}in(reasonCh, (p2_4: bitstring,=r1));
    {180}if (p1_4 ≠ p2_4) then
    {181}event ReasonCollapsed(p1_4,p2_4,r1)
)

-- Query event(Established(kX_3,t_3,aid_2)) ==> event(Designated(kX_3,aid_2)) in process 1.
Translating the process into Horn clauses...
Completing...
200 rules inserted. Base: 171 rules (96 with conclusion selected). Queue: 27 rules.
Starting query event(Established(kX_3,t_3,aid_2)) ==> event(Designated(kX_3,aid_2))
goal reachable: attacker(core_2) && b-event(Designated(pk(skH2[]),h(attemptCore(authTuple(issuerId2[],fp(pk(skH2[])),ssetH[],algH[],verH[]),sign((POSS,authTuple(issuerId2[],fp(pk(skH2[])),ssetH[],algH[],verH[])),skH2[]),sign((BYTES,framed(OT_ATTEST,algH[],issuerId2[],fp(pk(skH2[])),h(authTuple(issuerId2[],fp(pk(skH2[])),ssetH[],algH[],verH[])),canonVerH[],p2_5)),skH2[]),decl2_4)))) && attacker(p1_5) && attacker(p2_5) -> event(Established(pk(skH2[]),authTuple(issuerId2[],fp(pk(skH2[])),ssetH[],algH[],verH[]),h(core_2)))
Abbreviations:
decl2_4 = decl2_2[p2_2 = p2_5,p1_2 = p1_5,!1 = @sid]

Derivation:
Abbreviations:
declT_5 = declT_2[p2_2 = p2_5,p1_2 = p1_5,!1 = @sid]
decl2_4 = decl2_2[p2_2 = p2_5,p1_2 = p1_5,!1 = @sid]

1. Using the function LBL2 the attacker may obtain LBL2.
attacker(LBL2).

2. We assume as hypothesis that
attacker(p2_5).

3. We assume as hypothesis that
attacker(p1_5).

4. By 3, the attacker may know p1_5.
By 2, the attacker may know p2_5.
Using the function 2-tuple the attacker may obtain (p1_5,p2_5).
attacker((p1_5,p2_5)).

5. The message (p1_5,p2_5) that the attacker may have by 4 may be received at input {77}.
The event Designated(pk(skH2[]),h(attemptCore(authTuple(issuerId2[],fp(pk(skH2[])),ssetH[],algH[],verH[]),sign((POSS,authTuple(issuerId2[],fp(pk(skH2[])),ssetH[],algH[],verH[])),skH2[]),sign((BYTES,framed(OT_ATTEST,algH[],issuerId2[],fp(pk(skH2[])),h(authTuple(issuerId2[],fp(pk(skH2[])),ssetH[],algH[],verH[])),canonVerH[],p2_5)),skH2[]),decl2_4))) may be executed at {95}.
So the message sign((TLR,(lineage2(entry(LBL1,DISP_ABANDONED),entry(LBL2,DISP_SHIPPED)),TERM_SHIPPED(LBL2),declT_5)),skH2[]) may be sent to the attacker at output {98}.
attacker(sign((TLR,(lineage2(entry(LBL1,DISP_ABANDONED),entry(LBL2,DISP_SHIPPED)),TERM_SHIPPED(LBL2),declT_5)),skH2[])).

6. By 5, the attacker may know sign((TLR,(lineage2(entry(LBL1,DISP_ABANDONED),entry(LBL2,DISP_SHIPPED)),TERM_SHIPPED(LBL2),declT_5)),skH2[]).
Using the function h the attacker may obtain h(sign((TLR,(lineage2(entry(LBL1,DISP_ABANDONED),entry(LBL2,DISP_SHIPPED)),TERM_SHIPPED(LBL2),declT_5)),skH2[])).
attacker(h(sign((TLR,(lineage2(entry(LBL1,DISP_ABANDONED),entry(LBL2,DISP_SHIPPED)),TERM_SHIPPED(LBL2),declT_5)),skH2[]))).

7. By 6, the attacker may know h(sign((TLR,(lineage2(entry(LBL1,DISP_ABANDONED),entry(LBL2,DISP_SHIPPED)),TERM_SHIPPED(LBL2),declT_5)),skH2[])).
Using the function anchorProof the attacker may obtain anchorProof(h(sign((TLR,(lineage2(entry(LBL1,DISP_ABANDONED),entry(LBL2,DISP_SHIPPED)),TERM_SHIPPED(LBL2),declT_5)),skH2[]))).
attacker(anchorProof(h(sign((TLR,(lineage2(entry(LBL1,DISP_ABANDONED),entry(LBL2,DISP_SHIPPED)),TERM_SHIPPED(LBL2),declT_5)),skH2[])))).

8. The message pk(skH2[]) may be sent to the attacker at output {8}.
attacker(pk(skH2[])).

9. By 8, the attacker may know pk(skH2[]).
By 5, the attacker may know sign((TLR,(lineage2(entry(LBL1,DISP_ABANDONED),entry(LBL2,DISP_SHIPPED)),TERM_SHIPPED(LBL2),declT_5)),skH2[]).
By 7, the attacker may know anchorProof(h(sign((TLR,(lineage2(entry(LBL1,DISP_ABANDONED),entry(LBL2,DISP_SHIPPED)),TERM_SHIPPED(LBL2),declT_5)),skH2[]))).
Using the function withTLR the attacker may obtain withTLR(pk(skH2[]),sign((TLR,(lineage2(entry(LBL1,DISP_ABANDONED),entry(LBL2,DISP_SHIPPED)),TERM_SHIPPED(LBL2),declT_5)),skH2[]),anchorProof(h(sign((TLR,(lineage2(entry(LBL1,DISP_ABANDONED),entry(LBL2,DISP_SHIPPED)),TERM_SHIPPED(LBL2),declT_5)),skH2[])))).
attacker(withTLR(pk(skH2[]),sign((TLR,(lineage2(entry(LBL1,DISP_ABANDONED),entry(LBL2,DISP_SHIPPED)),TERM_SHIPPED(LBL2),declT_5)),skH2[]),anchorProof(h(sign((TLR,(lineage2(entry(LBL1,DISP_ABANDONED),entry(LBL2,DISP_SHIPPED)),TERM_SHIPPED(LBL2),declT_5)),skH2[]))))).

10. The attacker has some term fb_2.
attacker(fb_2).

11. We assume as hypothesis that
attacker(core_2).

12. The message sign((STMT_DIGEST,h(authTuple(issuerId2[],fp(pk(skH2[])),ssetH[],algH[],verH[]))),skR[]) may be sent to the attacker at output {27}.
attacker(sign((STMT_DIGEST,h(authTuple(issuerId2[],fp(pk(skH2[])),ssetH[],algH[],verH[]))),skR[])).

13. The message skD[] may be sent to the attacker at output {11}.
attacker(skD[]).

14. The attacker initially knows verH[].
attacker(verH[]).

15. The attacker initially knows algH[].
attacker(algH[]).

16. The attacker initially knows ssetH[].
attacker(ssetH[]).

17. By 8, the attacker may know pk(skH2[]).
Using the function fp the attacker may obtain fp(pk(skH2[])).
attacker(fp(pk(skH2[]))).

18. The attacker initially knows issuerId2[].
attacker(issuerId2[]).

19. By 18, the attacker may know issuerId2[].
By 17, the attacker may know fp(pk(skH2[])).
By 16, the attacker may know ssetH[].
By 15, the attacker may know algH[].
By 14, the attacker may know verH[].
Using the function authTuple the attacker may obtain authTuple(issuerId2[],fp(pk(skH2[])),ssetH[],algH[],verH[]).
attacker(authTuple(issuerId2[],fp(pk(skH2[])),ssetH[],algH[],verH[])).

20. By 19, the attacker may know authTuple(issuerId2[],fp(pk(skH2[])),ssetH[],algH[],verH[]).
Using the function h the attacker may obtain h(authTuple(issuerId2[],fp(pk(skH2[])),ssetH[],algH[],verH[])).
attacker(h(authTuple(issuerId2[],fp(pk(skH2[])),ssetH[],algH[],verH[]))).

21. Using the function STMT_DIGEST the attacker may obtain STMT_DIGEST.
attacker(STMT_DIGEST).

22. By 21, the attacker may know STMT_DIGEST.
By 20, the attacker may know h(authTuple(issuerId2[],fp(pk(skH2[])),ssetH[],algH[],verH[])).
Using the function 2-tuple the attacker may obtain (STMT_DIGEST,h(authTuple(issuerId2[],fp(pk(skH2[])),ssetH[],algH[],verH[]))).
attacker((STMT_DIGEST,h(authTuple(issuerId2[],fp(pk(skH2[])),ssetH[],algH[],verH[])))).

23. By 22, the attacker may know (STMT_DIGEST,h(authTuple(issuerId2[],fp(pk(skH2[])),ssetH[],algH[],verH[]))).
By 13, the attacker may know skD[].
Using the function sign the attacker may obtain sign((STMT_DIGEST,h(authTuple(issuerId2[],fp(pk(skH2[])),ssetH[],algH[],verH[]))),skD[]).
attacker(sign((STMT_DIGEST,h(authTuple(issuerId2[],fp(pk(skH2[])),ssetH[],algH[],verH[]))),skD[])).

24. By 19, the attacker may know authTuple(issuerId2[],fp(pk(skH2[])),ssetH[],algH[],verH[]).
By 23, the attacker may know sign((STMT_DIGEST,h(authTuple(issuerId2[],fp(pk(skH2[])),ssetH[],algH[],verH[]))),skD[]).
By 12, the attacker may know sign((STMT_DIGEST,h(authTuple(issuerId2[],fp(pk(skH2[])),ssetH[],algH[],verH[]))),skR[]).
By 8, the attacker may know pk(skH2[]).
By 11, the attacker may know core_2.
By 10, the attacker may know fb_2.
By 9, the attacker may know withTLR(pk(skH2[]),sign((TLR,(lineage2(entry(LBL1,DISP_ABANDONED),entry(LBL2,DISP_SHIPPED)),TERM_SHIPPED(LBL2),declT_5)),skH2[]),anchorProof(h(sign((TLR,(lineage2(entry(LBL1,DISP_ABANDONED),entry(LBL2,DISP_SHIPPED)),TERM_SHIPPED(LBL2),declT_5)),skH2[])))).
By 1, the attacker may know LBL2.
Using the function 8-tuple the attacker may obtain (authTuple(issuerId2[],fp(pk(skH2[])),ssetH[],algH[],verH[]),sign((STMT_DIGEST,h(authTuple(issuerId2[],fp(pk(skH2[])),ssetH[],algH[],verH[]))),skD[]),sign((STMT_DIGEST,h(authTuple(issuerId2[],fp(pk(skH2[])),ssetH[],algH[],verH[]))),skR[]),pk(skH2[]),core_2,fb_2,withTLR(pk(skH2[]),sign((TLR,(lineage2(entry(LBL1,DISP_ABANDONED),entry(LBL2,DISP_SHIPPED)),TERM_SHIPPED(LBL2),declT_5)),skH2[]),anchorProof(h(sign((TLR,(lineage2(entry(LBL1,DISP_ABANDONED),entry(LBL2,DISP_SHIPPED)),TERM_SHIPPED(LBL2),declT_5)),skH2[])))),LBL2).
attacker((authTuple(issuerId2[],fp(pk(skH2[])),ssetH[],algH[],verH[]),sign((STMT_DIGEST,h(authTuple(issuerId2[],fp(pk(skH2[])),ssetH[],algH[],verH[]))),skD[]),sign((STMT_DIGEST,h(authTuple(issuerId2[],fp(pk(skH2[])),ssetH[],algH[],verH[]))),skR[]),pk(skH2[]),core_2,fb_2,withTLR(pk(skH2[]),sign((TLR,(lineage2(entry(LBL1,DISP_ABANDONED),entry(LBL2,DISP_SHIPPED)),TERM_SHIPPED(LBL2),declT_5)),skH2[]),anchorProof(h(sign((TLR,(lineage2(entry(LBL1,DISP_ABANDONED),entry(LBL2,DISP_SHIPPED)),TERM_SHIPPED(LBL2),declT_5)),skH2[])))),LBL2)).

25. The message (authTuple(issuerId2[],fp(pk(skH2[])),ssetH[],algH[],verH[]),sign((STMT_DIGEST,h(authTuple(issuerId2[],fp(pk(skH2[])),ssetH[],algH[],verH[]))),skD[]),sign((STMT_DIGEST,h(authTuple(issuerId2[],fp(pk(skH2[])),ssetH[],algH[],verH[]))),skR[]),pk(skH2[]),core_2,fb_2,withTLR(pk(skH2[]),sign((TLR,(lineage2(entry(LBL1,DISP_ABANDONED),entry(LBL2,DISP_SHIPPED)),TERM_SHIPPED(LBL2),declT_5)),skH2[]),anchorProof(h(sign((TLR,(lineage2(entry(LBL1,DISP_ABANDONED),entry(LBL2,DISP_SHIPPED)),TERM_SHIPPED(LBL2),declT_5)),skH2[])))),LBL2) that the attacker may have by 24 may be received at input {123}.
We have LBL1 ≠ LBL2.
So event Established(pk(skH2[]),authTuple(issuerId2[],fp(pk(skH2[])),ssetH[],algH[],verH[]),h(core_2)) may be executed at {143}.
event(Established(pk(skH2[]),authTuple(issuerId2[],fp(pk(skH2[])),ssetH[],algH[],verH[]),h(core_2))).

26. By 25, event(Established(pk(skH2[]),authTuple(issuerId2[],fp(pk(skH2[])),ssetH[],algH[],verH[]),h(core_2))).
The goal is reached, represented in the following fact:
event(Established(pk(skH2[]),authTuple(issuerId2[],fp(pk(skH2[])),ssetH[],algH[],verH[]),h(core_2))).


A more detailed output of the traces is available with
  set traceDisplay = long.

new skD: skey creating skD_3 at {1}

new skR: skey creating skR_3 at {2}

out(c, ~M) with ~M = pk(skD_3) at {5}

out(c, ~M_1) with ~M_1 = pk(skR_3) at {6}

out(c, ~M_2) with ~M_2 = pk(skH1) at {7}

out(c, ~M_3) with ~M_3 = pk(skH2) at {8}

out(c, authTuple(~M_4,~M_5,~M_6,~M_7,~M_8)) with ~M_4 = issuerId, ~M_5 = fp(pk(skH1)), ~M_6 = ssetH, ~M_7 = algH, ~M_8 = verH at {9}

out(c, authTuple(~M_9,~M_10,~M_11,~M_12,~M_13)) with ~M_9 = issuerId2, ~M_10 = fp(pk(skH2)), ~M_11 = ssetH, ~M_12 = algH, ~M_13 = verH at {10}

out(c, ~M_14) with ~M_14 = skD_3 at {11}

event AuthorityPublishedRepo(authTuple(issuerId2,fp(pk(skH2)),ssetH,algH,verH)) at {26} in copy a

out(c, ~M_15) with ~M_15 = sign((STMT_DIGEST,h(authTuple(issuerId2,fp(pk(skH2)),ssetH,algH,verH))),skR_3) at {27} in copy a

in(c, (a_1,a_2)) at {77} in copy a_3

new decl1_2: bitstring creating decl1_4 at {78} in copy a_3

new decl2_2: bitstring creating decl2_5 at {79} in copy a_3

new declT_2: bitstring creating declT_6 at {80} in copy a_3

event IssuerPossession(pk(skH2)) at {81} in copy a_3

event IssuerSigned(pk(skH2),framed(OT_ATTEST,algH,issuerId2,fp(pk(skH2)),h(authTuple(issuerId2,fp(pk(skH2)),ssetH,algH,verH)),canonVerH,a_1)) at {86} in copy a_3

out(c, (attemptCore(authTuple(~M_16,~M_17,~M_18,~M_19,~M_20),~M_21,~M_22,~M_23),framed(~M_24,~M_25,~M_26,~M_27,~M_28,~M_29,~M_30))) with ~M_16 = issuerId2, ~M_17 = fp(pk(skH2)), ~M_18 = ssetH, ~M_19 = algH, ~M_20 = verH, ~M_21 = sign((POSS,authTuple(issuerId2,fp(pk(skH2)),ssetH,algH,verH)),skH2), ~M_22 = sign((BYTES,framed(OT_ATTEST,algH,issuerId2,fp(pk(skH2)),h(authTuple(issuerId2,fp(pk(skH2)),ssetH,algH,verH)),canonVerH,a_1)),skH2), ~M_23 = decl1_4, ~M_24 = OT_ATTEST, ~M_25 = algH, ~M_26 = issuerId2, ~M_27 = fp(pk(skH2)), ~M_28 = h(authTuple(issuerId2,fp(pk(skH2)),ssetH,algH,verH)), ~M_29 = canonVerH, ~M_30 = a_1 at {87} in copy a_3

event IssuerSigned(pk(skH2),framed(OT_ATTEST,algH,issuerId2,fp(pk(skH2)),h(authTuple(issuerId2,fp(pk(skH2)),ssetH,algH,verH)),canonVerH,a_2)) at {91} in copy a_3

out(c, (attemptCore(authTuple(~M_31,~M_32,~M_33,~M_34,~M_35),~M_36,~M_37,~M_38),framed(~M_39,~M_40,~M_41,~M_42,~M_43,~M_44,~M_45))) with ~M_31 = issuerId2, ~M_32 = fp(pk(skH2)), ~M_33 = ssetH, ~M_34 = algH, ~M_35 = verH, ~M_36 = sign((POSS,authTuple(issuerId2,fp(pk(skH2)),ssetH,algH,verH)),skH2), ~M_37 = sign((BYTES,framed(OT_ATTEST,algH,issuerId2,fp(pk(skH2)),h(authTuple(issuerId2,fp(pk(skH2)),ssetH,algH,verH)),canonVerH,a_2)),skH2), ~M_38 = decl2_5, ~M_39 = OT_ATTEST, ~M_40 = algH, ~M_41 = issuerId2, ~M_42 = fp(pk(skH2)), ~M_43 = h(authTuple(issuerId2,fp(pk(skH2)),ssetH,algH,verH)), ~M_44 = canonVerH, ~M_45 = a_2 at {92} in copy a_3

event Designated(pk(skH2),h(attemptCore(authTuple(issuerId2,fp(pk(skH2)),ssetH,algH,verH),sign((POSS,authTuple(issuerId2,fp(pk(skH2)),ssetH,algH,verH)),skH2),sign((BYTES,framed(OT_ATTEST,algH,issuerId2,fp(pk(skH2)),h(authTuple(issuerId2,fp(pk(skH2)),ssetH,algH,verH)),canonVerH,a_2)),skH2),decl2_5))) at {95} in copy a_3

out(c, ~M_46) with ~M_46 = sign((TLR,(lineage2(entry(LBL1,DISP_ABANDONED),entry(LBL2,DISP_SHIPPED)),TERM_SHIPPED(LBL2),declT_6)),skH2) at {98} in copy a_3

in(c, (authTuple(issuerId2,fp(~M_3),ssetH,algH,verH),sign((STMT_DIGEST,h(authTuple(issuerId2,fp(~M_3),ssetH,algH,verH))),~M_14),~M_15,~M_3,a_4,a_5,withTLR(~M_3,~M_46,anchorProof(h(~M_46))),LBL2)) with fp(~M_3) = fp(pk(skH2)), sign((STMT_DIGEST,h(authTuple(issuerId2,fp(~M_3),ssetH,algH,verH))),~M_14) = sign((STMT_DIGEST,h(authTuple(issuerId2,fp(pk(skH2)),ssetH,algH,verH))),skD_3), ~M_15 = sign((STMT_DIGEST,h(authTuple(issuerId2,fp(pk(skH2)),ssetH,algH,verH))),skR_3), ~M_3 = pk(skH2), ~M_3 = pk(skH2), ~M_46 = sign((TLR,(lineage2(entry(LBL1,DISP_ABANDONED),entry(LBL2,DISP_SHIPPED)),TERM_SHIPPED(LBL2),declT_6)),skH2), h(~M_46) = h(sign((TLR,(lineage2(entry(LBL1,DISP_ABANDONED),entry(LBL2,DISP_SHIPPED)),TERM_SHIPPED(LBL2),declT_6)),skH2)) at {123} in copy a_6

event Established(pk(skH2),authTuple(issuerId2,fp(pk(skH2)),ssetH,algH,verH),h(a_4)) at {143} in copy a_6 (goal)

The event Established(pk(skH2),authTuple(issuerId2,fp(pk(skH2)),ssetH,algH,verH),h(a_4)) is executed at {143} in copy a_6.
A trace has been found.
RESULT event(Established(kX_3,t_3,aid_2)) ==> event(Designated(kX_3,aid_2)) is false.
-- Query event(Established(pk(skH1[]),t_3,aid_2)) ==> event(Designated(pk(skH1[]),aid_2)) in process 1.
Translating the process into Horn clauses...
Completing...
200 rules inserted. Base: 171 rules (96 with conclusion selected). Queue: 27 rules.
Starting query event(Established(pk(skH1[]),t_3,aid_2)) ==> event(Designated(pk(skH1[]),aid_2))
goal reachable: attacker(core_2) && b-event(Designated(pk(skH1[]),h(attemptCore(authTuple(issuerId[],fp(pk(skH1[])),ssetH[],algH[],verH[]),sign((POSS,authTuple(issuerId[],fp(pk(skH1[])),ssetH[],algH[],verH[])),skH1[]),sign((BYTES,framed(OT_ATTEST,algH[],issuerId[],fp(pk(skH1[])),h(authTuple(issuerId[],fp(pk(skH1[])),ssetH[],algH[],verH[])),canonVerH[],p2_5)),skH1[]),decl2_4)))) && attacker(p1_5) && attacker(p2_5) -> event(Established(pk(skH1[]),authTuple(issuerId[],fp(pk(skH1[])),ssetH[],algH[],verH[]),h(core_2)))
Abbreviations:
decl2_4 = decl2[p2 = p2_5,p1 = p1_5,!1 = @sid]

Derivation:
Abbreviations:
declT_5 = declT[p2 = p2_5,p1 = p1_5,!1 = @sid]
decl2_4 = decl2[p2 = p2_5,p1 = p1_5,!1 = @sid]

1. Using the function LBL2 the attacker may obtain LBL2.
attacker(LBL2).

2. We assume as hypothesis that
attacker(p2_5).

3. We assume as hypothesis that
attacker(p1_5).

4. By 3, the attacker may know p1_5.
By 2, the attacker may know p2_5.
Using the function 2-tuple the attacker may obtain (p1_5,p2_5).
attacker((p1_5,p2_5)).

5. The message (p1_5,p2_5) that the attacker may have by 4 may be received at input {31}.
The event Designated(pk(skH1[]),h(attemptCore(authTuple(issuerId[],fp(pk(skH1[])),ssetH[],algH[],verH[]),sign((POSS,authTuple(issuerId[],fp(pk(skH1[])),ssetH[],algH[],verH[])),skH1[]),sign((BYTES,framed(OT_ATTEST,algH[],issuerId[],fp(pk(skH1[])),h(authTuple(issuerId[],fp(pk(skH1[])),ssetH[],algH[],verH[])),canonVerH[],p2_5)),skH1[]),decl2_4))) may be executed at {49}.
So the message sign((TLR,(lineage2(entry(LBL1,DISP_ABANDONED),entry(LBL2,DISP_SHIPPED)),TERM_SHIPPED(LBL2),declT_5)),skH1[]) may be sent to the attacker at output {52}.
attacker(sign((TLR,(lineage2(entry(LBL1,DISP_ABANDONED),entry(LBL2,DISP_SHIPPED)),TERM_SHIPPED(LBL2),declT_5)),skH1[])).

6. By 5, the attacker may know sign((TLR,(lineage2(entry(LBL1,DISP_ABANDONED),entry(LBL2,DISP_SHIPPED)),TERM_SHIPPED(LBL2),declT_5)),skH1[]).
Using the function h the attacker may obtain h(sign((TLR,(lineage2(entry(LBL1,DISP_ABANDONED),entry(LBL2,DISP_SHIPPED)),TERM_SHIPPED(LBL2),declT_5)),skH1[])).
attacker(h(sign((TLR,(lineage2(entry(LBL1,DISP_ABANDONED),entry(LBL2,DISP_SHIPPED)),TERM_SHIPPED(LBL2),declT_5)),skH1[]))).

7. By 6, the attacker may know h(sign((TLR,(lineage2(entry(LBL1,DISP_ABANDONED),entry(LBL2,DISP_SHIPPED)),TERM_SHIPPED(LBL2),declT_5)),skH1[])).
Using the function anchorProof the attacker may obtain anchorProof(h(sign((TLR,(lineage2(entry(LBL1,DISP_ABANDONED),entry(LBL2,DISP_SHIPPED)),TERM_SHIPPED(LBL2),declT_5)),skH1[]))).
attacker(anchorProof(h(sign((TLR,(lineage2(entry(LBL1,DISP_ABANDONED),entry(LBL2,DISP_SHIPPED)),TERM_SHIPPED(LBL2),declT_5)),skH1[])))).

8. The message pk(skH1[]) may be sent to the attacker at output {7}.
attacker(pk(skH1[])).

9. By 8, the attacker may know pk(skH1[]).
By 5, the attacker may know sign((TLR,(lineage2(entry(LBL1,DISP_ABANDONED),entry(LBL2,DISP_SHIPPED)),TERM_SHIPPED(LBL2),declT_5)),skH1[]).
By 7, the attacker may know anchorProof(h(sign((TLR,(lineage2(entry(LBL1,DISP_ABANDONED),entry(LBL2,DISP_SHIPPED)),TERM_SHIPPED(LBL2),declT_5)),skH1[]))).
Using the function withTLR the attacker may obtain withTLR(pk(skH1[]),sign((TLR,(lineage2(entry(LBL1,DISP_ABANDONED),entry(LBL2,DISP_SHIPPED)),TERM_SHIPPED(LBL2),declT_5)),skH1[]),anchorProof(h(sign((TLR,(lineage2(entry(LBL1,DISP_ABANDONED),entry(LBL2,DISP_SHIPPED)),TERM_SHIPPED(LBL2),declT_5)),skH1[])))).
attacker(withTLR(pk(skH1[]),sign((TLR,(lineage2(entry(LBL1,DISP_ABANDONED),entry(LBL2,DISP_SHIPPED)),TERM_SHIPPED(LBL2),declT_5)),skH1[]),anchorProof(h(sign((TLR,(lineage2(entry(LBL1,DISP_ABANDONED),entry(LBL2,DISP_SHIPPED)),TERM_SHIPPED(LBL2),declT_5)),skH1[]))))).

10. The attacker has some term fb_2.
attacker(fb_2).

11. We assume as hypothesis that
attacker(core_2).

12. The message sign((STMT_DIGEST,h(authTuple(issuerId[],fp(pk(skH1[])),ssetH[],algH[],verH[]))),skR[]) may be sent to the attacker at output {23}.
attacker(sign((STMT_DIGEST,h(authTuple(issuerId[],fp(pk(skH1[])),ssetH[],algH[],verH[]))),skR[])).

13. The message skD[] may be sent to the attacker at output {11}.
attacker(skD[]).

14. The attacker initially knows verH[].
attacker(verH[]).

15. The attacker initially knows algH[].
attacker(algH[]).

16. The attacker initially knows ssetH[].
attacker(ssetH[]).

17. By 8, the attacker may know pk(skH1[]).
Using the function fp the attacker may obtain fp(pk(skH1[])).
attacker(fp(pk(skH1[]))).

18. The attacker initially knows issuerId[].
attacker(issuerId[]).

19. By 18, the attacker may know issuerId[].
By 17, the attacker may know fp(pk(skH1[])).
By 16, the attacker may know ssetH[].
By 15, the attacker may know algH[].
By 14, the attacker may know verH[].
Using the function authTuple the attacker may obtain authTuple(issuerId[],fp(pk(skH1[])),ssetH[],algH[],verH[]).
attacker(authTuple(issuerId[],fp(pk(skH1[])),ssetH[],algH[],verH[])).

20. By 19, the attacker may know authTuple(issuerId[],fp(pk(skH1[])),ssetH[],algH[],verH[]).
Using the function h the attacker may obtain h(authTuple(issuerId[],fp(pk(skH1[])),ssetH[],algH[],verH[])).
attacker(h(authTuple(issuerId[],fp(pk(skH1[])),ssetH[],algH[],verH[]))).

21. Using the function STMT_DIGEST the attacker may obtain STMT_DIGEST.
attacker(STMT_DIGEST).

22. By 21, the attacker may know STMT_DIGEST.
By 20, the attacker may know h(authTuple(issuerId[],fp(pk(skH1[])),ssetH[],algH[],verH[])).
Using the function 2-tuple the attacker may obtain (STMT_DIGEST,h(authTuple(issuerId[],fp(pk(skH1[])),ssetH[],algH[],verH[]))).
attacker((STMT_DIGEST,h(authTuple(issuerId[],fp(pk(skH1[])),ssetH[],algH[],verH[])))).

23. By 22, the attacker may know (STMT_DIGEST,h(authTuple(issuerId[],fp(pk(skH1[])),ssetH[],algH[],verH[]))).
By 13, the attacker may know skD[].
Using the function sign the attacker may obtain sign((STMT_DIGEST,h(authTuple(issuerId[],fp(pk(skH1[])),ssetH[],algH[],verH[]))),skD[]).
attacker(sign((STMT_DIGEST,h(authTuple(issuerId[],fp(pk(skH1[])),ssetH[],algH[],verH[]))),skD[])).

24. By 19, the attacker may know authTuple(issuerId[],fp(pk(skH1[])),ssetH[],algH[],verH[]).
By 23, the attacker may know sign((STMT_DIGEST,h(authTuple(issuerId[],fp(pk(skH1[])),ssetH[],algH[],verH[]))),skD[]).
By 12, the attacker may know sign((STMT_DIGEST,h(authTuple(issuerId[],fp(pk(skH1[])),ssetH[],algH[],verH[]))),skR[]).
By 8, the attacker may know pk(skH1[]).
By 11, the attacker may know core_2.
By 10, the attacker may know fb_2.
By 9, the attacker may know withTLR(pk(skH1[]),sign((TLR,(lineage2(entry(LBL1,DISP_ABANDONED),entry(LBL2,DISP_SHIPPED)),TERM_SHIPPED(LBL2),declT_5)),skH1[]),anchorProof(h(sign((TLR,(lineage2(entry(LBL1,DISP_ABANDONED),entry(LBL2,DISP_SHIPPED)),TERM_SHIPPED(LBL2),declT_5)),skH1[])))).
By 1, the attacker may know LBL2.
Using the function 8-tuple the attacker may obtain (authTuple(issuerId[],fp(pk(skH1[])),ssetH[],algH[],verH[]),sign((STMT_DIGEST,h(authTuple(issuerId[],fp(pk(skH1[])),ssetH[],algH[],verH[]))),skD[]),sign((STMT_DIGEST,h(authTuple(issuerId[],fp(pk(skH1[])),ssetH[],algH[],verH[]))),skR[]),pk(skH1[]),core_2,fb_2,withTLR(pk(skH1[]),sign((TLR,(lineage2(entry(LBL1,DISP_ABANDONED),entry(LBL2,DISP_SHIPPED)),TERM_SHIPPED(LBL2),declT_5)),skH1[]),anchorProof(h(sign((TLR,(lineage2(entry(LBL1,DISP_ABANDONED),entry(LBL2,DISP_SHIPPED)),TERM_SHIPPED(LBL2),declT_5)),skH1[])))),LBL2).
attacker((authTuple(issuerId[],fp(pk(skH1[])),ssetH[],algH[],verH[]),sign((STMT_DIGEST,h(authTuple(issuerId[],fp(pk(skH1[])),ssetH[],algH[],verH[]))),skD[]),sign((STMT_DIGEST,h(authTuple(issuerId[],fp(pk(skH1[])),ssetH[],algH[],verH[]))),skR[]),pk(skH1[]),core_2,fb_2,withTLR(pk(skH1[]),sign((TLR,(lineage2(entry(LBL1,DISP_ABANDONED),entry(LBL2,DISP_SHIPPED)),TERM_SHIPPED(LBL2),declT_5)),skH1[]),anchorProof(h(sign((TLR,(lineage2(entry(LBL1,DISP_ABANDONED),entry(LBL2,DISP_SHIPPED)),TERM_SHIPPED(LBL2),declT_5)),skH1[])))),LBL2)).

25. The message (authTuple(issuerId[],fp(pk(skH1[])),ssetH[],algH[],verH[]),sign((STMT_DIGEST,h(authTuple(issuerId[],fp(pk(skH1[])),ssetH[],algH[],verH[]))),skD[]),sign((STMT_DIGEST,h(authTuple(issuerId[],fp(pk(skH1[])),ssetH[],algH[],verH[]))),skR[]),pk(skH1[]),core_2,fb_2,withTLR(pk(skH1[]),sign((TLR,(lineage2(entry(LBL1,DISP_ABANDONED),entry(LBL2,DISP_SHIPPED)),TERM_SHIPPED(LBL2),declT_5)),skH1[]),anchorProof(h(sign((TLR,(lineage2(entry(LBL1,DISP_ABANDONED),entry(LBL2,DISP_SHIPPED)),TERM_SHIPPED(LBL2),declT_5)),skH1[])))),LBL2) that the attacker may have by 24 may be received at input {123}.
We have LBL1 ≠ LBL2.
So event Established(pk(skH1[]),authTuple(issuerId[],fp(pk(skH1[])),ssetH[],algH[],verH[]),h(core_2)) may be executed at {143}.
event(Established(pk(skH1[]),authTuple(issuerId[],fp(pk(skH1[])),ssetH[],algH[],verH[]),h(core_2))).

26. By 25, event(Established(pk(skH1[]),authTuple(issuerId[],fp(pk(skH1[])),ssetH[],algH[],verH[]),h(core_2))).
The goal is reached, represented in the following fact:
event(Established(pk(skH1[]),authTuple(issuerId[],fp(pk(skH1[])),ssetH[],algH[],verH[]),h(core_2))).


A more detailed output of the traces is available with
  set traceDisplay = long.

new skD: skey creating skD_3 at {1}

new skR: skey creating skR_3 at {2}

out(c, ~M) with ~M = pk(skD_3) at {5}

out(c, ~M_1) with ~M_1 = pk(skR_3) at {6}

out(c, ~M_2) with ~M_2 = pk(skH1) at {7}

out(c, ~M_3) with ~M_3 = pk(skH2) at {8}

out(c, authTuple(~M_4,~M_5,~M_6,~M_7,~M_8)) with ~M_4 = issuerId, ~M_5 = fp(pk(skH1)), ~M_6 = ssetH, ~M_7 = algH, ~M_8 = verH at {9}

out(c, authTuple(~M_9,~M_10,~M_11,~M_12,~M_13)) with ~M_9 = issuerId2, ~M_10 = fp(pk(skH2)), ~M_11 = ssetH, ~M_12 = algH, ~M_13 = verH at {10}

out(c, ~M_14) with ~M_14 = skD_3 at {11}

event AuthorityPublishedRepo(authTuple(issuerId,fp(pk(skH1)),ssetH,algH,verH)) at {22} in copy a

out(c, ~M_15) with ~M_15 = sign((STMT_DIGEST,h(authTuple(issuerId,fp(pk(skH1)),ssetH,algH,verH))),skR_3) at {23} in copy a

in(c, (a_1,a_2)) at {31} in copy a_3

new decl1: bitstring creating decl1_4 at {32} in copy a_3

new decl2: bitstring creating decl2_5 at {33} in copy a_3

new declT: bitstring creating declT_6 at {34} in copy a_3

event IssuerPossession(pk(skH1)) at {35} in copy a_3

event IssuerSigned(pk(skH1),framed(OT_ATTEST,algH,issuerId,fp(pk(skH1)),h(authTuple(issuerId,fp(pk(skH1)),ssetH,algH,verH)),canonVerH,a_1)) at {40} in copy a_3

out(c, (attemptCore(authTuple(~M_16,~M_17,~M_18,~M_19,~M_20),~M_21,~M_22,~M_23),framed(~M_24,~M_25,~M_26,~M_27,~M_28,~M_29,~M_30))) with ~M_16 = issuerId, ~M_17 = fp(pk(skH1)), ~M_18 = ssetH, ~M_19 = algH, ~M_20 = verH, ~M_21 = sign((POSS,authTuple(issuerId,fp(pk(skH1)),ssetH,algH,verH)),skH1), ~M_22 = sign((BYTES,framed(OT_ATTEST,algH,issuerId,fp(pk(skH1)),h(authTuple(issuerId,fp(pk(skH1)),ssetH,algH,verH)),canonVerH,a_1)),skH1), ~M_23 = decl1_4, ~M_24 = OT_ATTEST, ~M_25 = algH, ~M_26 = issuerId, ~M_27 = fp(pk(skH1)), ~M_28 = h(authTuple(issuerId,fp(pk(skH1)),ssetH,algH,verH)), ~M_29 = canonVerH, ~M_30 = a_1 at {41} in copy a_3

event IssuerSigned(pk(skH1),framed(OT_ATTEST,algH,issuerId,fp(pk(skH1)),h(authTuple(issuerId,fp(pk(skH1)),ssetH,algH,verH)),canonVerH,a_2)) at {45} in copy a_3

out(c, (attemptCore(authTuple(~M_31,~M_32,~M_33,~M_34,~M_35),~M_36,~M_37,~M_38),framed(~M_39,~M_40,~M_41,~M_42,~M_43,~M_44,~M_45))) with ~M_31 = issuerId, ~M_32 = fp(pk(skH1)), ~M_33 = ssetH, ~M_34 = algH, ~M_35 = verH, ~M_36 = sign((POSS,authTuple(issuerId,fp(pk(skH1)),ssetH,algH,verH)),skH1), ~M_37 = sign((BYTES,framed(OT_ATTEST,algH,issuerId,fp(pk(skH1)),h(authTuple(issuerId,fp(pk(skH1)),ssetH,algH,verH)),canonVerH,a_2)),skH1), ~M_38 = decl2_5, ~M_39 = OT_ATTEST, ~M_40 = algH, ~M_41 = issuerId, ~M_42 = fp(pk(skH1)), ~M_43 = h(authTuple(issuerId,fp(pk(skH1)),ssetH,algH,verH)), ~M_44 = canonVerH, ~M_45 = a_2 at {46} in copy a_3

event Designated(pk(skH1),h(attemptCore(authTuple(issuerId,fp(pk(skH1)),ssetH,algH,verH),sign((POSS,authTuple(issuerId,fp(pk(skH1)),ssetH,algH,verH)),skH1),sign((BYTES,framed(OT_ATTEST,algH,issuerId,fp(pk(skH1)),h(authTuple(issuerId,fp(pk(skH1)),ssetH,algH,verH)),canonVerH,a_2)),skH1),decl2_5))) at {49} in copy a_3

out(c, ~M_46) with ~M_46 = sign((TLR,(lineage2(entry(LBL1,DISP_ABANDONED),entry(LBL2,DISP_SHIPPED)),TERM_SHIPPED(LBL2),declT_6)),skH1) at {52} in copy a_3

in(c, (authTuple(issuerId,fp(~M_2),ssetH,algH,verH),sign((STMT_DIGEST,h(authTuple(issuerId,fp(~M_2),ssetH,algH,verH))),~M_14),~M_15,~M_2,a_4,a_5,withTLR(~M_2,~M_46,anchorProof(h(~M_46))),LBL2)) with fp(~M_2) = fp(pk(skH1)), sign((STMT_DIGEST,h(authTuple(issuerId,fp(~M_2),ssetH,algH,verH))),~M_14) = sign((STMT_DIGEST,h(authTuple(issuerId,fp(pk(skH1)),ssetH,algH,verH))),skD_3), ~M_15 = sign((STMT_DIGEST,h(authTuple(issuerId,fp(pk(skH1)),ssetH,algH,verH))),skR_3), ~M_2 = pk(skH1), ~M_2 = pk(skH1), ~M_46 = sign((TLR,(lineage2(entry(LBL1,DISP_ABANDONED),entry(LBL2,DISP_SHIPPED)),TERM_SHIPPED(LBL2),declT_6)),skH1), h(~M_46) = h(sign((TLR,(lineage2(entry(LBL1,DISP_ABANDONED),entry(LBL2,DISP_SHIPPED)),TERM_SHIPPED(LBL2),declT_6)),skH1)) at {123} in copy a_6

event Established(pk(skH1),authTuple(issuerId,fp(pk(skH1)),ssetH,algH,verH),h(a_4)) at {143} in copy a_6 (goal)

The event Established(pk(skH1),authTuple(issuerId,fp(pk(skH1)),ssetH,algH,verH),h(a_4)) is executed at {143} in copy a_6.
A trace has been found.
RESULT event(Established(pk(skH1[]),t_3,aid_2)) ==> event(Designated(pk(skH1[]),aid_2)) is false.
-- Query event(Established(pk(skH2[]),t_3,aid_2)) ==> event(Designated(pk(skH2[]),aid_2)) in process 1.
Translating the process into Horn clauses...
Completing...
200 rules inserted. Base: 171 rules (96 with conclusion selected). Queue: 27 rules.
Starting query event(Established(pk(skH2[]),t_3,aid_2)) ==> event(Designated(pk(skH2[]),aid_2))
goal reachable: attacker(core_2) && b-event(Designated(pk(skH2[]),h(attemptCore(authTuple(issuerId2[],fp(pk(skH2[])),ssetH[],algH[],verH[]),sign((POSS,authTuple(issuerId2[],fp(pk(skH2[])),ssetH[],algH[],verH[])),skH2[]),sign((BYTES,framed(OT_ATTEST,algH[],issuerId2[],fp(pk(skH2[])),h(authTuple(issuerId2[],fp(pk(skH2[])),ssetH[],algH[],verH[])),canonVerH[],p2_5)),skH2[]),decl2_4)))) && attacker(p1_5) && attacker(p2_5) -> event(Established(pk(skH2[]),authTuple(issuerId2[],fp(pk(skH2[])),ssetH[],algH[],verH[]),h(core_2)))
Abbreviations:
decl2_4 = decl2_2[p2_2 = p2_5,p1_2 = p1_5,!1 = @sid]

Derivation:
Abbreviations:
declT_5 = declT_2[p2_2 = p2_5,p1_2 = p1_5,!1 = @sid]
decl2_4 = decl2_2[p2_2 = p2_5,p1_2 = p1_5,!1 = @sid]

1. Using the function LBL2 the attacker may obtain LBL2.
attacker(LBL2).

2. We assume as hypothesis that
attacker(p2_5).

3. We assume as hypothesis that
attacker(p1_5).

4. By 3, the attacker may know p1_5.
By 2, the attacker may know p2_5.
Using the function 2-tuple the attacker may obtain (p1_5,p2_5).
attacker((p1_5,p2_5)).

5. The message (p1_5,p2_5) that the attacker may have by 4 may be received at input {77}.
The event Designated(pk(skH2[]),h(attemptCore(authTuple(issuerId2[],fp(pk(skH2[])),ssetH[],algH[],verH[]),sign((POSS,authTuple(issuerId2[],fp(pk(skH2[])),ssetH[],algH[],verH[])),skH2[]),sign((BYTES,framed(OT_ATTEST,algH[],issuerId2[],fp(pk(skH2[])),h(authTuple(issuerId2[],fp(pk(skH2[])),ssetH[],algH[],verH[])),canonVerH[],p2_5)),skH2[]),decl2_4))) may be executed at {95}.
So the message sign((TLR,(lineage2(entry(LBL1,DISP_ABANDONED),entry(LBL2,DISP_SHIPPED)),TERM_SHIPPED(LBL2),declT_5)),skH2[]) may be sent to the attacker at output {98}.
attacker(sign((TLR,(lineage2(entry(LBL1,DISP_ABANDONED),entry(LBL2,DISP_SHIPPED)),TERM_SHIPPED(LBL2),declT_5)),skH2[])).

6. By 5, the attacker may know sign((TLR,(lineage2(entry(LBL1,DISP_ABANDONED),entry(LBL2,DISP_SHIPPED)),TERM_SHIPPED(LBL2),declT_5)),skH2[]).
Using the function h the attacker may obtain h(sign((TLR,(lineage2(entry(LBL1,DISP_ABANDONED),entry(LBL2,DISP_SHIPPED)),TERM_SHIPPED(LBL2),declT_5)),skH2[])).
attacker(h(sign((TLR,(lineage2(entry(LBL1,DISP_ABANDONED),entry(LBL2,DISP_SHIPPED)),TERM_SHIPPED(LBL2),declT_5)),skH2[]))).

7. By 6, the attacker may know h(sign((TLR,(lineage2(entry(LBL1,DISP_ABANDONED),entry(LBL2,DISP_SHIPPED)),TERM_SHIPPED(LBL2),declT_5)),skH2[])).
Using the function anchorProof the attacker may obtain anchorProof(h(sign((TLR,(lineage2(entry(LBL1,DISP_ABANDONED),entry(LBL2,DISP_SHIPPED)),TERM_SHIPPED(LBL2),declT_5)),skH2[]))).
attacker(anchorProof(h(sign((TLR,(lineage2(entry(LBL1,DISP_ABANDONED),entry(LBL2,DISP_SHIPPED)),TERM_SHIPPED(LBL2),declT_5)),skH2[])))).

8. The message pk(skH2[]) may be sent to the attacker at output {8}.
attacker(pk(skH2[])).

9. By 8, the attacker may know pk(skH2[]).
By 5, the attacker may know sign((TLR,(lineage2(entry(LBL1,DISP_ABANDONED),entry(LBL2,DISP_SHIPPED)),TERM_SHIPPED(LBL2),declT_5)),skH2[]).
By 7, the attacker may know anchorProof(h(sign((TLR,(lineage2(entry(LBL1,DISP_ABANDONED),entry(LBL2,DISP_SHIPPED)),TERM_SHIPPED(LBL2),declT_5)),skH2[]))).
Using the function withTLR the attacker may obtain withTLR(pk(skH2[]),sign((TLR,(lineage2(entry(LBL1,DISP_ABANDONED),entry(LBL2,DISP_SHIPPED)),TERM_SHIPPED(LBL2),declT_5)),skH2[]),anchorProof(h(sign((TLR,(lineage2(entry(LBL1,DISP_ABANDONED),entry(LBL2,DISP_SHIPPED)),TERM_SHIPPED(LBL2),declT_5)),skH2[])))).
attacker(withTLR(pk(skH2[]),sign((TLR,(lineage2(entry(LBL1,DISP_ABANDONED),entry(LBL2,DISP_SHIPPED)),TERM_SHIPPED(LBL2),declT_5)),skH2[]),anchorProof(h(sign((TLR,(lineage2(entry(LBL1,DISP_ABANDONED),entry(LBL2,DISP_SHIPPED)),TERM_SHIPPED(LBL2),declT_5)),skH2[]))))).

10. The attacker has some term fb_2.
attacker(fb_2).

11. We assume as hypothesis that
attacker(core_2).

12. The message sign((STMT_DIGEST,h(authTuple(issuerId2[],fp(pk(skH2[])),ssetH[],algH[],verH[]))),skR[]) may be sent to the attacker at output {27}.
attacker(sign((STMT_DIGEST,h(authTuple(issuerId2[],fp(pk(skH2[])),ssetH[],algH[],verH[]))),skR[])).

13. The message skD[] may be sent to the attacker at output {11}.
attacker(skD[]).

14. The attacker initially knows verH[].
attacker(verH[]).

15. The attacker initially knows algH[].
attacker(algH[]).

16. The attacker initially knows ssetH[].
attacker(ssetH[]).

17. By 8, the attacker may know pk(skH2[]).
Using the function fp the attacker may obtain fp(pk(skH2[])).
attacker(fp(pk(skH2[]))).

18. The attacker initially knows issuerId2[].
attacker(issuerId2[]).

19. By 18, the attacker may know issuerId2[].
By 17, the attacker may know fp(pk(skH2[])).
By 16, the attacker may know ssetH[].
By 15, the attacker may know algH[].
By 14, the attacker may know verH[].
Using the function authTuple the attacker may obtain authTuple(issuerId2[],fp(pk(skH2[])),ssetH[],algH[],verH[]).
attacker(authTuple(issuerId2[],fp(pk(skH2[])),ssetH[],algH[],verH[])).

20. By 19, the attacker may know authTuple(issuerId2[],fp(pk(skH2[])),ssetH[],algH[],verH[]).
Using the function h the attacker may obtain h(authTuple(issuerId2[],fp(pk(skH2[])),ssetH[],algH[],verH[])).
attacker(h(authTuple(issuerId2[],fp(pk(skH2[])),ssetH[],algH[],verH[]))).

21. Using the function STMT_DIGEST the attacker may obtain STMT_DIGEST.
attacker(STMT_DIGEST).

22. By 21, the attacker may know STMT_DIGEST.
By 20, the attacker may know h(authTuple(issuerId2[],fp(pk(skH2[])),ssetH[],algH[],verH[])).
Using the function 2-tuple the attacker may obtain (STMT_DIGEST,h(authTuple(issuerId2[],fp(pk(skH2[])),ssetH[],algH[],verH[]))).
attacker((STMT_DIGEST,h(authTuple(issuerId2[],fp(pk(skH2[])),ssetH[],algH[],verH[])))).

23. By 22, the attacker may know (STMT_DIGEST,h(authTuple(issuerId2[],fp(pk(skH2[])),ssetH[],algH[],verH[]))).
By 13, the attacker may know skD[].
Using the function sign the attacker may obtain sign((STMT_DIGEST,h(authTuple(issuerId2[],fp(pk(skH2[])),ssetH[],algH[],verH[]))),skD[]).
attacker(sign((STMT_DIGEST,h(authTuple(issuerId2[],fp(pk(skH2[])),ssetH[],algH[],verH[]))),skD[])).

24. By 19, the attacker may know authTuple(issuerId2[],fp(pk(skH2[])),ssetH[],algH[],verH[]).
By 23, the attacker may know sign((STMT_DIGEST,h(authTuple(issuerId2[],fp(pk(skH2[])),ssetH[],algH[],verH[]))),skD[]).
By 12, the attacker may know sign((STMT_DIGEST,h(authTuple(issuerId2[],fp(pk(skH2[])),ssetH[],algH[],verH[]))),skR[]).
By 8, the attacker may know pk(skH2[]).
By 11, the attacker may know core_2.
By 10, the attacker may know fb_2.
By 9, the attacker may know withTLR(pk(skH2[]),sign((TLR,(lineage2(entry(LBL1,DISP_ABANDONED),entry(LBL2,DISP_SHIPPED)),TERM_SHIPPED(LBL2),declT_5)),skH2[]),anchorProof(h(sign((TLR,(lineage2(entry(LBL1,DISP_ABANDONED),entry(LBL2,DISP_SHIPPED)),TERM_SHIPPED(LBL2),declT_5)),skH2[])))).
By 1, the attacker may know LBL2.
Using the function 8-tuple the attacker may obtain (authTuple(issuerId2[],fp(pk(skH2[])),ssetH[],algH[],verH[]),sign((STMT_DIGEST,h(authTuple(issuerId2[],fp(pk(skH2[])),ssetH[],algH[],verH[]))),skD[]),sign((STMT_DIGEST,h(authTuple(issuerId2[],fp(pk(skH2[])),ssetH[],algH[],verH[]))),skR[]),pk(skH2[]),core_2,fb_2,withTLR(pk(skH2[]),sign((TLR,(lineage2(entry(LBL1,DISP_ABANDONED),entry(LBL2,DISP_SHIPPED)),TERM_SHIPPED(LBL2),declT_5)),skH2[]),anchorProof(h(sign((TLR,(lineage2(entry(LBL1,DISP_ABANDONED),entry(LBL2,DISP_SHIPPED)),TERM_SHIPPED(LBL2),declT_5)),skH2[])))),LBL2).
attacker((authTuple(issuerId2[],fp(pk(skH2[])),ssetH[],algH[],verH[]),sign((STMT_DIGEST,h(authTuple(issuerId2[],fp(pk(skH2[])),ssetH[],algH[],verH[]))),skD[]),sign((STMT_DIGEST,h(authTuple(issuerId2[],fp(pk(skH2[])),ssetH[],algH[],verH[]))),skR[]),pk(skH2[]),core_2,fb_2,withTLR(pk(skH2[]),sign((TLR,(lineage2(entry(LBL1,DISP_ABANDONED),entry(LBL2,DISP_SHIPPED)),TERM_SHIPPED(LBL2),declT_5)),skH2[]),anchorProof(h(sign((TLR,(lineage2(entry(LBL1,DISP_ABANDONED),entry(LBL2,DISP_SHIPPED)),TERM_SHIPPED(LBL2),declT_5)),skH2[])))),LBL2)).

25. The message (authTuple(issuerId2[],fp(pk(skH2[])),ssetH[],algH[],verH[]),sign((STMT_DIGEST,h(authTuple(issuerId2[],fp(pk(skH2[])),ssetH[],algH[],verH[]))),skD[]),sign((STMT_DIGEST,h(authTuple(issuerId2[],fp(pk(skH2[])),ssetH[],algH[],verH[]))),skR[]),pk(skH2[]),core_2,fb_2,withTLR(pk(skH2[]),sign((TLR,(lineage2(entry(LBL1,DISP_ABANDONED),entry(LBL2,DISP_SHIPPED)),TERM_SHIPPED(LBL2),declT_5)),skH2[]),anchorProof(h(sign((TLR,(lineage2(entry(LBL1,DISP_ABANDONED),entry(LBL2,DISP_SHIPPED)),TERM_SHIPPED(LBL2),declT_5)),skH2[])))),LBL2) that the attacker may have by 24 may be received at input {123}.
We have LBL1 ≠ LBL2.
So event Established(pk(skH2[]),authTuple(issuerId2[],fp(pk(skH2[])),ssetH[],algH[],verH[]),h(core_2)) may be executed at {143}.
event(Established(pk(skH2[]),authTuple(issuerId2[],fp(pk(skH2[])),ssetH[],algH[],verH[]),h(core_2))).

26. By 25, event(Established(pk(skH2[]),authTuple(issuerId2[],fp(pk(skH2[])),ssetH[],algH[],verH[]),h(core_2))).
The goal is reached, represented in the following fact:
event(Established(pk(skH2[]),authTuple(issuerId2[],fp(pk(skH2[])),ssetH[],algH[],verH[]),h(core_2))).


A more detailed output of the traces is available with
  set traceDisplay = long.

new skD: skey creating skD_3 at {1}

new skR: skey creating skR_3 at {2}

out(c, ~M) with ~M = pk(skD_3) at {5}

out(c, ~M_1) with ~M_1 = pk(skR_3) at {6}

out(c, ~M_2) with ~M_2 = pk(skH1) at {7}

out(c, ~M_3) with ~M_3 = pk(skH2) at {8}

out(c, authTuple(~M_4,~M_5,~M_6,~M_7,~M_8)) with ~M_4 = issuerId, ~M_5 = fp(pk(skH1)), ~M_6 = ssetH, ~M_7 = algH, ~M_8 = verH at {9}

out(c, authTuple(~M_9,~M_10,~M_11,~M_12,~M_13)) with ~M_9 = issuerId2, ~M_10 = fp(pk(skH2)), ~M_11 = ssetH, ~M_12 = algH, ~M_13 = verH at {10}

out(c, ~M_14) with ~M_14 = skD_3 at {11}

event AuthorityPublishedRepo(authTuple(issuerId2,fp(pk(skH2)),ssetH,algH,verH)) at {26} in copy a

out(c, ~M_15) with ~M_15 = sign((STMT_DIGEST,h(authTuple(issuerId2,fp(pk(skH2)),ssetH,algH,verH))),skR_3) at {27} in copy a

in(c, (a_1,a_2)) at {77} in copy a_3

new decl1_2: bitstring creating decl1_4 at {78} in copy a_3

new decl2_2: bitstring creating decl2_5 at {79} in copy a_3

new declT_2: bitstring creating declT_6 at {80} in copy a_3

event IssuerPossession(pk(skH2)) at {81} in copy a_3

event IssuerSigned(pk(skH2),framed(OT_ATTEST,algH,issuerId2,fp(pk(skH2)),h(authTuple(issuerId2,fp(pk(skH2)),ssetH,algH,verH)),canonVerH,a_1)) at {86} in copy a_3

out(c, (attemptCore(authTuple(~M_16,~M_17,~M_18,~M_19,~M_20),~M_21,~M_22,~M_23),framed(~M_24,~M_25,~M_26,~M_27,~M_28,~M_29,~M_30))) with ~M_16 = issuerId2, ~M_17 = fp(pk(skH2)), ~M_18 = ssetH, ~M_19 = algH, ~M_20 = verH, ~M_21 = sign((POSS,authTuple(issuerId2,fp(pk(skH2)),ssetH,algH,verH)),skH2), ~M_22 = sign((BYTES,framed(OT_ATTEST,algH,issuerId2,fp(pk(skH2)),h(authTuple(issuerId2,fp(pk(skH2)),ssetH,algH,verH)),canonVerH,a_1)),skH2), ~M_23 = decl1_4, ~M_24 = OT_ATTEST, ~M_25 = algH, ~M_26 = issuerId2, ~M_27 = fp(pk(skH2)), ~M_28 = h(authTuple(issuerId2,fp(pk(skH2)),ssetH,algH,verH)), ~M_29 = canonVerH, ~M_30 = a_1 at {87} in copy a_3

event IssuerSigned(pk(skH2),framed(OT_ATTEST,algH,issuerId2,fp(pk(skH2)),h(authTuple(issuerId2,fp(pk(skH2)),ssetH,algH,verH)),canonVerH,a_2)) at {91} in copy a_3

out(c, (attemptCore(authTuple(~M_31,~M_32,~M_33,~M_34,~M_35),~M_36,~M_37,~M_38),framed(~M_39,~M_40,~M_41,~M_42,~M_43,~M_44,~M_45))) with ~M_31 = issuerId2, ~M_32 = fp(pk(skH2)), ~M_33 = ssetH, ~M_34 = algH, ~M_35 = verH, ~M_36 = sign((POSS,authTuple(issuerId2,fp(pk(skH2)),ssetH,algH,verH)),skH2), ~M_37 = sign((BYTES,framed(OT_ATTEST,algH,issuerId2,fp(pk(skH2)),h(authTuple(issuerId2,fp(pk(skH2)),ssetH,algH,verH)),canonVerH,a_2)),skH2), ~M_38 = decl2_5, ~M_39 = OT_ATTEST, ~M_40 = algH, ~M_41 = issuerId2, ~M_42 = fp(pk(skH2)), ~M_43 = h(authTuple(issuerId2,fp(pk(skH2)),ssetH,algH,verH)), ~M_44 = canonVerH, ~M_45 = a_2 at {92} in copy a_3

event Designated(pk(skH2),h(attemptCore(authTuple(issuerId2,fp(pk(skH2)),ssetH,algH,verH),sign((POSS,authTuple(issuerId2,fp(pk(skH2)),ssetH,algH,verH)),skH2),sign((BYTES,framed(OT_ATTEST,algH,issuerId2,fp(pk(skH2)),h(authTuple(issuerId2,fp(pk(skH2)),ssetH,algH,verH)),canonVerH,a_2)),skH2),decl2_5))) at {95} in copy a_3

out(c, ~M_46) with ~M_46 = sign((TLR,(lineage2(entry(LBL1,DISP_ABANDONED),entry(LBL2,DISP_SHIPPED)),TERM_SHIPPED(LBL2),declT_6)),skH2) at {98} in copy a_3

in(c, (authTuple(issuerId2,fp(~M_3),ssetH,algH,verH),sign((STMT_DIGEST,h(authTuple(issuerId2,fp(~M_3),ssetH,algH,verH))),~M_14),~M_15,~M_3,a_4,a_5,withTLR(~M_3,~M_46,anchorProof(h(~M_46))),LBL2)) with fp(~M_3) = fp(pk(skH2)), sign((STMT_DIGEST,h(authTuple(issuerId2,fp(~M_3),ssetH,algH,verH))),~M_14) = sign((STMT_DIGEST,h(authTuple(issuerId2,fp(pk(skH2)),ssetH,algH,verH))),skD_3), ~M_15 = sign((STMT_DIGEST,h(authTuple(issuerId2,fp(pk(skH2)),ssetH,algH,verH))),skR_3), ~M_3 = pk(skH2), ~M_3 = pk(skH2), ~M_46 = sign((TLR,(lineage2(entry(LBL1,DISP_ABANDONED),entry(LBL2,DISP_SHIPPED)),TERM_SHIPPED(LBL2),declT_6)),skH2), h(~M_46) = h(sign((TLR,(lineage2(entry(LBL1,DISP_ABANDONED),entry(LBL2,DISP_SHIPPED)),TERM_SHIPPED(LBL2),declT_6)),skH2)) at {123} in copy a_6

event Established(pk(skH2),authTuple(issuerId2,fp(pk(skH2)),ssetH,algH,verH),h(a_4)) at {143} in copy a_6 (goal)

The event Established(pk(skH2),authTuple(issuerId2,fp(pk(skH2)),ssetH,algH,verH),h(a_4)) is executed at {143} in copy a_6.
A trace has been found.
RESULT event(Established(pk(skH2[]),t_3,aid_2)) ==> event(Designated(pk(skH2[]),aid_2)) is false.
-- Query event(EstablishedWrapped(kX_3,t_3,aid_2)) ==> event(Designated(kX_3,aid_2)) in process 1.
Translating the process into Horn clauses...
Completing...
200 rules inserted. Base: 171 rules (96 with conclusion selected). Queue: 27 rules.
Starting query event(EstablishedWrapped(kX_3,t_3,aid_2)) ==> event(Designated(kX_3,aid_2))
goal reachable: attacker(inner_1) && attacker(outer_1) && b-event(Designated(pk(skH2[]),h(attemptCore(authTuple(issuerId2[],fp(pk(skH2[])),ssetH[],algH[],verH[]),sign((POSS,authTuple(issuerId2[],fp(pk(skH2[])),ssetH[],algH[],verH[])),skH2[]),sign((BYTES,framed(OT_ATTEST,algH[],issuerId2[],fp(pk(skH2[])),h(authTuple(issuerId2[],fp(pk(skH2[])),ssetH[],algH[],verH[])),canonVerH[],p2_5)),skH2[]),decl2_4)))) && attacker(p1_5) && attacker(p2_5) -> event(EstablishedWrapped(pk(skH2[]),authTuple(issuerId2[],fp(pk(skH2[])),ssetH[],algH[],verH[]),h(wrapCore(inner_1,outer_1))))
Abbreviations:
decl2_4 = decl2_2[p2_2 = p2_5,p1_2 = p1_5,!1 = @sid]

Derivation:
Abbreviations:
declT_5 = declT_2[p2_2 = p2_5,p1_2 = p1_5,!1 = @sid]
decl2_4 = decl2_2[p2_2 = p2_5,p1_2 = p1_5,!1 = @sid]

1. Using the function LBL2 the attacker may obtain LBL2.
attacker(LBL2).

2. We assume as hypothesis that
attacker(p2_5).

3. We assume as hypothesis that
attacker(p1_5).

4. By 3, the attacker may know p1_5.
By 2, the attacker may know p2_5.
Using the function 2-tuple the attacker may obtain (p1_5,p2_5).
attacker((p1_5,p2_5)).

5. The message (p1_5,p2_5) that the attacker may have by 4 may be received at input {77}.
The event Designated(pk(skH2[]),h(attemptCore(authTuple(issuerId2[],fp(pk(skH2[])),ssetH[],algH[],verH[]),sign((POSS,authTuple(issuerId2[],fp(pk(skH2[])),ssetH[],algH[],verH[])),skH2[]),sign((BYTES,framed(OT_ATTEST,algH[],issuerId2[],fp(pk(skH2[])),h(authTuple(issuerId2[],fp(pk(skH2[])),ssetH[],algH[],verH[])),canonVerH[],p2_5)),skH2[]),decl2_4))) may be executed at {95}.
So the message sign((TLR,(lineage2(entry(LBL1,DISP_ABANDONED),entry(LBL2,DISP_SHIPPED)),TERM_SHIPPED(LBL2),declT_5)),skH2[]) may be sent to the attacker at output {98}.
attacker(sign((TLR,(lineage2(entry(LBL1,DISP_ABANDONED),entry(LBL2,DISP_SHIPPED)),TERM_SHIPPED(LBL2),declT_5)),skH2[])).

6. By 5, the attacker may know sign((TLR,(lineage2(entry(LBL1,DISP_ABANDONED),entry(LBL2,DISP_SHIPPED)),TERM_SHIPPED(LBL2),declT_5)),skH2[]).
Using the function h the attacker may obtain h(sign((TLR,(lineage2(entry(LBL1,DISP_ABANDONED),entry(LBL2,DISP_SHIPPED)),TERM_SHIPPED(LBL2),declT_5)),skH2[])).
attacker(h(sign((TLR,(lineage2(entry(LBL1,DISP_ABANDONED),entry(LBL2,DISP_SHIPPED)),TERM_SHIPPED(LBL2),declT_5)),skH2[]))).

7. By 6, the attacker may know h(sign((TLR,(lineage2(entry(LBL1,DISP_ABANDONED),entry(LBL2,DISP_SHIPPED)),TERM_SHIPPED(LBL2),declT_5)),skH2[])).
Using the function anchorProof the attacker may obtain anchorProof(h(sign((TLR,(lineage2(entry(LBL1,DISP_ABANDONED),entry(LBL2,DISP_SHIPPED)),TERM_SHIPPED(LBL2),declT_5)),skH2[]))).
attacker(anchorProof(h(sign((TLR,(lineage2(entry(LBL1,DISP_ABANDONED),entry(LBL2,DISP_SHIPPED)),TERM_SHIPPED(LBL2),declT_5)),skH2[])))).

8. The message pk(skH2[]) may be sent to the attacker at output {8}.
attacker(pk(skH2[])).

9. By 8, the attacker may know pk(skH2[]).
By 5, the attacker may know sign((TLR,(lineage2(entry(LBL1,DISP_ABANDONED),entry(LBL2,DISP_SHIPPED)),TERM_SHIPPED(LBL2),declT_5)),skH2[]).
By 7, the attacker may know anchorProof(h(sign((TLR,(lineage2(entry(LBL1,DISP_ABANDONED),entry(LBL2,DISP_SHIPPED)),TERM_SHIPPED(LBL2),declT_5)),skH2[]))).
Using the function withTLR the attacker may obtain withTLR(pk(skH2[]),sign((TLR,(lineage2(entry(LBL1,DISP_ABANDONED),entry(LBL2,DISP_SHIPPED)),TERM_SHIPPED(LBL2),declT_5)),skH2[]),anchorProof(h(sign((TLR,(lineage2(entry(LBL1,DISP_ABANDONED),entry(LBL2,DISP_SHIPPED)),TERM_SHIPPED(LBL2),declT_5)),skH2[])))).
attacker(withTLR(pk(skH2[]),sign((TLR,(lineage2(entry(LBL1,DISP_ABANDONED),entry(LBL2,DISP_SHIPPED)),TERM_SHIPPED(LBL2),declT_5)),skH2[]),anchorProof(h(sign((TLR,(lineage2(entry(LBL1,DISP_ABANDONED),entry(LBL2,DISP_SHIPPED)),TERM_SHIPPED(LBL2),declT_5)),skH2[]))))).

10. The attacker has some term fb_2.
attacker(fb_2).

11. We assume as hypothesis that
attacker(outer_1).

12. We assume as hypothesis that
attacker(inner_1).

13. By 12, the attacker may know inner_1.
By 11, the attacker may know outer_1.
Using the function wrapCore the attacker may obtain wrapCore(inner_1,outer_1).
attacker(wrapCore(inner_1,outer_1)).

14. The message sign((STMT_DIGEST,h(authTuple(issuerId2[],fp(pk(skH2[])),ssetH[],algH[],verH[]))),skR[]) may be sent to the attacker at output {27}.
attacker(sign((STMT_DIGEST,h(authTuple(issuerId2[],fp(pk(skH2[])),ssetH[],algH[],verH[]))),skR[])).

15. The message skD[] may be sent to the attacker at output {11}.
attacker(skD[]).

16. The attacker initially knows verH[].
attacker(verH[]).

17. The attacker initially knows algH[].
attacker(algH[]).

18. The attacker initially knows ssetH[].
attacker(ssetH[]).

19. By 8, the attacker may know pk(skH2[]).
Using the function fp the attacker may obtain fp(pk(skH2[])).
attacker(fp(pk(skH2[]))).

20. The attacker initially knows issuerId2[].
attacker(issuerId2[]).

21. By 20, the attacker may know issuerId2[].
By 19, the attacker may know fp(pk(skH2[])).
By 18, the attacker may know ssetH[].
By 17, the attacker may know algH[].
By 16, the attacker may know verH[].
Using the function authTuple the attacker may obtain authTuple(issuerId2[],fp(pk(skH2[])),ssetH[],algH[],verH[]).
attacker(authTuple(issuerId2[],fp(pk(skH2[])),ssetH[],algH[],verH[])).

22. By 21, the attacker may know authTuple(issuerId2[],fp(pk(skH2[])),ssetH[],algH[],verH[]).
Using the function h the attacker may obtain h(authTuple(issuerId2[],fp(pk(skH2[])),ssetH[],algH[],verH[])).
attacker(h(authTuple(issuerId2[],fp(pk(skH2[])),ssetH[],algH[],verH[]))).

23. Using the function STMT_DIGEST the attacker may obtain STMT_DIGEST.
attacker(STMT_DIGEST).

24. By 23, the attacker may know STMT_DIGEST.
By 22, the attacker may know h(authTuple(issuerId2[],fp(pk(skH2[])),ssetH[],algH[],verH[])).
Using the function 2-tuple the attacker may obtain (STMT_DIGEST,h(authTuple(issuerId2[],fp(pk(skH2[])),ssetH[],algH[],verH[]))).
attacker((STMT_DIGEST,h(authTuple(issuerId2[],fp(pk(skH2[])),ssetH[],algH[],verH[])))).

25. By 24, the attacker may know (STMT_DIGEST,h(authTuple(issuerId2[],fp(pk(skH2[])),ssetH[],algH[],verH[]))).
By 15, the attacker may know skD[].
Using the function sign the attacker may obtain sign((STMT_DIGEST,h(authTuple(issuerId2[],fp(pk(skH2[])),ssetH[],algH[],verH[]))),skD[]).
attacker(sign((STMT_DIGEST,h(authTuple(issuerId2[],fp(pk(skH2[])),ssetH[],algH[],verH[]))),skD[])).

26. By 21, the attacker may know authTuple(issuerId2[],fp(pk(skH2[])),ssetH[],algH[],verH[]).
By 25, the attacker may know sign((STMT_DIGEST,h(authTuple(issuerId2[],fp(pk(skH2[])),ssetH[],algH[],verH[]))),skD[]).
By 14, the attacker may know sign((STMT_DIGEST,h(authTuple(issuerId2[],fp(pk(skH2[])),ssetH[],algH[],verH[]))),skR[]).
By 8, the attacker may know pk(skH2[]).
By 13, the attacker may know wrapCore(inner_1,outer_1).
By 10, the attacker may know fb_2.
By 9, the attacker may know withTLR(pk(skH2[]),sign((TLR,(lineage2(entry(LBL1,DISP_ABANDONED),entry(LBL2,DISP_SHIPPED)),TERM_SHIPPED(LBL2),declT_5)),skH2[]),anchorProof(h(sign((TLR,(lineage2(entry(LBL1,DISP_ABANDONED),entry(LBL2,DISP_SHIPPED)),TERM_SHIPPED(LBL2),declT_5)),skH2[])))).
By 1, the attacker may know LBL2.
Using the function 8-tuple the attacker may obtain (authTuple(issuerId2[],fp(pk(skH2[])),ssetH[],algH[],verH[]),sign((STMT_DIGEST,h(authTuple(issuerId2[],fp(pk(skH2[])),ssetH[],algH[],verH[]))),skD[]),sign((STMT_DIGEST,h(authTuple(issuerId2[],fp(pk(skH2[])),ssetH[],algH[],verH[]))),skR[]),pk(skH2[]),wrapCore(inner_1,outer_1),fb_2,withTLR(pk(skH2[]),sign((TLR,(lineage2(entry(LBL1,DISP_ABANDONED),entry(LBL2,DISP_SHIPPED)),TERM_SHIPPED(LBL2),declT_5)),skH2[]),anchorProof(h(sign((TLR,(lineage2(entry(LBL1,DISP_ABANDONED),entry(LBL2,DISP_SHIPPED)),TERM_SHIPPED(LBL2),declT_5)),skH2[])))),LBL2).
attacker((authTuple(issuerId2[],fp(pk(skH2[])),ssetH[],algH[],verH[]),sign((STMT_DIGEST,h(authTuple(issuerId2[],fp(pk(skH2[])),ssetH[],algH[],verH[]))),skD[]),sign((STMT_DIGEST,h(authTuple(issuerId2[],fp(pk(skH2[])),ssetH[],algH[],verH[]))),skR[]),pk(skH2[]),wrapCore(inner_1,outer_1),fb_2,withTLR(pk(skH2[]),sign((TLR,(lineage2(entry(LBL1,DISP_ABANDONED),entry(LBL2,DISP_SHIPPED)),TERM_SHIPPED(LBL2),declT_5)),skH2[]),anchorProof(h(sign((TLR,(lineage2(entry(LBL1,DISP_ABANDONED),entry(LBL2,DISP_SHIPPED)),TERM_SHIPPED(LBL2),declT_5)),skH2[])))),LBL2)).

27. The message (authTuple(issuerId2[],fp(pk(skH2[])),ssetH[],algH[],verH[]),sign((STMT_DIGEST,h(authTuple(issuerId2[],fp(pk(skH2[])),ssetH[],algH[],verH[]))),skD[]),sign((STMT_DIGEST,h(authTuple(issuerId2[],fp(pk(skH2[])),ssetH[],algH[],verH[]))),skR[]),pk(skH2[]),wrapCore(inner_1,outer_1),fb_2,withTLR(pk(skH2[]),sign((TLR,(lineage2(entry(LBL1,DISP_ABANDONED),entry(LBL2,DISP_SHIPPED)),TERM_SHIPPED(LBL2),declT_5)),skH2[]),anchorProof(h(sign((TLR,(lineage2(entry(LBL1,DISP_ABANDONED),entry(LBL2,DISP_SHIPPED)),TERM_SHIPPED(LBL2),declT_5)),skH2[])))),LBL2) that the attacker may have by 26 may be received at input {123}.
We have LBL1 ≠ LBL2.
So event EstablishedWrapped(pk(skH2[]),authTuple(issuerId2[],fp(pk(skH2[])),ssetH[],algH[],verH[]),h(wrapCore(inner_1,outer_1))) may be executed at {147}.
event(EstablishedWrapped(pk(skH2[]),authTuple(issuerId2[],fp(pk(skH2[])),ssetH[],algH[],verH[]),h(wrapCore(inner_1,outer_1)))).

28. By 27, event(EstablishedWrapped(pk(skH2[]),authTuple(issuerId2[],fp(pk(skH2[])),ssetH[],algH[],verH[]),h(wrapCore(inner_1,outer_1)))).
The goal is reached, represented in the following fact:
event(EstablishedWrapped(pk(skH2[]),authTuple(issuerId2[],fp(pk(skH2[])),ssetH[],algH[],verH[]),h(wrapCore(inner_1,outer_1)))).


A more detailed output of the traces is available with
  set traceDisplay = long.

new skD: skey creating skD_3 at {1}

new skR: skey creating skR_3 at {2}

out(c, ~M) with ~M = pk(skD_3) at {5}

out(c, ~M_1) with ~M_1 = pk(skR_3) at {6}

out(c, ~M_2) with ~M_2 = pk(skH1) at {7}

out(c, ~M_3) with ~M_3 = pk(skH2) at {8}

out(c, authTuple(~M_4,~M_5,~M_6,~M_7,~M_8)) with ~M_4 = issuerId, ~M_5 = fp(pk(skH1)), ~M_6 = ssetH, ~M_7 = algH, ~M_8 = verH at {9}

out(c, authTuple(~M_9,~M_10,~M_11,~M_12,~M_13)) with ~M_9 = issuerId2, ~M_10 = fp(pk(skH2)), ~M_11 = ssetH, ~M_12 = algH, ~M_13 = verH at {10}

out(c, ~M_14) with ~M_14 = skD_3 at {11}

event AuthorityPublishedRepo(authTuple(issuerId2,fp(pk(skH2)),ssetH,algH,verH)) at {26} in copy a

out(c, ~M_15) with ~M_15 = sign((STMT_DIGEST,h(authTuple(issuerId2,fp(pk(skH2)),ssetH,algH,verH))),skR_3) at {27} in copy a

in(c, (a_1,a_2)) at {77} in copy a_3

new decl1_2: bitstring creating decl1_4 at {78} in copy a_3

new decl2_2: bitstring creating decl2_5 at {79} in copy a_3

new declT_2: bitstring creating declT_6 at {80} in copy a_3

event IssuerPossession(pk(skH2)) at {81} in copy a_3

event IssuerSigned(pk(skH2),framed(OT_ATTEST,algH,issuerId2,fp(pk(skH2)),h(authTuple(issuerId2,fp(pk(skH2)),ssetH,algH,verH)),canonVerH,a_1)) at {86} in copy a_3

out(c, (attemptCore(authTuple(~M_16,~M_17,~M_18,~M_19,~M_20),~M_21,~M_22,~M_23),framed(~M_24,~M_25,~M_26,~M_27,~M_28,~M_29,~M_30))) with ~M_16 = issuerId2, ~M_17 = fp(pk(skH2)), ~M_18 = ssetH, ~M_19 = algH, ~M_20 = verH, ~M_21 = sign((POSS,authTuple(issuerId2,fp(pk(skH2)),ssetH,algH,verH)),skH2), ~M_22 = sign((BYTES,framed(OT_ATTEST,algH,issuerId2,fp(pk(skH2)),h(authTuple(issuerId2,fp(pk(skH2)),ssetH,algH,verH)),canonVerH,a_1)),skH2), ~M_23 = decl1_4, ~M_24 = OT_ATTEST, ~M_25 = algH, ~M_26 = issuerId2, ~M_27 = fp(pk(skH2)), ~M_28 = h(authTuple(issuerId2,fp(pk(skH2)),ssetH,algH,verH)), ~M_29 = canonVerH, ~M_30 = a_1 at {87} in copy a_3

event IssuerSigned(pk(skH2),framed(OT_ATTEST,algH,issuerId2,fp(pk(skH2)),h(authTuple(issuerId2,fp(pk(skH2)),ssetH,algH,verH)),canonVerH,a_2)) at {91} in copy a_3

out(c, (attemptCore(authTuple(~M_31,~M_32,~M_33,~M_34,~M_35),~M_36,~M_37,~M_38),framed(~M_39,~M_40,~M_41,~M_42,~M_43,~M_44,~M_45))) with ~M_31 = issuerId2, ~M_32 = fp(pk(skH2)), ~M_33 = ssetH, ~M_34 = algH, ~M_35 = verH, ~M_36 = sign((POSS,authTuple(issuerId2,fp(pk(skH2)),ssetH,algH,verH)),skH2), ~M_37 = sign((BYTES,framed(OT_ATTEST,algH,issuerId2,fp(pk(skH2)),h(authTuple(issuerId2,fp(pk(skH2)),ssetH,algH,verH)),canonVerH,a_2)),skH2), ~M_38 = decl2_5, ~M_39 = OT_ATTEST, ~M_40 = algH, ~M_41 = issuerId2, ~M_42 = fp(pk(skH2)), ~M_43 = h(authTuple(issuerId2,fp(pk(skH2)),ssetH,algH,verH)), ~M_44 = canonVerH, ~M_45 = a_2 at {92} in copy a_3

event Designated(pk(skH2),h(attemptCore(authTuple(issuerId2,fp(pk(skH2)),ssetH,algH,verH),sign((POSS,authTuple(issuerId2,fp(pk(skH2)),ssetH,algH,verH)),skH2),sign((BYTES,framed(OT_ATTEST,algH,issuerId2,fp(pk(skH2)),h(authTuple(issuerId2,fp(pk(skH2)),ssetH,algH,verH)),canonVerH,a_2)),skH2),decl2_5))) at {95} in copy a_3

out(c, ~M_46) with ~M_46 = sign((TLR,(lineage2(entry(LBL1,DISP_ABANDONED),entry(LBL2,DISP_SHIPPED)),TERM_SHIPPED(LBL2),declT_6)),skH2) at {98} in copy a_3

in(c, (authTuple(issuerId2,fp(~M_3),ssetH,algH,verH),sign((STMT_DIGEST,h(authTuple(issuerId2,fp(~M_3),ssetH,algH,verH))),~M_14),~M_15,~M_3,wrapCore(a_4,a_5),a_6,withTLR(~M_3,~M_46,anchorProof(h(~M_46))),LBL2)) with fp(~M_3) = fp(pk(skH2)), sign((STMT_DIGEST,h(authTuple(issuerId2,fp(~M_3),ssetH,algH,verH))),~M_14) = sign((STMT_DIGEST,h(authTuple(issuerId2,fp(pk(skH2)),ssetH,algH,verH))),skD_3), ~M_15 = sign((STMT_DIGEST,h(authTuple(issuerId2,fp(pk(skH2)),ssetH,algH,verH))),skR_3), ~M_3 = pk(skH2), ~M_3 = pk(skH2), ~M_46 = sign((TLR,(lineage2(entry(LBL1,DISP_ABANDONED),entry(LBL2,DISP_SHIPPED)),TERM_SHIPPED(LBL2),declT_6)),skH2), h(~M_46) = h(sign((TLR,(lineage2(entry(LBL1,DISP_ABANDONED),entry(LBL2,DISP_SHIPPED)),TERM_SHIPPED(LBL2),declT_6)),skH2)) at {123} in copy a_7

event Established(pk(skH2),authTuple(issuerId2,fp(pk(skH2)),ssetH,algH,verH),h(wrapCore(a_4,a_5))) at {143} in copy a_7

event StandingReport(ESTABLISHED,TERMINAL_DISPOSITION_SHOWN,pk(skH2),authTuple(issuerId2,fp(pk(skH2)),ssetH,algH,verH),h(wrapCore(a_4,a_5))) at {144} in copy a_7

event EstablishedWrapped(pk(skH2),authTuple(issuerId2,fp(pk(skH2)),ssetH,algH,verH),h(wrapCore(a_4,a_5))) at {147} in copy a_7 (goal)

The event EstablishedWrapped(pk(skH2),authTuple(issuerId2,fp(pk(skH2)),ssetH,algH,verH),h(wrapCore(a_4,a_5))) is executed at {147} in copy a_7.
A trace has been found.
RESULT event(EstablishedWrapped(kX_3,t_3,aid_2)) ==> event(Designated(kX_3,aid_2)) is false.
-- Query not event(StandingUnentitled(kX_3,t_3)) in process 1.
Translating the process into Horn clauses...
Completing...
200 rules inserted. Base: 170 rules (96 with conclusion selected). Queue: 26 rules.
Starting query not event(StandingUnentitled(kX_3,t_3))
RESULT not event(StandingUnentitled(kX_3,t_3)) is true.
-- Query not event(HonestStandingEstablished(k,aid_2)) in process 1.
Translating the process into Horn clauses...
Completing...
200 rules inserted. Base: 172 rules (96 with conclusion selected). Queue: 31 rules.
Starting query not event(HonestStandingEstablished(k,aid_2))
goal reachable: attacker(p1_5) && attacker(p2_5) -> event(HonestStandingEstablished(pk(skH2[]),h(attemptCore(authTuple(issuerId2[],fp(pk(skH2[])),ssetH[],algH[],verH[]),sign((POSS,authTuple(issuerId2[],fp(pk(skH2[])),ssetH[],algH[],verH[])),skH2[]),sign((BYTES,framed(OT_ATTEST,algH[],issuerId2[],fp(pk(skH2[])),h(authTuple(issuerId2[],fp(pk(skH2[])),ssetH[],algH[],verH[])),canonVerH[],p2_5)),skH2[]),decl2_4))))
Abbreviations:
decl2_4 = decl2_2[p2_2 = p2_5,p1_2 = p1_5,!1 = @sid]

Derivation:
Abbreviations:
decl2_4 = decl2_2[p2_2 = p2_5,p1_2 = p1_5,!1 = @sid]
declT_5 = declT_2[p2_2 = p2_6,p1_2 = p1_6,!1 = @sid_1]
decl1_4 = decl1_2[p2_2 = p2_7,p1_2 = p1_7,!1 = @sid_2]
decl1_5 = decl1_2[p2_2 = p2_8,p1_2 = p2_5,!1 = @sid_3]

1. Using the function LBL2 the attacker may obtain LBL2.
attacker(LBL2).

2. The attacker has some term p2_6.
attacker(p2_6).

3. The attacker has some term p1_6.
attacker(p1_6).

4. By 3, the attacker may know p1_6.
By 2, the attacker may know p2_6.
Using the function 2-tuple the attacker may obtain (p1_6,p2_6).
attacker((p1_6,p2_6)).

5. The message (p1_6,p2_6) that the attacker may have by 4 may be received at input {77}.
So the message sign((TLR,(lineage2(entry(LBL1,DISP_ABANDONED),entry(LBL2,DISP_SHIPPED)),TERM_SHIPPED(LBL2),declT_5)),skH2[]) may be sent to the attacker at output {98}.
attacker(sign((TLR,(lineage2(entry(LBL1,DISP_ABANDONED),entry(LBL2,DISP_SHIPPED)),TERM_SHIPPED(LBL2),declT_5)),skH2[])).

6. By 5, the attacker may know sign((TLR,(lineage2(entry(LBL1,DISP_ABANDONED),entry(LBL2,DISP_SHIPPED)),TERM_SHIPPED(LBL2),declT_5)),skH2[]).
Using the function h the attacker may obtain h(sign((TLR,(lineage2(entry(LBL1,DISP_ABANDONED),entry(LBL2,DISP_SHIPPED)),TERM_SHIPPED(LBL2),declT_5)),skH2[])).
attacker(h(sign((TLR,(lineage2(entry(LBL1,DISP_ABANDONED),entry(LBL2,DISP_SHIPPED)),TERM_SHIPPED(LBL2),declT_5)),skH2[]))).

7. By 6, the attacker may know h(sign((TLR,(lineage2(entry(LBL1,DISP_ABANDONED),entry(LBL2,DISP_SHIPPED)),TERM_SHIPPED(LBL2),declT_5)),skH2[])).
Using the function anchorProof the attacker may obtain anchorProof(h(sign((TLR,(lineage2(entry(LBL1,DISP_ABANDONED),entry(LBL2,DISP_SHIPPED)),TERM_SHIPPED(LBL2),declT_5)),skH2[]))).
attacker(anchorProof(h(sign((TLR,(lineage2(entry(LBL1,DISP_ABANDONED),entry(LBL2,DISP_SHIPPED)),TERM_SHIPPED(LBL2),declT_5)),skH2[])))).

8. The message pk(skH2[]) may be sent to the attacker at output {8}.
attacker(pk(skH2[])).

9. By 8, the attacker may know pk(skH2[]).
By 5, the attacker may know sign((TLR,(lineage2(entry(LBL1,DISP_ABANDONED),entry(LBL2,DISP_SHIPPED)),TERM_SHIPPED(LBL2),declT_5)),skH2[]).
By 7, the attacker may know anchorProof(h(sign((TLR,(lineage2(entry(LBL1,DISP_ABANDONED),entry(LBL2,DISP_SHIPPED)),TERM_SHIPPED(LBL2),declT_5)),skH2[]))).
Using the function withTLR the attacker may obtain withTLR(pk(skH2[]),sign((TLR,(lineage2(entry(LBL1,DISP_ABANDONED),entry(LBL2,DISP_SHIPPED)),TERM_SHIPPED(LBL2),declT_5)),skH2[]),anchorProof(h(sign((TLR,(lineage2(entry(LBL1,DISP_ABANDONED),entry(LBL2,DISP_SHIPPED)),TERM_SHIPPED(LBL2),declT_5)),skH2[])))).
attacker(withTLR(pk(skH2[]),sign((TLR,(lineage2(entry(LBL1,DISP_ABANDONED),entry(LBL2,DISP_SHIPPED)),TERM_SHIPPED(LBL2),declT_5)),skH2[]),anchorProof(h(sign((TLR,(lineage2(entry(LBL1,DISP_ABANDONED),entry(LBL2,DISP_SHIPPED)),TERM_SHIPPED(LBL2),declT_5)),skH2[]))))).

10. The attacker has some term fb_2.
attacker(fb_2).

11. We assume as hypothesis that
attacker(p2_5).

12. We assume as hypothesis that
attacker(p1_5).

13. By 12, the attacker may know p1_5.
By 11, the attacker may know p2_5.
Using the function 2-tuple the attacker may obtain (p1_5,p2_5).
attacker((p1_5,p2_5)).

14. The message (p1_5,p2_5) that the attacker may have by 13 may be received at input {77}.
So the message (attemptCore(authTuple(issuerId2[],fp(pk(skH2[])),ssetH[],algH[],verH[]),sign((POSS,authTuple(issuerId2[],fp(pk(skH2[])),ssetH[],algH[],verH[])),skH2[]),sign((BYTES,framed(OT_ATTEST,algH[],issuerId2[],fp(pk(skH2[])),h(authTuple(issuerId2[],fp(pk(skH2[])),ssetH[],algH[],verH[])),canonVerH[],p2_5)),skH2[]),decl2_4),framed(OT_ATTEST,algH[],issuerId2[],fp(pk(skH2[])),h(authTuple(issuerId2[],fp(pk(skH2[])),ssetH[],algH[],verH[])),canonVerH[],p2_5)) may be sent to the attacker at output {92}.
attacker((attemptCore(authTuple(issuerId2[],fp(pk(skH2[])),ssetH[],algH[],verH[]),sign((POSS,authTuple(issuerId2[],fp(pk(skH2[])),ssetH[],algH[],verH[])),skH2[]),sign((BYTES,framed(OT_ATTEST,algH[],issuerId2[],fp(pk(skH2[])),h(authTuple(issuerId2[],fp(pk(skH2[])),ssetH[],algH[],verH[])),canonVerH[],p2_5)),skH2[]),decl2_4),framed(OT_ATTEST,algH[],issuerId2[],fp(pk(skH2[])),h(authTuple(issuerId2[],fp(pk(skH2[])),ssetH[],algH[],verH[])),canonVerH[],p2_5))).

15. By 14, the attacker may know (attemptCore(authTuple(issuerId2[],fp(pk(skH2[])),ssetH[],algH[],verH[]),sign((POSS,authTuple(issuerId2[],fp(pk(skH2[])),ssetH[],algH[],verH[])),skH2[]),sign((BYTES,framed(OT_ATTEST,algH[],issuerId2[],fp(pk(skH2[])),h(authTuple(issuerId2[],fp(pk(skH2[])),ssetH[],algH[],verH[])),canonVerH[],p2_5)),skH2[]),decl2_4),framed(OT_ATTEST,algH[],issuerId2[],fp(pk(skH2[])),h(authTuple(issuerId2[],fp(pk(skH2[])),ssetH[],algH[],verH[])),canonVerH[],p2_5)).
Using the function 1-proj-2-tuple the attacker may obtain attemptCore(authTuple(issuerId2[],fp(pk(skH2[])),ssetH[],algH[],verH[]),sign((POSS,authTuple(issuerId2[],fp(pk(skH2[])),ssetH[],algH[],verH[])),skH2[]),sign((BYTES,framed(OT_ATTEST,algH[],issuerId2[],fp(pk(skH2[])),h(authTuple(issuerId2[],fp(pk(skH2[])),ssetH[],algH[],verH[])),canonVerH[],p2_5)),skH2[]),decl2_4).
attacker(attemptCore(authTuple(issuerId2[],fp(pk(skH2[])),ssetH[],algH[],verH[]),sign((POSS,authTuple(issuerId2[],fp(pk(skH2[])),ssetH[],algH[],verH[])),skH2[]),sign((BYTES,framed(OT_ATTEST,algH[],issuerId2[],fp(pk(skH2[])),h(authTuple(issuerId2[],fp(pk(skH2[])),ssetH[],algH[],verH[])),canonVerH[],p2_5)),skH2[]),decl2_4)).

16. By 15, the attacker may know attemptCore(authTuple(issuerId2[],fp(pk(skH2[])),ssetH[],algH[],verH[]),sign((POSS,authTuple(issuerId2[],fp(pk(skH2[])),ssetH[],algH[],verH[])),skH2[]),sign((BYTES,framed(OT_ATTEST,algH[],issuerId2[],fp(pk(skH2[])),h(authTuple(issuerId2[],fp(pk(skH2[])),ssetH[],algH[],verH[])),canonVerH[],p2_5)),skH2[]),decl2_4).
Using the function 4-proj-attemptCore the attacker may obtain decl2_4.
attacker(decl2_4).

17. The attacker has some term p2_8.
attacker(p2_8).

18. By 11, the attacker may know p2_5.
By 17, the attacker may know p2_8.
Using the function 2-tuple the attacker may obtain (p2_5,p2_8).
attacker((p2_5,p2_8)).

19. The message (p2_5,p2_8) that the attacker may have by 18 may be received at input {77}.
So the message (attemptCore(authTuple(issuerId2[],fp(pk(skH2[])),ssetH[],algH[],verH[]),sign((POSS,authTuple(issuerId2[],fp(pk(skH2[])),ssetH[],algH[],verH[])),skH2[]),sign((BYTES,framed(OT_ATTEST,algH[],issuerId2[],fp(pk(skH2[])),h(authTuple(issuerId2[],fp(pk(skH2[])),ssetH[],algH[],verH[])),canonVerH[],p2_5)),skH2[]),decl1_5),framed(OT_ATTEST,algH[],issuerId2[],fp(pk(skH2[])),h(authTuple(issuerId2[],fp(pk(skH2[])),ssetH[],algH[],verH[])),canonVerH[],p2_5)) may be sent to the attacker at output {87}.
attacker((attemptCore(authTuple(issuerId2[],fp(pk(skH2[])),ssetH[],algH[],verH[]),sign((POSS,authTuple(issuerId2[],fp(pk(skH2[])),ssetH[],algH[],verH[])),skH2[]),sign((BYTES,framed(OT_ATTEST,algH[],issuerId2[],fp(pk(skH2[])),h(authTuple(issuerId2[],fp(pk(skH2[])),ssetH[],algH[],verH[])),canonVerH[],p2_5)),skH2[]),decl1_5),framed(OT_ATTEST,algH[],issuerId2[],fp(pk(skH2[])),h(authTuple(issuerId2[],fp(pk(skH2[])),ssetH[],algH[],verH[])),canonVerH[],p2_5))).

20. By 19, the attacker may know (attemptCore(authTuple(issuerId2[],fp(pk(skH2[])),ssetH[],algH[],verH[]),sign((POSS,authTuple(issuerId2[],fp(pk(skH2[])),ssetH[],algH[],verH[])),skH2[]),sign((BYTES,framed(OT_ATTEST,algH[],issuerId2[],fp(pk(skH2[])),h(authTuple(issuerId2[],fp(pk(skH2[])),ssetH[],algH[],verH[])),canonVerH[],p2_5)),skH2[]),decl1_5),framed(OT_ATTEST,algH[],issuerId2[],fp(pk(skH2[])),h(authTuple(issuerId2[],fp(pk(skH2[])),ssetH[],algH[],verH[])),canonVerH[],p2_5)).
Using the function 1-proj-2-tuple the attacker may obtain attemptCore(authTuple(issuerId2[],fp(pk(skH2[])),ssetH[],algH[],verH[]),sign((POSS,authTuple(issuerId2[],fp(pk(skH2[])),ssetH[],algH[],verH[])),skH2[]),sign((BYTES,framed(OT_ATTEST,algH[],issuerId2[],fp(pk(skH2[])),h(authTuple(issuerId2[],fp(pk(skH2[])),ssetH[],algH[],verH[])),canonVerH[],p2_5)),skH2[]),decl1_5).
attacker(attemptCore(authTuple(issuerId2[],fp(pk(skH2[])),ssetH[],algH[],verH[]),sign((POSS,authTuple(issuerId2[],fp(pk(skH2[])),ssetH[],algH[],verH[])),skH2[]),sign((BYTES,framed(OT_ATTEST,algH[],issuerId2[],fp(pk(skH2[])),h(authTuple(issuerId2[],fp(pk(skH2[])),ssetH[],algH[],verH[])),canonVerH[],p2_5)),skH2[]),decl1_5)).

21. By 20, the attacker may know attemptCore(authTuple(issuerId2[],fp(pk(skH2[])),ssetH[],algH[],verH[]),sign((POSS,authTuple(issuerId2[],fp(pk(skH2[])),ssetH[],algH[],verH[])),skH2[]),sign((BYTES,framed(OT_ATTEST,algH[],issuerId2[],fp(pk(skH2[])),h(authTuple(issuerId2[],fp(pk(skH2[])),ssetH[],algH[],verH[])),canonVerH[],p2_5)),skH2[]),decl1_5).
Using the function 3-proj-attemptCore the attacker may obtain sign((BYTES,framed(OT_ATTEST,algH[],issuerId2[],fp(pk(skH2[])),h(authTuple(issuerId2[],fp(pk(skH2[])),ssetH[],algH[],verH[])),canonVerH[],p2_5)),skH2[]).
attacker(sign((BYTES,framed(OT_ATTEST,algH[],issuerId2[],fp(pk(skH2[])),h(authTuple(issuerId2[],fp(pk(skH2[])),ssetH[],algH[],verH[])),canonVerH[],p2_5)),skH2[])).

22. The attacker has some term p2_7.
attacker(p2_7).

23. The attacker has some term p1_7.
attacker(p1_7).

24. By 23, the attacker may know p1_7.
By 22, the attacker may know p2_7.
Using the function 2-tuple the attacker may obtain (p1_7,p2_7).
attacker((p1_7,p2_7)).

25. The message (p1_7,p2_7) that the attacker may have by 24 may be received at input {77}.
So the message (attemptCore(authTuple(issuerId2[],fp(pk(skH2[])),ssetH[],algH[],verH[]),sign((POSS,authTuple(issuerId2[],fp(pk(skH2[])),ssetH[],algH[],verH[])),skH2[]),sign((BYTES,framed(OT_ATTEST,algH[],issuerId2[],fp(pk(skH2[])),h(authTuple(issuerId2[],fp(pk(skH2[])),ssetH[],algH[],verH[])),canonVerH[],p1_7)),skH2[]),decl1_4),framed(OT_ATTEST,algH[],issuerId2[],fp(pk(skH2[])),h(authTuple(issuerId2[],fp(pk(skH2[])),ssetH[],algH[],verH[])),canonVerH[],p1_7)) may be sent to the attacker at output {87}.
attacker((attemptCore(authTuple(issuerId2[],fp(pk(skH2[])),ssetH[],algH[],verH[]),sign((POSS,authTuple(issuerId2[],fp(pk(skH2[])),ssetH[],algH[],verH[])),skH2[]),sign((BYTES,framed(OT_ATTEST,algH[],issuerId2[],fp(pk(skH2[])),h(authTuple(issuerId2[],fp(pk(skH2[])),ssetH[],algH[],verH[])),canonVerH[],p1_7)),skH2[]),decl1_4),framed(OT_ATTEST,algH[],issuerId2[],fp(pk(skH2[])),h(authTuple(issuerId2[],fp(pk(skH2[])),ssetH[],algH[],verH[])),canonVerH[],p1_7))).

26. By 25, the attacker may know (attemptCore(authTuple(issuerId2[],fp(pk(skH2[])),ssetH[],algH[],verH[]),sign((POSS,authTuple(issuerId2[],fp(pk(skH2[])),ssetH[],algH[],verH[])),skH2[]),sign((BYTES,framed(OT_ATTEST,algH[],issuerId2[],fp(pk(skH2[])),h(authTuple(issuerId2[],fp(pk(skH2[])),ssetH[],algH[],verH[])),canonVerH[],p1_7)),skH2[]),decl1_4),framed(OT_ATTEST,algH[],issuerId2[],fp(pk(skH2[])),h(authTuple(issuerId2[],fp(pk(skH2[])),ssetH[],algH[],verH[])),canonVerH[],p1_7)).
Using the function 1-proj-2-tuple the attacker may obtain attemptCore(authTuple(issuerId2[],fp(pk(skH2[])),ssetH[],algH[],verH[]),sign((POSS,authTuple(issuerId2[],fp(pk(skH2[])),ssetH[],algH[],verH[])),skH2[]),sign((BYTES,framed(OT_ATTEST,algH[],issuerId2[],fp(pk(skH2[])),h(authTuple(issuerId2[],fp(pk(skH2[])),ssetH[],algH[],verH[])),canonVerH[],p1_7)),skH2[]),decl1_4).
attacker(attemptCore(authTuple(issuerId2[],fp(pk(skH2[])),ssetH[],algH[],verH[]),sign((POSS,authTuple(issuerId2[],fp(pk(skH2[])),ssetH[],algH[],verH[])),skH2[]),sign((BYTES,framed(OT_ATTEST,algH[],issuerId2[],fp(pk(skH2[])),h(authTuple(issuerId2[],fp(pk(skH2[])),ssetH[],algH[],verH[])),canonVerH[],p1_7)),skH2[]),decl1_4)).

27. By 26, the attacker may know attemptCore(authTuple(issuerId2[],fp(pk(skH2[])),ssetH[],algH[],verH[]),sign((POSS,authTuple(issuerId2[],fp(pk(skH2[])),ssetH[],algH[],verH[])),skH2[]),sign((BYTES,framed(OT_ATTEST,algH[],issuerId2[],fp(pk(skH2[])),h(authTuple(issuerId2[],fp(pk(skH2[])),ssetH[],algH[],verH[])),canonVerH[],p1_7)),skH2[]),decl1_4).
Using the function 2-proj-attemptCore the attacker may obtain sign((POSS,authTuple(issuerId2[],fp(pk(skH2[])),ssetH[],algH[],verH[])),skH2[]).
attacker(sign((POSS,authTuple(issuerId2[],fp(pk(skH2[])),ssetH[],algH[],verH[])),skH2[])).

28. The attacker initially knows verH[].
attacker(verH[]).

29. The attacker initially knows algH[].
attacker(algH[]).

30. The attacker initially knows ssetH[].
attacker(ssetH[]).

31. By 8, the attacker may know pk(skH2[]).
Using the function fp the attacker may obtain fp(pk(skH2[])).
attacker(fp(pk(skH2[]))).

32. The attacker initially knows issuerId2[].
attacker(issuerId2[]).

33. By 32, the attacker may know issuerId2[].
By 31, the attacker may know fp(pk(skH2[])).
By 30, the attacker may know ssetH[].
By 29, the attacker may know algH[].
By 28, the attacker may know verH[].
Using the function authTuple the attacker may obtain authTuple(issuerId2[],fp(pk(skH2[])),ssetH[],algH[],verH[]).
attacker(authTuple(issuerId2[],fp(pk(skH2[])),ssetH[],algH[],verH[])).

34. By 33, the attacker may know authTuple(issuerId2[],fp(pk(skH2[])),ssetH[],algH[],verH[]).
By 27, the attacker may know sign((POSS,authTuple(issuerId2[],fp(pk(skH2[])),ssetH[],algH[],verH[])),skH2[]).
By 21, the attacker may know sign((BYTES,framed(OT_ATTEST,algH[],issuerId2[],fp(pk(skH2[])),h(authTuple(issuerId2[],fp(pk(skH2[])),ssetH[],algH[],verH[])),canonVerH[],p2_5)),skH2[]).
By 16, the attacker may know decl2_4.
Using the function attemptCore the attacker may obtain attemptCore(authTuple(issuerId2[],fp(pk(skH2[])),ssetH[],algH[],verH[]),sign((POSS,authTuple(issuerId2[],fp(pk(skH2[])),ssetH[],algH[],verH[])),skH2[]),sign((BYTES,framed(OT_ATTEST,algH[],issuerId2[],fp(pk(skH2[])),h(authTuple(issuerId2[],fp(pk(skH2[])),ssetH[],algH[],verH[])),canonVerH[],p2_5)),skH2[]),decl2_4).
attacker(attemptCore(authTuple(issuerId2[],fp(pk(skH2[])),ssetH[],algH[],verH[]),sign((POSS,authTuple(issuerId2[],fp(pk(skH2[])),ssetH[],algH[],verH[])),skH2[]),sign((BYTES,framed(OT_ATTEST,algH[],issuerId2[],fp(pk(skH2[])),h(authTuple(issuerId2[],fp(pk(skH2[])),ssetH[],algH[],verH[])),canonVerH[],p2_5)),skH2[]),decl2_4)).

35. The message sign((STMT_DIGEST,h(authTuple(issuerId2[],fp(pk(skH2[])),ssetH[],algH[],verH[]))),skR[]) may be sent to the attacker at output {27}.
attacker(sign((STMT_DIGEST,h(authTuple(issuerId2[],fp(pk(skH2[])),ssetH[],algH[],verH[]))),skR[])).

36. The message skD[] may be sent to the attacker at output {11}.
attacker(skD[]).

37. By 33, the attacker may know authTuple(issuerId2[],fp(pk(skH2[])),ssetH[],algH[],verH[]).
Using the function h the attacker may obtain h(authTuple(issuerId2[],fp(pk(skH2[])),ssetH[],algH[],verH[])).
attacker(h(authTuple(issuerId2[],fp(pk(skH2[])),ssetH[],algH[],verH[]))).

38. Using the function STMT_DIGEST the attacker may obtain STMT_DIGEST.
attacker(STMT_DIGEST).

39. By 38, the attacker may know STMT_DIGEST.
By 37, the attacker may know h(authTuple(issuerId2[],fp(pk(skH2[])),ssetH[],algH[],verH[])).
Using the function 2-tuple the attacker may obtain (STMT_DIGEST,h(authTuple(issuerId2[],fp(pk(skH2[])),ssetH[],algH[],verH[]))).
attacker((STMT_DIGEST,h(authTuple(issuerId2[],fp(pk(skH2[])),ssetH[],algH[],verH[])))).

40. By 39, the attacker may know (STMT_DIGEST,h(authTuple(issuerId2[],fp(pk(skH2[])),ssetH[],algH[],verH[]))).
By 36, the attacker may know skD[].
Using the function sign the attacker may obtain sign((STMT_DIGEST,h(authTuple(issuerId2[],fp(pk(skH2[])),ssetH[],algH[],verH[]))),skD[]).
attacker(sign((STMT_DIGEST,h(authTuple(issuerId2[],fp(pk(skH2[])),ssetH[],algH[],verH[]))),skD[])).

41. By 33, the attacker may know authTuple(issuerId2[],fp(pk(skH2[])),ssetH[],algH[],verH[]).
By 40, the attacker may know sign((STMT_DIGEST,h(authTuple(issuerId2[],fp(pk(skH2[])),ssetH[],algH[],verH[]))),skD[]).
By 35, the attacker may know sign((STMT_DIGEST,h(authTuple(issuerId2[],fp(pk(skH2[])),ssetH[],algH[],verH[]))),skR[]).
By 8, the attacker may know pk(skH2[]).
By 34, the attacker may know attemptCore(authTuple(issuerId2[],fp(pk(skH2[])),ssetH[],algH[],verH[]),sign((POSS,authTuple(issuerId2[],fp(pk(skH2[])),ssetH[],algH[],verH[])),skH2[]),sign((BYTES,framed(OT_ATTEST,algH[],issuerId2[],fp(pk(skH2[])),h(authTuple(issuerId2[],fp(pk(skH2[])),ssetH[],algH[],verH[])),canonVerH[],p2_5)),skH2[]),decl2_4).
By 10, the attacker may know fb_2.
By 9, the attacker may know withTLR(pk(skH2[]),sign((TLR,(lineage2(entry(LBL1,DISP_ABANDONED),entry(LBL2,DISP_SHIPPED)),TERM_SHIPPED(LBL2),declT_5)),skH2[]),anchorProof(h(sign((TLR,(lineage2(entry(LBL1,DISP_ABANDONED),entry(LBL2,DISP_SHIPPED)),TERM_SHIPPED(LBL2),declT_5)),skH2[])))).
By 1, the attacker may know LBL2.
Using the function 8-tuple the attacker may obtain (authTuple(issuerId2[],fp(pk(skH2[])),ssetH[],algH[],verH[]),sign((STMT_DIGEST,h(authTuple(issuerId2[],fp(pk(skH2[])),ssetH[],algH[],verH[]))),skD[]),sign((STMT_DIGEST,h(authTuple(issuerId2[],fp(pk(skH2[])),ssetH[],algH[],verH[]))),skR[]),pk(skH2[]),attemptCore(authTuple(issuerId2[],fp(pk(skH2[])),ssetH[],algH[],verH[]),sign((POSS,authTuple(issuerId2[],fp(pk(skH2[])),ssetH[],algH[],verH[])),skH2[]),sign((BYTES,framed(OT_ATTEST,algH[],issuerId2[],fp(pk(skH2[])),h(authTuple(issuerId2[],fp(pk(skH2[])),ssetH[],algH[],verH[])),canonVerH[],p2_5)),skH2[]),decl2_4),fb_2,withTLR(pk(skH2[]),sign((TLR,(lineage2(entry(LBL1,DISP_ABANDONED),entry(LBL2,DISP_SHIPPED)),TERM_SHIPPED(LBL2),declT_5)),skH2[]),anchorProof(h(sign((TLR,(lineage2(entry(LBL1,DISP_ABANDONED),entry(LBL2,DISP_SHIPPED)),TERM_SHIPPED(LBL2),declT_5)),skH2[])))),LBL2).
attacker((authTuple(issuerId2[],fp(pk(skH2[])),ssetH[],algH[],verH[]),sign((STMT_DIGEST,h(authTuple(issuerId2[],fp(pk(skH2[])),ssetH[],algH[],verH[]))),skD[]),sign((STMT_DIGEST,h(authTuple(issuerId2[],fp(pk(skH2[])),ssetH[],algH[],verH[]))),skR[]),pk(skH2[]),attemptCore(authTuple(issuerId2[],fp(pk(skH2[])),ssetH[],algH[],verH[]),sign((POSS,authTuple(issuerId2[],fp(pk(skH2[])),ssetH[],algH[],verH[])),skH2[]),sign((BYTES,framed(OT_ATTEST,algH[],issuerId2[],fp(pk(skH2[])),h(authTuple(issuerId2[],fp(pk(skH2[])),ssetH[],algH[],verH[])),canonVerH[],p2_5)),skH2[]),decl2_4),fb_2,withTLR(pk(skH2[]),sign((TLR,(lineage2(entry(LBL1,DISP_ABANDONED),entry(LBL2,DISP_SHIPPED)),TERM_SHIPPED(LBL2),declT_5)),skH2[]),anchorProof(h(sign((TLR,(lineage2(entry(LBL1,DISP_ABANDONED),entry(LBL2,DISP_SHIPPED)),TERM_SHIPPED(LBL2),declT_5)),skH2[])))),LBL2)).

42. The message (authTuple(issuerId2[],fp(pk(skH2[])),ssetH[],algH[],verH[]),sign((STMT_DIGEST,h(authTuple(issuerId2[],fp(pk(skH2[])),ssetH[],algH[],verH[]))),skD[]),sign((STMT_DIGEST,h(authTuple(issuerId2[],fp(pk(skH2[])),ssetH[],algH[],verH[]))),skR[]),pk(skH2[]),attemptCore(authTuple(issuerId2[],fp(pk(skH2[])),ssetH[],algH[],verH[]),sign((POSS,authTuple(issuerId2[],fp(pk(skH2[])),ssetH[],algH[],verH[])),skH2[]),sign((BYTES,framed(OT_ATTEST,algH[],issuerId2[],fp(pk(skH2[])),h(authTuple(issuerId2[],fp(pk(skH2[])),ssetH[],algH[],verH[])),canonVerH[],p2_5)),skH2[]),decl2_4),fb_2,withTLR(pk(skH2[]),sign((TLR,(lineage2(entry(LBL1,DISP_ABANDONED),entry(LBL2,DISP_SHIPPED)),TERM_SHIPPED(LBL2),declT_5)),skH2[]),anchorProof(h(sign((TLR,(lineage2(entry(LBL1,DISP_ABANDONED),entry(LBL2,DISP_SHIPPED)),TERM_SHIPPED(LBL2),declT_5)),skH2[])))),LBL2) that the attacker may have by 41 may be received at input {123}.
We have LBL1 ≠ LBL2.
So the message (pk(skH2[]),authTuple(issuerId2[],fp(pk(skH2[])),ssetH[],algH[],verH[]),h(attemptCore(authTuple(issuerId2[],fp(pk(skH2[])),ssetH[],algH[],verH[]),sign((POSS,authTuple(issuerId2[],fp(pk(skH2[])),ssetH[],algH[],verH[])),skH2[]),sign((BYTES,framed(OT_ATTEST,algH[],issuerId2[],fp(pk(skH2[])),h(authTuple(issuerId2[],fp(pk(skH2[])),ssetH[],algH[],verH[])),canonVerH[],p2_5)),skH2[]),decl2_4))) may be sent on channel estCh[] at output {145}.
mess(estCh[],(pk(skH2[]),authTuple(issuerId2[],fp(pk(skH2[])),ssetH[],algH[],verH[]),h(attemptCore(authTuple(issuerId2[],fp(pk(skH2[])),ssetH[],algH[],verH[]),sign((POSS,authTuple(issuerId2[],fp(pk(skH2[])),ssetH[],algH[],verH[])),skH2[]),sign((BYTES,framed(OT_ATTEST,algH[],issuerId2[],fp(pk(skH2[])),h(authTuple(issuerId2[],fp(pk(skH2[])),ssetH[],algH[],verH[])),canonVerH[],p2_5)),skH2[]),decl2_4)))).

43. The message (p1_5,p2_5) that the attacker may have by 13 may be received at input {77}.
So the message (pk(skH2[]),h(attemptCore(authTuple(issuerId2[],fp(pk(skH2[])),ssetH[],algH[],verH[]),sign((POSS,authTuple(issuerId2[],fp(pk(skH2[])),ssetH[],algH[],verH[])),skH2[]),sign((BYTES,framed(OT_ATTEST,algH[],issuerId2[],fp(pk(skH2[])),h(authTuple(issuerId2[],fp(pk(skH2[])),ssetH[],algH[],verH[])),canonVerH[],p2_5)),skH2[]),decl2_4))) may be sent on channel designCh[] at output {97}.
mess(designCh[],(pk(skH2[]),h(attemptCore(authTuple(issuerId2[],fp(pk(skH2[])),ssetH[],algH[],verH[]),sign((POSS,authTuple(issuerId2[],fp(pk(skH2[])),ssetH[],algH[],verH[])),skH2[]),sign((BYTES,framed(OT_ATTEST,algH[],issuerId2[],fp(pk(skH2[])),h(authTuple(issuerId2[],fp(pk(skH2[])),ssetH[],algH[],verH[])),canonVerH[],p2_5)),skH2[]),decl2_4)))).

44. The message (pk(skH2[]),authTuple(issuerId2[],fp(pk(skH2[])),ssetH[],algH[],verH[]),h(attemptCore(authTuple(issuerId2[],fp(pk(skH2[])),ssetH[],algH[],verH[]),sign((POSS,authTuple(issuerId2[],fp(pk(skH2[])),ssetH[],algH[],verH[])),skH2[]),sign((BYTES,framed(OT_ATTEST,algH[],issuerId2[],fp(pk(skH2[])),h(authTuple(issuerId2[],fp(pk(skH2[])),ssetH[],algH[],verH[])),canonVerH[],p2_5)),skH2[]),decl2_4))) that may be sent on channel estCh[] by 42 may be received at input {171}.
The message (pk(skH2[]),h(attemptCore(authTuple(issuerId2[],fp(pk(skH2[])),ssetH[],algH[],verH[]),sign((POSS,authTuple(issuerId2[],fp(pk(skH2[])),ssetH[],algH[],verH[])),skH2[]),sign((BYTES,framed(OT_ATTEST,algH[],issuerId2[],fp(pk(skH2[])),h(authTuple(issuerId2[],fp(pk(skH2[])),ssetH[],algH[],verH[])),canonVerH[],p2_5)),skH2[]),decl2_4))) that may be sent on channel designCh[] by 43 may be received at input {175}.
So event HonestStandingEstablished(pk(skH2[]),h(attemptCore(authTuple(issuerId2[],fp(pk(skH2[])),ssetH[],algH[],verH[]),sign((POSS,authTuple(issuerId2[],fp(pk(skH2[])),ssetH[],algH[],verH[])),skH2[]),sign((BYTES,framed(OT_ATTEST,algH[],issuerId2[],fp(pk(skH2[])),h(authTuple(issuerId2[],fp(pk(skH2[])),ssetH[],algH[],verH[])),canonVerH[],p2_5)),skH2[]),decl2_4))) may be executed at {176}.
event(HonestStandingEstablished(pk(skH2[]),h(attemptCore(authTuple(issuerId2[],fp(pk(skH2[])),ssetH[],algH[],verH[]),sign((POSS,authTuple(issuerId2[],fp(pk(skH2[])),ssetH[],algH[],verH[])),skH2[]),sign((BYTES,framed(OT_ATTEST,algH[],issuerId2[],fp(pk(skH2[])),h(authTuple(issuerId2[],fp(pk(skH2[])),ssetH[],algH[],verH[])),canonVerH[],p2_5)),skH2[]),decl2_4)))).

45. By 44, event(HonestStandingEstablished(pk(skH2[]),h(attemptCore(authTuple(issuerId2[],fp(pk(skH2[])),ssetH[],algH[],verH[]),sign((POSS,authTuple(issuerId2[],fp(pk(skH2[])),ssetH[],algH[],verH[])),skH2[]),sign((BYTES,framed(OT_ATTEST,algH[],issuerId2[],fp(pk(skH2[])),h(authTuple(issuerId2[],fp(pk(skH2[])),ssetH[],algH[],verH[])),canonVerH[],p2_5)),skH2[]),decl2_4)))).
The goal is reached, represented in the following fact:
event(HonestStandingEstablished(pk(skH2[]),h(attemptCore(authTuple(issuerId2[],fp(pk(skH2[])),ssetH[],algH[],verH[]),sign((POSS,authTuple(issuerId2[],fp(pk(skH2[])),ssetH[],algH[],verH[])),skH2[]),sign((BYTES,framed(OT_ATTEST,algH[],issuerId2[],fp(pk(skH2[])),h(authTuple(issuerId2[],fp(pk(skH2[])),ssetH[],algH[],verH[])),canonVerH[],p2_5)),skH2[]),decl2_4)))).


A more detailed output of the traces is available with
  set traceDisplay = long.

new skD: skey creating skD_3 at {1}

new skR: skey creating skR_3 at {2}

out(c, ~M) with ~M = pk(skD_3) at {5}

out(c, ~M_1) with ~M_1 = pk(skR_3) at {6}

out(c, ~M_2) with ~M_2 = pk(skH1) at {7}

out(c, ~M_3) with ~M_3 = pk(skH2) at {8}

out(c, authTuple(~M_4,~M_5,~M_6,~M_7,~M_8)) with ~M_4 = issuerId, ~M_5 = fp(pk(skH1)), ~M_6 = ssetH, ~M_7 = algH, ~M_8 = verH at {9}

out(c, authTuple(~M_9,~M_10,~M_11,~M_12,~M_13)) with ~M_9 = issuerId2, ~M_10 = fp(pk(skH2)), ~M_11 = ssetH, ~M_12 = algH, ~M_13 = verH at {10}

out(c, ~M_14) with ~M_14 = skD_3 at {11}

event AuthorityPublishedRepo(authTuple(issuerId2,fp(pk(skH2)),ssetH,algH,verH)) at {26} in copy a

out(c, ~M_15) with ~M_15 = sign((STMT_DIGEST,h(authTuple(issuerId2,fp(pk(skH2)),ssetH,algH,verH))),skR_3) at {27} in copy a

in(c, (a_1,a_2)) at {77} in copy a_3

new decl1_2: bitstring creating decl1_6 at {78} in copy a_3

new decl2_2: bitstring creating decl2_5 at {79} in copy a_3

new declT_2: bitstring creating declT_6 at {80} in copy a_3

event IssuerPossession(pk(skH2)) at {81} in copy a_3

event IssuerSigned(pk(skH2),framed(OT_ATTEST,algH,issuerId2,fp(pk(skH2)),h(authTuple(issuerId2,fp(pk(skH2)),ssetH,algH,verH)),canonVerH,a_1)) at {86} in copy a_3

out(c, (attemptCore(authTuple(~M_16,~M_17,~M_18,~M_19,~M_20),~M_21,~M_22,~M_23),framed(~M_24,~M_25,~M_26,~M_27,~M_28,~M_29,~M_30))) with ~M_16 = issuerId2, ~M_17 = fp(pk(skH2)), ~M_18 = ssetH, ~M_19 = algH, ~M_20 = verH, ~M_21 = sign((POSS,authTuple(issuerId2,fp(pk(skH2)),ssetH,algH,verH)),skH2), ~M_22 = sign((BYTES,framed(OT_ATTEST,algH,issuerId2,fp(pk(skH2)),h(authTuple(issuerId2,fp(pk(skH2)),ssetH,algH,verH)),canonVerH,a_1)),skH2), ~M_23 = decl1_6, ~M_24 = OT_ATTEST, ~M_25 = algH, ~M_26 = issuerId2, ~M_27 = fp(pk(skH2)), ~M_28 = h(authTuple(issuerId2,fp(pk(skH2)),ssetH,algH,verH)), ~M_29 = canonVerH, ~M_30 = a_1 at {87} in copy a_3

event IssuerSigned(pk(skH2),framed(OT_ATTEST,algH,issuerId2,fp(pk(skH2)),h(authTuple(issuerId2,fp(pk(skH2)),ssetH,algH,verH)),canonVerH,a_2)) at {91} in copy a_3

out(c, (attemptCore(authTuple(~M_31,~M_32,~M_33,~M_34,~M_35),~M_36,~M_37,~M_38),framed(~M_39,~M_40,~M_41,~M_42,~M_43,~M_44,~M_45))) with ~M_31 = issuerId2, ~M_32 = fp(pk(skH2)), ~M_33 = ssetH, ~M_34 = algH, ~M_35 = verH, ~M_36 = sign((POSS,authTuple(issuerId2,fp(pk(skH2)),ssetH,algH,verH)),skH2), ~M_37 = sign((BYTES,framed(OT_ATTEST,algH,issuerId2,fp(pk(skH2)),h(authTuple(issuerId2,fp(pk(skH2)),ssetH,algH,verH)),canonVerH,a_2)),skH2), ~M_38 = decl2_5, ~M_39 = OT_ATTEST, ~M_40 = algH, ~M_41 = issuerId2, ~M_42 = fp(pk(skH2)), ~M_43 = h(authTuple(issuerId2,fp(pk(skH2)),ssetH,algH,verH)), ~M_44 = canonVerH, ~M_45 = a_2 at {92} in copy a_3

event Designated(pk(skH2),h(attemptCore(authTuple(issuerId2,fp(pk(skH2)),ssetH,algH,verH),sign((POSS,authTuple(issuerId2,fp(pk(skH2)),ssetH,algH,verH)),skH2),sign((BYTES,framed(OT_ATTEST,algH,issuerId2,fp(pk(skH2)),h(authTuple(issuerId2,fp(pk(skH2)),ssetH,algH,verH)),canonVerH,a_2)),skH2),decl2_5))) at {95} in copy a_3

out(c, ~M_46) with ~M_46 = sign((TLR,(lineage2(entry(LBL1,DISP_ABANDONED),entry(LBL2,DISP_SHIPPED)),TERM_SHIPPED(LBL2),declT_6)),skH2) at {98} in copy a_3

in(c, (a_4,a_5)) at {77} in copy a_6

new decl1_2: bitstring creating decl1_7 at {78} in copy a_6

new decl2_2: bitstring creating decl2_6 at {79} in copy a_6

new declT_2: bitstring creating declT_7 at {80} in copy a_6

event IssuerPossession(pk(skH2)) at {81} in copy a_6

event IssuerSigned(pk(skH2),framed(OT_ATTEST,algH,issuerId2,fp(pk(skH2)),h(authTuple(issuerId2,fp(pk(skH2)),ssetH,algH,verH)),canonVerH,a_4)) at {86} in copy a_6

out(c, (attemptCore(authTuple(~M_47,~M_48,~M_49,~M_50,~M_51),~M_52,~M_53,~M_54),framed(~M_55,~M_56,~M_57,~M_58,~M_59,~M_60,~M_61))) with ~M_47 = issuerId2, ~M_48 = fp(pk(skH2)), ~M_49 = ssetH, ~M_50 = algH, ~M_51 = verH, ~M_52 = sign((POSS,authTuple(issuerId2,fp(pk(skH2)),ssetH,algH,verH)),skH2), ~M_53 = sign((BYTES,framed(OT_ATTEST,algH,issuerId2,fp(pk(skH2)),h(authTuple(issuerId2,fp(pk(skH2)),ssetH,algH,verH)),canonVerH,a_4)),skH2), ~M_54 = decl1_7, ~M_55 = OT_ATTEST, ~M_56 = algH, ~M_57 = issuerId2, ~M_58 = fp(pk(skH2)), ~M_59 = h(authTuple(issuerId2,fp(pk(skH2)),ssetH,algH,verH)), ~M_60 = canonVerH, ~M_61 = a_4 at {87} in copy a_6

event IssuerSigned(pk(skH2),framed(OT_ATTEST,algH,issuerId2,fp(pk(skH2)),h(authTuple(issuerId2,fp(pk(skH2)),ssetH,algH,verH)),canonVerH,a_5)) at {91} in copy a_6

out(c, (attemptCore(authTuple(~M_62,~M_63,~M_64,~M_65,~M_66),~M_67,~M_68,~M_69),framed(~M_70,~M_71,~M_72,~M_73,~M_74,~M_75,~M_76))) with ~M_62 = issuerId2, ~M_63 = fp(pk(skH2)), ~M_64 = ssetH, ~M_65 = algH, ~M_66 = verH, ~M_67 = sign((POSS,authTuple(issuerId2,fp(pk(skH2)),ssetH,algH,verH)),skH2), ~M_68 = sign((BYTES,framed(OT_ATTEST,algH,issuerId2,fp(pk(skH2)),h(authTuple(issuerId2,fp(pk(skH2)),ssetH,algH,verH)),canonVerH,a_5)),skH2), ~M_69 = decl2_6, ~M_70 = OT_ATTEST, ~M_71 = algH, ~M_72 = issuerId2, ~M_73 = fp(pk(skH2)), ~M_74 = h(authTuple(issuerId2,fp(pk(skH2)),ssetH,algH,verH)), ~M_75 = canonVerH, ~M_76 = a_5 at {92} in copy a_6

event Designated(pk(skH2),h(attemptCore(authTuple(issuerId2,fp(pk(skH2)),ssetH,algH,verH),sign((POSS,authTuple(issuerId2,fp(pk(skH2)),ssetH,algH,verH)),skH2),sign((BYTES,framed(OT_ATTEST,algH,issuerId2,fp(pk(skH2)),h(authTuple(issuerId2,fp(pk(skH2)),ssetH,algH,verH)),canonVerH,a_5)),skH2),decl2_6))) at {95} in copy a_6

out(c, ~M_77) with ~M_77 = sign((TLR,(lineage2(entry(LBL1,DISP_ABANDONED),entry(LBL2,DISP_SHIPPED)),TERM_SHIPPED(LBL2),declT_7)),skH2) at {98} in copy a_6

in(c, (a_7,a_4)) at {77} in copy a_8

new decl1_2: bitstring creating decl1_8 at {78} in copy a_8

new decl2_2: bitstring creating decl2_7 at {79} in copy a_8

new declT_2: bitstring creating declT_8 at {80} in copy a_8

event IssuerPossession(pk(skH2)) at {81} in copy a_8

event IssuerSigned(pk(skH2),framed(OT_ATTEST,algH,issuerId2,fp(pk(skH2)),h(authTuple(issuerId2,fp(pk(skH2)),ssetH,algH,verH)),canonVerH,a_7)) at {86} in copy a_8

out(c, (attemptCore(authTuple(~M_78,~M_79,~M_80,~M_81,~M_82),~M_83,~M_84,~M_85),framed(~M_86,~M_87,~M_88,~M_89,~M_90,~M_91,~M_92))) with ~M_78 = issuerId2, ~M_79 = fp(pk(skH2)), ~M_80 = ssetH, ~M_81 = algH, ~M_82 = verH, ~M_83 = sign((POSS,authTuple(issuerId2,fp(pk(skH2)),ssetH,algH,verH)),skH2), ~M_84 = sign((BYTES,framed(OT_ATTEST,algH,issuerId2,fp(pk(skH2)),h(authTuple(issuerId2,fp(pk(skH2)),ssetH,algH,verH)),canonVerH,a_7)),skH2), ~M_85 = decl1_8, ~M_86 = OT_ATTEST, ~M_87 = algH, ~M_88 = issuerId2, ~M_89 = fp(pk(skH2)), ~M_90 = h(authTuple(issuerId2,fp(pk(skH2)),ssetH,algH,verH)), ~M_91 = canonVerH, ~M_92 = a_7 at {87} in copy a_8

event IssuerSigned(pk(skH2),framed(OT_ATTEST,algH,issuerId2,fp(pk(skH2)),h(authTuple(issuerId2,fp(pk(skH2)),ssetH,algH,verH)),canonVerH,a_4)) at {91} in copy a_8

out(c, (attemptCore(authTuple(~M_93,~M_94,~M_95,~M_96,~M_97),~M_98,~M_99,~M_100),framed(~M_101,~M_102,~M_103,~M_104,~M_105,~M_106,~M_107))) with ~M_93 = issuerId2, ~M_94 = fp(pk(skH2)), ~M_95 = ssetH, ~M_96 = algH, ~M_97 = verH, ~M_98 = sign((POSS,authTuple(issuerId2,fp(pk(skH2)),ssetH,algH,verH)),skH2), ~M_99 = sign((BYTES,framed(OT_ATTEST,algH,issuerId2,fp(pk(skH2)),h(authTuple(issuerId2,fp(pk(skH2)),ssetH,algH,verH)),canonVerH,a_4)),skH2), ~M_100 = decl2_7, ~M_101 = OT_ATTEST, ~M_102 = algH, ~M_103 = issuerId2, ~M_104 = fp(pk(skH2)), ~M_105 = h(authTuple(issuerId2,fp(pk(skH2)),ssetH,algH,verH)), ~M_106 = canonVerH, ~M_107 = a_4 at {92} in copy a_8

event Designated(pk(skH2),h(attemptCore(authTuple(issuerId2,fp(pk(skH2)),ssetH,algH,verH),sign((POSS,authTuple(issuerId2,fp(pk(skH2)),ssetH,algH,verH)),skH2),sign((BYTES,framed(OT_ATTEST,algH,issuerId2,fp(pk(skH2)),h(authTuple(issuerId2,fp(pk(skH2)),ssetH,algH,verH)),canonVerH,a_4)),skH2),decl2_7))) at {95} in copy a_8

out(c, ~M_108) with ~M_108 = sign((TLR,(lineage2(entry(LBL1,DISP_ABANDONED),entry(LBL2,DISP_SHIPPED)),TERM_SHIPPED(LBL2),declT_8)),skH2) at {98} in copy a_8

in(c, (a_9,a_10)) at {77} in copy a_11

new decl1_2: bitstring creating decl1_9 at {78} in copy a_11

new decl2_2: bitstring creating decl2_8 at {79} in copy a_11

new declT_2: bitstring creating declT_9 at {80} in copy a_11

event IssuerPossession(pk(skH2)) at {81} in copy a_11

event IssuerSigned(pk(skH2),framed(OT_ATTEST,algH,issuerId2,fp(pk(skH2)),h(authTuple(issuerId2,fp(pk(skH2)),ssetH,algH,verH)),canonVerH,a_9)) at {86} in copy a_11

out(c, (attemptCore(authTuple(~M_109,~M_110,~M_111,~M_112,~M_113),~M_114,~M_115,~M_116),framed(~M_117,~M_118,~M_119,~M_120,~M_121,~M_122,~M_123))) with ~M_109 = issuerId2, ~M_110 = fp(pk(skH2)), ~M_111 = ssetH, ~M_112 = algH, ~M_113 = verH, ~M_114 = sign((POSS,authTuple(issuerId2,fp(pk(skH2)),ssetH,algH,verH)),skH2), ~M_115 = sign((BYTES,framed(OT_ATTEST,algH,issuerId2,fp(pk(skH2)),h(authTuple(issuerId2,fp(pk(skH2)),ssetH,algH,verH)),canonVerH,a_9)),skH2), ~M_116 = decl1_9, ~M_117 = OT_ATTEST, ~M_118 = algH, ~M_119 = issuerId2, ~M_120 = fp(pk(skH2)), ~M_121 = h(authTuple(issuerId2,fp(pk(skH2)),ssetH,algH,verH)), ~M_122 = canonVerH, ~M_123 = a_9 at {87} in copy a_11

event IssuerSigned(pk(skH2),framed(OT_ATTEST,algH,issuerId2,fp(pk(skH2)),h(authTuple(issuerId2,fp(pk(skH2)),ssetH,algH,verH)),canonVerH,a_10)) at {91} in copy a_11

out(c, (attemptCore(authTuple(~M_124,~M_125,~M_126,~M_127,~M_128),~M_129,~M_130,~M_131),framed(~M_132,~M_133,~M_134,~M_135,~M_136,~M_137,~M_138))) with ~M_124 = issuerId2, ~M_125 = fp(pk(skH2)), ~M_126 = ssetH, ~M_127 = algH, ~M_128 = verH, ~M_129 = sign((POSS,authTuple(issuerId2,fp(pk(skH2)),ssetH,algH,verH)),skH2), ~M_130 = sign((BYTES,framed(OT_ATTEST,algH,issuerId2,fp(pk(skH2)),h(authTuple(issuerId2,fp(pk(skH2)),ssetH,algH,verH)),canonVerH,a_10)),skH2), ~M_131 = decl2_8, ~M_132 = OT_ATTEST, ~M_133 = algH, ~M_134 = issuerId2, ~M_135 = fp(pk(skH2)), ~M_136 = h(authTuple(issuerId2,fp(pk(skH2)),ssetH,algH,verH)), ~M_137 = canonVerH, ~M_138 = a_10 at {92} in copy a_11

event Designated(pk(skH2),h(attemptCore(authTuple(issuerId2,fp(pk(skH2)),ssetH,algH,verH),sign((POSS,authTuple(issuerId2,fp(pk(skH2)),ssetH,algH,verH)),skH2),sign((BYTES,framed(OT_ATTEST,algH,issuerId2,fp(pk(skH2)),h(authTuple(issuerId2,fp(pk(skH2)),ssetH,algH,verH)),canonVerH,a_10)),skH2),decl2_8))) at {95} in copy a_11

out(c, ~M_139) with ~M_139 = sign((TLR,(lineage2(entry(LBL1,DISP_ABANDONED),entry(LBL2,DISP_SHIPPED)),TERM_SHIPPED(LBL2),declT_9)),skH2) at {98} in copy a_11

in(c, (authTuple(issuerId2,fp(~M_3),ssetH,algH,verH),sign((STMT_DIGEST,h(authTuple(issuerId2,fp(~M_3),ssetH,algH,verH))),~M_14),~M_15,~M_3,attemptCore(authTuple(issuerId2,fp(~M_3),ssetH,algH,verH),~M_21,~M_53,~M_100),a_12,withTLR(~M_3,~M_139,anchorProof(h(~M_139))),LBL2)) with fp(~M_3) = fp(pk(skH2)), sign((STMT_DIGEST,h(authTuple(issuerId2,fp(~M_3),ssetH,algH,verH))),~M_14) = sign((STMT_DIGEST,h(authTuple(issuerId2,fp(pk(skH2)),ssetH,algH,verH))),skD_3), ~M_15 = sign((STMT_DIGEST,h(authTuple(issuerId2,fp(pk(skH2)),ssetH,algH,verH))),skR_3), ~M_3 = pk(skH2), fp(~M_3) = fp(pk(skH2)), ~M_21 = sign((POSS,authTuple(issuerId2,fp(pk(skH2)),ssetH,algH,verH)),skH2), ~M_53 = sign((BYTES,framed(OT_ATTEST,algH,issuerId2,fp(pk(skH2)),h(authTuple(issuerId2,fp(pk(skH2)),ssetH,algH,verH)),canonVerH,a_4)),skH2), ~M_100 = decl2_7, ~M_3 = pk(skH2), ~M_139 = sign((TLR,(lineage2(entry(LBL1,DISP_ABANDONED),entry(LBL2,DISP_SHIPPED)),TERM_SHIPPED(LBL2),declT_9)),skH2), h(~M_139) = h(sign((TLR,(lineage2(entry(LBL1,DISP_ABANDONED),entry(LBL2,DISP_SHIPPED)),TERM_SHIPPED(LBL2),declT_9)),skH2)) at {123} in copy a_13

event Established(pk(skH2),authTuple(issuerId2,fp(pk(skH2)),ssetH,algH,verH),h(attemptCore(authTuple(issuerId2,fp(pk(skH2)),ssetH,algH,verH),sign((POSS,authTuple(issuerId2,fp(pk(skH2)),ssetH,algH,verH)),skH2),sign((BYTES,framed(OT_ATTEST,algH,issuerId2,fp(pk(skH2)),h(authTuple(issuerId2,fp(pk(skH2)),ssetH,algH,verH)),canonVerH,a_4)),skH2),decl2_7))) at {143} in copy a_13

event StandingReport(ESTABLISHED,TERMINAL_DISPOSITION_SHOWN,pk(skH2),authTuple(issuerId2,fp(pk(skH2)),ssetH,algH,verH),h(attemptCore(authTuple(issuerId2,fp(pk(skH2)),ssetH,algH,verH),sign((POSS,authTuple(issuerId2,fp(pk(skH2)),ssetH,algH,verH)),skH2),sign((BYTES,framed(OT_ATTEST,algH,issuerId2,fp(pk(skH2)),h(authTuple(issuerId2,fp(pk(skH2)),ssetH,algH,verH)),canonVerH,a_4)),skH2),decl2_7))) at {144} in copy a_13

out(estCh, (pk(skH2),authTuple(issuerId2,fp(pk(skH2)),ssetH,algH,verH),h(attemptCore(authTuple(issuerId2,fp(pk(skH2)),ssetH,algH,verH),sign((POSS,authTuple(issuerId2,fp(pk(skH2)),ssetH,algH,verH)),skH2),sign((BYTES,framed(OT_ATTEST,algH,issuerId2,fp(pk(skH2)),h(authTuple(issuerId2,fp(pk(skH2)),ssetH,algH,verH)),canonVerH,a_4)),skH2),decl2_7)))) at {145} in copy a_13 received at {171} in copy a_14

out(designCh, (pk(skH2),h(attemptCore(authTuple(issuerId2,fp(pk(skH2)),ssetH,algH,verH),sign((POSS,authTuple(issuerId2,fp(pk(skH2)),ssetH,algH,verH)),skH2),sign((BYTES,framed(OT_ATTEST,algH,issuerId2,fp(pk(skH2)),h(authTuple(issuerId2,fp(pk(skH2)),ssetH,algH,verH)),canonVerH,a_4)),skH2),decl2_7)))) at {97} in copy a_8 received at {175} in copy a_14

event HonestStandingEstablished(pk(skH2),h(attemptCore(authTuple(issuerId2,fp(pk(skH2)),ssetH,algH,verH),sign((POSS,authTuple(issuerId2,fp(pk(skH2)),ssetH,algH,verH)),skH2),sign((BYTES,framed(OT_ATTEST,algH,issuerId2,fp(pk(skH2)),h(authTuple(issuerId2,fp(pk(skH2)),ssetH,algH,verH)),canonVerH,a_4)),skH2),decl2_7))) at {176} in copy a_14 (goal)

The event HonestStandingEstablished(pk(skH2),h(attemptCore(authTuple(issuerId2,fp(pk(skH2)),ssetH,algH,verH),sign((POSS,authTuple(issuerId2,fp(pk(skH2)),ssetH,algH,verH)),skH2),sign((BYTES,framed(OT_ATTEST,algH,issuerId2,fp(pk(skH2)),h(authTuple(issuerId2,fp(pk(skH2)),ssetH,algH,verH)),canonVerH,a_4)),skH2),decl2_7))) is executed at {176} in copy a_14.
A trace has been found.
RESULT not event(HonestStandingEstablished(k,aid_2)) is false.
-- Query not event(StandingReport(ESTABLISHED,TERMINAL_DISPOSITION_SHOWN,k,t_3,a)) in process 1.
Translating the process into Horn clauses...
Completing...
200 rules inserted. Base: 173 rules (92 with conclusion selected). Queue: 47 rules.
400 rules inserted. Base: 269 rules (96 with conclusion selected). Queue: 84 rules.
600 rules inserted. Base: 293 rules (103 with conclusion selected). Queue: 60 rules.
Starting query not event(StandingReport(ESTABLISHED,TERMINAL_DISPOSITION_SHOWN,k,t_3,a))
goal reachable: attacker(core_2) -> event(StandingReport(ESTABLISHED,TERMINAL_DISPOSITION_SHOWN,pk(skH2[]),authTuple(issuerId2[],fp(pk(skH2[])),ssetH[],algH[],verH[]),h(core_2)))

Derivation:
Abbreviations:
declT_5 = declT_2[p2_2 = p2_5,p1_2 = p1_5,!1 = @sid]

1. Using the function LBL2 the attacker may obtain LBL2.
attacker(LBL2).

2. The attacker has some term p2_5.
attacker(p2_5).

3. The attacker has some term p1_5.
attacker(p1_5).

4. By 3, the attacker may know p1_5.
By 2, the attacker may know p2_5.
Using the function 2-tuple the attacker may obtain (p1_5,p2_5).
attacker((p1_5,p2_5)).

5. The message (p1_5,p2_5) that the attacker may have by 4 may be received at input {77}.
So the message sign((TLR,(lineage2(entry(LBL1,DISP_ABANDONED),entry(LBL2,DISP_SHIPPED)),TERM_SHIPPED(LBL2),declT_5)),skH2[]) may be sent to the attacker at output {98}.
attacker(sign((TLR,(lineage2(entry(LBL1,DISP_ABANDONED),entry(LBL2,DISP_SHIPPED)),TERM_SHIPPED(LBL2),declT_5)),skH2[])).

6. By 5, the attacker may know sign((TLR,(lineage2(entry(LBL1,DISP_ABANDONED),entry(LBL2,DISP_SHIPPED)),TERM_SHIPPED(LBL2),declT_5)),skH2[]).
Using the function h the attacker may obtain h(sign((TLR,(lineage2(entry(LBL1,DISP_ABANDONED),entry(LBL2,DISP_SHIPPED)),TERM_SHIPPED(LBL2),declT_5)),skH2[])).
attacker(h(sign((TLR,(lineage2(entry(LBL1,DISP_ABANDONED),entry(LBL2,DISP_SHIPPED)),TERM_SHIPPED(LBL2),declT_5)),skH2[]))).

7. By 6, the attacker may know h(sign((TLR,(lineage2(entry(LBL1,DISP_ABANDONED),entry(LBL2,DISP_SHIPPED)),TERM_SHIPPED(LBL2),declT_5)),skH2[])).
Using the function anchorProof the attacker may obtain anchorProof(h(sign((TLR,(lineage2(entry(LBL1,DISP_ABANDONED),entry(LBL2,DISP_SHIPPED)),TERM_SHIPPED(LBL2),declT_5)),skH2[]))).
attacker(anchorProof(h(sign((TLR,(lineage2(entry(LBL1,DISP_ABANDONED),entry(LBL2,DISP_SHIPPED)),TERM_SHIPPED(LBL2),declT_5)),skH2[])))).

8. The message pk(skH2[]) may be sent to the attacker at output {8}.
attacker(pk(skH2[])).

9. By 8, the attacker may know pk(skH2[]).
By 5, the attacker may know sign((TLR,(lineage2(entry(LBL1,DISP_ABANDONED),entry(LBL2,DISP_SHIPPED)),TERM_SHIPPED(LBL2),declT_5)),skH2[]).
By 7, the attacker may know anchorProof(h(sign((TLR,(lineage2(entry(LBL1,DISP_ABANDONED),entry(LBL2,DISP_SHIPPED)),TERM_SHIPPED(LBL2),declT_5)),skH2[]))).
Using the function withTLR the attacker may obtain withTLR(pk(skH2[]),sign((TLR,(lineage2(entry(LBL1,DISP_ABANDONED),entry(LBL2,DISP_SHIPPED)),TERM_SHIPPED(LBL2),declT_5)),skH2[]),anchorProof(h(sign((TLR,(lineage2(entry(LBL1,DISP_ABANDONED),entry(LBL2,DISP_SHIPPED)),TERM_SHIPPED(LBL2),declT_5)),skH2[])))).
attacker(withTLR(pk(skH2[]),sign((TLR,(lineage2(entry(LBL1,DISP_ABANDONED),entry(LBL2,DISP_SHIPPED)),TERM_SHIPPED(LBL2),declT_5)),skH2[]),anchorProof(h(sign((TLR,(lineage2(entry(LBL1,DISP_ABANDONED),entry(LBL2,DISP_SHIPPED)),TERM_SHIPPED(LBL2),declT_5)),skH2[]))))).

10. The attacker has some term fb_2.
attacker(fb_2).

11. We assume as hypothesis that
attacker(core_2).

12. The message sign((STMT_DIGEST,h(authTuple(issuerId2[],fp(pk(skH2[])),ssetH[],algH[],verH[]))),skR[]) may be sent to the attacker at output {27}.
attacker(sign((STMT_DIGEST,h(authTuple(issuerId2[],fp(pk(skH2[])),ssetH[],algH[],verH[]))),skR[])).

13. The message skD[] may be sent to the attacker at output {11}.
attacker(skD[]).

14. The attacker initially knows verH[].
attacker(verH[]).

15. The attacker initially knows algH[].
attacker(algH[]).

16. The attacker initially knows ssetH[].
attacker(ssetH[]).

17. By 8, the attacker may know pk(skH2[]).
Using the function fp the attacker may obtain fp(pk(skH2[])).
attacker(fp(pk(skH2[]))).

18. The attacker initially knows issuerId2[].
attacker(issuerId2[]).

19. By 18, the attacker may know issuerId2[].
By 17, the attacker may know fp(pk(skH2[])).
By 16, the attacker may know ssetH[].
By 15, the attacker may know algH[].
By 14, the attacker may know verH[].
Using the function authTuple the attacker may obtain authTuple(issuerId2[],fp(pk(skH2[])),ssetH[],algH[],verH[]).
attacker(authTuple(issuerId2[],fp(pk(skH2[])),ssetH[],algH[],verH[])).

20. By 19, the attacker may know authTuple(issuerId2[],fp(pk(skH2[])),ssetH[],algH[],verH[]).
Using the function h the attacker may obtain h(authTuple(issuerId2[],fp(pk(skH2[])),ssetH[],algH[],verH[])).
attacker(h(authTuple(issuerId2[],fp(pk(skH2[])),ssetH[],algH[],verH[]))).

21. Using the function STMT_DIGEST the attacker may obtain STMT_DIGEST.
attacker(STMT_DIGEST).

22. By 21, the attacker may know STMT_DIGEST.
By 20, the attacker may know h(authTuple(issuerId2[],fp(pk(skH2[])),ssetH[],algH[],verH[])).
Using the function 2-tuple the attacker may obtain (STMT_DIGEST,h(authTuple(issuerId2[],fp(pk(skH2[])),ssetH[],algH[],verH[]))).
attacker((STMT_DIGEST,h(authTuple(issuerId2[],fp(pk(skH2[])),ssetH[],algH[],verH[])))).

23. By 22, the attacker may know (STMT_DIGEST,h(authTuple(issuerId2[],fp(pk(skH2[])),ssetH[],algH[],verH[]))).
By 13, the attacker may know skD[].
Using the function sign the attacker may obtain sign((STMT_DIGEST,h(authTuple(issuerId2[],fp(pk(skH2[])),ssetH[],algH[],verH[]))),skD[]).
attacker(sign((STMT_DIGEST,h(authTuple(issuerId2[],fp(pk(skH2[])),ssetH[],algH[],verH[]))),skD[])).

24. By 19, the attacker may know authTuple(issuerId2[],fp(pk(skH2[])),ssetH[],algH[],verH[]).
By 23, the attacker may know sign((STMT_DIGEST,h(authTuple(issuerId2[],fp(pk(skH2[])),ssetH[],algH[],verH[]))),skD[]).
By 12, the attacker may know sign((STMT_DIGEST,h(authTuple(issuerId2[],fp(pk(skH2[])),ssetH[],algH[],verH[]))),skR[]).
By 8, the attacker may know pk(skH2[]).
By 11, the attacker may know core_2.
By 10, the attacker may know fb_2.
By 9, the attacker may know withTLR(pk(skH2[]),sign((TLR,(lineage2(entry(LBL1,DISP_ABANDONED),entry(LBL2,DISP_SHIPPED)),TERM_SHIPPED(LBL2),declT_5)),skH2[]),anchorProof(h(sign((TLR,(lineage2(entry(LBL1,DISP_ABANDONED),entry(LBL2,DISP_SHIPPED)),TERM_SHIPPED(LBL2),declT_5)),skH2[])))).
By 1, the attacker may know LBL2.
Using the function 8-tuple the attacker may obtain (authTuple(issuerId2[],fp(pk(skH2[])),ssetH[],algH[],verH[]),sign((STMT_DIGEST,h(authTuple(issuerId2[],fp(pk(skH2[])),ssetH[],algH[],verH[]))),skD[]),sign((STMT_DIGEST,h(authTuple(issuerId2[],fp(pk(skH2[])),ssetH[],algH[],verH[]))),skR[]),pk(skH2[]),core_2,fb_2,withTLR(pk(skH2[]),sign((TLR,(lineage2(entry(LBL1,DISP_ABANDONED),entry(LBL2,DISP_SHIPPED)),TERM_SHIPPED(LBL2),declT_5)),skH2[]),anchorProof(h(sign((TLR,(lineage2(entry(LBL1,DISP_ABANDONED),entry(LBL2,DISP_SHIPPED)),TERM_SHIPPED(LBL2),declT_5)),skH2[])))),LBL2).
attacker((authTuple(issuerId2[],fp(pk(skH2[])),ssetH[],algH[],verH[]),sign((STMT_DIGEST,h(authTuple(issuerId2[],fp(pk(skH2[])),ssetH[],algH[],verH[]))),skD[]),sign((STMT_DIGEST,h(authTuple(issuerId2[],fp(pk(skH2[])),ssetH[],algH[],verH[]))),skR[]),pk(skH2[]),core_2,fb_2,withTLR(pk(skH2[]),sign((TLR,(lineage2(entry(LBL1,DISP_ABANDONED),entry(LBL2,DISP_SHIPPED)),TERM_SHIPPED(LBL2),declT_5)),skH2[]),anchorProof(h(sign((TLR,(lineage2(entry(LBL1,DISP_ABANDONED),entry(LBL2,DISP_SHIPPED)),TERM_SHIPPED(LBL2),declT_5)),skH2[])))),LBL2)).

25. The message (authTuple(issuerId2[],fp(pk(skH2[])),ssetH[],algH[],verH[]),sign((STMT_DIGEST,h(authTuple(issuerId2[],fp(pk(skH2[])),ssetH[],algH[],verH[]))),skD[]),sign((STMT_DIGEST,h(authTuple(issuerId2[],fp(pk(skH2[])),ssetH[],algH[],verH[]))),skR[]),pk(skH2[]),core_2,fb_2,withTLR(pk(skH2[]),sign((TLR,(lineage2(entry(LBL1,DISP_ABANDONED),entry(LBL2,DISP_SHIPPED)),TERM_SHIPPED(LBL2),declT_5)),skH2[]),anchorProof(h(sign((TLR,(lineage2(entry(LBL1,DISP_ABANDONED),entry(LBL2,DISP_SHIPPED)),TERM_SHIPPED(LBL2),declT_5)),skH2[])))),LBL2) that the attacker may have by 24 may be received at input {123}.
We have LBL1 ≠ LBL2.
So event StandingReport(ESTABLISHED,TERMINAL_DISPOSITION_SHOWN,pk(skH2[]),authTuple(issuerId2[],fp(pk(skH2[])),ssetH[],algH[],verH[]),h(core_2)) may be executed at {144}.
event(StandingReport(ESTABLISHED,TERMINAL_DISPOSITION_SHOWN,pk(skH2[]),authTuple(issuerId2[],fp(pk(skH2[])),ssetH[],algH[],verH[]),h(core_2))).

26. By 25, event(StandingReport(ESTABLISHED,TERMINAL_DISPOSITION_SHOWN,pk(skH2[]),authTuple(issuerId2[],fp(pk(skH2[])),ssetH[],algH[],verH[]),h(core_2))).
The goal is reached, represented in the following fact:
event(StandingReport(ESTABLISHED,TERMINAL_DISPOSITION_SHOWN,pk(skH2[]),authTuple(issuerId2[],fp(pk(skH2[])),ssetH[],algH[],verH[]),h(core_2))).


A more detailed output of the traces is available with
  set traceDisplay = long.

new skD: skey creating skD_3 at {1}

new skR: skey creating skR_3 at {2}

out(c, ~M) with ~M = pk(skD_3) at {5}

out(c, ~M_1) with ~M_1 = pk(skR_3) at {6}

out(c, ~M_2) with ~M_2 = pk(skH1) at {7}

out(c, ~M_3) with ~M_3 = pk(skH2) at {8}

out(c, authTuple(~M_4,~M_5,~M_6,~M_7,~M_8)) with ~M_4 = issuerId, ~M_5 = fp(pk(skH1)), ~M_6 = ssetH, ~M_7 = algH, ~M_8 = verH at {9}

out(c, authTuple(~M_9,~M_10,~M_11,~M_12,~M_13)) with ~M_9 = issuerId2, ~M_10 = fp(pk(skH2)), ~M_11 = ssetH, ~M_12 = algH, ~M_13 = verH at {10}

out(c, ~M_14) with ~M_14 = skD_3 at {11}

event AuthorityPublishedRepo(authTuple(issuerId2,fp(pk(skH2)),ssetH,algH,verH)) at {26} in copy a

out(c, ~M_15) with ~M_15 = sign((STMT_DIGEST,h(authTuple(issuerId2,fp(pk(skH2)),ssetH,algH,verH))),skR_3) at {27} in copy a

in(c, (a_1,a_2)) at {77} in copy a_3

new decl1_2: bitstring creating decl1_4 at {78} in copy a_3

new decl2_2: bitstring creating decl2_4 at {79} in copy a_3

new declT_2: bitstring creating declT_6 at {80} in copy a_3

event IssuerPossession(pk(skH2)) at {81} in copy a_3

event IssuerSigned(pk(skH2),framed(OT_ATTEST,algH,issuerId2,fp(pk(skH2)),h(authTuple(issuerId2,fp(pk(skH2)),ssetH,algH,verH)),canonVerH,a_1)) at {86} in copy a_3

out(c, (attemptCore(authTuple(~M_16,~M_17,~M_18,~M_19,~M_20),~M_21,~M_22,~M_23),framed(~M_24,~M_25,~M_26,~M_27,~M_28,~M_29,~M_30))) with ~M_16 = issuerId2, ~M_17 = fp(pk(skH2)), ~M_18 = ssetH, ~M_19 = algH, ~M_20 = verH, ~M_21 = sign((POSS,authTuple(issuerId2,fp(pk(skH2)),ssetH,algH,verH)),skH2), ~M_22 = sign((BYTES,framed(OT_ATTEST,algH,issuerId2,fp(pk(skH2)),h(authTuple(issuerId2,fp(pk(skH2)),ssetH,algH,verH)),canonVerH,a_1)),skH2), ~M_23 = decl1_4, ~M_24 = OT_ATTEST, ~M_25 = algH, ~M_26 = issuerId2, ~M_27 = fp(pk(skH2)), ~M_28 = h(authTuple(issuerId2,fp(pk(skH2)),ssetH,algH,verH)), ~M_29 = canonVerH, ~M_30 = a_1 at {87} in copy a_3

event IssuerSigned(pk(skH2),framed(OT_ATTEST,algH,issuerId2,fp(pk(skH2)),h(authTuple(issuerId2,fp(pk(skH2)),ssetH,algH,verH)),canonVerH,a_2)) at {91} in copy a_3

out(c, (attemptCore(authTuple(~M_31,~M_32,~M_33,~M_34,~M_35),~M_36,~M_37,~M_38),framed(~M_39,~M_40,~M_41,~M_42,~M_43,~M_44,~M_45))) with ~M_31 = issuerId2, ~M_32 = fp(pk(skH2)), ~M_33 = ssetH, ~M_34 = algH, ~M_35 = verH, ~M_36 = sign((POSS,authTuple(issuerId2,fp(pk(skH2)),ssetH,algH,verH)),skH2), ~M_37 = sign((BYTES,framed(OT_ATTEST,algH,issuerId2,fp(pk(skH2)),h(authTuple(issuerId2,fp(pk(skH2)),ssetH,algH,verH)),canonVerH,a_2)),skH2), ~M_38 = decl2_4, ~M_39 = OT_ATTEST, ~M_40 = algH, ~M_41 = issuerId2, ~M_42 = fp(pk(skH2)), ~M_43 = h(authTuple(issuerId2,fp(pk(skH2)),ssetH,algH,verH)), ~M_44 = canonVerH, ~M_45 = a_2 at {92} in copy a_3

event Designated(pk(skH2),h(attemptCore(authTuple(issuerId2,fp(pk(skH2)),ssetH,algH,verH),sign((POSS,authTuple(issuerId2,fp(pk(skH2)),ssetH,algH,verH)),skH2),sign((BYTES,framed(OT_ATTEST,algH,issuerId2,fp(pk(skH2)),h(authTuple(issuerId2,fp(pk(skH2)),ssetH,algH,verH)),canonVerH,a_2)),skH2),decl2_4))) at {95} in copy a_3

out(c, ~M_46) with ~M_46 = sign((TLR,(lineage2(entry(LBL1,DISP_ABANDONED),entry(LBL2,DISP_SHIPPED)),TERM_SHIPPED(LBL2),declT_6)),skH2) at {98} in copy a_3

in(c, (authTuple(issuerId2,fp(~M_3),ssetH,algH,verH),sign((STMT_DIGEST,h(authTuple(issuerId2,fp(~M_3),ssetH,algH,verH))),~M_14),~M_15,~M_3,a_4,a_5,withTLR(~M_3,~M_46,anchorProof(h(~M_46))),LBL2)) with fp(~M_3) = fp(pk(skH2)), sign((STMT_DIGEST,h(authTuple(issuerId2,fp(~M_3),ssetH,algH,verH))),~M_14) = sign((STMT_DIGEST,h(authTuple(issuerId2,fp(pk(skH2)),ssetH,algH,verH))),skD_3), ~M_15 = sign((STMT_DIGEST,h(authTuple(issuerId2,fp(pk(skH2)),ssetH,algH,verH))),skR_3), ~M_3 = pk(skH2), ~M_3 = pk(skH2), ~M_46 = sign((TLR,(lineage2(entry(LBL1,DISP_ABANDONED),entry(LBL2,DISP_SHIPPED)),TERM_SHIPPED(LBL2),declT_6)),skH2), h(~M_46) = h(sign((TLR,(lineage2(entry(LBL1,DISP_ABANDONED),entry(LBL2,DISP_SHIPPED)),TERM_SHIPPED(LBL2),declT_6)),skH2)) at {123} in copy a_6

event Established(pk(skH2),authTuple(issuerId2,fp(pk(skH2)),ssetH,algH,verH),h(a_4)) at {143} in copy a_6

event StandingReport(ESTABLISHED,TERMINAL_DISPOSITION_SHOWN,pk(skH2),authTuple(issuerId2,fp(pk(skH2)),ssetH,algH,verH),h(a_4)) at {144} in copy a_6 (goal)

The event StandingReport(ESTABLISHED,TERMINAL_DISPOSITION_SHOWN,pk(skH2),authTuple(issuerId2,fp(pk(skH2)),ssetH,algH,verH),h(a_4)) is executed at {144} in copy a_6.
A trace has been found.
RESULT not event(StandingReport(ESTABLISHED,TERMINAL_DISPOSITION_SHOWN,k,t_3,a)) is false.
-- Query not event(StandingReport(ABSENT,SUPERSEDED,k,t_3,a)) in process 1.
Translating the process into Horn clauses...
Completing...
200 rules inserted. Base: 173 rules (92 with conclusion selected). Queue: 47 rules.
400 rules inserted. Base: 269 rules (96 with conclusion selected). Queue: 84 rules.
600 rules inserted. Base: 293 rules (103 with conclusion selected). Queue: 60 rules.
Starting query not event(StandingReport(ABSENT,SUPERSEDED,k,t_3,a))
goal reachable: attacker(core_2) -> event(StandingReport(ABSENT,SUPERSEDED,pk(skH2[]),authTuple(issuerId2[],fp(pk(skH2[])),ssetH[],algH[],verH[]),h(core_2)))

Derivation:
Abbreviations:
declT_5 = declT_2[p2_2 = p2_5,p1_2 = p1_5,!1 = @sid]

1. Using the function LBL1 the attacker may obtain LBL1.
attacker(LBL1).

2. The attacker has some term p2_5.
attacker(p2_5).

3. The attacker has some term p1_5.
attacker(p1_5).

4. By 3, the attacker may know p1_5.
By 2, the attacker may know p2_5.
Using the function 2-tuple the attacker may obtain (p1_5,p2_5).
attacker((p1_5,p2_5)).

5. The message (p1_5,p2_5) that the attacker may have by 4 may be received at input {77}.
So the message sign((TLR,(lineage2(entry(LBL1,DISP_ABANDONED),entry(LBL2,DISP_SHIPPED)),TERM_SHIPPED(LBL2),declT_5)),skH2[]) may be sent to the attacker at output {98}.
attacker(sign((TLR,(lineage2(entry(LBL1,DISP_ABANDONED),entry(LBL2,DISP_SHIPPED)),TERM_SHIPPED(LBL2),declT_5)),skH2[])).

6. By 5, the attacker may know sign((TLR,(lineage2(entry(LBL1,DISP_ABANDONED),entry(LBL2,DISP_SHIPPED)),TERM_SHIPPED(LBL2),declT_5)),skH2[]).
Using the function h the attacker may obtain h(sign((TLR,(lineage2(entry(LBL1,DISP_ABANDONED),entry(LBL2,DISP_SHIPPED)),TERM_SHIPPED(LBL2),declT_5)),skH2[])).
attacker(h(sign((TLR,(lineage2(entry(LBL1,DISP_ABANDONED),entry(LBL2,DISP_SHIPPED)),TERM_SHIPPED(LBL2),declT_5)),skH2[]))).

7. By 6, the attacker may know h(sign((TLR,(lineage2(entry(LBL1,DISP_ABANDONED),entry(LBL2,DISP_SHIPPED)),TERM_SHIPPED(LBL2),declT_5)),skH2[])).
Using the function anchorProof the attacker may obtain anchorProof(h(sign((TLR,(lineage2(entry(LBL1,DISP_ABANDONED),entry(LBL2,DISP_SHIPPED)),TERM_SHIPPED(LBL2),declT_5)),skH2[]))).
attacker(anchorProof(h(sign((TLR,(lineage2(entry(LBL1,DISP_ABANDONED),entry(LBL2,DISP_SHIPPED)),TERM_SHIPPED(LBL2),declT_5)),skH2[])))).

8. The message pk(skH2[]) may be sent to the attacker at output {8}.
attacker(pk(skH2[])).

9. By 8, the attacker may know pk(skH2[]).
By 5, the attacker may know sign((TLR,(lineage2(entry(LBL1,DISP_ABANDONED),entry(LBL2,DISP_SHIPPED)),TERM_SHIPPED(LBL2),declT_5)),skH2[]).
By 7, the attacker may know anchorProof(h(sign((TLR,(lineage2(entry(LBL1,DISP_ABANDONED),entry(LBL2,DISP_SHIPPED)),TERM_SHIPPED(LBL2),declT_5)),skH2[]))).
Using the function withTLR the attacker may obtain withTLR(pk(skH2[]),sign((TLR,(lineage2(entry(LBL1,DISP_ABANDONED),entry(LBL2,DISP_SHIPPED)),TERM_SHIPPED(LBL2),declT_5)),skH2[]),anchorProof(h(sign((TLR,(lineage2(entry(LBL1,DISP_ABANDONED),entry(LBL2,DISP_SHIPPED)),TERM_SHIPPED(LBL2),declT_5)),skH2[])))).
attacker(withTLR(pk(skH2[]),sign((TLR,(lineage2(entry(LBL1,DISP_ABANDONED),entry(LBL2,DISP_SHIPPED)),TERM_SHIPPED(LBL2),declT_5)),skH2[]),anchorProof(h(sign((TLR,(lineage2(entry(LBL1,DISP_ABANDONED),entry(LBL2,DISP_SHIPPED)),TERM_SHIPPED(LBL2),declT_5)),skH2[]))))).

10. The attacker has some term fb_2.
attacker(fb_2).

11. We assume as hypothesis that
attacker(core_2).

12. The message sign((STMT_DIGEST,h(authTuple(issuerId2[],fp(pk(skH2[])),ssetH[],algH[],verH[]))),skR[]) may be sent to the attacker at output {27}.
attacker(sign((STMT_DIGEST,h(authTuple(issuerId2[],fp(pk(skH2[])),ssetH[],algH[],verH[]))),skR[])).

13. The message skD[] may be sent to the attacker at output {11}.
attacker(skD[]).

14. The attacker initially knows verH[].
attacker(verH[]).

15. The attacker initially knows algH[].
attacker(algH[]).

16. The attacker initially knows ssetH[].
attacker(ssetH[]).

17. By 8, the attacker may know pk(skH2[]).
Using the function fp the attacker may obtain fp(pk(skH2[])).
attacker(fp(pk(skH2[]))).

18. The attacker initially knows issuerId2[].
attacker(issuerId2[]).

19. By 18, the attacker may know issuerId2[].
By 17, the attacker may know fp(pk(skH2[])).
By 16, the attacker may know ssetH[].
By 15, the attacker may know algH[].
By 14, the attacker may know verH[].
Using the function authTuple the attacker may obtain authTuple(issuerId2[],fp(pk(skH2[])),ssetH[],algH[],verH[]).
attacker(authTuple(issuerId2[],fp(pk(skH2[])),ssetH[],algH[],verH[])).

20. By 19, the attacker may know authTuple(issuerId2[],fp(pk(skH2[])),ssetH[],algH[],verH[]).
Using the function h the attacker may obtain h(authTuple(issuerId2[],fp(pk(skH2[])),ssetH[],algH[],verH[])).
attacker(h(authTuple(issuerId2[],fp(pk(skH2[])),ssetH[],algH[],verH[]))).

21. Using the function STMT_DIGEST the attacker may obtain STMT_DIGEST.
attacker(STMT_DIGEST).

22. By 21, the attacker may know STMT_DIGEST.
By 20, the attacker may know h(authTuple(issuerId2[],fp(pk(skH2[])),ssetH[],algH[],verH[])).
Using the function 2-tuple the attacker may obtain (STMT_DIGEST,h(authTuple(issuerId2[],fp(pk(skH2[])),ssetH[],algH[],verH[]))).
attacker((STMT_DIGEST,h(authTuple(issuerId2[],fp(pk(skH2[])),ssetH[],algH[],verH[])))).

23. By 22, the attacker may know (STMT_DIGEST,h(authTuple(issuerId2[],fp(pk(skH2[])),ssetH[],algH[],verH[]))).
By 13, the attacker may know skD[].
Using the function sign the attacker may obtain sign((STMT_DIGEST,h(authTuple(issuerId2[],fp(pk(skH2[])),ssetH[],algH[],verH[]))),skD[]).
attacker(sign((STMT_DIGEST,h(authTuple(issuerId2[],fp(pk(skH2[])),ssetH[],algH[],verH[]))),skD[])).

24. By 19, the attacker may know authTuple(issuerId2[],fp(pk(skH2[])),ssetH[],algH[],verH[]).
By 23, the attacker may know sign((STMT_DIGEST,h(authTuple(issuerId2[],fp(pk(skH2[])),ssetH[],algH[],verH[]))),skD[]).
By 12, the attacker may know sign((STMT_DIGEST,h(authTuple(issuerId2[],fp(pk(skH2[])),ssetH[],algH[],verH[]))),skR[]).
By 8, the attacker may know pk(skH2[]).
By 11, the attacker may know core_2.
By 10, the attacker may know fb_2.
By 9, the attacker may know withTLR(pk(skH2[]),sign((TLR,(lineage2(entry(LBL1,DISP_ABANDONED),entry(LBL2,DISP_SHIPPED)),TERM_SHIPPED(LBL2),declT_5)),skH2[]),anchorProof(h(sign((TLR,(lineage2(entry(LBL1,DISP_ABANDONED),entry(LBL2,DISP_SHIPPED)),TERM_SHIPPED(LBL2),declT_5)),skH2[])))).
By 1, the attacker may know LBL1.
Using the function 8-tuple the attacker may obtain (authTuple(issuerId2[],fp(pk(skH2[])),ssetH[],algH[],verH[]),sign((STMT_DIGEST,h(authTuple(issuerId2[],fp(pk(skH2[])),ssetH[],algH[],verH[]))),skD[]),sign((STMT_DIGEST,h(authTuple(issuerId2[],fp(pk(skH2[])),ssetH[],algH[],verH[]))),skR[]),pk(skH2[]),core_2,fb_2,withTLR(pk(skH2[]),sign((TLR,(lineage2(entry(LBL1,DISP_ABANDONED),entry(LBL2,DISP_SHIPPED)),TERM_SHIPPED(LBL2),declT_5)),skH2[]),anchorProof(h(sign((TLR,(lineage2(entry(LBL1,DISP_ABANDONED),entry(LBL2,DISP_SHIPPED)),TERM_SHIPPED(LBL2),declT_5)),skH2[])))),LBL1).
attacker((authTuple(issuerId2[],fp(pk(skH2[])),ssetH[],algH[],verH[]),sign((STMT_DIGEST,h(authTuple(issuerId2[],fp(pk(skH2[])),ssetH[],algH[],verH[]))),skD[]),sign((STMT_DIGEST,h(authTuple(issuerId2[],fp(pk(skH2[])),ssetH[],algH[],verH[]))),skR[]),pk(skH2[]),core_2,fb_2,withTLR(pk(skH2[]),sign((TLR,(lineage2(entry(LBL1,DISP_ABANDONED),entry(LBL2,DISP_SHIPPED)),TERM_SHIPPED(LBL2),declT_5)),skH2[]),anchorProof(h(sign((TLR,(lineage2(entry(LBL1,DISP_ABANDONED),entry(LBL2,DISP_SHIPPED)),TERM_SHIPPED(LBL2),declT_5)),skH2[])))),LBL1)).

25. The message (authTuple(issuerId2[],fp(pk(skH2[])),ssetH[],algH[],verH[]),sign((STMT_DIGEST,h(authTuple(issuerId2[],fp(pk(skH2[])),ssetH[],algH[],verH[]))),skD[]),sign((STMT_DIGEST,h(authTuple(issuerId2[],fp(pk(skH2[])),ssetH[],algH[],verH[]))),skR[]),pk(skH2[]),core_2,fb_2,withTLR(pk(skH2[]),sign((TLR,(lineage2(entry(LBL1,DISP_ABANDONED),entry(LBL2,DISP_SHIPPED)),TERM_SHIPPED(LBL2),declT_5)),skH2[]),anchorProof(h(sign((TLR,(lineage2(entry(LBL1,DISP_ABANDONED),entry(LBL2,DISP_SHIPPED)),TERM_SHIPPED(LBL2),declT_5)),skH2[])))),LBL1) that the attacker may have by 24 may be received at input {123}.
We have LBL2 ≠ LBL1.
So event StandingReport(ABSENT,SUPERSEDED,pk(skH2[]),authTuple(issuerId2[],fp(pk(skH2[])),ssetH[],algH[],verH[]),h(core_2)) may be executed at {149}.
event(StandingReport(ABSENT,SUPERSEDED,pk(skH2[]),authTuple(issuerId2[],fp(pk(skH2[])),ssetH[],algH[],verH[]),h(core_2))).

26. By 25, event(StandingReport(ABSENT,SUPERSEDED,pk(skH2[]),authTuple(issuerId2[],fp(pk(skH2[])),ssetH[],algH[],verH[]),h(core_2))).
The goal is reached, represented in the following fact:
event(StandingReport(ABSENT,SUPERSEDED,pk(skH2[]),authTuple(issuerId2[],fp(pk(skH2[])),ssetH[],algH[],verH[]),h(core_2))).


A more detailed output of the traces is available with
  set traceDisplay = long.

new skD: skey creating skD_3 at {1}

new skR: skey creating skR_3 at {2}

out(c, ~M) with ~M = pk(skD_3) at {5}

out(c, ~M_1) with ~M_1 = pk(skR_3) at {6}

out(c, ~M_2) with ~M_2 = pk(skH1) at {7}

out(c, ~M_3) with ~M_3 = pk(skH2) at {8}

out(c, authTuple(~M_4,~M_5,~M_6,~M_7,~M_8)) with ~M_4 = issuerId, ~M_5 = fp(pk(skH1)), ~M_6 = ssetH, ~M_7 = algH, ~M_8 = verH at {9}

out(c, authTuple(~M_9,~M_10,~M_11,~M_12,~M_13)) with ~M_9 = issuerId2, ~M_10 = fp(pk(skH2)), ~M_11 = ssetH, ~M_12 = algH, ~M_13 = verH at {10}

out(c, ~M_14) with ~M_14 = skD_3 at {11}

event AuthorityPublishedRepo(authTuple(issuerId2,fp(pk(skH2)),ssetH,algH,verH)) at {26} in copy a

out(c, ~M_15) with ~M_15 = sign((STMT_DIGEST,h(authTuple(issuerId2,fp(pk(skH2)),ssetH,algH,verH))),skR_3) at {27} in copy a

in(c, (a_1,a_2)) at {77} in copy a_3

new decl1_2: bitstring creating decl1_4 at {78} in copy a_3

new decl2_2: bitstring creating decl2_4 at {79} in copy a_3

new declT_2: bitstring creating declT_6 at {80} in copy a_3

event IssuerPossession(pk(skH2)) at {81} in copy a_3

event IssuerSigned(pk(skH2),framed(OT_ATTEST,algH,issuerId2,fp(pk(skH2)),h(authTuple(issuerId2,fp(pk(skH2)),ssetH,algH,verH)),canonVerH,a_1)) at {86} in copy a_3

out(c, (attemptCore(authTuple(~M_16,~M_17,~M_18,~M_19,~M_20),~M_21,~M_22,~M_23),framed(~M_24,~M_25,~M_26,~M_27,~M_28,~M_29,~M_30))) with ~M_16 = issuerId2, ~M_17 = fp(pk(skH2)), ~M_18 = ssetH, ~M_19 = algH, ~M_20 = verH, ~M_21 = sign((POSS,authTuple(issuerId2,fp(pk(skH2)),ssetH,algH,verH)),skH2), ~M_22 = sign((BYTES,framed(OT_ATTEST,algH,issuerId2,fp(pk(skH2)),h(authTuple(issuerId2,fp(pk(skH2)),ssetH,algH,verH)),canonVerH,a_1)),skH2), ~M_23 = decl1_4, ~M_24 = OT_ATTEST, ~M_25 = algH, ~M_26 = issuerId2, ~M_27 = fp(pk(skH2)), ~M_28 = h(authTuple(issuerId2,fp(pk(skH2)),ssetH,algH,verH)), ~M_29 = canonVerH, ~M_30 = a_1 at {87} in copy a_3

event IssuerSigned(pk(skH2),framed(OT_ATTEST,algH,issuerId2,fp(pk(skH2)),h(authTuple(issuerId2,fp(pk(skH2)),ssetH,algH,verH)),canonVerH,a_2)) at {91} in copy a_3

out(c, (attemptCore(authTuple(~M_31,~M_32,~M_33,~M_34,~M_35),~M_36,~M_37,~M_38),framed(~M_39,~M_40,~M_41,~M_42,~M_43,~M_44,~M_45))) with ~M_31 = issuerId2, ~M_32 = fp(pk(skH2)), ~M_33 = ssetH, ~M_34 = algH, ~M_35 = verH, ~M_36 = sign((POSS,authTuple(issuerId2,fp(pk(skH2)),ssetH,algH,verH)),skH2), ~M_37 = sign((BYTES,framed(OT_ATTEST,algH,issuerId2,fp(pk(skH2)),h(authTuple(issuerId2,fp(pk(skH2)),ssetH,algH,verH)),canonVerH,a_2)),skH2), ~M_38 = decl2_4, ~M_39 = OT_ATTEST, ~M_40 = algH, ~M_41 = issuerId2, ~M_42 = fp(pk(skH2)), ~M_43 = h(authTuple(issuerId2,fp(pk(skH2)),ssetH,algH,verH)), ~M_44 = canonVerH, ~M_45 = a_2 at {92} in copy a_3

event Designated(pk(skH2),h(attemptCore(authTuple(issuerId2,fp(pk(skH2)),ssetH,algH,verH),sign((POSS,authTuple(issuerId2,fp(pk(skH2)),ssetH,algH,verH)),skH2),sign((BYTES,framed(OT_ATTEST,algH,issuerId2,fp(pk(skH2)),h(authTuple(issuerId2,fp(pk(skH2)),ssetH,algH,verH)),canonVerH,a_2)),skH2),decl2_4))) at {95} in copy a_3

out(c, ~M_46) with ~M_46 = sign((TLR,(lineage2(entry(LBL1,DISP_ABANDONED),entry(LBL2,DISP_SHIPPED)),TERM_SHIPPED(LBL2),declT_6)),skH2) at {98} in copy a_3

in(c, (authTuple(issuerId2,fp(~M_3),ssetH,algH,verH),sign((STMT_DIGEST,h(authTuple(issuerId2,fp(~M_3),ssetH,algH,verH))),~M_14),~M_15,~M_3,a_4,a_5,withTLR(~M_3,~M_46,anchorProof(h(~M_46))),LBL1)) with fp(~M_3) = fp(pk(skH2)), sign((STMT_DIGEST,h(authTuple(issuerId2,fp(~M_3),ssetH,algH,verH))),~M_14) = sign((STMT_DIGEST,h(authTuple(issuerId2,fp(pk(skH2)),ssetH,algH,verH))),skD_3), ~M_15 = sign((STMT_DIGEST,h(authTuple(issuerId2,fp(pk(skH2)),ssetH,algH,verH))),skR_3), ~M_3 = pk(skH2), ~M_3 = pk(skH2), ~M_46 = sign((TLR,(lineage2(entry(LBL1,DISP_ABANDONED),entry(LBL2,DISP_SHIPPED)),TERM_SHIPPED(LBL2),declT_6)),skH2), h(~M_46) = h(sign((TLR,(lineage2(entry(LBL1,DISP_ABANDONED),entry(LBL2,DISP_SHIPPED)),TERM_SHIPPED(LBL2),declT_6)),skH2)) at {123} in copy a_6

event StandingReport(ABSENT,SUPERSEDED,pk(skH2),authTuple(issuerId2,fp(pk(skH2)),ssetH,algH,verH),h(a_4)) at {149} in copy a_6 (goal)

The event StandingReport(ABSENT,SUPERSEDED,pk(skH2),authTuple(issuerId2,fp(pk(skH2)),ssetH,algH,verH),h(a_4)) is executed at {149} in copy a_6.
A trace has been found.
RESULT not event(StandingReport(ABSENT,SUPERSEDED,k,t_3,a)) is false.
-- Query not event(StandingReport(ABSENT,NO_TERMINAL_DISPOSITION_EVIDENCE,k,t_3,a)) in process 1.
Translating the process into Horn clauses...
Completing...
200 rules inserted. Base: 173 rules (92 with conclusion selected). Queue: 47 rules.
400 rules inserted. Base: 269 rules (96 with conclusion selected). Queue: 84 rules.
600 rules inserted. Base: 293 rules (103 with conclusion selected). Queue: 60 rules.
Starting query not event(StandingReport(ABSENT,NO_TERMINAL_DISPOSITION_EVIDENCE,k,t_3,a))
goal reachable: attacker(k) && attacker(core_2) -> event(StandingReport(ABSENT,NO_TERMINAL_DISPOSITION_EVIDENCE,k,authTuple(issuerId2[],fp(pk(skH2[])),ssetH[],algH[],verH[]),h(core_2)))

Derivation:

1. The attacker has some term lbl_2.
attacker(lbl_2).

2. Using the function noTLR the attacker may obtain noTLR.
attacker(noTLR).

3. The attacker has some term fb_2.
attacker(fb_2).

4. We assume as hypothesis that
attacker(core_2).

5. We assume as hypothesis that
attacker(k).

6. The message sign((STMT_DIGEST,h(authTuple(issuerId2[],fp(pk(skH2[])),ssetH[],algH[],verH[]))),skR[]) may be sent to the attacker at output {27}.
attacker(sign((STMT_DIGEST,h(authTuple(issuerId2[],fp(pk(skH2[])),ssetH[],algH[],verH[]))),skR[])).

7. The message skD[] may be sent to the attacker at output {11}.
attacker(skD[]).

8. The attacker initially knows verH[].
attacker(verH[]).

9. The attacker initially knows algH[].
attacker(algH[]).

10. The attacker initially knows ssetH[].
attacker(ssetH[]).

11. The message pk(skH2[]) may be sent to the attacker at output {8}.
attacker(pk(skH2[])).

12. By 11, the attacker may know pk(skH2[]).
Using the function fp the attacker may obtain fp(pk(skH2[])).
attacker(fp(pk(skH2[]))).

13. The attacker initially knows issuerId2[].
attacker(issuerId2[]).

14. By 13, the attacker may know issuerId2[].
By 12, the attacker may know fp(pk(skH2[])).
By 10, the attacker may know ssetH[].
By 9, the attacker may know algH[].
By 8, the attacker may know verH[].
Using the function authTuple the attacker may obtain authTuple(issuerId2[],fp(pk(skH2[])),ssetH[],algH[],verH[]).
attacker(authTuple(issuerId2[],fp(pk(skH2[])),ssetH[],algH[],verH[])).

15. By 14, the attacker may know authTuple(issuerId2[],fp(pk(skH2[])),ssetH[],algH[],verH[]).
Using the function h the attacker may obtain h(authTuple(issuerId2[],fp(pk(skH2[])),ssetH[],algH[],verH[])).
attacker(h(authTuple(issuerId2[],fp(pk(skH2[])),ssetH[],algH[],verH[]))).

16. Using the function STMT_DIGEST the attacker may obtain STMT_DIGEST.
attacker(STMT_DIGEST).

17. By 16, the attacker may know STMT_DIGEST.
By 15, the attacker may know h(authTuple(issuerId2[],fp(pk(skH2[])),ssetH[],algH[],verH[])).
Using the function 2-tuple the attacker may obtain (STMT_DIGEST,h(authTuple(issuerId2[],fp(pk(skH2[])),ssetH[],algH[],verH[]))).
attacker((STMT_DIGEST,h(authTuple(issuerId2[],fp(pk(skH2[])),ssetH[],algH[],verH[])))).

18. By 17, the attacker may know (STMT_DIGEST,h(authTuple(issuerId2[],fp(pk(skH2[])),ssetH[],algH[],verH[]))).
By 7, the attacker may know skD[].
Using the function sign the attacker may obtain sign((STMT_DIGEST,h(authTuple(issuerId2[],fp(pk(skH2[])),ssetH[],algH[],verH[]))),skD[]).
attacker(sign((STMT_DIGEST,h(authTuple(issuerId2[],fp(pk(skH2[])),ssetH[],algH[],verH[]))),skD[])).

19. By 14, the attacker may know authTuple(issuerId2[],fp(pk(skH2[])),ssetH[],algH[],verH[]).
By 18, the attacker may know sign((STMT_DIGEST,h(authTuple(issuerId2[],fp(pk(skH2[])),ssetH[],algH[],verH[]))),skD[]).
By 6, the attacker may know sign((STMT_DIGEST,h(authTuple(issuerId2[],fp(pk(skH2[])),ssetH[],algH[],verH[]))),skR[]).
By 5, the attacker may know k.
By 4, the attacker may know core_2.
By 3, the attacker may know fb_2.
By 2, the attacker may know noTLR.
By 1, the attacker may know lbl_2.
Using the function 8-tuple the attacker may obtain (authTuple(issuerId2[],fp(pk(skH2[])),ssetH[],algH[],verH[]),sign((STMT_DIGEST,h(authTuple(issuerId2[],fp(pk(skH2[])),ssetH[],algH[],verH[]))),skD[]),sign((STMT_DIGEST,h(authTuple(issuerId2[],fp(pk(skH2[])),ssetH[],algH[],verH[]))),skR[]),k,core_2,fb_2,noTLR,lbl_2).
attacker((authTuple(issuerId2[],fp(pk(skH2[])),ssetH[],algH[],verH[]),sign((STMT_DIGEST,h(authTuple(issuerId2[],fp(pk(skH2[])),ssetH[],algH[],verH[]))),skD[]),sign((STMT_DIGEST,h(authTuple(issuerId2[],fp(pk(skH2[])),ssetH[],algH[],verH[]))),skR[]),k,core_2,fb_2,noTLR,lbl_2)).

20. The message (authTuple(issuerId2[],fp(pk(skH2[])),ssetH[],algH[],verH[]),sign((STMT_DIGEST,h(authTuple(issuerId2[],fp(pk(skH2[])),ssetH[],algH[],verH[]))),skD[]),sign((STMT_DIGEST,h(authTuple(issuerId2[],fp(pk(skH2[])),ssetH[],algH[],verH[]))),skR[]),k,core_2,fb_2,noTLR,lbl_2) that the attacker may have by 19 may be received at input {123}.
So event StandingReport(ABSENT,NO_TERMINAL_DISPOSITION_EVIDENCE,k,authTuple(issuerId2[],fp(pk(skH2[])),ssetH[],algH[],verH[]),h(core_2)) may be executed at {129}.
event(StandingReport(ABSENT,NO_TERMINAL_DISPOSITION_EVIDENCE,k,authTuple(issuerId2[],fp(pk(skH2[])),ssetH[],algH[],verH[]),h(core_2))).

21. By 20, event(StandingReport(ABSENT,NO_TERMINAL_DISPOSITION_EVIDENCE,k,authTuple(issuerId2[],fp(pk(skH2[])),ssetH[],algH[],verH[]),h(core_2))).
The goal is reached, represented in the following fact:
event(StandingReport(ABSENT,NO_TERMINAL_DISPOSITION_EVIDENCE,k,authTuple(issuerId2[],fp(pk(skH2[])),ssetH[],algH[],verH[]),h(core_2))).


A more detailed output of the traces is available with
  set traceDisplay = long.

new skD: skey creating skD_3 at {1}

new skR: skey creating skR_3 at {2}

out(c, ~M) with ~M = pk(skD_3) at {5}

out(c, ~M_1) with ~M_1 = pk(skR_3) at {6}

out(c, ~M_2) with ~M_2 = pk(skH1) at {7}

out(c, ~M_3) with ~M_3 = pk(skH2) at {8}

out(c, authTuple(~M_4,~M_5,~M_6,~M_7,~M_8)) with ~M_4 = issuerId, ~M_5 = fp(pk(skH1)), ~M_6 = ssetH, ~M_7 = algH, ~M_8 = verH at {9}

out(c, authTuple(~M_9,~M_10,~M_11,~M_12,~M_13)) with ~M_9 = issuerId2, ~M_10 = fp(pk(skH2)), ~M_11 = ssetH, ~M_12 = algH, ~M_13 = verH at {10}

out(c, ~M_14) with ~M_14 = skD_3 at {11}

event AuthorityPublishedRepo(authTuple(issuerId2,fp(pk(skH2)),ssetH,algH,verH)) at {26} in copy a

out(c, ~M_15) with ~M_15 = sign((STMT_DIGEST,h(authTuple(issuerId2,fp(pk(skH2)),ssetH,algH,verH))),skR_3) at {27} in copy a

in(c, (authTuple(issuerId2,fp(~M_3),ssetH,algH,verH),sign((STMT_DIGEST,h(authTuple(issuerId2,fp(~M_3),ssetH,algH,verH))),~M_14),~M_15,a_1,a_2,a_3,noTLR,a_4)) with fp(~M_3) = fp(pk(skH2)), sign((STMT_DIGEST,h(authTuple(issuerId2,fp(~M_3),ssetH,algH,verH))),~M_14) = sign((STMT_DIGEST,h(authTuple(issuerId2,fp(pk(skH2)),ssetH,algH,verH))),skD_3), ~M_15 = sign((STMT_DIGEST,h(authTuple(issuerId2,fp(pk(skH2)),ssetH,algH,verH))),skR_3) at {123} in copy a_5

event StandingReport(ABSENT,NO_TERMINAL_DISPOSITION_EVIDENCE,a_1,authTuple(issuerId2,fp(pk(skH2)),ssetH,algH,verH),h(a_2)) at {129} in copy a_5 (goal)

The event StandingReport(ABSENT,NO_TERMINAL_DISPOSITION_EVIDENCE,a_1,authTuple(issuerId2,fp(pk(skH2)),ssetH,algH,verH),h(a_2)) is executed at {129} in copy a_5.
A trace has been found.
RESULT not event(StandingReport(ABSENT,NO_TERMINAL_DISPOSITION_EVIDENCE,k,t_3,a)) is false.
-- Query not event(StandingReport(ABSENT,ISSUANCE_REFUSED,k,t_3,a)) in process 1.
Translating the process into Horn clauses...
Completing...
200 rules inserted. Base: 173 rules (92 with conclusion selected). Queue: 47 rules.
400 rules inserted. Base: 269 rules (96 with conclusion selected). Queue: 84 rules.
600 rules inserted. Base: 293 rules (103 with conclusion selected). Queue: 60 rules.
Starting query not event(StandingReport(ABSENT,ISSUANCE_REFUSED,k,t_3,a))
goal reachable: attacker(core_2) -> event(StandingReport(ABSENT,ISSUANCE_REFUSED,pk(skH2[]),authTuple(issuerId2[],fp(pk(skH2[])),ssetH[],algH[],verH[]),h(core_2)))

Derivation:
Abbreviations:
declT_5 = declT_3[p2_3 = p2_5,p1_3 = p1_5,!1 = @sid]

1. Using the function LBL2 the attacker may obtain LBL2.
attacker(LBL2).

2. The attacker has some term p2_5.
attacker(p2_5).

3. The attacker has some term p1_5.
attacker(p1_5).

4. By 3, the attacker may know p1_5.
By 2, the attacker may know p2_5.
Using the function 2-tuple the attacker may obtain (p1_5,p2_5).
attacker((p1_5,p2_5)).

5. The message (p1_5,p2_5) that the attacker may have by 4 may be received at input {102}.
So the message sign((TLR,(lineage2(entry(LBL1,DISP_ABANDONED),entry(LBL2,DISP_ABANDONED)),TERM_REFUSED,declT_5)),skH2[]) may be sent to the attacker at output {119}.
attacker(sign((TLR,(lineage2(entry(LBL1,DISP_ABANDONED),entry(LBL2,DISP_ABANDONED)),TERM_REFUSED,declT_5)),skH2[])).

6. By 5, the attacker may know sign((TLR,(lineage2(entry(LBL1,DISP_ABANDONED),entry(LBL2,DISP_ABANDONED)),TERM_REFUSED,declT_5)),skH2[]).
Using the function h the attacker may obtain h(sign((TLR,(lineage2(entry(LBL1,DISP_ABANDONED),entry(LBL2,DISP_ABANDONED)),TERM_REFUSED,declT_5)),skH2[])).
attacker(h(sign((TLR,(lineage2(entry(LBL1,DISP_ABANDONED),entry(LBL2,DISP_ABANDONED)),TERM_REFUSED,declT_5)),skH2[]))).

7. By 6, the attacker may know h(sign((TLR,(lineage2(entry(LBL1,DISP_ABANDONED),entry(LBL2,DISP_ABANDONED)),TERM_REFUSED,declT_5)),skH2[])).
Using the function anchorProof the attacker may obtain anchorProof(h(sign((TLR,(lineage2(entry(LBL1,DISP_ABANDONED),entry(LBL2,DISP_ABANDONED)),TERM_REFUSED,declT_5)),skH2[]))).
attacker(anchorProof(h(sign((TLR,(lineage2(entry(LBL1,DISP_ABANDONED),entry(LBL2,DISP_ABANDONED)),TERM_REFUSED,declT_5)),skH2[])))).

8. The message pk(skH2[]) may be sent to the attacker at output {8}.
attacker(pk(skH2[])).

9. By 8, the attacker may know pk(skH2[]).
By 5, the attacker may know sign((TLR,(lineage2(entry(LBL1,DISP_ABANDONED),entry(LBL2,DISP_ABANDONED)),TERM_REFUSED,declT_5)),skH2[]).
By 7, the attacker may know anchorProof(h(sign((TLR,(lineage2(entry(LBL1,DISP_ABANDONED),entry(LBL2,DISP_ABANDONED)),TERM_REFUSED,declT_5)),skH2[]))).
Using the function withTLR the attacker may obtain withTLR(pk(skH2[]),sign((TLR,(lineage2(entry(LBL1,DISP_ABANDONED),entry(LBL2,DISP_ABANDONED)),TERM_REFUSED,declT_5)),skH2[]),anchorProof(h(sign((TLR,(lineage2(entry(LBL1,DISP_ABANDONED),entry(LBL2,DISP_ABANDONED)),TERM_REFUSED,declT_5)),skH2[])))).
attacker(withTLR(pk(skH2[]),sign((TLR,(lineage2(entry(LBL1,DISP_ABANDONED),entry(LBL2,DISP_ABANDONED)),TERM_REFUSED,declT_5)),skH2[]),anchorProof(h(sign((TLR,(lineage2(entry(LBL1,DISP_ABANDONED),entry(LBL2,DISP_ABANDONED)),TERM_REFUSED,declT_5)),skH2[]))))).

10. The attacker has some term fb_2.
attacker(fb_2).

11. We assume as hypothesis that
attacker(core_2).

12. The message sign((STMT_DIGEST,h(authTuple(issuerId2[],fp(pk(skH2[])),ssetH[],algH[],verH[]))),skR[]) may be sent to the attacker at output {27}.
attacker(sign((STMT_DIGEST,h(authTuple(issuerId2[],fp(pk(skH2[])),ssetH[],algH[],verH[]))),skR[])).

13. The message skD[] may be sent to the attacker at output {11}.
attacker(skD[]).

14. The attacker initially knows verH[].
attacker(verH[]).

15. The attacker initially knows algH[].
attacker(algH[]).

16. The attacker initially knows ssetH[].
attacker(ssetH[]).

17. By 8, the attacker may know pk(skH2[]).
Using the function fp the attacker may obtain fp(pk(skH2[])).
attacker(fp(pk(skH2[]))).

18. The attacker initially knows issuerId2[].
attacker(issuerId2[]).

19. By 18, the attacker may know issuerId2[].
By 17, the attacker may know fp(pk(skH2[])).
By 16, the attacker may know ssetH[].
By 15, the attacker may know algH[].
By 14, the attacker may know verH[].
Using the function authTuple the attacker may obtain authTuple(issuerId2[],fp(pk(skH2[])),ssetH[],algH[],verH[]).
attacker(authTuple(issuerId2[],fp(pk(skH2[])),ssetH[],algH[],verH[])).

20. By 19, the attacker may know authTuple(issuerId2[],fp(pk(skH2[])),ssetH[],algH[],verH[]).
Using the function h the attacker may obtain h(authTuple(issuerId2[],fp(pk(skH2[])),ssetH[],algH[],verH[])).
attacker(h(authTuple(issuerId2[],fp(pk(skH2[])),ssetH[],algH[],verH[]))).

21. Using the function STMT_DIGEST the attacker may obtain STMT_DIGEST.
attacker(STMT_DIGEST).

22. By 21, the attacker may know STMT_DIGEST.
By 20, the attacker may know h(authTuple(issuerId2[],fp(pk(skH2[])),ssetH[],algH[],verH[])).
Using the function 2-tuple the attacker may obtain (STMT_DIGEST,h(authTuple(issuerId2[],fp(pk(skH2[])),ssetH[],algH[],verH[]))).
attacker((STMT_DIGEST,h(authTuple(issuerId2[],fp(pk(skH2[])),ssetH[],algH[],verH[])))).

23. By 22, the attacker may know (STMT_DIGEST,h(authTuple(issuerId2[],fp(pk(skH2[])),ssetH[],algH[],verH[]))).
By 13, the attacker may know skD[].
Using the function sign the attacker may obtain sign((STMT_DIGEST,h(authTuple(issuerId2[],fp(pk(skH2[])),ssetH[],algH[],verH[]))),skD[]).
attacker(sign((STMT_DIGEST,h(authTuple(issuerId2[],fp(pk(skH2[])),ssetH[],algH[],verH[]))),skD[])).

24. By 19, the attacker may know authTuple(issuerId2[],fp(pk(skH2[])),ssetH[],algH[],verH[]).
By 23, the attacker may know sign((STMT_DIGEST,h(authTuple(issuerId2[],fp(pk(skH2[])),ssetH[],algH[],verH[]))),skD[]).
By 12, the attacker may know sign((STMT_DIGEST,h(authTuple(issuerId2[],fp(pk(skH2[])),ssetH[],algH[],verH[]))),skR[]).
By 8, the attacker may know pk(skH2[]).
By 11, the attacker may know core_2.
By 10, the attacker may know fb_2.
By 9, the attacker may know withTLR(pk(skH2[]),sign((TLR,(lineage2(entry(LBL1,DISP_ABANDONED),entry(LBL2,DISP_ABANDONED)),TERM_REFUSED,declT_5)),skH2[]),anchorProof(h(sign((TLR,(lineage2(entry(LBL1,DISP_ABANDONED),entry(LBL2,DISP_ABANDONED)),TERM_REFUSED,declT_5)),skH2[])))).
By 1, the attacker may know LBL2.
Using the function 8-tuple the attacker may obtain (authTuple(issuerId2[],fp(pk(skH2[])),ssetH[],algH[],verH[]),sign((STMT_DIGEST,h(authTuple(issuerId2[],fp(pk(skH2[])),ssetH[],algH[],verH[]))),skD[]),sign((STMT_DIGEST,h(authTuple(issuerId2[],fp(pk(skH2[])),ssetH[],algH[],verH[]))),skR[]),pk(skH2[]),core_2,fb_2,withTLR(pk(skH2[]),sign((TLR,(lineage2(entry(LBL1,DISP_ABANDONED),entry(LBL2,DISP_ABANDONED)),TERM_REFUSED,declT_5)),skH2[]),anchorProof(h(sign((TLR,(lineage2(entry(LBL1,DISP_ABANDONED),entry(LBL2,DISP_ABANDONED)),TERM_REFUSED,declT_5)),skH2[])))),LBL2).
attacker((authTuple(issuerId2[],fp(pk(skH2[])),ssetH[],algH[],verH[]),sign((STMT_DIGEST,h(authTuple(issuerId2[],fp(pk(skH2[])),ssetH[],algH[],verH[]))),skD[]),sign((STMT_DIGEST,h(authTuple(issuerId2[],fp(pk(skH2[])),ssetH[],algH[],verH[]))),skR[]),pk(skH2[]),core_2,fb_2,withTLR(pk(skH2[]),sign((TLR,(lineage2(entry(LBL1,DISP_ABANDONED),entry(LBL2,DISP_ABANDONED)),TERM_REFUSED,declT_5)),skH2[]),anchorProof(h(sign((TLR,(lineage2(entry(LBL1,DISP_ABANDONED),entry(LBL2,DISP_ABANDONED)),TERM_REFUSED,declT_5)),skH2[])))),LBL2)).

25. The message (authTuple(issuerId2[],fp(pk(skH2[])),ssetH[],algH[],verH[]),sign((STMT_DIGEST,h(authTuple(issuerId2[],fp(pk(skH2[])),ssetH[],algH[],verH[]))),skD[]),sign((STMT_DIGEST,h(authTuple(issuerId2[],fp(pk(skH2[])),ssetH[],algH[],verH[]))),skR[]),pk(skH2[]),core_2,fb_2,withTLR(pk(skH2[]),sign((TLR,(lineage2(entry(LBL1,DISP_ABANDONED),entry(LBL2,DISP_ABANDONED)),TERM_REFUSED,declT_5)),skH2[]),anchorProof(h(sign((TLR,(lineage2(entry(LBL1,DISP_ABANDONED),entry(LBL2,DISP_ABANDONED)),TERM_REFUSED,declT_5)),skH2[])))),LBL2) that the attacker may have by 24 may be received at input {123}.
We have LBL1 ≠ LBL2.
So event StandingReport(ABSENT,ISSUANCE_REFUSED,pk(skH2[]),authTuple(issuerId2[],fp(pk(skH2[])),ssetH[],algH[],verH[]),h(core_2)) may be executed at {138}.
event(StandingReport(ABSENT,ISSUANCE_REFUSED,pk(skH2[]),authTuple(issuerId2[],fp(pk(skH2[])),ssetH[],algH[],verH[]),h(core_2))).

26. By 25, event(StandingReport(ABSENT,ISSUANCE_REFUSED,pk(skH2[]),authTuple(issuerId2[],fp(pk(skH2[])),ssetH[],algH[],verH[]),h(core_2))).
The goal is reached, represented in the following fact:
event(StandingReport(ABSENT,ISSUANCE_REFUSED,pk(skH2[]),authTuple(issuerId2[],fp(pk(skH2[])),ssetH[],algH[],verH[]),h(core_2))).


A more detailed output of the traces is available with
  set traceDisplay = long.

new skD: skey creating skD_3 at {1}

new skR: skey creating skR_3 at {2}

out(c, ~M) with ~M = pk(skD_3) at {5}

out(c, ~M_1) with ~M_1 = pk(skR_3) at {6}

out(c, ~M_2) with ~M_2 = pk(skH1) at {7}

out(c, ~M_3) with ~M_3 = pk(skH2) at {8}

out(c, authTuple(~M_4,~M_5,~M_6,~M_7,~M_8)) with ~M_4 = issuerId, ~M_5 = fp(pk(skH1)), ~M_6 = ssetH, ~M_7 = algH, ~M_8 = verH at {9}

out(c, authTuple(~M_9,~M_10,~M_11,~M_12,~M_13)) with ~M_9 = issuerId2, ~M_10 = fp(pk(skH2)), ~M_11 = ssetH, ~M_12 = algH, ~M_13 = verH at {10}

out(c, ~M_14) with ~M_14 = skD_3 at {11}

event AuthorityPublishedRepo(authTuple(issuerId2,fp(pk(skH2)),ssetH,algH,verH)) at {26} in copy a

out(c, ~M_15) with ~M_15 = sign((STMT_DIGEST,h(authTuple(issuerId2,fp(pk(skH2)),ssetH,algH,verH))),skR_3) at {27} in copy a

in(c, (a_1,a_2)) at {102} in copy a_3

new decl1_3: bitstring creating decl1_4 at {103} in copy a_3

new decl2_3: bitstring creating decl2_4 at {104} in copy a_3

new declT_3: bitstring creating declT_6 at {105} in copy a_3

event IssuerPossession(pk(skH2)) at {106} in copy a_3

event IssuerSigned(pk(skH2),framed(OT_ATTEST,algH,issuerId2,fp(pk(skH2)),h(authTuple(issuerId2,fp(pk(skH2)),ssetH,algH,verH)),canonVerH,a_1)) at {111} in copy a_3

out(c, (attemptCore(authTuple(~M_16,~M_17,~M_18,~M_19,~M_20),~M_21,~M_22,~M_23),framed(~M_24,~M_25,~M_26,~M_27,~M_28,~M_29,~M_30))) with ~M_16 = issuerId2, ~M_17 = fp(pk(skH2)), ~M_18 = ssetH, ~M_19 = algH, ~M_20 = verH, ~M_21 = sign((POSS,authTuple(issuerId2,fp(pk(skH2)),ssetH,algH,verH)),skH2), ~M_22 = sign((BYTES,framed(OT_ATTEST,algH,issuerId2,fp(pk(skH2)),h(authTuple(issuerId2,fp(pk(skH2)),ssetH,algH,verH)),canonVerH,a_1)),skH2), ~M_23 = decl1_4, ~M_24 = OT_ATTEST, ~M_25 = algH, ~M_26 = issuerId2, ~M_27 = fp(pk(skH2)), ~M_28 = h(authTuple(issuerId2,fp(pk(skH2)),ssetH,algH,verH)), ~M_29 = canonVerH, ~M_30 = a_1 at {112} in copy a_3

event IssuerSigned(pk(skH2),framed(OT_ATTEST,algH,issuerId2,fp(pk(skH2)),h(authTuple(issuerId2,fp(pk(skH2)),ssetH,algH,verH)),canonVerH,a_2)) at {116} in copy a_3

out(c, (attemptCore(authTuple(~M_31,~M_32,~M_33,~M_34,~M_35),~M_36,~M_37,~M_38),framed(~M_39,~M_40,~M_41,~M_42,~M_43,~M_44,~M_45))) with ~M_31 = issuerId2, ~M_32 = fp(pk(skH2)), ~M_33 = ssetH, ~M_34 = algH, ~M_35 = verH, ~M_36 = sign((POSS,authTuple(issuerId2,fp(pk(skH2)),ssetH,algH,verH)),skH2), ~M_37 = sign((BYTES,framed(OT_ATTEST,algH,issuerId2,fp(pk(skH2)),h(authTuple(issuerId2,fp(pk(skH2)),ssetH,algH,verH)),canonVerH,a_2)),skH2), ~M_38 = decl2_4, ~M_39 = OT_ATTEST, ~M_40 = algH, ~M_41 = issuerId2, ~M_42 = fp(pk(skH2)), ~M_43 = h(authTuple(issuerId2,fp(pk(skH2)),ssetH,algH,verH)), ~M_44 = canonVerH, ~M_45 = a_2 at {117} in copy a_3

out(c, ~M_46) with ~M_46 = sign((TLR,(lineage2(entry(LBL1,DISP_ABANDONED),entry(LBL2,DISP_ABANDONED)),TERM_REFUSED,declT_6)),skH2) at {119} in copy a_3

in(c, (authTuple(issuerId2,fp(~M_3),ssetH,algH,verH),sign((STMT_DIGEST,h(authTuple(issuerId2,fp(~M_3),ssetH,algH,verH))),~M_14),~M_15,~M_3,a_4,a_5,withTLR(~M_3,~M_46,anchorProof(h(~M_46))),LBL2)) with fp(~M_3) = fp(pk(skH2)), sign((STMT_DIGEST,h(authTuple(issuerId2,fp(~M_3),ssetH,algH,verH))),~M_14) = sign((STMT_DIGEST,h(authTuple(issuerId2,fp(pk(skH2)),ssetH,algH,verH))),skD_3), ~M_15 = sign((STMT_DIGEST,h(authTuple(issuerId2,fp(pk(skH2)),ssetH,algH,verH))),skR_3), ~M_3 = pk(skH2), ~M_3 = pk(skH2), ~M_46 = sign((TLR,(lineage2(entry(LBL1,DISP_ABANDONED),entry(LBL2,DISP_ABANDONED)),TERM_REFUSED,declT_6)),skH2), h(~M_46) = h(sign((TLR,(lineage2(entry(LBL1,DISP_ABANDONED),entry(LBL2,DISP_ABANDONED)),TERM_REFUSED,declT_6)),skH2)) at {123} in copy a_6

event StandingReport(ABSENT,ISSUANCE_REFUSED,pk(skH2),authTuple(issuerId2,fp(pk(skH2)),ssetH,algH,verH),h(a_4)) at {138} in copy a_6 (goal)

The event StandingReport(ABSENT,ISSUANCE_REFUSED,pk(skH2),authTuple(issuerId2,fp(pk(skH2)),ssetH,algH,verH),h(a_4)) is executed at {138} in copy a_6.
A trace has been found.
RESULT not event(StandingReport(ABSENT,ISSUANCE_REFUSED,k,t_3,a)) is false.
-- Query not event(StandingReport(ABSENT,STANDING_EVIDENCE_MISMATCH,k,t_3,a)) in process 1.
Translating the process into Horn clauses...
Completing...
200 rules inserted. Base: 173 rules (92 with conclusion selected). Queue: 47 rules.
400 rules inserted. Base: 269 rules (96 with conclusion selected). Queue: 84 rules.
600 rules inserted. Base: 293 rules (103 with conclusion selected). Queue: 60 rules.
Starting query not event(StandingReport(ABSENT,STANDING_EVIDENCE_MISMATCH,k,t_3,a))
goal reachable: attacker(core_2) -> event(StandingReport(ABSENT,STANDING_EVIDENCE_MISMATCH,pk(skH2[]),authTuple(issuerId2[],fp(pk(skH2[])),ssetH[],algH[],verH[]),h(core_2)))

Derivation:
Abbreviations:
declT_5 = declT_2[p2_2 = p2_5,p1_2 = p1_5,!1 = @sid]

1. The attacker has some term lbl_2.
attacker(lbl_2).

2. The attacker has some term p2_5.
attacker(p2_5).

3. The attacker has some term p1_5.
attacker(p1_5).

4. By 3, the attacker may know p1_5.
By 2, the attacker may know p2_5.
Using the function 2-tuple the attacker may obtain (p1_5,p2_5).
attacker((p1_5,p2_5)).

5. The message (p1_5,p2_5) that the attacker may have by 4 may be received at input {77}.
So the message sign((TLR,(lineage2(entry(LBL1,DISP_ABANDONED),entry(LBL2,DISP_SHIPPED)),TERM_SHIPPED(LBL2),declT_5)),skH2[]) may be sent to the attacker at output {98}.
attacker(sign((TLR,(lineage2(entry(LBL1,DISP_ABANDONED),entry(LBL2,DISP_SHIPPED)),TERM_SHIPPED(LBL2),declT_5)),skH2[])).

6. By 5, the attacker may know sign((TLR,(lineage2(entry(LBL1,DISP_ABANDONED),entry(LBL2,DISP_SHIPPED)),TERM_SHIPPED(LBL2),declT_5)),skH2[]).
Using the function h the attacker may obtain h(sign((TLR,(lineage2(entry(LBL1,DISP_ABANDONED),entry(LBL2,DISP_SHIPPED)),TERM_SHIPPED(LBL2),declT_5)),skH2[])).
attacker(h(sign((TLR,(lineage2(entry(LBL1,DISP_ABANDONED),entry(LBL2,DISP_SHIPPED)),TERM_SHIPPED(LBL2),declT_5)),skH2[]))).

7. By 6, the attacker may know h(sign((TLR,(lineage2(entry(LBL1,DISP_ABANDONED),entry(LBL2,DISP_SHIPPED)),TERM_SHIPPED(LBL2),declT_5)),skH2[])).
Using the function anchorProof the attacker may obtain anchorProof(h(sign((TLR,(lineage2(entry(LBL1,DISP_ABANDONED),entry(LBL2,DISP_SHIPPED)),TERM_SHIPPED(LBL2),declT_5)),skH2[]))).
attacker(anchorProof(h(sign((TLR,(lineage2(entry(LBL1,DISP_ABANDONED),entry(LBL2,DISP_SHIPPED)),TERM_SHIPPED(LBL2),declT_5)),skH2[])))).

8. The message pk(skH2[]) may be sent to the attacker at output {8}.
attacker(pk(skH2[])).

9. By 8, the attacker may know pk(skH2[]).
By 5, the attacker may know sign((TLR,(lineage2(entry(LBL1,DISP_ABANDONED),entry(LBL2,DISP_SHIPPED)),TERM_SHIPPED(LBL2),declT_5)),skH2[]).
By 7, the attacker may know anchorProof(h(sign((TLR,(lineage2(entry(LBL1,DISP_ABANDONED),entry(LBL2,DISP_SHIPPED)),TERM_SHIPPED(LBL2),declT_5)),skH2[]))).
Using the function withTLR the attacker may obtain withTLR(pk(skH2[]),sign((TLR,(lineage2(entry(LBL1,DISP_ABANDONED),entry(LBL2,DISP_SHIPPED)),TERM_SHIPPED(LBL2),declT_5)),skH2[]),anchorProof(h(sign((TLR,(lineage2(entry(LBL1,DISP_ABANDONED),entry(LBL2,DISP_SHIPPED)),TERM_SHIPPED(LBL2),declT_5)),skH2[])))).
attacker(withTLR(pk(skH2[]),sign((TLR,(lineage2(entry(LBL1,DISP_ABANDONED),entry(LBL2,DISP_SHIPPED)),TERM_SHIPPED(LBL2),declT_5)),skH2[]),anchorProof(h(sign((TLR,(lineage2(entry(LBL1,DISP_ABANDONED),entry(LBL2,DISP_SHIPPED)),TERM_SHIPPED(LBL2),declT_5)),skH2[]))))).

10. The attacker has some term fb_2.
attacker(fb_2).

11. We assume as hypothesis that
attacker(core_2).

12. The message sign((STMT_DIGEST,h(authTuple(issuerId2[],fp(pk(skH2[])),ssetH[],algH[],verH[]))),skR[]) may be sent to the attacker at output {27}.
attacker(sign((STMT_DIGEST,h(authTuple(issuerId2[],fp(pk(skH2[])),ssetH[],algH[],verH[]))),skR[])).

13. The message skD[] may be sent to the attacker at output {11}.
attacker(skD[]).

14. The attacker initially knows verH[].
attacker(verH[]).

15. The attacker initially knows algH[].
attacker(algH[]).

16. The attacker initially knows ssetH[].
attacker(ssetH[]).

17. By 8, the attacker may know pk(skH2[]).
Using the function fp the attacker may obtain fp(pk(skH2[])).
attacker(fp(pk(skH2[]))).

18. The attacker initially knows issuerId2[].
attacker(issuerId2[]).

19. By 18, the attacker may know issuerId2[].
By 17, the attacker may know fp(pk(skH2[])).
By 16, the attacker may know ssetH[].
By 15, the attacker may know algH[].
By 14, the attacker may know verH[].
Using the function authTuple the attacker may obtain authTuple(issuerId2[],fp(pk(skH2[])),ssetH[],algH[],verH[]).
attacker(authTuple(issuerId2[],fp(pk(skH2[])),ssetH[],algH[],verH[])).

20. By 19, the attacker may know authTuple(issuerId2[],fp(pk(skH2[])),ssetH[],algH[],verH[]).
Using the function h the attacker may obtain h(authTuple(issuerId2[],fp(pk(skH2[])),ssetH[],algH[],verH[])).
attacker(h(authTuple(issuerId2[],fp(pk(skH2[])),ssetH[],algH[],verH[]))).

21. Using the function STMT_DIGEST the attacker may obtain STMT_DIGEST.
attacker(STMT_DIGEST).

22. By 21, the attacker may know STMT_DIGEST.
By 20, the attacker may know h(authTuple(issuerId2[],fp(pk(skH2[])),ssetH[],algH[],verH[])).
Using the function 2-tuple the attacker may obtain (STMT_DIGEST,h(authTuple(issuerId2[],fp(pk(skH2[])),ssetH[],algH[],verH[]))).
attacker((STMT_DIGEST,h(authTuple(issuerId2[],fp(pk(skH2[])),ssetH[],algH[],verH[])))).

23. By 22, the attacker may know (STMT_DIGEST,h(authTuple(issuerId2[],fp(pk(skH2[])),ssetH[],algH[],verH[]))).
By 13, the attacker may know skD[].
Using the function sign the attacker may obtain sign((STMT_DIGEST,h(authTuple(issuerId2[],fp(pk(skH2[])),ssetH[],algH[],verH[]))),skD[]).
attacker(sign((STMT_DIGEST,h(authTuple(issuerId2[],fp(pk(skH2[])),ssetH[],algH[],verH[]))),skD[])).

24. By 19, the attacker may know authTuple(issuerId2[],fp(pk(skH2[])),ssetH[],algH[],verH[]).
By 23, the attacker may know sign((STMT_DIGEST,h(authTuple(issuerId2[],fp(pk(skH2[])),ssetH[],algH[],verH[]))),skD[]).
By 12, the attacker may know sign((STMT_DIGEST,h(authTuple(issuerId2[],fp(pk(skH2[])),ssetH[],algH[],verH[]))),skR[]).
By 8, the attacker may know pk(skH2[]).
By 11, the attacker may know core_2.
By 10, the attacker may know fb_2.
By 9, the attacker may know withTLR(pk(skH2[]),sign((TLR,(lineage2(entry(LBL1,DISP_ABANDONED),entry(LBL2,DISP_SHIPPED)),TERM_SHIPPED(LBL2),declT_5)),skH2[]),anchorProof(h(sign((TLR,(lineage2(entry(LBL1,DISP_ABANDONED),entry(LBL2,DISP_SHIPPED)),TERM_SHIPPED(LBL2),declT_5)),skH2[])))).
By 1, the attacker may know lbl_2.
Using the function 8-tuple the attacker may obtain (authTuple(issuerId2[],fp(pk(skH2[])),ssetH[],algH[],verH[]),sign((STMT_DIGEST,h(authTuple(issuerId2[],fp(pk(skH2[])),ssetH[],algH[],verH[]))),skD[]),sign((STMT_DIGEST,h(authTuple(issuerId2[],fp(pk(skH2[])),ssetH[],algH[],verH[]))),skR[]),pk(skH2[]),core_2,fb_2,withTLR(pk(skH2[]),sign((TLR,(lineage2(entry(LBL1,DISP_ABANDONED),entry(LBL2,DISP_SHIPPED)),TERM_SHIPPED(LBL2),declT_5)),skH2[]),anchorProof(h(sign((TLR,(lineage2(entry(LBL1,DISP_ABANDONED),entry(LBL2,DISP_SHIPPED)),TERM_SHIPPED(LBL2),declT_5)),skH2[])))),lbl_2).
attacker((authTuple(issuerId2[],fp(pk(skH2[])),ssetH[],algH[],verH[]),sign((STMT_DIGEST,h(authTuple(issuerId2[],fp(pk(skH2[])),ssetH[],algH[],verH[]))),skD[]),sign((STMT_DIGEST,h(authTuple(issuerId2[],fp(pk(skH2[])),ssetH[],algH[],verH[]))),skR[]),pk(skH2[]),core_2,fb_2,withTLR(pk(skH2[]),sign((TLR,(lineage2(entry(LBL1,DISP_ABANDONED),entry(LBL2,DISP_SHIPPED)),TERM_SHIPPED(LBL2),declT_5)),skH2[]),anchorProof(h(sign((TLR,(lineage2(entry(LBL1,DISP_ABANDONED),entry(LBL2,DISP_SHIPPED)),TERM_SHIPPED(LBL2),declT_5)),skH2[])))),lbl_2)).

25. The message (authTuple(issuerId2[],fp(pk(skH2[])),ssetH[],algH[],verH[]),sign((STMT_DIGEST,h(authTuple(issuerId2[],fp(pk(skH2[])),ssetH[],algH[],verH[]))),skD[]),sign((STMT_DIGEST,h(authTuple(issuerId2[],fp(pk(skH2[])),ssetH[],algH[],verH[]))),skR[]),pk(skH2[]),core_2,fb_2,withTLR(pk(skH2[]),sign((TLR,(lineage2(entry(LBL1,DISP_ABANDONED),entry(LBL2,DISP_SHIPPED)),TERM_SHIPPED(LBL2),declT_5)),skH2[]),anchorProof(h(sign((TLR,(lineage2(entry(LBL1,DISP_ABANDONED),entry(LBL2,DISP_SHIPPED)),TERM_SHIPPED(LBL2),declT_5)),skH2[])))),lbl_2) that the attacker may have by 24 may be received at input {123}.
We have (forall @gen,@gen_1,@gen_2, lineage2(entry(LBL1,DISP_ABANDONED),entry(LBL2,DISP_SHIPPED)) ≠ lineage2(entry(lbl_2,@gen_2),entry(@gen_1,@gen))) && (forall @gen_3,@gen_4,@gen_5, lineage2(entry(LBL1,DISP_ABANDONED),entry(LBL2,DISP_SHIPPED)) ≠ lineage2(entry(@gen_5,@gen_4),entry(lbl_2,@gen_3))).
So event StandingReport(ABSENT,STANDING_EVIDENCE_MISMATCH,pk(skH2[]),authTuple(issuerId2[],fp(pk(skH2[])),ssetH[],algH[],verH[]),h(core_2)) may be executed at {152}.
event(StandingReport(ABSENT,STANDING_EVIDENCE_MISMATCH,pk(skH2[]),authTuple(issuerId2[],fp(pk(skH2[])),ssetH[],algH[],verH[]),h(core_2))).

26. By 25, event(StandingReport(ABSENT,STANDING_EVIDENCE_MISMATCH,pk(skH2[]),authTuple(issuerId2[],fp(pk(skH2[])),ssetH[],algH[],verH[]),h(core_2))).
The goal is reached, represented in the following fact:
event(StandingReport(ABSENT,STANDING_EVIDENCE_MISMATCH,pk(skH2[]),authTuple(issuerId2[],fp(pk(skH2[])),ssetH[],algH[],verH[]),h(core_2))).


A more detailed output of the traces is available with
  set traceDisplay = long.

new skD: skey creating skD_3 at {1}

new skR: skey creating skR_3 at {2}

out(c, ~M) with ~M = pk(skD_3) at {5}

out(c, ~M_1) with ~M_1 = pk(skR_3) at {6}

out(c, ~M_2) with ~M_2 = pk(skH1) at {7}

out(c, ~M_3) with ~M_3 = pk(skH2) at {8}

out(c, authTuple(~M_4,~M_5,~M_6,~M_7,~M_8)) with ~M_4 = issuerId, ~M_5 = fp(pk(skH1)), ~M_6 = ssetH, ~M_7 = algH, ~M_8 = verH at {9}

out(c, authTuple(~M_9,~M_10,~M_11,~M_12,~M_13)) with ~M_9 = issuerId2, ~M_10 = fp(pk(skH2)), ~M_11 = ssetH, ~M_12 = algH, ~M_13 = verH at {10}

out(c, ~M_14) with ~M_14 = skD_3 at {11}

event AuthorityPublishedRepo(authTuple(issuerId2,fp(pk(skH2)),ssetH,algH,verH)) at {26} in copy a

out(c, ~M_15) with ~M_15 = sign((STMT_DIGEST,h(authTuple(issuerId2,fp(pk(skH2)),ssetH,algH,verH))),skR_3) at {27} in copy a

in(c, (a_1,a_2)) at {77} in copy a_3

new decl1_2: bitstring creating decl1_4 at {78} in copy a_3

new decl2_2: bitstring creating decl2_4 at {79} in copy a_3

new declT_2: bitstring creating declT_6 at {80} in copy a_3

event IssuerPossession(pk(skH2)) at {81} in copy a_3

event IssuerSigned(pk(skH2),framed(OT_ATTEST,algH,issuerId2,fp(pk(skH2)),h(authTuple(issuerId2,fp(pk(skH2)),ssetH,algH,verH)),canonVerH,a_1)) at {86} in copy a_3

out(c, (attemptCore(authTuple(~M_16,~M_17,~M_18,~M_19,~M_20),~M_21,~M_22,~M_23),framed(~M_24,~M_25,~M_26,~M_27,~M_28,~M_29,~M_30))) with ~M_16 = issuerId2, ~M_17 = fp(pk(skH2)), ~M_18 = ssetH, ~M_19 = algH, ~M_20 = verH, ~M_21 = sign((POSS,authTuple(issuerId2,fp(pk(skH2)),ssetH,algH,verH)),skH2), ~M_22 = sign((BYTES,framed(OT_ATTEST,algH,issuerId2,fp(pk(skH2)),h(authTuple(issuerId2,fp(pk(skH2)),ssetH,algH,verH)),canonVerH,a_1)),skH2), ~M_23 = decl1_4, ~M_24 = OT_ATTEST, ~M_25 = algH, ~M_26 = issuerId2, ~M_27 = fp(pk(skH2)), ~M_28 = h(authTuple(issuerId2,fp(pk(skH2)),ssetH,algH,verH)), ~M_29 = canonVerH, ~M_30 = a_1 at {87} in copy a_3

event IssuerSigned(pk(skH2),framed(OT_ATTEST,algH,issuerId2,fp(pk(skH2)),h(authTuple(issuerId2,fp(pk(skH2)),ssetH,algH,verH)),canonVerH,a_2)) at {91} in copy a_3

out(c, (attemptCore(authTuple(~M_31,~M_32,~M_33,~M_34,~M_35),~M_36,~M_37,~M_38),framed(~M_39,~M_40,~M_41,~M_42,~M_43,~M_44,~M_45))) with ~M_31 = issuerId2, ~M_32 = fp(pk(skH2)), ~M_33 = ssetH, ~M_34 = algH, ~M_35 = verH, ~M_36 = sign((POSS,authTuple(issuerId2,fp(pk(skH2)),ssetH,algH,verH)),skH2), ~M_37 = sign((BYTES,framed(OT_ATTEST,algH,issuerId2,fp(pk(skH2)),h(authTuple(issuerId2,fp(pk(skH2)),ssetH,algH,verH)),canonVerH,a_2)),skH2), ~M_38 = decl2_4, ~M_39 = OT_ATTEST, ~M_40 = algH, ~M_41 = issuerId2, ~M_42 = fp(pk(skH2)), ~M_43 = h(authTuple(issuerId2,fp(pk(skH2)),ssetH,algH,verH)), ~M_44 = canonVerH, ~M_45 = a_2 at {92} in copy a_3

event Designated(pk(skH2),h(attemptCore(authTuple(issuerId2,fp(pk(skH2)),ssetH,algH,verH),sign((POSS,authTuple(issuerId2,fp(pk(skH2)),ssetH,algH,verH)),skH2),sign((BYTES,framed(OT_ATTEST,algH,issuerId2,fp(pk(skH2)),h(authTuple(issuerId2,fp(pk(skH2)),ssetH,algH,verH)),canonVerH,a_2)),skH2),decl2_4))) at {95} in copy a_3

out(c, ~M_46) with ~M_46 = sign((TLR,(lineage2(entry(LBL1,DISP_ABANDONED),entry(LBL2,DISP_SHIPPED)),TERM_SHIPPED(LBL2),declT_6)),skH2) at {98} in copy a_3

in(c, (authTuple(issuerId2,fp(~M_3),ssetH,algH,verH),sign((STMT_DIGEST,h(authTuple(issuerId2,fp(~M_3),ssetH,algH,verH))),~M_14),~M_15,~M_3,a_4,a_5,withTLR(~M_3,~M_46,anchorProof(h(~M_46))),a_6)) with fp(~M_3) = fp(pk(skH2)), sign((STMT_DIGEST,h(authTuple(issuerId2,fp(~M_3),ssetH,algH,verH))),~M_14) = sign((STMT_DIGEST,h(authTuple(issuerId2,fp(pk(skH2)),ssetH,algH,verH))),skD_3), ~M_15 = sign((STMT_DIGEST,h(authTuple(issuerId2,fp(pk(skH2)),ssetH,algH,verH))),skR_3), ~M_3 = pk(skH2), ~M_3 = pk(skH2), ~M_46 = sign((TLR,(lineage2(entry(LBL1,DISP_ABANDONED),entry(LBL2,DISP_SHIPPED)),TERM_SHIPPED(LBL2),declT_6)),skH2), h(~M_46) = h(sign((TLR,(lineage2(entry(LBL1,DISP_ABANDONED),entry(LBL2,DISP_SHIPPED)),TERM_SHIPPED(LBL2),declT_6)),skH2)) at {123} in copy a_7

event StandingReport(ABSENT,STANDING_EVIDENCE_MISMATCH,pk(skH2),authTuple(issuerId2,fp(pk(skH2)),ssetH,algH,verH),h(a_4)) at {152} in copy a_7 (goal)

The event StandingReport(ABSENT,STANDING_EVIDENCE_MISMATCH,pk(skH2),authTuple(issuerId2,fp(pk(skH2)),ssetH,algH,verH),h(a_4)) is executed at {152} in copy a_7.
A trace has been found.
RESULT not event(StandingReport(ABSENT,STANDING_EVIDENCE_MISMATCH,k,t_3,a)) is false.
-- Query not event(ReasonCollapsed(p1_5,p2_5,r)) in process 1.
Translating the process into Horn clauses...
Completing...
200 rules inserted. Base: 171 rules (96 with conclusion selected). Queue: 27 rules.
Starting query not event(ReasonCollapsed(p1_5,p2_5,r))
RESULT not event(ReasonCollapsed(p1_5,p2_5,r)) is true.
-- Query not (event(EstablishedWrapped(k,t_3,h(wrapCore(inner_1,outer_1)))) && event(Designated(k,h(inner_1)))) in process 1.
Translating the process into Horn clauses...
Completing...
200 rules inserted. Base: 171 rules (98 with conclusion selected). Queue: 27 rules.
Starting query not (event(EstablishedWrapped(k,t_3,h(wrapCore(inner_1,outer_1)))) && event(Designated(k,h(inner_1))))
goal reachable: attacker(outer_1) && attacker(p1_5) && attacker(p2_5) -> event(EstablishedWrapped(pk(skH2[]),authTuple(issuerId2[],fp(pk(skH2[])),ssetH[],algH[],verH[]),h(wrapCore(attemptCore(authTuple(issuerId2[],fp(pk(skH2[])),ssetH[],algH[],verH[]),sign((POSS,authTuple(issuerId2[],fp(pk(skH2[])),ssetH[],algH[],verH[])),skH2[]),sign((BYTES,framed(OT_ATTEST,algH[],issuerId2[],fp(pk(skH2[])),h(authTuple(issuerId2[],fp(pk(skH2[])),ssetH[],algH[],verH[])),canonVerH[],p2_5)),skH2[]),decl2_4),outer_1)))) && event(Designated(pk(skH2[]),h(attemptCore(authTuple(issuerId2[],fp(pk(skH2[])),ssetH[],algH[],verH[]),sign((POSS,authTuple(issuerId2[],fp(pk(skH2[])),ssetH[],algH[],verH[])),skH2[]),sign((BYTES,framed(OT_ATTEST,algH[],issuerId2[],fp(pk(skH2[])),h(authTuple(issuerId2[],fp(pk(skH2[])),ssetH[],algH[],verH[])),canonVerH[],p2_5)),skH2[]),decl2_4))))
Abbreviations:
decl2_4 = decl2_2[p2_2 = p2_5,p1_2 = p1_5,!1 = @sid]

Derivation:
Abbreviations:
decl2_4 = decl2_2[p2_2 = p2_5,p1_2 = p1_5,!1 = @sid]
declT_5 = declT_2[p2_2 = p2_6,p1_2 = p1_6,!1 = @sid_1]
decl1_4 = decl1_2[p2_2 = p2_7,p1_2 = p1_7,!1 = @sid_2]
decl1_5 = decl1_2[p2_2 = p2_8,p1_2 = p2_5,!1 = @sid_3]

1. We assume as hypothesis that
attacker(p2_5).

2. We assume as hypothesis that
attacker(p1_5).

3. By 2, the attacker may know p1_5.
By 1, the attacker may know p2_5.
Using the function 2-tuple the attacker may obtain (p1_5,p2_5).
attacker((p1_5,p2_5)).

4. The message (p1_5,p2_5) that the attacker may have by 3 may be received at input {77}.
So event Designated(pk(skH2[]),h(attemptCore(authTuple(issuerId2[],fp(pk(skH2[])),ssetH[],algH[],verH[]),sign((POSS,authTuple(issuerId2[],fp(pk(skH2[])),ssetH[],algH[],verH[])),skH2[]),sign((BYTES,framed(OT_ATTEST,algH[],issuerId2[],fp(pk(skH2[])),h(authTuple(issuerId2[],fp(pk(skH2[])),ssetH[],algH[],verH[])),canonVerH[],p2_5)),skH2[]),decl2_4))) may be executed at {95}.
event(Designated(pk(skH2[]),h(attemptCore(authTuple(issuerId2[],fp(pk(skH2[])),ssetH[],algH[],verH[]),sign((POSS,authTuple(issuerId2[],fp(pk(skH2[])),ssetH[],algH[],verH[])),skH2[]),sign((BYTES,framed(OT_ATTEST,algH[],issuerId2[],fp(pk(skH2[])),h(authTuple(issuerId2[],fp(pk(skH2[])),ssetH[],algH[],verH[])),canonVerH[],p2_5)),skH2[]),decl2_4)))).

5. Using the function LBL2 the attacker may obtain LBL2.
attacker(LBL2).

6. The attacker has some term p2_6.
attacker(p2_6).

7. The attacker has some term p1_6.
attacker(p1_6).

8. By 7, the attacker may know p1_6.
By 6, the attacker may know p2_6.
Using the function 2-tuple the attacker may obtain (p1_6,p2_6).
attacker((p1_6,p2_6)).

9. The message (p1_6,p2_6) that the attacker may have by 8 may be received at input {77}.
So the message sign((TLR,(lineage2(entry(LBL1,DISP_ABANDONED),entry(LBL2,DISP_SHIPPED)),TERM_SHIPPED(LBL2),declT_5)),skH2[]) may be sent to the attacker at output {98}.
attacker(sign((TLR,(lineage2(entry(LBL1,DISP_ABANDONED),entry(LBL2,DISP_SHIPPED)),TERM_SHIPPED(LBL2),declT_5)),skH2[])).

10. By 9, the attacker may know sign((TLR,(lineage2(entry(LBL1,DISP_ABANDONED),entry(LBL2,DISP_SHIPPED)),TERM_SHIPPED(LBL2),declT_5)),skH2[]).
Using the function h the attacker may obtain h(sign((TLR,(lineage2(entry(LBL1,DISP_ABANDONED),entry(LBL2,DISP_SHIPPED)),TERM_SHIPPED(LBL2),declT_5)),skH2[])).
attacker(h(sign((TLR,(lineage2(entry(LBL1,DISP_ABANDONED),entry(LBL2,DISP_SHIPPED)),TERM_SHIPPED(LBL2),declT_5)),skH2[]))).

11. By 10, the attacker may know h(sign((TLR,(lineage2(entry(LBL1,DISP_ABANDONED),entry(LBL2,DISP_SHIPPED)),TERM_SHIPPED(LBL2),declT_5)),skH2[])).
Using the function anchorProof the attacker may obtain anchorProof(h(sign((TLR,(lineage2(entry(LBL1,DISP_ABANDONED),entry(LBL2,DISP_SHIPPED)),TERM_SHIPPED(LBL2),declT_5)),skH2[]))).
attacker(anchorProof(h(sign((TLR,(lineage2(entry(LBL1,DISP_ABANDONED),entry(LBL2,DISP_SHIPPED)),TERM_SHIPPED(LBL2),declT_5)),skH2[])))).

12. The message pk(skH2[]) may be sent to the attacker at output {8}.
attacker(pk(skH2[])).

13. By 12, the attacker may know pk(skH2[]).
By 9, the attacker may know sign((TLR,(lineage2(entry(LBL1,DISP_ABANDONED),entry(LBL2,DISP_SHIPPED)),TERM_SHIPPED(LBL2),declT_5)),skH2[]).
By 11, the attacker may know anchorProof(h(sign((TLR,(lineage2(entry(LBL1,DISP_ABANDONED),entry(LBL2,DISP_SHIPPED)),TERM_SHIPPED(LBL2),declT_5)),skH2[]))).
Using the function withTLR the attacker may obtain withTLR(pk(skH2[]),sign((TLR,(lineage2(entry(LBL1,DISP_ABANDONED),entry(LBL2,DISP_SHIPPED)),TERM_SHIPPED(LBL2),declT_5)),skH2[]),anchorProof(h(sign((TLR,(lineage2(entry(LBL1,DISP_ABANDONED),entry(LBL2,DISP_SHIPPED)),TERM_SHIPPED(LBL2),declT_5)),skH2[])))).
attacker(withTLR(pk(skH2[]),sign((TLR,(lineage2(entry(LBL1,DISP_ABANDONED),entry(LBL2,DISP_SHIPPED)),TERM_SHIPPED(LBL2),declT_5)),skH2[]),anchorProof(h(sign((TLR,(lineage2(entry(LBL1,DISP_ABANDONED),entry(LBL2,DISP_SHIPPED)),TERM_SHIPPED(LBL2),declT_5)),skH2[]))))).

14. The attacker has some term fb_2.
attacker(fb_2).

15. We assume as hypothesis that
attacker(outer_1).

16. The message (p1_5,p2_5) that the attacker may have by 3 may be received at input {77}.
So the message (attemptCore(authTuple(issuerId2[],fp(pk(skH2[])),ssetH[],algH[],verH[]),sign((POSS,authTuple(issuerId2[],fp(pk(skH2[])),ssetH[],algH[],verH[])),skH2[]),sign((BYTES,framed(OT_ATTEST,algH[],issuerId2[],fp(pk(skH2[])),h(authTuple(issuerId2[],fp(pk(skH2[])),ssetH[],algH[],verH[])),canonVerH[],p2_5)),skH2[]),decl2_4),framed(OT_ATTEST,algH[],issuerId2[],fp(pk(skH2[])),h(authTuple(issuerId2[],fp(pk(skH2[])),ssetH[],algH[],verH[])),canonVerH[],p2_5)) may be sent to the attacker at output {92}.
attacker((attemptCore(authTuple(issuerId2[],fp(pk(skH2[])),ssetH[],algH[],verH[]),sign((POSS,authTuple(issuerId2[],fp(pk(skH2[])),ssetH[],algH[],verH[])),skH2[]),sign((BYTES,framed(OT_ATTEST,algH[],issuerId2[],fp(pk(skH2[])),h(authTuple(issuerId2[],fp(pk(skH2[])),ssetH[],algH[],verH[])),canonVerH[],p2_5)),skH2[]),decl2_4),framed(OT_ATTEST,algH[],issuerId2[],fp(pk(skH2[])),h(authTuple(issuerId2[],fp(pk(skH2[])),ssetH[],algH[],verH[])),canonVerH[],p2_5))).

17. By 16, the attacker may know (attemptCore(authTuple(issuerId2[],fp(pk(skH2[])),ssetH[],algH[],verH[]),sign((POSS,authTuple(issuerId2[],fp(pk(skH2[])),ssetH[],algH[],verH[])),skH2[]),sign((BYTES,framed(OT_ATTEST,algH[],issuerId2[],fp(pk(skH2[])),h(authTuple(issuerId2[],fp(pk(skH2[])),ssetH[],algH[],verH[])),canonVerH[],p2_5)),skH2[]),decl2_4),framed(OT_ATTEST,algH[],issuerId2[],fp(pk(skH2[])),h(authTuple(issuerId2[],fp(pk(skH2[])),ssetH[],algH[],verH[])),canonVerH[],p2_5)).
Using the function 1-proj-2-tuple the attacker may obtain attemptCore(authTuple(issuerId2[],fp(pk(skH2[])),ssetH[],algH[],verH[]),sign((POSS,authTuple(issuerId2[],fp(pk(skH2[])),ssetH[],algH[],verH[])),skH2[]),sign((BYTES,framed(OT_ATTEST,algH[],issuerId2[],fp(pk(skH2[])),h(authTuple(issuerId2[],fp(pk(skH2[])),ssetH[],algH[],verH[])),canonVerH[],p2_5)),skH2[]),decl2_4).
attacker(attemptCore(authTuple(issuerId2[],fp(pk(skH2[])),ssetH[],algH[],verH[]),sign((POSS,authTuple(issuerId2[],fp(pk(skH2[])),ssetH[],algH[],verH[])),skH2[]),sign((BYTES,framed(OT_ATTEST,algH[],issuerId2[],fp(pk(skH2[])),h(authTuple(issuerId2[],fp(pk(skH2[])),ssetH[],algH[],verH[])),canonVerH[],p2_5)),skH2[]),decl2_4)).

18. By 17, the attacker may know attemptCore(authTuple(issuerId2[],fp(pk(skH2[])),ssetH[],algH[],verH[]),sign((POSS,authTuple(issuerId2[],fp(pk(skH2[])),ssetH[],algH[],verH[])),skH2[]),sign((BYTES,framed(OT_ATTEST,algH[],issuerId2[],fp(pk(skH2[])),h(authTuple(issuerId2[],fp(pk(skH2[])),ssetH[],algH[],verH[])),canonVerH[],p2_5)),skH2[]),decl2_4).
Using the function 4-proj-attemptCore the attacker may obtain decl2_4.
attacker(decl2_4).

19. The attacker has some term p2_8.
attacker(p2_8).

20. By 1, the attacker may know p2_5.
By 19, the attacker may know p2_8.
Using the function 2-tuple the attacker may obtain (p2_5,p2_8).
attacker((p2_5,p2_8)).

21. The message (p2_5,p2_8) that the attacker may have by 20 may be received at input {77}.
So the message (attemptCore(authTuple(issuerId2[],fp(pk(skH2[])),ssetH[],algH[],verH[]),sign((POSS,authTuple(issuerId2[],fp(pk(skH2[])),ssetH[],algH[],verH[])),skH2[]),sign((BYTES,framed(OT_ATTEST,algH[],issuerId2[],fp(pk(skH2[])),h(authTuple(issuerId2[],fp(pk(skH2[])),ssetH[],algH[],verH[])),canonVerH[],p2_5)),skH2[]),decl1_5),framed(OT_ATTEST,algH[],issuerId2[],fp(pk(skH2[])),h(authTuple(issuerId2[],fp(pk(skH2[])),ssetH[],algH[],verH[])),canonVerH[],p2_5)) may be sent to the attacker at output {87}.
attacker((attemptCore(authTuple(issuerId2[],fp(pk(skH2[])),ssetH[],algH[],verH[]),sign((POSS,authTuple(issuerId2[],fp(pk(skH2[])),ssetH[],algH[],verH[])),skH2[]),sign((BYTES,framed(OT_ATTEST,algH[],issuerId2[],fp(pk(skH2[])),h(authTuple(issuerId2[],fp(pk(skH2[])),ssetH[],algH[],verH[])),canonVerH[],p2_5)),skH2[]),decl1_5),framed(OT_ATTEST,algH[],issuerId2[],fp(pk(skH2[])),h(authTuple(issuerId2[],fp(pk(skH2[])),ssetH[],algH[],verH[])),canonVerH[],p2_5))).

22. By 21, the attacker may know (attemptCore(authTuple(issuerId2[],fp(pk(skH2[])),ssetH[],algH[],verH[]),sign((POSS,authTuple(issuerId2[],fp(pk(skH2[])),ssetH[],algH[],verH[])),skH2[]),sign((BYTES,framed(OT_ATTEST,algH[],issuerId2[],fp(pk(skH2[])),h(authTuple(issuerId2[],fp(pk(skH2[])),ssetH[],algH[],verH[])),canonVerH[],p2_5)),skH2[]),decl1_5),framed(OT_ATTEST,algH[],issuerId2[],fp(pk(skH2[])),h(authTuple(issuerId2[],fp(pk(skH2[])),ssetH[],algH[],verH[])),canonVerH[],p2_5)).
Using the function 1-proj-2-tuple the attacker may obtain attemptCore(authTuple(issuerId2[],fp(pk(skH2[])),ssetH[],algH[],verH[]),sign((POSS,authTuple(issuerId2[],fp(pk(skH2[])),ssetH[],algH[],verH[])),skH2[]),sign((BYTES,framed(OT_ATTEST,algH[],issuerId2[],fp(pk(skH2[])),h(authTuple(issuerId2[],fp(pk(skH2[])),ssetH[],algH[],verH[])),canonVerH[],p2_5)),skH2[]),decl1_5).
attacker(attemptCore(authTuple(issuerId2[],fp(pk(skH2[])),ssetH[],algH[],verH[]),sign((POSS,authTuple(issuerId2[],fp(pk(skH2[])),ssetH[],algH[],verH[])),skH2[]),sign((BYTES,framed(OT_ATTEST,algH[],issuerId2[],fp(pk(skH2[])),h(authTuple(issuerId2[],fp(pk(skH2[])),ssetH[],algH[],verH[])),canonVerH[],p2_5)),skH2[]),decl1_5)).

23. By 22, the attacker may know attemptCore(authTuple(issuerId2[],fp(pk(skH2[])),ssetH[],algH[],verH[]),sign((POSS,authTuple(issuerId2[],fp(pk(skH2[])),ssetH[],algH[],verH[])),skH2[]),sign((BYTES,framed(OT_ATTEST,algH[],issuerId2[],fp(pk(skH2[])),h(authTuple(issuerId2[],fp(pk(skH2[])),ssetH[],algH[],verH[])),canonVerH[],p2_5)),skH2[]),decl1_5).
Using the function 3-proj-attemptCore the attacker may obtain sign((BYTES,framed(OT_ATTEST,algH[],issuerId2[],fp(pk(skH2[])),h(authTuple(issuerId2[],fp(pk(skH2[])),ssetH[],algH[],verH[])),canonVerH[],p2_5)),skH2[]).
attacker(sign((BYTES,framed(OT_ATTEST,algH[],issuerId2[],fp(pk(skH2[])),h(authTuple(issuerId2[],fp(pk(skH2[])),ssetH[],algH[],verH[])),canonVerH[],p2_5)),skH2[])).

24. The attacker has some term p2_7.
attacker(p2_7).

25. The attacker has some term p1_7.
attacker(p1_7).

26. By 25, the attacker may know p1_7.
By 24, the attacker may know p2_7.
Using the function 2-tuple the attacker may obtain (p1_7,p2_7).
attacker((p1_7,p2_7)).

27. The message (p1_7,p2_7) that the attacker may have by 26 may be received at input {77}.
So the message (attemptCore(authTuple(issuerId2[],fp(pk(skH2[])),ssetH[],algH[],verH[]),sign((POSS,authTuple(issuerId2[],fp(pk(skH2[])),ssetH[],algH[],verH[])),skH2[]),sign((BYTES,framed(OT_ATTEST,algH[],issuerId2[],fp(pk(skH2[])),h(authTuple(issuerId2[],fp(pk(skH2[])),ssetH[],algH[],verH[])),canonVerH[],p1_7)),skH2[]),decl1_4),framed(OT_ATTEST,algH[],issuerId2[],fp(pk(skH2[])),h(authTuple(issuerId2[],fp(pk(skH2[])),ssetH[],algH[],verH[])),canonVerH[],p1_7)) may be sent to the attacker at output {87}.
attacker((attemptCore(authTuple(issuerId2[],fp(pk(skH2[])),ssetH[],algH[],verH[]),sign((POSS,authTuple(issuerId2[],fp(pk(skH2[])),ssetH[],algH[],verH[])),skH2[]),sign((BYTES,framed(OT_ATTEST,algH[],issuerId2[],fp(pk(skH2[])),h(authTuple(issuerId2[],fp(pk(skH2[])),ssetH[],algH[],verH[])),canonVerH[],p1_7)),skH2[]),decl1_4),framed(OT_ATTEST,algH[],issuerId2[],fp(pk(skH2[])),h(authTuple(issuerId2[],fp(pk(skH2[])),ssetH[],algH[],verH[])),canonVerH[],p1_7))).

28. By 27, the attacker may know (attemptCore(authTuple(issuerId2[],fp(pk(skH2[])),ssetH[],algH[],verH[]),sign((POSS,authTuple(issuerId2[],fp(pk(skH2[])),ssetH[],algH[],verH[])),skH2[]),sign((BYTES,framed(OT_ATTEST,algH[],issuerId2[],fp(pk(skH2[])),h(authTuple(issuerId2[],fp(pk(skH2[])),ssetH[],algH[],verH[])),canonVerH[],p1_7)),skH2[]),decl1_4),framed(OT_ATTEST,algH[],issuerId2[],fp(pk(skH2[])),h(authTuple(issuerId2[],fp(pk(skH2[])),ssetH[],algH[],verH[])),canonVerH[],p1_7)).
Using the function 1-proj-2-tuple the attacker may obtain attemptCore(authTuple(issuerId2[],fp(pk(skH2[])),ssetH[],algH[],verH[]),sign((POSS,authTuple(issuerId2[],fp(pk(skH2[])),ssetH[],algH[],verH[])),skH2[]),sign((BYTES,framed(OT_ATTEST,algH[],issuerId2[],fp(pk(skH2[])),h(authTuple(issuerId2[],fp(pk(skH2[])),ssetH[],algH[],verH[])),canonVerH[],p1_7)),skH2[]),decl1_4).
attacker(attemptCore(authTuple(issuerId2[],fp(pk(skH2[])),ssetH[],algH[],verH[]),sign((POSS,authTuple(issuerId2[],fp(pk(skH2[])),ssetH[],algH[],verH[])),skH2[]),sign((BYTES,framed(OT_ATTEST,algH[],issuerId2[],fp(pk(skH2[])),h(authTuple(issuerId2[],fp(pk(skH2[])),ssetH[],algH[],verH[])),canonVerH[],p1_7)),skH2[]),decl1_4)).

29. By 28, the attacker may know attemptCore(authTuple(issuerId2[],fp(pk(skH2[])),ssetH[],algH[],verH[]),sign((POSS,authTuple(issuerId2[],fp(pk(skH2[])),ssetH[],algH[],verH[])),skH2[]),sign((BYTES,framed(OT_ATTEST,algH[],issuerId2[],fp(pk(skH2[])),h(authTuple(issuerId2[],fp(pk(skH2[])),ssetH[],algH[],verH[])),canonVerH[],p1_7)),skH2[]),decl1_4).
Using the function 2-proj-attemptCore the attacker may obtain sign((POSS,authTuple(issuerId2[],fp(pk(skH2[])),ssetH[],algH[],verH[])),skH2[]).
attacker(sign((POSS,authTuple(issuerId2[],fp(pk(skH2[])),ssetH[],algH[],verH[])),skH2[])).

30. The attacker initially knows verH[].
attacker(verH[]).

31. The attacker initially knows algH[].
attacker(algH[]).

32. The attacker initially knows ssetH[].
attacker(ssetH[]).

33. By 12, the attacker may know pk(skH2[]).
Using the function fp the attacker may obtain fp(pk(skH2[])).
attacker(fp(pk(skH2[]))).

34. The attacker initially knows issuerId2[].
attacker(issuerId2[]).

35. By 34, the attacker may know issuerId2[].
By 33, the attacker may know fp(pk(skH2[])).
By 32, the attacker may know ssetH[].
By 31, the attacker may know algH[].
By 30, the attacker may know verH[].
Using the function authTuple the attacker may obtain authTuple(issuerId2[],fp(pk(skH2[])),ssetH[],algH[],verH[]).
attacker(authTuple(issuerId2[],fp(pk(skH2[])),ssetH[],algH[],verH[])).

36. By 35, the attacker may know authTuple(issuerId2[],fp(pk(skH2[])),ssetH[],algH[],verH[]).
By 29, the attacker may know sign((POSS,authTuple(issuerId2[],fp(pk(skH2[])),ssetH[],algH[],verH[])),skH2[]).
By 23, the attacker may know sign((BYTES,framed(OT_ATTEST,algH[],issuerId2[],fp(pk(skH2[])),h(authTuple(issuerId2[],fp(pk(skH2[])),ssetH[],algH[],verH[])),canonVerH[],p2_5)),skH2[]).
By 18, the attacker may know decl2_4.
Using the function attemptCore the attacker may obtain attemptCore(authTuple(issuerId2[],fp(pk(skH2[])),ssetH[],algH[],verH[]),sign((POSS,authTuple(issuerId2[],fp(pk(skH2[])),ssetH[],algH[],verH[])),skH2[]),sign((BYTES,framed(OT_ATTEST,algH[],issuerId2[],fp(pk(skH2[])),h(authTuple(issuerId2[],fp(pk(skH2[])),ssetH[],algH[],verH[])),canonVerH[],p2_5)),skH2[]),decl2_4).
attacker(attemptCore(authTuple(issuerId2[],fp(pk(skH2[])),ssetH[],algH[],verH[]),sign((POSS,authTuple(issuerId2[],fp(pk(skH2[])),ssetH[],algH[],verH[])),skH2[]),sign((BYTES,framed(OT_ATTEST,algH[],issuerId2[],fp(pk(skH2[])),h(authTuple(issuerId2[],fp(pk(skH2[])),ssetH[],algH[],verH[])),canonVerH[],p2_5)),skH2[]),decl2_4)).

37. By 36, the attacker may know attemptCore(authTuple(issuerId2[],fp(pk(skH2[])),ssetH[],algH[],verH[]),sign((POSS,authTuple(issuerId2[],fp(pk(skH2[])),ssetH[],algH[],verH[])),skH2[]),sign((BYTES,framed(OT_ATTEST,algH[],issuerId2[],fp(pk(skH2[])),h(authTuple(issuerId2[],fp(pk(skH2[])),ssetH[],algH[],verH[])),canonVerH[],p2_5)),skH2[]),decl2_4).
By 15, the attacker may know outer_1.
Using the function wrapCore the attacker may obtain wrapCore(attemptCore(authTuple(issuerId2[],fp(pk(skH2[])),ssetH[],algH[],verH[]),sign((POSS,authTuple(issuerId2[],fp(pk(skH2[])),ssetH[],algH[],verH[])),skH2[]),sign((BYTES,framed(OT_ATTEST,algH[],issuerId2[],fp(pk(skH2[])),h(authTuple(issuerId2[],fp(pk(skH2[])),ssetH[],algH[],verH[])),canonVerH[],p2_5)),skH2[]),decl2_4),outer_1).
attacker(wrapCore(attemptCore(authTuple(issuerId2[],fp(pk(skH2[])),ssetH[],algH[],verH[]),sign((POSS,authTuple(issuerId2[],fp(pk(skH2[])),ssetH[],algH[],verH[])),skH2[]),sign((BYTES,framed(OT_ATTEST,algH[],issuerId2[],fp(pk(skH2[])),h(authTuple(issuerId2[],fp(pk(skH2[])),ssetH[],algH[],verH[])),canonVerH[],p2_5)),skH2[]),decl2_4),outer_1)).

38. The message sign((STMT_DIGEST,h(authTuple(issuerId2[],fp(pk(skH2[])),ssetH[],algH[],verH[]))),skR[]) may be sent to the attacker at output {27}.
attacker(sign((STMT_DIGEST,h(authTuple(issuerId2[],fp(pk(skH2[])),ssetH[],algH[],verH[]))),skR[])).

39. The message skD[] may be sent to the attacker at output {11}.
attacker(skD[]).

40. By 35, the attacker may know authTuple(issuerId2[],fp(pk(skH2[])),ssetH[],algH[],verH[]).
Using the function h the attacker may obtain h(authTuple(issuerId2[],fp(pk(skH2[])),ssetH[],algH[],verH[])).
attacker(h(authTuple(issuerId2[],fp(pk(skH2[])),ssetH[],algH[],verH[]))).

41. Using the function STMT_DIGEST the attacker may obtain STMT_DIGEST.
attacker(STMT_DIGEST).

42. By 41, the attacker may know STMT_DIGEST.
By 40, the attacker may know h(authTuple(issuerId2[],fp(pk(skH2[])),ssetH[],algH[],verH[])).
Using the function 2-tuple the attacker may obtain (STMT_DIGEST,h(authTuple(issuerId2[],fp(pk(skH2[])),ssetH[],algH[],verH[]))).
attacker((STMT_DIGEST,h(authTuple(issuerId2[],fp(pk(skH2[])),ssetH[],algH[],verH[])))).

43. By 42, the attacker may know (STMT_DIGEST,h(authTuple(issuerId2[],fp(pk(skH2[])),ssetH[],algH[],verH[]))).
By 39, the attacker may know skD[].
Using the function sign the attacker may obtain sign((STMT_DIGEST,h(authTuple(issuerId2[],fp(pk(skH2[])),ssetH[],algH[],verH[]))),skD[]).
attacker(sign((STMT_DIGEST,h(authTuple(issuerId2[],fp(pk(skH2[])),ssetH[],algH[],verH[]))),skD[])).

44. By 35, the attacker may know authTuple(issuerId2[],fp(pk(skH2[])),ssetH[],algH[],verH[]).
By 43, the attacker may know sign((STMT_DIGEST,h(authTuple(issuerId2[],fp(pk(skH2[])),ssetH[],algH[],verH[]))),skD[]).
By 38, the attacker may know sign((STMT_DIGEST,h(authTuple(issuerId2[],fp(pk(skH2[])),ssetH[],algH[],verH[]))),skR[]).
By 12, the attacker may know pk(skH2[]).
By 37, the attacker may know wrapCore(attemptCore(authTuple(issuerId2[],fp(pk(skH2[])),ssetH[],algH[],verH[]),sign((POSS,authTuple(issuerId2[],fp(pk(skH2[])),ssetH[],algH[],verH[])),skH2[]),sign((BYTES,framed(OT_ATTEST,algH[],issuerId2[],fp(pk(skH2[])),h(authTuple(issuerId2[],fp(pk(skH2[])),ssetH[],algH[],verH[])),canonVerH[],p2_5)),skH2[]),decl2_4),outer_1).
By 14, the attacker may know fb_2.
By 13, the attacker may know withTLR(pk(skH2[]),sign((TLR,(lineage2(entry(LBL1,DISP_ABANDONED),entry(LBL2,DISP_SHIPPED)),TERM_SHIPPED(LBL2),declT_5)),skH2[]),anchorProof(h(sign((TLR,(lineage2(entry(LBL1,DISP_ABANDONED),entry(LBL2,DISP_SHIPPED)),TERM_SHIPPED(LBL2),declT_5)),skH2[])))).
By 5, the attacker may know LBL2.
Using the function 8-tuple the attacker may obtain (authTuple(issuerId2[],fp(pk(skH2[])),ssetH[],algH[],verH[]),sign((STMT_DIGEST,h(authTuple(issuerId2[],fp(pk(skH2[])),ssetH[],algH[],verH[]))),skD[]),sign((STMT_DIGEST,h(authTuple(issuerId2[],fp(pk(skH2[])),ssetH[],algH[],verH[]))),skR[]),pk(skH2[]),wrapCore(attemptCore(authTuple(issuerId2[],fp(pk(skH2[])),ssetH[],algH[],verH[]),sign((POSS,authTuple(issuerId2[],fp(pk(skH2[])),ssetH[],algH[],verH[])),skH2[]),sign((BYTES,framed(OT_ATTEST,algH[],issuerId2[],fp(pk(skH2[])),h(authTuple(issuerId2[],fp(pk(skH2[])),ssetH[],algH[],verH[])),canonVerH[],p2_5)),skH2[]),decl2_4),outer_1),fb_2,withTLR(pk(skH2[]),sign((TLR,(lineage2(entry(LBL1,DISP_ABANDONED),entry(LBL2,DISP_SHIPPED)),TERM_SHIPPED(LBL2),declT_5)),skH2[]),anchorProof(h(sign((TLR,(lineage2(entry(LBL1,DISP_ABANDONED),entry(LBL2,DISP_SHIPPED)),TERM_SHIPPED(LBL2),declT_5)),skH2[])))),LBL2).
attacker((authTuple(issuerId2[],fp(pk(skH2[])),ssetH[],algH[],verH[]),sign((STMT_DIGEST,h(authTuple(issuerId2[],fp(pk(skH2[])),ssetH[],algH[],verH[]))),skD[]),sign((STMT_DIGEST,h(authTuple(issuerId2[],fp(pk(skH2[])),ssetH[],algH[],verH[]))),skR[]),pk(skH2[]),wrapCore(attemptCore(authTuple(issuerId2[],fp(pk(skH2[])),ssetH[],algH[],verH[]),sign((POSS,authTuple(issuerId2[],fp(pk(skH2[])),ssetH[],algH[],verH[])),skH2[]),sign((BYTES,framed(OT_ATTEST,algH[],issuerId2[],fp(pk(skH2[])),h(authTuple(issuerId2[],fp(pk(skH2[])),ssetH[],algH[],verH[])),canonVerH[],p2_5)),skH2[]),decl2_4),outer_1),fb_2,withTLR(pk(skH2[]),sign((TLR,(lineage2(entry(LBL1,DISP_ABANDONED),entry(LBL2,DISP_SHIPPED)),TERM_SHIPPED(LBL2),declT_5)),skH2[]),anchorProof(h(sign((TLR,(lineage2(entry(LBL1,DISP_ABANDONED),entry(LBL2,DISP_SHIPPED)),TERM_SHIPPED(LBL2),declT_5)),skH2[])))),LBL2)).

45. The message (authTuple(issuerId2[],fp(pk(skH2[])),ssetH[],algH[],verH[]),sign((STMT_DIGEST,h(authTuple(issuerId2[],fp(pk(skH2[])),ssetH[],algH[],verH[]))),skD[]),sign((STMT_DIGEST,h(authTuple(issuerId2[],fp(pk(skH2[])),ssetH[],algH[],verH[]))),skR[]),pk(skH2[]),wrapCore(attemptCore(authTuple(issuerId2[],fp(pk(skH2[])),ssetH[],algH[],verH[]),sign((POSS,authTuple(issuerId2[],fp(pk(skH2[])),ssetH[],algH[],verH[])),skH2[]),sign((BYTES,framed(OT_ATTEST,algH[],issuerId2[],fp(pk(skH2[])),h(authTuple(issuerId2[],fp(pk(skH2[])),ssetH[],algH[],verH[])),canonVerH[],p2_5)),skH2[]),decl2_4),outer_1),fb_2,withTLR(pk(skH2[]),sign((TLR,(lineage2(entry(LBL1,DISP_ABANDONED),entry(LBL2,DISP_SHIPPED)),TERM_SHIPPED(LBL2),declT_5)),skH2[]),anchorProof(h(sign((TLR,(lineage2(entry(LBL1,DISP_ABANDONED),entry(LBL2,DISP_SHIPPED)),TERM_SHIPPED(LBL2),declT_5)),skH2[])))),LBL2) that the attacker may have by 44 may be received at input {123}.
We have LBL1 ≠ LBL2.
So event EstablishedWrapped(pk(skH2[]),authTuple(issuerId2[],fp(pk(skH2[])),ssetH[],algH[],verH[]),h(wrapCore(attemptCore(authTuple(issuerId2[],fp(pk(skH2[])),ssetH[],algH[],verH[]),sign((POSS,authTuple(issuerId2[],fp(pk(skH2[])),ssetH[],algH[],verH[])),skH2[]),sign((BYTES,framed(OT_ATTEST,algH[],issuerId2[],fp(pk(skH2[])),h(authTuple(issuerId2[],fp(pk(skH2[])),ssetH[],algH[],verH[])),canonVerH[],p2_5)),skH2[]),decl2_4),outer_1))) may be executed at {147}.
event(EstablishedWrapped(pk(skH2[]),authTuple(issuerId2[],fp(pk(skH2[])),ssetH[],algH[],verH[]),h(wrapCore(attemptCore(authTuple(issuerId2[],fp(pk(skH2[])),ssetH[],algH[],verH[]),sign((POSS,authTuple(issuerId2[],fp(pk(skH2[])),ssetH[],algH[],verH[])),skH2[]),sign((BYTES,framed(OT_ATTEST,algH[],issuerId2[],fp(pk(skH2[])),h(authTuple(issuerId2[],fp(pk(skH2[])),ssetH[],algH[],verH[])),canonVerH[],p2_5)),skH2[]),decl2_4),outer_1)))).

46. By 45, event(EstablishedWrapped(pk(skH2[]),authTuple(issuerId2[],fp(pk(skH2[])),ssetH[],algH[],verH[]),h(wrapCore(attemptCore(authTuple(issuerId2[],fp(pk(skH2[])),ssetH[],algH[],verH[]),sign((POSS,authTuple(issuerId2[],fp(pk(skH2[])),ssetH[],algH[],verH[])),skH2[]),sign((BYTES,framed(OT_ATTEST,algH[],issuerId2[],fp(pk(skH2[])),h(authTuple(issuerId2[],fp(pk(skH2[])),ssetH[],algH[],verH[])),canonVerH[],p2_5)),skH2[]),decl2_4),outer_1)))).
By 4, event(Designated(pk(skH2[]),h(attemptCore(authTuple(issuerId2[],fp(pk(skH2[])),ssetH[],algH[],verH[]),sign((POSS,authTuple(issuerId2[],fp(pk(skH2[])),ssetH[],algH[],verH[])),skH2[]),sign((BYTES,framed(OT_ATTEST,algH[],issuerId2[],fp(pk(skH2[])),h(authTuple(issuerId2[],fp(pk(skH2[])),ssetH[],algH[],verH[])),canonVerH[],p2_5)),skH2[]),decl2_4)))).
The goals are reached, combined in the following fact:
event(EstablishedWrapped(pk(skH2[]),authTuple(issuerId2[],fp(pk(skH2[])),ssetH[],algH[],verH[]),h(wrapCore(attemptCore(authTuple(issuerId2[],fp(pk(skH2[])),ssetH[],algH[],verH[]),sign((POSS,authTuple(issuerId2[],fp(pk(skH2[])),ssetH[],algH[],verH[])),skH2[]),sign((BYTES,framed(OT_ATTEST,algH[],issuerId2[],fp(pk(skH2[])),h(authTuple(issuerId2[],fp(pk(skH2[])),ssetH[],algH[],verH[])),canonVerH[],p2_5)),skH2[]),decl2_4),outer_1)))) && event(Designated(pk(skH2[]),h(attemptCore(authTuple(issuerId2[],fp(pk(skH2[])),ssetH[],algH[],verH[]),sign((POSS,authTuple(issuerId2[],fp(pk(skH2[])),ssetH[],algH[],verH[])),skH2[]),sign((BYTES,framed(OT_ATTEST,algH[],issuerId2[],fp(pk(skH2[])),h(authTuple(issuerId2[],fp(pk(skH2[])),ssetH[],algH[],verH[])),canonVerH[],p2_5)),skH2[]),decl2_4)))).


A more detailed output of the traces is available with
  set traceDisplay = long.

new skD: skey creating skD_3 at {1}

new skR: skey creating skR_3 at {2}

out(c, ~M) with ~M = pk(skD_3) at {5}

out(c, ~M_1) with ~M_1 = pk(skR_3) at {6}

out(c, ~M_2) with ~M_2 = pk(skH1) at {7}

out(c, ~M_3) with ~M_3 = pk(skH2) at {8}

out(c, authTuple(~M_4,~M_5,~M_6,~M_7,~M_8)) with ~M_4 = issuerId, ~M_5 = fp(pk(skH1)), ~M_6 = ssetH, ~M_7 = algH, ~M_8 = verH at {9}

out(c, authTuple(~M_9,~M_10,~M_11,~M_12,~M_13)) with ~M_9 = issuerId2, ~M_10 = fp(pk(skH2)), ~M_11 = ssetH, ~M_12 = algH, ~M_13 = verH at {10}

out(c, ~M_14) with ~M_14 = skD_3 at {11}

event AuthorityPublishedRepo(authTuple(issuerId2,fp(pk(skH2)),ssetH,algH,verH)) at {26} in copy a

out(c, ~M_15) with ~M_15 = sign((STMT_DIGEST,h(authTuple(issuerId2,fp(pk(skH2)),ssetH,algH,verH))),skR_3) at {27} in copy a

in(c, (a_1,a_2)) at {77} in copy a_3

new decl1_2: bitstring creating decl1_6 at {78} in copy a_3

new decl2_2: bitstring creating decl2_5 at {79} in copy a_3

new declT_2: bitstring creating declT_6 at {80} in copy a_3

event IssuerPossession(pk(skH2)) at {81} in copy a_3

event IssuerSigned(pk(skH2),framed(OT_ATTEST,algH,issuerId2,fp(pk(skH2)),h(authTuple(issuerId2,fp(pk(skH2)),ssetH,algH,verH)),canonVerH,a_1)) at {86} in copy a_3

out(c, (attemptCore(authTuple(~M_16,~M_17,~M_18,~M_19,~M_20),~M_21,~M_22,~M_23),framed(~M_24,~M_25,~M_26,~M_27,~M_28,~M_29,~M_30))) with ~M_16 = issuerId2, ~M_17 = fp(pk(skH2)), ~M_18 = ssetH, ~M_19 = algH, ~M_20 = verH, ~M_21 = sign((POSS,authTuple(issuerId2,fp(pk(skH2)),ssetH,algH,verH)),skH2), ~M_22 = sign((BYTES,framed(OT_ATTEST,algH,issuerId2,fp(pk(skH2)),h(authTuple(issuerId2,fp(pk(skH2)),ssetH,algH,verH)),canonVerH,a_1)),skH2), ~M_23 = decl1_6, ~M_24 = OT_ATTEST, ~M_25 = algH, ~M_26 = issuerId2, ~M_27 = fp(pk(skH2)), ~M_28 = h(authTuple(issuerId2,fp(pk(skH2)),ssetH,algH,verH)), ~M_29 = canonVerH, ~M_30 = a_1 at {87} in copy a_3

event IssuerSigned(pk(skH2),framed(OT_ATTEST,algH,issuerId2,fp(pk(skH2)),h(authTuple(issuerId2,fp(pk(skH2)),ssetH,algH,verH)),canonVerH,a_2)) at {91} in copy a_3

out(c, (attemptCore(authTuple(~M_31,~M_32,~M_33,~M_34,~M_35),~M_36,~M_37,~M_38),framed(~M_39,~M_40,~M_41,~M_42,~M_43,~M_44,~M_45))) with ~M_31 = issuerId2, ~M_32 = fp(pk(skH2)), ~M_33 = ssetH, ~M_34 = algH, ~M_35 = verH, ~M_36 = sign((POSS,authTuple(issuerId2,fp(pk(skH2)),ssetH,algH,verH)),skH2), ~M_37 = sign((BYTES,framed(OT_ATTEST,algH,issuerId2,fp(pk(skH2)),h(authTuple(issuerId2,fp(pk(skH2)),ssetH,algH,verH)),canonVerH,a_2)),skH2), ~M_38 = decl2_5, ~M_39 = OT_ATTEST, ~M_40 = algH, ~M_41 = issuerId2, ~M_42 = fp(pk(skH2)), ~M_43 = h(authTuple(issuerId2,fp(pk(skH2)),ssetH,algH,verH)), ~M_44 = canonVerH, ~M_45 = a_2 at {92} in copy a_3

event Designated(pk(skH2),h(attemptCore(authTuple(issuerId2,fp(pk(skH2)),ssetH,algH,verH),sign((POSS,authTuple(issuerId2,fp(pk(skH2)),ssetH,algH,verH)),skH2),sign((BYTES,framed(OT_ATTEST,algH,issuerId2,fp(pk(skH2)),h(authTuple(issuerId2,fp(pk(skH2)),ssetH,algH,verH)),canonVerH,a_2)),skH2),decl2_5))) at {95} in copy a_3

out(c, ~M_46) with ~M_46 = sign((TLR,(lineage2(entry(LBL1,DISP_ABANDONED),entry(LBL2,DISP_SHIPPED)),TERM_SHIPPED(LBL2),declT_6)),skH2) at {98} in copy a_3

in(c, (a_4,a_5)) at {77} in copy a_6

new decl1_2: bitstring creating decl1_7 at {78} in copy a_6

new decl2_2: bitstring creating decl2_6 at {79} in copy a_6

new declT_2: bitstring creating declT_7 at {80} in copy a_6

event IssuerPossession(pk(skH2)) at {81} in copy a_6

event IssuerSigned(pk(skH2),framed(OT_ATTEST,algH,issuerId2,fp(pk(skH2)),h(authTuple(issuerId2,fp(pk(skH2)),ssetH,algH,verH)),canonVerH,a_4)) at {86} in copy a_6

out(c, (attemptCore(authTuple(~M_47,~M_48,~M_49,~M_50,~M_51),~M_52,~M_53,~M_54),framed(~M_55,~M_56,~M_57,~M_58,~M_59,~M_60,~M_61))) with ~M_47 = issuerId2, ~M_48 = fp(pk(skH2)), ~M_49 = ssetH, ~M_50 = algH, ~M_51 = verH, ~M_52 = sign((POSS,authTuple(issuerId2,fp(pk(skH2)),ssetH,algH,verH)),skH2), ~M_53 = sign((BYTES,framed(OT_ATTEST,algH,issuerId2,fp(pk(skH2)),h(authTuple(issuerId2,fp(pk(skH2)),ssetH,algH,verH)),canonVerH,a_4)),skH2), ~M_54 = decl1_7, ~M_55 = OT_ATTEST, ~M_56 = algH, ~M_57 = issuerId2, ~M_58 = fp(pk(skH2)), ~M_59 = h(authTuple(issuerId2,fp(pk(skH2)),ssetH,algH,verH)), ~M_60 = canonVerH, ~M_61 = a_4 at {87} in copy a_6

event IssuerSigned(pk(skH2),framed(OT_ATTEST,algH,issuerId2,fp(pk(skH2)),h(authTuple(issuerId2,fp(pk(skH2)),ssetH,algH,verH)),canonVerH,a_5)) at {91} in copy a_6

out(c, (attemptCore(authTuple(~M_62,~M_63,~M_64,~M_65,~M_66),~M_67,~M_68,~M_69),framed(~M_70,~M_71,~M_72,~M_73,~M_74,~M_75,~M_76))) with ~M_62 = issuerId2, ~M_63 = fp(pk(skH2)), ~M_64 = ssetH, ~M_65 = algH, ~M_66 = verH, ~M_67 = sign((POSS,authTuple(issuerId2,fp(pk(skH2)),ssetH,algH,verH)),skH2), ~M_68 = sign((BYTES,framed(OT_ATTEST,algH,issuerId2,fp(pk(skH2)),h(authTuple(issuerId2,fp(pk(skH2)),ssetH,algH,verH)),canonVerH,a_5)),skH2), ~M_69 = decl2_6, ~M_70 = OT_ATTEST, ~M_71 = algH, ~M_72 = issuerId2, ~M_73 = fp(pk(skH2)), ~M_74 = h(authTuple(issuerId2,fp(pk(skH2)),ssetH,algH,verH)), ~M_75 = canonVerH, ~M_76 = a_5 at {92} in copy a_6

event Designated(pk(skH2),h(attemptCore(authTuple(issuerId2,fp(pk(skH2)),ssetH,algH,verH),sign((POSS,authTuple(issuerId2,fp(pk(skH2)),ssetH,algH,verH)),skH2),sign((BYTES,framed(OT_ATTEST,algH,issuerId2,fp(pk(skH2)),h(authTuple(issuerId2,fp(pk(skH2)),ssetH,algH,verH)),canonVerH,a_5)),skH2),decl2_6))) at {95} in copy a_6

out(c, ~M_77) with ~M_77 = sign((TLR,(lineage2(entry(LBL1,DISP_ABANDONED),entry(LBL2,DISP_SHIPPED)),TERM_SHIPPED(LBL2),declT_7)),skH2) at {98} in copy a_6

in(c, (a_7,a_8)) at {77} in copy a_9

new decl1_2: bitstring creating decl1_8 at {78} in copy a_9

new decl2_2: bitstring creating decl2_7 at {79} in copy a_9

new declT_2: bitstring creating declT_8 at {80} in copy a_9

event IssuerPossession(pk(skH2)) at {81} in copy a_9

event IssuerSigned(pk(skH2),framed(OT_ATTEST,algH,issuerId2,fp(pk(skH2)),h(authTuple(issuerId2,fp(pk(skH2)),ssetH,algH,verH)),canonVerH,a_7)) at {86} in copy a_9

out(c, (attemptCore(authTuple(~M_78,~M_79,~M_80,~M_81,~M_82),~M_83,~M_84,~M_85),framed(~M_86,~M_87,~M_88,~M_89,~M_90,~M_91,~M_92))) with ~M_78 = issuerId2, ~M_79 = fp(pk(skH2)), ~M_80 = ssetH, ~M_81 = algH, ~M_82 = verH, ~M_83 = sign((POSS,authTuple(issuerId2,fp(pk(skH2)),ssetH,algH,verH)),skH2), ~M_84 = sign((BYTES,framed(OT_ATTEST,algH,issuerId2,fp(pk(skH2)),h(authTuple(issuerId2,fp(pk(skH2)),ssetH,algH,verH)),canonVerH,a_7)),skH2), ~M_85 = decl1_8, ~M_86 = OT_ATTEST, ~M_87 = algH, ~M_88 = issuerId2, ~M_89 = fp(pk(skH2)), ~M_90 = h(authTuple(issuerId2,fp(pk(skH2)),ssetH,algH,verH)), ~M_91 = canonVerH, ~M_92 = a_7 at {87} in copy a_9

event IssuerSigned(pk(skH2),framed(OT_ATTEST,algH,issuerId2,fp(pk(skH2)),h(authTuple(issuerId2,fp(pk(skH2)),ssetH,algH,verH)),canonVerH,a_8)) at {91} in copy a_9

out(c, (attemptCore(authTuple(~M_93,~M_94,~M_95,~M_96,~M_97),~M_98,~M_99,~M_100),framed(~M_101,~M_102,~M_103,~M_104,~M_105,~M_106,~M_107))) with ~M_93 = issuerId2, ~M_94 = fp(pk(skH2)), ~M_95 = ssetH, ~M_96 = algH, ~M_97 = verH, ~M_98 = sign((POSS,authTuple(issuerId2,fp(pk(skH2)),ssetH,algH,verH)),skH2), ~M_99 = sign((BYTES,framed(OT_ATTEST,algH,issuerId2,fp(pk(skH2)),h(authTuple(issuerId2,fp(pk(skH2)),ssetH,algH,verH)),canonVerH,a_8)),skH2), ~M_100 = decl2_7, ~M_101 = OT_ATTEST, ~M_102 = algH, ~M_103 = issuerId2, ~M_104 = fp(pk(skH2)), ~M_105 = h(authTuple(issuerId2,fp(pk(skH2)),ssetH,algH,verH)), ~M_106 = canonVerH, ~M_107 = a_8 at {92} in copy a_9

event Designated(pk(skH2),h(attemptCore(authTuple(issuerId2,fp(pk(skH2)),ssetH,algH,verH),sign((POSS,authTuple(issuerId2,fp(pk(skH2)),ssetH,algH,verH)),skH2),sign((BYTES,framed(OT_ATTEST,algH,issuerId2,fp(pk(skH2)),h(authTuple(issuerId2,fp(pk(skH2)),ssetH,algH,verH)),canonVerH,a_8)),skH2),decl2_7))) at {95} in copy a_9

out(c, ~M_108) with ~M_108 = sign((TLR,(lineage2(entry(LBL1,DISP_ABANDONED),entry(LBL2,DISP_SHIPPED)),TERM_SHIPPED(LBL2),declT_8)),skH2) at {98} in copy a_9

in(c, (a_10,a_4)) at {77} in copy a_11

new decl1_2: bitstring creating decl1_9 at {78} in copy a_11

new decl2_2: bitstring creating decl2_8 at {79} in copy a_11

new declT_2: bitstring creating declT_9 at {80} in copy a_11

event IssuerPossession(pk(skH2)) at {81} in copy a_11

event IssuerSigned(pk(skH2),framed(OT_ATTEST,algH,issuerId2,fp(pk(skH2)),h(authTuple(issuerId2,fp(pk(skH2)),ssetH,algH,verH)),canonVerH,a_10)) at {86} in copy a_11

out(c, (attemptCore(authTuple(~M_109,~M_110,~M_111,~M_112,~M_113),~M_114,~M_115,~M_116),framed(~M_117,~M_118,~M_119,~M_120,~M_121,~M_122,~M_123))) with ~M_109 = issuerId2, ~M_110 = fp(pk(skH2)), ~M_111 = ssetH, ~M_112 = algH, ~M_113 = verH, ~M_114 = sign((POSS,authTuple(issuerId2,fp(pk(skH2)),ssetH,algH,verH)),skH2), ~M_115 = sign((BYTES,framed(OT_ATTEST,algH,issuerId2,fp(pk(skH2)),h(authTuple(issuerId2,fp(pk(skH2)),ssetH,algH,verH)),canonVerH,a_10)),skH2), ~M_116 = decl1_9, ~M_117 = OT_ATTEST, ~M_118 = algH, ~M_119 = issuerId2, ~M_120 = fp(pk(skH2)), ~M_121 = h(authTuple(issuerId2,fp(pk(skH2)),ssetH,algH,verH)), ~M_122 = canonVerH, ~M_123 = a_10 at {87} in copy a_11

event IssuerSigned(pk(skH2),framed(OT_ATTEST,algH,issuerId2,fp(pk(skH2)),h(authTuple(issuerId2,fp(pk(skH2)),ssetH,algH,verH)),canonVerH,a_4)) at {91} in copy a_11

out(c, (attemptCore(authTuple(~M_124,~M_125,~M_126,~M_127,~M_128),~M_129,~M_130,~M_131),framed(~M_132,~M_133,~M_134,~M_135,~M_136,~M_137,~M_138))) with ~M_124 = issuerId2, ~M_125 = fp(pk(skH2)), ~M_126 = ssetH, ~M_127 = algH, ~M_128 = verH, ~M_129 = sign((POSS,authTuple(issuerId2,fp(pk(skH2)),ssetH,algH,verH)),skH2), ~M_130 = sign((BYTES,framed(OT_ATTEST,algH,issuerId2,fp(pk(skH2)),h(authTuple(issuerId2,fp(pk(skH2)),ssetH,algH,verH)),canonVerH,a_4)),skH2), ~M_131 = decl2_8, ~M_132 = OT_ATTEST, ~M_133 = algH, ~M_134 = issuerId2, ~M_135 = fp(pk(skH2)), ~M_136 = h(authTuple(issuerId2,fp(pk(skH2)),ssetH,algH,verH)), ~M_137 = canonVerH, ~M_138 = a_4 at {92} in copy a_11

event Designated(pk(skH2),h(attemptCore(authTuple(issuerId2,fp(pk(skH2)),ssetH,algH,verH),sign((POSS,authTuple(issuerId2,fp(pk(skH2)),ssetH,algH,verH)),skH2),sign((BYTES,framed(OT_ATTEST,algH,issuerId2,fp(pk(skH2)),h(authTuple(issuerId2,fp(pk(skH2)),ssetH,algH,verH)),canonVerH,a_4)),skH2),decl2_8))) at {95} in copy a_11 (goal)

out(c, ~M_139) with ~M_139 = sign((TLR,(lineage2(entry(LBL1,DISP_ABANDONED),entry(LBL2,DISP_SHIPPED)),TERM_SHIPPED(LBL2),declT_9)),skH2) at {98} in copy a_11

in(c, (authTuple(issuerId2,fp(~M_3),ssetH,algH,verH),sign((STMT_DIGEST,h(authTuple(issuerId2,fp(~M_3),ssetH,algH,verH))),~M_14),~M_15,~M_3,wrapCore(attemptCore(authTuple(issuerId2,fp(~M_3),ssetH,algH,verH),~M_21,~M_53,~M_131),a_12),a_13,withTLR(~M_3,~M_108,anchorProof(h(~M_108))),LBL2)) with fp(~M_3) = fp(pk(skH2)), sign((STMT_DIGEST,h(authTuple(issuerId2,fp(~M_3),ssetH,algH,verH))),~M_14) = sign((STMT_DIGEST,h(authTuple(issuerId2,fp(pk(skH2)),ssetH,algH,verH))),skD_3), ~M_15 = sign((STMT_DIGEST,h(authTuple(issuerId2,fp(pk(skH2)),ssetH,algH,verH))),skR_3), ~M_3 = pk(skH2), fp(~M_3) = fp(pk(skH2)), ~M_21 = sign((POSS,authTuple(issuerId2,fp(pk(skH2)),ssetH,algH,verH)),skH2), ~M_53 = sign((BYTES,framed(OT_ATTEST,algH,issuerId2,fp(pk(skH2)),h(authTuple(issuerId2,fp(pk(skH2)),ssetH,algH,verH)),canonVerH,a_4)),skH2), ~M_131 = decl2_8, ~M_3 = pk(skH2), ~M_108 = sign((TLR,(lineage2(entry(LBL1,DISP_ABANDONED),entry(LBL2,DISP_SHIPPED)),TERM_SHIPPED(LBL2),declT_8)),skH2), h(~M_108) = h(sign((TLR,(lineage2(entry(LBL1,DISP_ABANDONED),entry(LBL2,DISP_SHIPPED)),TERM_SHIPPED(LBL2),declT_8)),skH2)) at {123} in copy a_14

event Established(pk(skH2),authTuple(issuerId2,fp(pk(skH2)),ssetH,algH,verH),h(wrapCore(attemptCore(authTuple(issuerId2,fp(pk(skH2)),ssetH,algH,verH),sign((POSS,authTuple(issuerId2,fp(pk(skH2)),ssetH,algH,verH)),skH2),sign((BYTES,framed(OT_ATTEST,algH,issuerId2,fp(pk(skH2)),h(authTuple(issuerId2,fp(pk(skH2)),ssetH,algH,verH)),canonVerH,a_4)),skH2),decl2_8),a_12))) at {143} in copy a_14

event StandingReport(ESTABLISHED,TERMINAL_DISPOSITION_SHOWN,pk(skH2),authTuple(issuerId2,fp(pk(skH2)),ssetH,algH,verH),h(wrapCore(attemptCore(authTuple(issuerId2,fp(pk(skH2)),ssetH,algH,verH),sign((POSS,authTuple(issuerId2,fp(pk(skH2)),ssetH,algH,verH)),skH2),sign((BYTES,framed(OT_ATTEST,algH,issuerId2,fp(pk(skH2)),h(authTuple(issuerId2,fp(pk(skH2)),ssetH,algH,verH)),canonVerH,a_4)),skH2),decl2_8),a_12))) at {144} in copy a_14

event EstablishedWrapped(pk(skH2),authTuple(issuerId2,fp(pk(skH2)),ssetH,algH,verH),h(wrapCore(attemptCore(authTuple(issuerId2,fp(pk(skH2)),ssetH,algH,verH),sign((POSS,authTuple(issuerId2,fp(pk(skH2)),ssetH,algH,verH)),skH2),sign((BYTES,framed(OT_ATTEST,algH,issuerId2,fp(pk(skH2)),h(authTuple(issuerId2,fp(pk(skH2)),ssetH,algH,verH)),canonVerH,a_4)),skH2),decl2_8),a_12))) at {147} in copy a_14 (goal)

The event EstablishedWrapped(pk(skH2),authTuple(issuerId2,fp(pk(skH2)),ssetH,algH,verH),h(wrapCore(attemptCore(authTuple(issuerId2,fp(pk(skH2)),ssetH,algH,verH),sign((POSS,authTuple(issuerId2,fp(pk(skH2)),ssetH,algH,verH)),skH2),sign((BYTES,framed(OT_ATTEST,algH,issuerId2,fp(pk(skH2)),h(authTuple(issuerId2,fp(pk(skH2)),ssetH,algH,verH)),canonVerH,a_4)),skH2),decl2_8),a_12))) is executed at {147} in copy a_14.
The event Designated(pk(skH2),h(attemptCore(authTuple(issuerId2,fp(pk(skH2)),ssetH,algH,verH),sign((POSS,authTuple(issuerId2,fp(pk(skH2)),ssetH,algH,verH)),skH2),sign((BYTES,framed(OT_ATTEST,algH,issuerId2,fp(pk(skH2)),h(authTuple(issuerId2,fp(pk(skH2)),ssetH,algH,verH)),canonVerH,a_4)),skH2),decl2_8))) is executed at {95} in copy a_11.
A trace has been found.
RESULT not (event(EstablishedWrapped(k,t_3,h(wrapCore(inner_1,outer_1)))) && event(Designated(k,h(inner_1)))) is false.

--------------------------------------------------------------
Verification summary:

Query event(Established(kX_3,t_3,aid_2)) ==> event(Designated(kX_3,aid_2)) is false.

Query event(Established(pk(skH1[]),t_3,aid_2)) ==> event(Designated(pk(skH1[]),aid_2)) is false.

Query event(Established(pk(skH2[]),t_3,aid_2)) ==> event(Designated(pk(skH2[]),aid_2)) is false.

Query event(EstablishedWrapped(kX_3,t_3,aid_2)) ==> event(Designated(kX_3,aid_2)) is false.

Query not event(StandingUnentitled(kX_3,t_3)) is true.

Query not event(HonestStandingEstablished(k,aid_2)) is false.

Query not event(StandingReport(ESTABLISHED,TERMINAL_DISPOSITION_SHOWN,k,t_3,a)) is false.

Query not event(StandingReport(ABSENT,SUPERSEDED,k,t_3,a)) is false.

Query not event(StandingReport(ABSENT,NO_TERMINAL_DISPOSITION_EVIDENCE,k,t_3,a)) is false.

Query not event(StandingReport(ABSENT,ISSUANCE_REFUSED,k,t_3,a)) is false.

Query not event(StandingReport(ABSENT,STANDING_EVIDENCE_MISMATCH,k,t_3,a)) is false.

Query not event(ReasonCollapsed(p1_5,p2_5,r)) is true.

Query not (event(EstablishedWrapped(k,t_3,h(wrapCore(inner_1,outer_1)))) && event(Designated(k,h(inner_1)))) is false.

--------------------------------------------------------------

