Process 0 (that is, the initial process):
{1}new skS: skey;
{2}let mI1: bitstring = authTuple(issuerId,fp(pk(skI1)),ssetH,algH,verH) in
{3}let mI2: bitstring = authTuple(issuerId2,fp(pk(skI2)),ssetH,algH,verH) in
{4}let mW1: bitstring = authTuple(idW1,fp(pk(skW1)),ssetH,algH,verH) in
{5}let mW2: bitstring = authTuple(idW2,fp(pk(skW2)),ssetH,algH,verH) in
{6}out(c, pk(skS));
{7}out(c, pk(skI1));
{8}out(c, pk(skI2));
{9}out(c, pk(skW1));
{10}out(c, pk(skW2));
{11}out(c, mI1);
{12}out(c, mI2);
{13}out(c, mW1);
{14}out(c, mW2);
{15}out(c, skS);
(
    {16}!
    {17}let skS_1: skey = skS in
    {18}event AuthorityPublishedDNS(mI1);
    {19}out(c, sign((STMT_DIGEST,h(mI1)),skS_1))
) | (
    {20}!
    {21}let skS_2: skey = skS in
    {22}event AuthorityPublishedDNS(mI2);
    {23}out(c, sign((STMT_DIGEST,h(mI2)),skS_2))
) | (
    {24}!
    {25}let skS_3: skey = skS in
    {26}event AuthorityPublishedDNS(mW1);
    {27}out(c, sign((STMT_DIGEST,h(mW1)),skS_3))
) | (
    {28}!
    {29}let skS_4: skey = skS in
    {30}event AuthorityPublishedDNS(mW2);
    {31}out(c, sign((STMT_DIGEST,h(mW2)),skS_4))
) | (
    {32}!
    {33}let skI: skey = skI1 in
    {34}let idI: bitstring = issuerId in
    {35}let cvI: bitstring = cvA in
    {36}in(c, payload: bitstring);
    {37}event IssuerPossession(pk(skI));
    {38}let ppfI: bitstring = sign((POSS,mI1),skI) in
    {39}out(c, ppfI);
    {40}let fbI: bitstring = framed(OT_ATTEST,algH,idI,fp(pk(skI)),h(mI1),cvI,payload) in
    {41}let sgI: bitstring = sign((BYTES,fbI),skI) in
    {42}event IssuerSigned(pk(skI),fbI);
    (
        {43}out(honestTypeCh, (OT_ATTEST,fbI))
    ) | (
        {44}out(honestCh, (pk(skI),fbI))
    ) | (
        {45}out(honestInnerCh, (pk(skI),idI,fbI))
    ) | (
        {46}out(honestSigCh, (pk(skI),sgI))
    ) | (
        {47}out(c, sgI)
    )
) | (
    {48}!
    {49}let skW: skey = skI1 in
    {50}let idW: bitstring = issuerId in
    {51}let cvW: bitstring = cvB in
    {52}in(c, (cvIw: bitstring,fbIn: bitstring,sgIn: bitstring));
    {53}event IssuerPossession(pk(skW));
    {54}let ppfW: bitstring = sign((POSS,mI1),skW) in
    {55}out(c, ppfW);
    {56}let fbW: bitstring = framed(OT_WRAPPER,algH,idW,fp(pk(skW)),h(mI1),cvW,wrap(cvIw,(fbIn,sgIn))) in
    {57}event IssuerSigned(pk(skW),fbW);
    (
        {58}out(honestTypeCh, (OT_WRAPPER,fbW))
    ) | (
        {59}out(c, sign((BYTES,fbW),skW))
    )
) | (
    {60}!
    {61}let skI_1: skey = skI2 in
    {62}let idI_1: bitstring = issuerId2 in
    {63}let cvI_1: bitstring = cvB in
    {64}in(c, payload_1: bitstring);
    {65}event IssuerPossession(pk(skI_1));
    {66}let ppfI_1: bitstring = sign((POSS,mI2),skI_1) in
    {67}out(c, ppfI_1);
    {68}let fbI_1: bitstring = framed(OT_ATTEST,algH,idI_1,fp(pk(skI_1)),h(mI2),cvI_1,payload_1) in
    {69}let sgI_1: bitstring = sign((BYTES,fbI_1),skI_1) in
    {70}event IssuerSigned(pk(skI_1),fbI_1);
    (
        {71}out(honestTypeCh, (OT_ATTEST,fbI_1))
    ) | (
        {72}out(honestCh, (pk(skI_1),fbI_1))
    ) | (
        {73}out(honestInnerCh, (pk(skI_1),idI_1,fbI_1))
    ) | (
        {74}out(honestSigCh, (pk(skI_1),sgI_1))
    ) | (
        {75}out(c, sgI_1)
    )
) | (
    {76}!
    {77}let skO: skey = skI2 in
    {78}let idO: bitstring = issuerId2 in
    {79}let ot: bitstring = OT_REVIEWREC in
    {80}let cvO: bitstring = cvA in
    {81}in(c, payload_2: bitstring);
    {82}event IssuerPossession(pk(skO));
    {83}let ppfO: bitstring = sign((POSS,mI2),skO) in
    {84}out(c, ppfO);
    {85}let fbO: bitstring = framed(ot,algH,idO,fp(pk(skO)),h(mI2),cvO,payload_2) in
    {86}event IssuerSigned(pk(skO),fbO);
    (
        {87}out(honestTypeCh, (ot,fbO))
    ) | (
        {88}out(c, sign((BYTES,fbO),skO))
    )
) | (
    {89}!
    {90}let skW_1: skey = skW1 in
    {91}let idW_1: bitstring = idW1 in
    {92}let cvW_1: bitstring = cvB in
    {93}in(c, (cvIw_1: bitstring,fbIn_1: bitstring,sgIn_1: bitstring));
    {94}event IssuerPossession(pk(skW_1));
    {95}let ppfW_1: bitstring = sign((POSS,mW1),skW_1) in
    {96}out(c, ppfW_1);
    {97}let fbW_1: bitstring = framed(OT_WRAPPER,algH,idW_1,fp(pk(skW_1)),h(mW1),cvW_1,wrap(cvIw_1,(fbIn_1,sgIn_1))) in
    {98}event IssuerSigned(pk(skW_1),fbW_1);
    (
        {99}out(honestTypeCh, (OT_WRAPPER,fbW_1))
    ) | (
        {100}out(c, sign((BYTES,fbW_1),skW_1))
    )
) | (
    {101}!
    {102}let skW_2: skey = skW2 in
    {103}let idW_2: bitstring = idW2 in
    {104}let cvW_2: bitstring = cvA in
    {105}in(c, (cvIw_2: bitstring,fbIn_2: bitstring,sgIn_2: bitstring));
    {106}event IssuerPossession(pk(skW_2));
    {107}let ppfW_2: bitstring = sign((POSS,mW2),skW_2) in
    {108}out(c, ppfW_2);
    {109}let fbW_2: bitstring = framed(OT_WRAPPER,algH,idW_2,fp(pk(skW_2)),h(mW2),cvW_2,wrap(cvIw_2,(fbIn_2,sgIn_2))) in
    {110}event IssuerSigned(pk(skW_2),fbW_2);
    (
        {111}out(honestTypeCh, (OT_WRAPPER,fbW_2))
    ) | (
        {112}out(c, sign((BYTES,fbW_2),skW_2))
    )
) | (
    {113}!
    {114}let pkS: pkey = pk(skS) in
    {115}in(c, (tI: bitstring,evI: bitstring,kI: pkey,ppfI_2: bitstring,sgI_2: bitstring,fbI_2: bitstring));
    {116}let ctx: bitstring = BASE in
    {117}let (=STMT_DIGEST,=h(tI)) = checksign(evI,pkS) in
    {118}let authTuple(idI_2: bitstring,kfprI: bitstring,ssI: bitstring,algI: bitstring,verI: bitstring) = tI in
    {119}if (fp(kI) = kfprI) then
    {120}let (=POSS,=tI) = checksign(ppfI_2,kI) in
    {121}let (=BYTES,=fbI_2) = checksign(sgI_2,kI) in
    {122}let framed(=OT_ATTEST,=algI,=idI_2,=fp(kI),mhI: bitstring,cvI_2: bitstring,plI: bitstring) = fbI_2 in
    {123}if (mhI = h(tI)) then
    {124}event AcceptInner(ctx,kI,idI_2,fbI_2);
    (
        {125}out(typeCh, (OT_ATTEST,fbI_2))
    ) | (
        {126}out(acceptCh, (ctx,kI,idI_2,fbI_2))
    ) | (
        {127}out(scopeCh, (ctx,kI,idI_2,fbI_2))
    ) | (
        {128}out(sigCh, (ctx,kI,sgI_2))
    )
) | (
    {129}!
    {130}let pkS_1: pkey = pk(skS) in
    {131}in(c, (tW: bitstring,evW: bitstring,kW: pkey,ppfW_3: bitstring,sgW: bitstring,fbW_3: bitstring,tI_1: bitstring,evI_1: bitstring,kI_1: pkey,ppfI_3: bitstring));
    {132}let (=STMT_DIGEST,=h(tW)) = checksign(evW,pkS_1) in
    {133}let authTuple(idW_3: bitstring,kfprW: bitstring,ssW: bitstring,algW: bitstring,verW: bitstring) = tW in
    {134}if (fp(kW) = kfprW) then
    {135}let (=POSS,=tW) = checksign(ppfW_3,kW) in
    {136}let (=BYTES,=fbW_3) = checksign(sgW,kW) in
    {137}let framed(=OT_WRAPPER,=algW,=idW_3,=fp(kW),mhW: bitstring,cvW_3: bitstring,wrap(cvIw_3: bitstring,(fbI_3: bitstring,sgI_3: bitstring))) = fbW_3 in
    {138}if (mhW = h(tW)) then
    {139}event AcceptOuter(kW,idW_3,fbW_3);
    (
        {140}out(typeCh, (OT_WRAPPER,fbW_3))
    ) | (
        {141}out(versionCh, (fbW_3,cvIw_3,fbI_3))
    ) | (
        {142}let ctx_1: bitstring = wctx(kW,idW_3,fbW_3) in
        {143}let (=STMT_DIGEST,=h(tI_1)) = checksign(evI_1,pkS_1) in
        {144}let authTuple(idI_3: bitstring,kfprI_1: bitstring,ssI_1: bitstring,algI_1: bitstring,verI_1: bitstring) = tI_1 in
        {145}if (fp(kI_1) = kfprI_1) then
        {146}let (=POSS,=tI_1) = checksign(ppfI_3,kI_1) in
        {147}let (=BYTES,=fbI_3) = checksign(sgI_3,kI_1) in
        {148}let framed(=OT_ATTEST,=algI_1,=idI_3,=fp(kI_1),mhI_1: bitstring,cvI_3: bitstring,plI_1: bitstring) = fbI_3 in
        {149}if (mhI_1 = h(tI_1)) then
        {150}event AcceptInner(ctx_1,kI_1,idI_3,fbI_3);
        (
            {151}out(typeCh, (OT_ATTEST,fbI_3))
        ) | (
            {152}out(acceptCh, (ctx_1,kI_1,idI_3,fbI_3))
        ) | (
            {153}out(scopeCh, (ctx_1,kI_1,idI_3,fbI_3))
        ) | (
            {154}out(sigCh, (ctx_1,kI_1,sgI_3))
        )
    )
) | (
    {155}!
    {156}in(honestCh, (kH: pkey,fbHon: bitstring));
    {157}in(acceptCh, (ctx_2: bitstring,kX: pkey,idX: bitstring,=fbHon));
    {158}if (kX = kH) then
    (
        {159}if (ctx_2 = BASE) then
        {160}event HonestAccepted(kX,fbHon)
    )
    else
        {161}event Reattributed(kX,kH,fbHon)
) | (
    {162}!
    {163}in(honestTypeCh, (otS: bitstring,fbT: bitstring));
    {164}in(typeCh, (otA: bitstring,=fbT));
    {165}if (otS = otA) then
        0
    else
        {166}event TypeConfused(otS,otA,fbT)
) | (
    {167}!
    {168}in(honestInnerCh, (kH_1: pkey,idH: bitstring,fbHon_1: bitstring));
    {169}in(scopeCh, (wctx(kW_1: pkey,idW_4: bitstring,fbW_4: bitstring),kIrep: pkey,idIrep: bitstring,=fbHon_1));
    {170}if ((kIrep = kH_1) && (idIrep = idH)) then
        {171}event HonestWrappedAccepted(kH_1,fbHon_1,kW_1)
    else
        {172}event Rescoped(kIrep,idIrep,kH_1,idH,fbHon_1)
) | (
    {173}!
    {174}in(honestSigCh, (kH_2: pkey,sgH: bitstring));
    {175}in(sigCh, (wctx(kW_2: pkey,idW_5: bitstring,fbW_5: bitstring),kIrep_1: pkey,=sgH));
    {176}if (kIrep_1 = kH_2) then
        0
    else
        {177}event InnerSigTransplanted(kIrep_1,sgH)
) | (
    {178}!
    {179}in(versionCh, (fbWv: bitstring,cvIwv: bitstring,fbIv: bitstring));
    {180}let framed(otJv: bitstring,algJv: bitstring,idJv: bitstring,kfpJv: bitstring,mhJv: bitstring,cvI_4: bitstring,plJv: bitstring) = fbIv in
    {181}if (cvIwv = cvI_4) then
        0
    else
        {182}event VersionLied(fbWv,cvIwv,cvI_4)
)

--  Process 1 (that is, process 0, with let moved downwards):
{1}new skS: skey;
{6}out(c, pk(skS));
{7}out(c, pk(skI1));
{8}out(c, pk(skI2));
{9}out(c, pk(skW1));
{10}out(c, pk(skW2));
{2}let mI1: bitstring = authTuple(issuerId,fp(pk(skI1)),ssetH,algH,verH) in
{11}out(c, mI1);
{3}let mI2: bitstring = authTuple(issuerId2,fp(pk(skI2)),ssetH,algH,verH) in
{12}out(c, mI2);
{4}let mW1: bitstring = authTuple(idW1,fp(pk(skW1)),ssetH,algH,verH) in
{13}out(c, mW1);
{5}let mW2: bitstring = authTuple(idW2,fp(pk(skW2)),ssetH,algH,verH) in
{14}out(c, mW2);
{15}out(c, skS);
(
    {16}!
    {18}event AuthorityPublishedDNS(mI1);
    {17}let skS_1: skey = skS in
    {19}out(c, sign((STMT_DIGEST,h(mI1)),skS_1))
) | (
    {20}!
    {22}event AuthorityPublishedDNS(mI2);
    {21}let skS_2: skey = skS in
    {23}out(c, sign((STMT_DIGEST,h(mI2)),skS_2))
) | (
    {24}!
    {26}event AuthorityPublishedDNS(mW1);
    {25}let skS_3: skey = skS in
    {27}out(c, sign((STMT_DIGEST,h(mW1)),skS_3))
) | (
    {28}!
    {30}event AuthorityPublishedDNS(mW2);
    {29}let skS_4: skey = skS in
    {31}out(c, sign((STMT_DIGEST,h(mW2)),skS_4))
) | (
    {32}!
    {36}in(c, payload: bitstring);
    {33}let skI: skey = skI1 in
    {37}event IssuerPossession(pk(skI));
    {38}let ppfI: bitstring = sign((POSS,mI1),skI) in
    {39}out(c, ppfI);
    {35}let cvI: bitstring = cvA in
    {34}let idI: bitstring = issuerId in
    {40}let fbI: bitstring = framed(OT_ATTEST,algH,idI,fp(pk(skI)),h(mI1),cvI,payload) in
    {42}event IssuerSigned(pk(skI),fbI);
    (
        {43}out(honestTypeCh, (OT_ATTEST,fbI))
    ) | (
        {44}out(honestCh, (pk(skI),fbI))
    ) | (
        {45}out(honestInnerCh, (pk(skI),idI,fbI))
    ) | (
        {41}let sgI: bitstring = sign((BYTES,fbI),skI) in
        (
            {46}out(honestSigCh, (pk(skI),sgI))
        ) | (
            {47}out(c, sgI)
        )
    )
) | (
    {48}!
    {52}in(c, (cvIw: bitstring,fbIn: bitstring,sgIn: bitstring));
    {49}let skW: skey = skI1 in
    {53}event IssuerPossession(pk(skW));
    {54}let ppfW: bitstring = sign((POSS,mI1),skW) in
    {55}out(c, ppfW);
    {51}let cvW: bitstring = cvB in
    {50}let idW: bitstring = issuerId in
    {56}let fbW: bitstring = framed(OT_WRAPPER,algH,idW,fp(pk(skW)),h(mI1),cvW,wrap(cvIw,(fbIn,sgIn))) in
    {57}event IssuerSigned(pk(skW),fbW);
    (
        {58}out(honestTypeCh, (OT_WRAPPER,fbW))
    ) | (
        {59}out(c, sign((BYTES,fbW),skW))
    )
) | (
    {60}!
    {64}in(c, payload_1: bitstring);
    {61}let skI_1: skey = skI2 in
    {65}event IssuerPossession(pk(skI_1));
    {66}let ppfI_1: bitstring = sign((POSS,mI2),skI_1) in
    {67}out(c, ppfI_1);
    {63}let cvI_1: bitstring = cvB in
    {62}let idI_1: bitstring = issuerId2 in
    {68}let fbI_1: bitstring = framed(OT_ATTEST,algH,idI_1,fp(pk(skI_1)),h(mI2),cvI_1,payload_1) in
    {70}event IssuerSigned(pk(skI_1),fbI_1);
    (
        {71}out(honestTypeCh, (OT_ATTEST,fbI_1))
    ) | (
        {72}out(honestCh, (pk(skI_1),fbI_1))
    ) | (
        {73}out(honestInnerCh, (pk(skI_1),idI_1,fbI_1))
    ) | (
        {69}let sgI_1: bitstring = sign((BYTES,fbI_1),skI_1) in
        (
            {74}out(honestSigCh, (pk(skI_1),sgI_1))
        ) | (
            {75}out(c, sgI_1)
        )
    )
) | (
    {76}!
    {81}in(c, payload_2: bitstring);
    {77}let skO: skey = skI2 in
    {82}event IssuerPossession(pk(skO));
    {83}let ppfO: bitstring = sign((POSS,mI2),skO) in
    {84}out(c, ppfO);
    {80}let cvO: bitstring = cvA in
    {79}let ot: bitstring = OT_REVIEWREC in
    {78}let idO: bitstring = issuerId2 in
    {85}let fbO: bitstring = framed(ot,algH,idO,fp(pk(skO)),h(mI2),cvO,payload_2) in
    {86}event IssuerSigned(pk(skO),fbO);
    (
        {87}out(honestTypeCh, (ot,fbO))
    ) | (
        {88}out(c, sign((BYTES,fbO),skO))
    )
) | (
    {89}!
    {93}in(c, (cvIw_1: bitstring,fbIn_1: bitstring,sgIn_1: bitstring));
    {90}let skW_1: skey = skW1 in
    {94}event IssuerPossession(pk(skW_1));
    {95}let ppfW_1: bitstring = sign((POSS,mW1),skW_1) in
    {96}out(c, ppfW_1);
    {92}let cvW_1: bitstring = cvB in
    {91}let idW_1: bitstring = idW1 in
    {97}let fbW_1: bitstring = framed(OT_WRAPPER,algH,idW_1,fp(pk(skW_1)),h(mW1),cvW_1,wrap(cvIw_1,(fbIn_1,sgIn_1))) in
    {98}event IssuerSigned(pk(skW_1),fbW_1);
    (
        {99}out(honestTypeCh, (OT_WRAPPER,fbW_1))
    ) | (
        {100}out(c, sign((BYTES,fbW_1),skW_1))
    )
) | (
    {101}!
    {105}in(c, (cvIw_2: bitstring,fbIn_2: bitstring,sgIn_2: bitstring));
    {102}let skW_2: skey = skW2 in
    {106}event IssuerPossession(pk(skW_2));
    {107}let ppfW_2: bitstring = sign((POSS,mW2),skW_2) in
    {108}out(c, ppfW_2);
    {104}let cvW_2: bitstring = cvA in
    {103}let idW_2: bitstring = idW2 in
    {109}let fbW_2: bitstring = framed(OT_WRAPPER,algH,idW_2,fp(pk(skW_2)),h(mW2),cvW_2,wrap(cvIw_2,(fbIn_2,sgIn_2))) in
    {110}event IssuerSigned(pk(skW_2),fbW_2);
    (
        {111}out(honestTypeCh, (OT_WRAPPER,fbW_2))
    ) | (
        {112}out(c, sign((BYTES,fbW_2),skW_2))
    )
) | (
    {113}!
    {115}in(c, (tI: bitstring,evI: bitstring,kI: pkey,ppfI_2: bitstring,sgI_2: bitstring,fbI_2: bitstring));
    {114}let pkS: pkey = pk(skS) in
    {117}let (=STMT_DIGEST,=h(tI)) = checksign(evI,pkS) in
    {118}let authTuple(idI_2: bitstring,kfprI: bitstring,ssI: bitstring,algI: bitstring,verI: bitstring) = tI in
    {119}if (fp(kI) = kfprI) then
    {120}let (=POSS,=tI) = checksign(ppfI_2,kI) in
    {121}let (=BYTES,=fbI_2) = checksign(sgI_2,kI) in
    {122}let framed(=OT_ATTEST,=algI,=idI_2,=fp(kI),mhI: bitstring,cvI_2: bitstring,plI: bitstring) = fbI_2 in
    {123}if (mhI = h(tI)) then
    {116}let ctx: bitstring = BASE in
    {124}event AcceptInner(ctx,kI,idI_2,fbI_2);
    (
        {125}out(typeCh, (OT_ATTEST,fbI_2))
    ) | (
        {126}out(acceptCh, (ctx,kI,idI_2,fbI_2))
    ) | (
        {127}out(scopeCh, (ctx,kI,idI_2,fbI_2))
    ) | (
        {128}out(sigCh, (ctx,kI,sgI_2))
    )
) | (
    {129}!
    {131}in(c, (tW: bitstring,evW: bitstring,kW: pkey,ppfW_3: bitstring,sgW: bitstring,fbW_3: bitstring,tI_1: bitstring,evI_1: bitstring,kI_1: pkey,ppfI_3: bitstring));
    {130}let pkS_1: pkey = pk(skS) in
    {132}let (=STMT_DIGEST,=h(tW)) = checksign(evW,pkS_1) in
    {133}let authTuple(idW_3: bitstring,kfprW: bitstring,ssW: bitstring,algW: bitstring,verW: bitstring) = tW in
    {134}if (fp(kW) = kfprW) then
    {135}let (=POSS,=tW) = checksign(ppfW_3,kW) in
    {136}let (=BYTES,=fbW_3) = checksign(sgW,kW) in
    {137}let framed(=OT_WRAPPER,=algW,=idW_3,=fp(kW),mhW: bitstring,cvW_3: bitstring,wrap(cvIw_3: bitstring,(fbI_3: bitstring,sgI_3: bitstring))) = fbW_3 in
    {138}if (mhW = h(tW)) then
    {139}event AcceptOuter(kW,idW_3,fbW_3);
    (
        {140}out(typeCh, (OT_WRAPPER,fbW_3))
    ) | (
        {141}out(versionCh, (fbW_3,cvIw_3,fbI_3))
    ) | (
        {143}let (=STMT_DIGEST,=h(tI_1)) = checksign(evI_1,pkS_1) in
        {144}let authTuple(idI_3: bitstring,kfprI_1: bitstring,ssI_1: bitstring,algI_1: bitstring,verI_1: bitstring) = tI_1 in
        {145}if (fp(kI_1) = kfprI_1) then
        {146}let (=POSS,=tI_1) = checksign(ppfI_3,kI_1) in
        {147}let (=BYTES,=fbI_3) = checksign(sgI_3,kI_1) in
        {148}let framed(=OT_ATTEST,=algI_1,=idI_3,=fp(kI_1),mhI_1: bitstring,cvI_3: bitstring,plI_1: bitstring) = fbI_3 in
        {149}if (mhI_1 = h(tI_1)) then
        {142}let ctx_1: bitstring = wctx(kW,idW_3,fbW_3) in
        {150}event AcceptInner(ctx_1,kI_1,idI_3,fbI_3);
        (
            {151}out(typeCh, (OT_ATTEST,fbI_3))
        ) | (
            {152}out(acceptCh, (ctx_1,kI_1,idI_3,fbI_3))
        ) | (
            {153}out(scopeCh, (ctx_1,kI_1,idI_3,fbI_3))
        ) | (
            {154}out(sigCh, (ctx_1,kI_1,sgI_3))
        )
    )
) | (
    {155}!
    {156}in(honestCh, (kH: pkey,fbHon: bitstring));
    {157}in(acceptCh, (ctx_2: bitstring,kX: pkey,idX: bitstring,=fbHon));
    {158}if (kX = kH) then
    (
        {159}if (ctx_2 = BASE) then
        {160}event HonestAccepted(kX,fbHon)
    )
    else
        {161}event Reattributed(kX,kH,fbHon)
) | (
    {162}!
    {163}in(honestTypeCh, (otS: bitstring,fbT: bitstring));
    {164}in(typeCh, (otA: bitstring,=fbT));
    {165}if (otS = otA) then
        0
    else
        {166}event TypeConfused(otS,otA,fbT)
) | (
    {167}!
    {168}in(honestInnerCh, (kH_1: pkey,idH: bitstring,fbHon_1: bitstring));
    {169}in(scopeCh, (wctx(kW_1: pkey,idW_4: bitstring,fbW_4: bitstring),kIrep: pkey,idIrep: bitstring,=fbHon_1));
    {170}if ((kIrep = kH_1) && (idIrep = idH)) then
        {171}event HonestWrappedAccepted(kH_1,fbHon_1,kW_1)
    else
        {172}event Rescoped(kIrep,idIrep,kH_1,idH,fbHon_1)
) | (
    {173}!
    {174}in(honestSigCh, (kH_2: pkey,sgH: bitstring));
    {175}in(sigCh, (wctx(kW_2: pkey,idW_5: bitstring,fbW_5: bitstring),kIrep_1: pkey,=sgH));
    {176}if (kIrep_1 = kH_2) then
        0
    else
        {177}event InnerSigTransplanted(kIrep_1,sgH)
) | (
    {178}!
    {179}in(versionCh, (fbWv: bitstring,cvIwv: bitstring,fbIv: bitstring));
    {180}let framed(otJv: bitstring,algJv: bitstring,idJv: bitstring,kfpJv: bitstring,mhJv: bitstring,cvI_4: bitstring,plJv: bitstring) = fbIv in
    {181}if (cvIwv = cvI_4) then
        0
    else
        {182}event VersionLied(fbWv,cvIwv,cvI_4)
)

-- Query not event(TypeConfused(otS_1,otA_1,fb)) in process 1.
Translating the process into Horn clauses...
Completing...
200 rules inserted. Base: 166 rules (78 with conclusion selected). Queue: 50 rules.
400 rules inserted. Base: 189 rules (78 with conclusion selected). Queue: 98 rules.
600 rules inserted. Base: 171 rules (78 with conclusion selected). Queue: 208 rules.
800 rules inserted. Base: 215 rules (98 with conclusion selected). Queue: 206 rules.
1000 rules inserted. Base: 253 rules (98 with conclusion selected). Queue: 175 rules.
1200 rules inserted. Base: 254 rules (98 with conclusion selected). Queue: 175 rules.
1400 rules inserted. Base: 287 rules (101 with conclusion selected). Queue: 148 rules.
1600 rules inserted. Base: 354 rules (101 with conclusion selected). Queue: 99 rules.
Starting query not event(TypeConfused(otS_1,otA_1,fb))
RESULT not event(TypeConfused(otS_1,otA_1,fb)) is true.
-- Query not event(Rescoped(kX_1,idX_1,kH_3,idH_1,fb)) in process 1.
Translating the process into Horn clauses...
Completing...
200 rules inserted. Base: 168 rules (78 with conclusion selected). Queue: 51 rules.
400 rules inserted. Base: 188 rules (78 with conclusion selected). Queue: 96 rules.
600 rules inserted. Base: 172 rules (78 with conclusion selected). Queue: 212 rules.
800 rules inserted. Base: 216 rules (98 with conclusion selected). Queue: 199 rules.
1000 rules inserted. Base: 247 rules (98 with conclusion selected). Queue: 168 rules.
1200 rules inserted. Base: 251 rules (99 with conclusion selected). Queue: 164 rules.
1400 rules inserted. Base: 280 rules (101 with conclusion selected). Queue: 150 rules.
1600 rules inserted. Base: 367 rules (101 with conclusion selected). Queue: 73 rules.
Starting query not event(Rescoped(kX_1,idX_1,kH_3,idH_1,fb))
RESULT not event(Rescoped(kX_1,idX_1,kH_3,idH_1,fb)) is true.
-- Query not event(InnerSigTransplanted(kX_1,s)) in process 1.
Translating the process into Horn clauses...
Completing...
200 rules inserted. Base: 166 rules (78 with conclusion selected). Queue: 46 rules.
400 rules inserted. Base: 186 rules (78 with conclusion selected). Queue: 92 rules.
600 rules inserted. Base: 181 rules (84 with conclusion selected). Queue: 210 rules.
800 rules inserted. Base: 213 rules (98 with conclusion selected). Queue: 197 rules.
1000 rules inserted. Base: 242 rules (98 with conclusion selected). Queue: 168 rules.
1200 rules inserted. Base: 249 rules (99 with conclusion selected). Queue: 161 rules.
1400 rules inserted. Base: 275 rules (101 with conclusion selected). Queue: 150 rules.
1600 rules inserted. Base: 371 rules (101 with conclusion selected). Queue: 58 rules.
Starting query not event(InnerSigTransplanted(kX_1,s))
RESULT not event(InnerSigTransplanted(kX_1,s)) is true.
-- Query not event(Reattributed(kX_1,kH_3,fb)) in process 1.
Translating the process into Horn clauses...
Completing...
200 rules inserted. Base: 166 rules (78 with conclusion selected). Queue: 46 rules.
400 rules inserted. Base: 184 rules (78 with conclusion selected). Queue: 94 rules.
600 rules inserted. Base: 177 rules (83 with conclusion selected). Queue: 214 rules.
800 rules inserted. Base: 211 rules (98 with conclusion selected). Queue: 202 rules.
1000 rules inserted. Base: 245 rules (98 with conclusion selected). Queue: 171 rules.
1200 rules inserted. Base: 252 rules (99 with conclusion selected). Queue: 167 rules.
1400 rules inserted. Base: 280 rules (101 with conclusion selected). Queue: 150 rules.
1600 rules inserted. Base: 368 rules (101 with conclusion selected). Queue: 70 rules.
Starting query not event(Reattributed(kX_1,kH_3,fb))
RESULT not event(Reattributed(kX_1,kH_3,fb)) is true.
-- Query not event(HonestWrappedAccepted(kH_3,fb,kW_3)) in process 1.
Translating the process into Horn clauses...
Completing...
200 rules inserted. Base: 166 rules (78 with conclusion selected). Queue: 46 rules.
400 rules inserted. Base: 184 rules (78 with conclusion selected). Queue: 94 rules.
600 rules inserted. Base: 177 rules (83 with conclusion selected). Queue: 212 rules.
800 rules inserted. Base: 211 rules (98 with conclusion selected). Queue: 199 rules.
1000 rules inserted. Base: 242 rules (98 with conclusion selected). Queue: 168 rules.
1200 rules inserted. Base: 248 rules (99 with conclusion selected). Queue: 162 rules.
1400 rules inserted. Base: 275 rules (101 with conclusion selected). Queue: 149 rules.
1600 rules inserted. Base: 369 rules (102 with conclusion selected). Queue: 61 rules.
Starting query not event(HonestWrappedAccepted(kH_3,fb,kW_3))
goal reachable: attacker(k) && attacker(plI_2) -> event(HonestWrappedAccepted(pk(skI2[]),framed(OT_ATTEST,algH[],issuerId2[],fp(pk(skI2[])),h(authTuple(issuerId2[],fp(pk(skI2[])),ssetH[],algH[],verH[])),cvB[],plI_2),pk(k)))

Derivation:

1. We assume as hypothesis that
attacker(plI_2).

2. The message plI_2 that the attacker may have by 1 may be received at input {64}.
So the message (pk(skI2[]),issuerId2[],framed(OT_ATTEST,algH[],issuerId2[],fp(pk(skI2[])),h(authTuple(issuerId2[],fp(pk(skI2[])),ssetH[],algH[],verH[])),cvB[],plI_2)) may be sent on channel honestInnerCh[] at output {73}.
mess(honestInnerCh[],(pk(skI2[]),issuerId2[],framed(OT_ATTEST,algH[],issuerId2[],fp(pk(skI2[])),h(authTuple(issuerId2[],fp(pk(skI2[])),ssetH[],algH[],verH[])),cvB[],plI_2))).

3. The attacker has some term payload_3.
attacker(payload_3).

4. The message payload_3 that the attacker may have by 3 may be received at input {64}.
So the message sign((POSS,authTuple(issuerId2[],fp(pk(skI2[])),ssetH[],algH[],verH[])),skI2[]) may be sent to the attacker at output {67}.
attacker(sign((POSS,authTuple(issuerId2[],fp(pk(skI2[])),ssetH[],algH[],verH[])),skI2[])).

5. The message pk(skI2[]) may be sent to the attacker at output {8}.
attacker(pk(skI2[])).

6. The message skS[] may be sent to the attacker at output {15}.
attacker(skS[]).

7. The attacker initially knows verH[].
attacker(verH[]).

8. The attacker initially knows algH[].
attacker(algH[]).

9. The attacker initially knows ssetH[].
attacker(ssetH[]).

10. By 5, the attacker may know pk(skI2[]).
Using the function fp the attacker may obtain fp(pk(skI2[])).
attacker(fp(pk(skI2[]))).

11. The attacker initially knows issuerId2[].
attacker(issuerId2[]).

12. By 11, the attacker may know issuerId2[].
By 10, the attacker may know fp(pk(skI2[])).
By 9, the attacker may know ssetH[].
By 8, the attacker may know algH[].
By 7, the attacker may know verH[].
Using the function authTuple the attacker may obtain authTuple(issuerId2[],fp(pk(skI2[])),ssetH[],algH[],verH[]).
attacker(authTuple(issuerId2[],fp(pk(skI2[])),ssetH[],algH[],verH[])).

13. By 12, the attacker may know authTuple(issuerId2[],fp(pk(skI2[])),ssetH[],algH[],verH[]).
Using the function h the attacker may obtain h(authTuple(issuerId2[],fp(pk(skI2[])),ssetH[],algH[],verH[])).
attacker(h(authTuple(issuerId2[],fp(pk(skI2[])),ssetH[],algH[],verH[]))).

14. Using the function STMT_DIGEST the attacker may obtain STMT_DIGEST.
attacker(STMT_DIGEST).

15. By 14, the attacker may know STMT_DIGEST.
By 13, the attacker may know h(authTuple(issuerId2[],fp(pk(skI2[])),ssetH[],algH[],verH[])).
Using the function 2-tuple the attacker may obtain (STMT_DIGEST,h(authTuple(issuerId2[],fp(pk(skI2[])),ssetH[],algH[],verH[]))).
attacker((STMT_DIGEST,h(authTuple(issuerId2[],fp(pk(skI2[])),ssetH[],algH[],verH[])))).

16. By 15, the attacker may know (STMT_DIGEST,h(authTuple(issuerId2[],fp(pk(skI2[])),ssetH[],algH[],verH[]))).
By 6, the attacker may know skS[].
Using the function sign the attacker may obtain sign((STMT_DIGEST,h(authTuple(issuerId2[],fp(pk(skI2[])),ssetH[],algH[],verH[]))),skS[]).
attacker(sign((STMT_DIGEST,h(authTuple(issuerId2[],fp(pk(skI2[])),ssetH[],algH[],verH[]))),skS[])).

17. The message plI_2 that the attacker may have by 1 may be received at input {64}.
So the message sign((BYTES,framed(OT_ATTEST,algH[],issuerId2[],fp(pk(skI2[])),h(authTuple(issuerId2[],fp(pk(skI2[])),ssetH[],algH[],verH[])),cvB[],plI_2)),skI2[]) may be sent to the attacker at output {75}.
attacker(sign((BYTES,framed(OT_ATTEST,algH[],issuerId2[],fp(pk(skI2[])),h(authTuple(issuerId2[],fp(pk(skI2[])),ssetH[],algH[],verH[])),cvB[],plI_2)),skI2[])).

18. The attacker initially knows cvB[].
attacker(cvB[]).

19. Using the function OT_ATTEST the attacker may obtain OT_ATTEST.
attacker(OT_ATTEST).

20. By 19, the attacker may know OT_ATTEST.
By 8, the attacker may know algH[].
By 11, the attacker may know issuerId2[].
By 10, the attacker may know fp(pk(skI2[])).
By 13, the attacker may know h(authTuple(issuerId2[],fp(pk(skI2[])),ssetH[],algH[],verH[])).
By 18, the attacker may know cvB[].
By 1, the attacker may know plI_2.
Using the function framed the attacker may obtain framed(OT_ATTEST,algH[],issuerId2[],fp(pk(skI2[])),h(authTuple(issuerId2[],fp(pk(skI2[])),ssetH[],algH[],verH[])),cvB[],plI_2).
attacker(framed(OT_ATTEST,algH[],issuerId2[],fp(pk(skI2[])),h(authTuple(issuerId2[],fp(pk(skI2[])),ssetH[],algH[],verH[])),cvB[],plI_2)).

21. By 20, the attacker may know framed(OT_ATTEST,algH[],issuerId2[],fp(pk(skI2[])),h(authTuple(issuerId2[],fp(pk(skI2[])),ssetH[],algH[],verH[])),cvB[],plI_2).
By 17, the attacker may know sign((BYTES,framed(OT_ATTEST,algH[],issuerId2[],fp(pk(skI2[])),h(authTuple(issuerId2[],fp(pk(skI2[])),ssetH[],algH[],verH[])),cvB[],plI_2)),skI2[]).
Using the function 2-tuple the attacker may obtain (framed(OT_ATTEST,algH[],issuerId2[],fp(pk(skI2[])),h(authTuple(issuerId2[],fp(pk(skI2[])),ssetH[],algH[],verH[])),cvB[],plI_2),sign((BYTES,framed(OT_ATTEST,algH[],issuerId2[],fp(pk(skI2[])),h(authTuple(issuerId2[],fp(pk(skI2[])),ssetH[],algH[],verH[])),cvB[],plI_2)),skI2[])).
attacker((framed(OT_ATTEST,algH[],issuerId2[],fp(pk(skI2[])),h(authTuple(issuerId2[],fp(pk(skI2[])),ssetH[],algH[],verH[])),cvB[],plI_2),sign((BYTES,framed(OT_ATTEST,algH[],issuerId2[],fp(pk(skI2[])),h(authTuple(issuerId2[],fp(pk(skI2[])),ssetH[],algH[],verH[])),cvB[],plI_2)),skI2[]))).

22. The attacker has some term cvIw_4.
attacker(cvIw_4).

23. By 22, the attacker may know cvIw_4.
By 21, the attacker may know (framed(OT_ATTEST,algH[],issuerId2[],fp(pk(skI2[])),h(authTuple(issuerId2[],fp(pk(skI2[])),ssetH[],algH[],verH[])),cvB[],plI_2),sign((BYTES,framed(OT_ATTEST,algH[],issuerId2[],fp(pk(skI2[])),h(authTuple(issuerId2[],fp(pk(skI2[])),ssetH[],algH[],verH[])),cvB[],plI_2)),skI2[])).
Using the function wrap the attacker may obtain wrap(cvIw_4,(framed(OT_ATTEST,algH[],issuerId2[],fp(pk(skI2[])),h(authTuple(issuerId2[],fp(pk(skI2[])),ssetH[],algH[],verH[])),cvB[],plI_2),sign((BYTES,framed(OT_ATTEST,algH[],issuerId2[],fp(pk(skI2[])),h(authTuple(issuerId2[],fp(pk(skI2[])),ssetH[],algH[],verH[])),cvB[],plI_2)),skI2[]))).
attacker(wrap(cvIw_4,(framed(OT_ATTEST,algH[],issuerId2[],fp(pk(skI2[])),h(authTuple(issuerId2[],fp(pk(skI2[])),ssetH[],algH[],verH[])),cvB[],plI_2),sign((BYTES,framed(OT_ATTEST,algH[],issuerId2[],fp(pk(skI2[])),h(authTuple(issuerId2[],fp(pk(skI2[])),ssetH[],algH[],verH[])),cvB[],plI_2)),skI2[])))).

24. The attacker has some term cvW_4.
attacker(cvW_4).

25. The attacker has some term verW_1.
attacker(verW_1).

26. The attacker has some term algW_1.
attacker(algW_1).

27. The attacker has some term ssW_1.
attacker(ssW_1).

28. We assume as hypothesis that
attacker(k).

29. By 28, the attacker may know k.
Using the function pk the attacker may obtain pk(k).
attacker(pk(k)).

30. By 29, the attacker may know pk(k).
Using the function fp the attacker may obtain fp(pk(k)).
attacker(fp(pk(k))).

31. The attacker has some term idW_6.
attacker(idW_6).

32. By 31, the attacker may know idW_6.
By 30, the attacker may know fp(pk(k)).
By 27, the attacker may know ssW_1.
By 26, the attacker may know algW_1.
By 25, the attacker may know verW_1.
Using the function authTuple the attacker may obtain authTuple(idW_6,fp(pk(k)),ssW_1,algW_1,verW_1).
attacker(authTuple(idW_6,fp(pk(k)),ssW_1,algW_1,verW_1)).

33. By 32, the attacker may know authTuple(idW_6,fp(pk(k)),ssW_1,algW_1,verW_1).
Using the function h the attacker may obtain h(authTuple(idW_6,fp(pk(k)),ssW_1,algW_1,verW_1)).
attacker(h(authTuple(idW_6,fp(pk(k)),ssW_1,algW_1,verW_1))).

34. Using the function OT_WRAPPER the attacker may obtain OT_WRAPPER.
attacker(OT_WRAPPER).

35. By 34, the attacker may know OT_WRAPPER.
By 26, the attacker may know algW_1.
By 31, the attacker may know idW_6.
By 30, the attacker may know fp(pk(k)).
By 33, the attacker may know h(authTuple(idW_6,fp(pk(k)),ssW_1,algW_1,verW_1)).
By 24, the attacker may know cvW_4.
By 23, the attacker may know wrap(cvIw_4,(framed(OT_ATTEST,algH[],issuerId2[],fp(pk(skI2[])),h(authTuple(issuerId2[],fp(pk(skI2[])),ssetH[],algH[],verH[])),cvB[],plI_2),sign((BYTES,framed(OT_ATTEST,algH[],issuerId2[],fp(pk(skI2[])),h(authTuple(issuerId2[],fp(pk(skI2[])),ssetH[],algH[],verH[])),cvB[],plI_2)),skI2[]))).
Using the function framed the attacker may obtain framed(OT_WRAPPER,algW_1,idW_6,fp(pk(k)),h(authTuple(idW_6,fp(pk(k)),ssW_1,algW_1,verW_1)),cvW_4,wrap(cvIw_4,(framed(OT_ATTEST,algH[],issuerId2[],fp(pk(skI2[])),h(authTuple(issuerId2[],fp(pk(skI2[])),ssetH[],algH[],verH[])),cvB[],plI_2),sign((BYTES,framed(OT_ATTEST,algH[],issuerId2[],fp(pk(skI2[])),h(authTuple(issuerId2[],fp(pk(skI2[])),ssetH[],algH[],verH[])),cvB[],plI_2)),skI2[])))).
attacker(framed(OT_WRAPPER,algW_1,idW_6,fp(pk(k)),h(authTuple(idW_6,fp(pk(k)),ssW_1,algW_1,verW_1)),cvW_4,wrap(cvIw_4,(framed(OT_ATTEST,algH[],issuerId2[],fp(pk(skI2[])),h(authTuple(issuerId2[],fp(pk(skI2[])),ssetH[],algH[],verH[])),cvB[],plI_2),sign((BYTES,framed(OT_ATTEST,algH[],issuerId2[],fp(pk(skI2[])),h(authTuple(issuerId2[],fp(pk(skI2[])),ssetH[],algH[],verH[])),cvB[],plI_2)),skI2[]))))).

36. Using the function BYTES the attacker may obtain BYTES.
attacker(BYTES).

37. By 36, the attacker may know BYTES.
By 35, the attacker may know framed(OT_WRAPPER,algW_1,idW_6,fp(pk(k)),h(authTuple(idW_6,fp(pk(k)),ssW_1,algW_1,verW_1)),cvW_4,wrap(cvIw_4,(framed(OT_ATTEST,algH[],issuerId2[],fp(pk(skI2[])),h(authTuple(issuerId2[],fp(pk(skI2[])),ssetH[],algH[],verH[])),cvB[],plI_2),sign((BYTES,framed(OT_ATTEST,algH[],issuerId2[],fp(pk(skI2[])),h(authTuple(issuerId2[],fp(pk(skI2[])),ssetH[],algH[],verH[])),cvB[],plI_2)),skI2[])))).
Using the function 2-tuple the attacker may obtain (BYTES,framed(OT_WRAPPER,algW_1,idW_6,fp(pk(k)),h(authTuple(idW_6,fp(pk(k)),ssW_1,algW_1,verW_1)),cvW_4,wrap(cvIw_4,(framed(OT_ATTEST,algH[],issuerId2[],fp(pk(skI2[])),h(authTuple(issuerId2[],fp(pk(skI2[])),ssetH[],algH[],verH[])),cvB[],plI_2),sign((BYTES,framed(OT_ATTEST,algH[],issuerId2[],fp(pk(skI2[])),h(authTuple(issuerId2[],fp(pk(skI2[])),ssetH[],algH[],verH[])),cvB[],plI_2)),skI2[]))))).
attacker((BYTES,framed(OT_WRAPPER,algW_1,idW_6,fp(pk(k)),h(authTuple(idW_6,fp(pk(k)),ssW_1,algW_1,verW_1)),cvW_4,wrap(cvIw_4,(framed(OT_ATTEST,algH[],issuerId2[],fp(pk(skI2[])),h(authTuple(issuerId2[],fp(pk(skI2[])),ssetH[],algH[],verH[])),cvB[],plI_2),sign((BYTES,framed(OT_ATTEST,algH[],issuerId2[],fp(pk(skI2[])),h(authTuple(issuerId2[],fp(pk(skI2[])),ssetH[],algH[],verH[])),cvB[],plI_2)),skI2[])))))).

38. By 37, the attacker may know (BYTES,framed(OT_WRAPPER,algW_1,idW_6,fp(pk(k)),h(authTuple(idW_6,fp(pk(k)),ssW_1,algW_1,verW_1)),cvW_4,wrap(cvIw_4,(framed(OT_ATTEST,algH[],issuerId2[],fp(pk(skI2[])),h(authTuple(issuerId2[],fp(pk(skI2[])),ssetH[],algH[],verH[])),cvB[],plI_2),sign((BYTES,framed(OT_ATTEST,algH[],issuerId2[],fp(pk(skI2[])),h(authTuple(issuerId2[],fp(pk(skI2[])),ssetH[],algH[],verH[])),cvB[],plI_2)),skI2[]))))).
By 28, the attacker may know k.
Using the function sign the attacker may obtain sign((BYTES,framed(OT_WRAPPER,algW_1,idW_6,fp(pk(k)),h(authTuple(idW_6,fp(pk(k)),ssW_1,algW_1,verW_1)),cvW_4,wrap(cvIw_4,(framed(OT_ATTEST,algH[],issuerId2[],fp(pk(skI2[])),h(authTuple(issuerId2[],fp(pk(skI2[])),ssetH[],algH[],verH[])),cvB[],plI_2),sign((BYTES,framed(OT_ATTEST,algH[],issuerId2[],fp(pk(skI2[])),h(authTuple(issuerId2[],fp(pk(skI2[])),ssetH[],algH[],verH[])),cvB[],plI_2)),skI2[]))))),k).
attacker(sign((BYTES,framed(OT_WRAPPER,algW_1,idW_6,fp(pk(k)),h(authTuple(idW_6,fp(pk(k)),ssW_1,algW_1,verW_1)),cvW_4,wrap(cvIw_4,(framed(OT_ATTEST,algH[],issuerId2[],fp(pk(skI2[])),h(authTuple(issuerId2[],fp(pk(skI2[])),ssetH[],algH[],verH[])),cvB[],plI_2),sign((BYTES,framed(OT_ATTEST,algH[],issuerId2[],fp(pk(skI2[])),h(authTuple(issuerId2[],fp(pk(skI2[])),ssetH[],algH[],verH[])),cvB[],plI_2)),skI2[]))))),k)).

39. Using the function POSS the attacker may obtain POSS.
attacker(POSS).

40. By 39, the attacker may know POSS.
By 32, the attacker may know authTuple(idW_6,fp(pk(k)),ssW_1,algW_1,verW_1).
Using the function 2-tuple the attacker may obtain (POSS,authTuple(idW_6,fp(pk(k)),ssW_1,algW_1,verW_1)).
attacker((POSS,authTuple(idW_6,fp(pk(k)),ssW_1,algW_1,verW_1))).

41. By 40, the attacker may know (POSS,authTuple(idW_6,fp(pk(k)),ssW_1,algW_1,verW_1)).
By 28, the attacker may know k.
Using the function sign the attacker may obtain sign((POSS,authTuple(idW_6,fp(pk(k)),ssW_1,algW_1,verW_1)),k).
attacker(sign((POSS,authTuple(idW_6,fp(pk(k)),ssW_1,algW_1,verW_1)),k)).

42. By 14, the attacker may know STMT_DIGEST.
By 33, the attacker may know h(authTuple(idW_6,fp(pk(k)),ssW_1,algW_1,verW_1)).
Using the function 2-tuple the attacker may obtain (STMT_DIGEST,h(authTuple(idW_6,fp(pk(k)),ssW_1,algW_1,verW_1))).
attacker((STMT_DIGEST,h(authTuple(idW_6,fp(pk(k)),ssW_1,algW_1,verW_1)))).

43. By 42, the attacker may know (STMT_DIGEST,h(authTuple(idW_6,fp(pk(k)),ssW_1,algW_1,verW_1))).
By 6, the attacker may know skS[].
Using the function sign the attacker may obtain sign((STMT_DIGEST,h(authTuple(idW_6,fp(pk(k)),ssW_1,algW_1,verW_1))),skS[]).
attacker(sign((STMT_DIGEST,h(authTuple(idW_6,fp(pk(k)),ssW_1,algW_1,verW_1))),skS[])).

44. By 32, the attacker may know authTuple(idW_6,fp(pk(k)),ssW_1,algW_1,verW_1).
By 43, the attacker may know sign((STMT_DIGEST,h(authTuple(idW_6,fp(pk(k)),ssW_1,algW_1,verW_1))),skS[]).
By 29, the attacker may know pk(k).
By 41, the attacker may know sign((POSS,authTuple(idW_6,fp(pk(k)),ssW_1,algW_1,verW_1)),k).
By 38, the attacker may know sign((BYTES,framed(OT_WRAPPER,algW_1,idW_6,fp(pk(k)),h(authTuple(idW_6,fp(pk(k)),ssW_1,algW_1,verW_1)),cvW_4,wrap(cvIw_4,(framed(OT_ATTEST,algH[],issuerId2[],fp(pk(skI2[])),h(authTuple(issuerId2[],fp(pk(skI2[])),ssetH[],algH[],verH[])),cvB[],plI_2),sign((BYTES,framed(OT_ATTEST,algH[],issuerId2[],fp(pk(skI2[])),h(authTuple(issuerId2[],fp(pk(skI2[])),ssetH[],algH[],verH[])),cvB[],plI_2)),skI2[]))))),k).
By 35, the attacker may know framed(OT_WRAPPER,algW_1,idW_6,fp(pk(k)),h(authTuple(idW_6,fp(pk(k)),ssW_1,algW_1,verW_1)),cvW_4,wrap(cvIw_4,(framed(OT_ATTEST,algH[],issuerId2[],fp(pk(skI2[])),h(authTuple(issuerId2[],fp(pk(skI2[])),ssetH[],algH[],verH[])),cvB[],plI_2),sign((BYTES,framed(OT_ATTEST,algH[],issuerId2[],fp(pk(skI2[])),h(authTuple(issuerId2[],fp(pk(skI2[])),ssetH[],algH[],verH[])),cvB[],plI_2)),skI2[])))).
By 12, the attacker may know authTuple(issuerId2[],fp(pk(skI2[])),ssetH[],algH[],verH[]).
By 16, the attacker may know sign((STMT_DIGEST,h(authTuple(issuerId2[],fp(pk(skI2[])),ssetH[],algH[],verH[]))),skS[]).
By 5, the attacker may know pk(skI2[]).
By 4, the attacker may know sign((POSS,authTuple(issuerId2[],fp(pk(skI2[])),ssetH[],algH[],verH[])),skI2[]).
Using the function 10-tuple the attacker may obtain (authTuple(idW_6,fp(pk(k)),ssW_1,algW_1,verW_1),sign((STMT_DIGEST,h(authTuple(idW_6,fp(pk(k)),ssW_1,algW_1,verW_1))),skS[]),pk(k),sign((POSS,authTuple(idW_6,fp(pk(k)),ssW_1,algW_1,verW_1)),k),sign((BYTES,framed(OT_WRAPPER,algW_1,idW_6,fp(pk(k)),h(authTuple(idW_6,fp(pk(k)),ssW_1,algW_1,verW_1)),cvW_4,wrap(cvIw_4,(framed(OT_ATTEST,algH[],issuerId2[],fp(pk(skI2[])),h(authTuple(issuerId2[],fp(pk(skI2[])),ssetH[],algH[],verH[])),cvB[],plI_2),sign((BYTES,framed(OT_ATTEST,algH[],issuerId2[],fp(pk(skI2[])),h(authTuple(issuerId2[],fp(pk(skI2[])),ssetH[],algH[],verH[])),cvB[],plI_2)),skI2[]))))),k),framed(OT_WRAPPER,algW_1,idW_6,fp(pk(k)),h(authTuple(idW_6,fp(pk(k)),ssW_1,algW_1,verW_1)),cvW_4,wrap(cvIw_4,(framed(OT_ATTEST,algH[],issuerId2[],fp(pk(skI2[])),h(authTuple(issuerId2[],fp(pk(skI2[])),ssetH[],algH[],verH[])),cvB[],plI_2),sign((BYTES,framed(OT_ATTEST,algH[],issuerId2[],fp(pk(skI2[])),h(authTuple(issuerId2[],fp(pk(skI2[])),ssetH[],algH[],verH[])),cvB[],plI_2)),skI2[])))),authTuple(issuerId2[],fp(pk(skI2[])),ssetH[],algH[],verH[]),sign((STMT_DIGEST,h(authTuple(issuerId2[],fp(pk(skI2[])),ssetH[],algH[],verH[]))),skS[]),pk(skI2[]),sign((POSS,authTuple(issuerId2[],fp(pk(skI2[])),ssetH[],algH[],verH[])),skI2[])).
attacker((authTuple(idW_6,fp(pk(k)),ssW_1,algW_1,verW_1),sign((STMT_DIGEST,h(authTuple(idW_6,fp(pk(k)),ssW_1,algW_1,verW_1))),skS[]),pk(k),sign((POSS,authTuple(idW_6,fp(pk(k)),ssW_1,algW_1,verW_1)),k),sign((BYTES,framed(OT_WRAPPER,algW_1,idW_6,fp(pk(k)),h(authTuple(idW_6,fp(pk(k)),ssW_1,algW_1,verW_1)),cvW_4,wrap(cvIw_4,(framed(OT_ATTEST,algH[],issuerId2[],fp(pk(skI2[])),h(authTuple(issuerId2[],fp(pk(skI2[])),ssetH[],algH[],verH[])),cvB[],plI_2),sign((BYTES,framed(OT_ATTEST,algH[],issuerId2[],fp(pk(skI2[])),h(authTuple(issuerId2[],fp(pk(skI2[])),ssetH[],algH[],verH[])),cvB[],plI_2)),skI2[]))))),k),framed(OT_WRAPPER,algW_1,idW_6,fp(pk(k)),h(authTuple(idW_6,fp(pk(k)),ssW_1,algW_1,verW_1)),cvW_4,wrap(cvIw_4,(framed(OT_ATTEST,algH[],issuerId2[],fp(pk(skI2[])),h(authTuple(issuerId2[],fp(pk(skI2[])),ssetH[],algH[],verH[])),cvB[],plI_2),sign((BYTES,framed(OT_ATTEST,algH[],issuerId2[],fp(pk(skI2[])),h(authTuple(issuerId2[],fp(pk(skI2[])),ssetH[],algH[],verH[])),cvB[],plI_2)),skI2[])))),authTuple(issuerId2[],fp(pk(skI2[])),ssetH[],algH[],verH[]),sign((STMT_DIGEST,h(authTuple(issuerId2[],fp(pk(skI2[])),ssetH[],algH[],verH[]))),skS[]),pk(skI2[]),sign((POSS,authTuple(issuerId2[],fp(pk(skI2[])),ssetH[],algH[],verH[])),skI2[]))).

45. The message (authTuple(idW_6,fp(pk(k)),ssW_1,algW_1,verW_1),sign((STMT_DIGEST,h(authTuple(idW_6,fp(pk(k)),ssW_1,algW_1,verW_1))),skS[]),pk(k),sign((POSS,authTuple(idW_6,fp(pk(k)),ssW_1,algW_1,verW_1)),k),sign((BYTES,framed(OT_WRAPPER,algW_1,idW_6,fp(pk(k)),h(authTuple(idW_6,fp(pk(k)),ssW_1,algW_1,verW_1)),cvW_4,wrap(cvIw_4,(framed(OT_ATTEST,algH[],issuerId2[],fp(pk(skI2[])),h(authTuple(issuerId2[],fp(pk(skI2[])),ssetH[],algH[],verH[])),cvB[],plI_2),sign((BYTES,framed(OT_ATTEST,algH[],issuerId2[],fp(pk(skI2[])),h(authTuple(issuerId2[],fp(pk(skI2[])),ssetH[],algH[],verH[])),cvB[],plI_2)),skI2[]))))),k),framed(OT_WRAPPER,algW_1,idW_6,fp(pk(k)),h(authTuple(idW_6,fp(pk(k)),ssW_1,algW_1,verW_1)),cvW_4,wrap(cvIw_4,(framed(OT_ATTEST,algH[],issuerId2[],fp(pk(skI2[])),h(authTuple(issuerId2[],fp(pk(skI2[])),ssetH[],algH[],verH[])),cvB[],plI_2),sign((BYTES,framed(OT_ATTEST,algH[],issuerId2[],fp(pk(skI2[])),h(authTuple(issuerId2[],fp(pk(skI2[])),ssetH[],algH[],verH[])),cvB[],plI_2)),skI2[])))),authTuple(issuerId2[],fp(pk(skI2[])),ssetH[],algH[],verH[]),sign((STMT_DIGEST,h(authTuple(issuerId2[],fp(pk(skI2[])),ssetH[],algH[],verH[]))),skS[]),pk(skI2[]),sign((POSS,authTuple(issuerId2[],fp(pk(skI2[])),ssetH[],algH[],verH[])),skI2[])) that the attacker may have by 44 may be received at input {131}.
So the message (wctx(pk(k),idW_6,framed(OT_WRAPPER,algW_1,idW_6,fp(pk(k)),h(authTuple(idW_6,fp(pk(k)),ssW_1,algW_1,verW_1)),cvW_4,wrap(cvIw_4,(framed(OT_ATTEST,algH[],issuerId2[],fp(pk(skI2[])),h(authTuple(issuerId2[],fp(pk(skI2[])),ssetH[],algH[],verH[])),cvB[],plI_2),sign((BYTES,framed(OT_ATTEST,algH[],issuerId2[],fp(pk(skI2[])),h(authTuple(issuerId2[],fp(pk(skI2[])),ssetH[],algH[],verH[])),cvB[],plI_2)),skI2[]))))),pk(skI2[]),issuerId2[],framed(OT_ATTEST,algH[],issuerId2[],fp(pk(skI2[])),h(authTuple(issuerId2[],fp(pk(skI2[])),ssetH[],algH[],verH[])),cvB[],plI_2)) may be sent on channel scopeCh[] at output {153}.
mess(scopeCh[],(wctx(pk(k),idW_6,framed(OT_WRAPPER,algW_1,idW_6,fp(pk(k)),h(authTuple(idW_6,fp(pk(k)),ssW_1,algW_1,verW_1)),cvW_4,wrap(cvIw_4,(framed(OT_ATTEST,algH[],issuerId2[],fp(pk(skI2[])),h(authTuple(issuerId2[],fp(pk(skI2[])),ssetH[],algH[],verH[])),cvB[],plI_2),sign((BYTES,framed(OT_ATTEST,algH[],issuerId2[],fp(pk(skI2[])),h(authTuple(issuerId2[],fp(pk(skI2[])),ssetH[],algH[],verH[])),cvB[],plI_2)),skI2[]))))),pk(skI2[]),issuerId2[],framed(OT_ATTEST,algH[],issuerId2[],fp(pk(skI2[])),h(authTuple(issuerId2[],fp(pk(skI2[])),ssetH[],algH[],verH[])),cvB[],plI_2))).

46. The message (pk(skI2[]),issuerId2[],framed(OT_ATTEST,algH[],issuerId2[],fp(pk(skI2[])),h(authTuple(issuerId2[],fp(pk(skI2[])),ssetH[],algH[],verH[])),cvB[],plI_2)) that may be sent on channel honestInnerCh[] by 2 may be received at input {168}.
The message (wctx(pk(k),idW_6,framed(OT_WRAPPER,algW_1,idW_6,fp(pk(k)),h(authTuple(idW_6,fp(pk(k)),ssW_1,algW_1,verW_1)),cvW_4,wrap(cvIw_4,(framed(OT_ATTEST,algH[],issuerId2[],fp(pk(skI2[])),h(authTuple(issuerId2[],fp(pk(skI2[])),ssetH[],algH[],verH[])),cvB[],plI_2),sign((BYTES,framed(OT_ATTEST,algH[],issuerId2[],fp(pk(skI2[])),h(authTuple(issuerId2[],fp(pk(skI2[])),ssetH[],algH[],verH[])),cvB[],plI_2)),skI2[]))))),pk(skI2[]),issuerId2[],framed(OT_ATTEST,algH[],issuerId2[],fp(pk(skI2[])),h(authTuple(issuerId2[],fp(pk(skI2[])),ssetH[],algH[],verH[])),cvB[],plI_2)) that may be sent on channel scopeCh[] by 45 may be received at input {169}.
So event HonestWrappedAccepted(pk(skI2[]),framed(OT_ATTEST,algH[],issuerId2[],fp(pk(skI2[])),h(authTuple(issuerId2[],fp(pk(skI2[])),ssetH[],algH[],verH[])),cvB[],plI_2),pk(k)) may be executed at {171}.
event(HonestWrappedAccepted(pk(skI2[]),framed(OT_ATTEST,algH[],issuerId2[],fp(pk(skI2[])),h(authTuple(issuerId2[],fp(pk(skI2[])),ssetH[],algH[],verH[])),cvB[],plI_2),pk(k))).

47. By 46, event(HonestWrappedAccepted(pk(skI2[]),framed(OT_ATTEST,algH[],issuerId2[],fp(pk(skI2[])),h(authTuple(issuerId2[],fp(pk(skI2[])),ssetH[],algH[],verH[])),cvB[],plI_2),pk(k))).
The goal is reached, represented in the following fact:
event(HonestWrappedAccepted(pk(skI2[]),framed(OT_ATTEST,algH[],issuerId2[],fp(pk(skI2[])),h(authTuple(issuerId2[],fp(pk(skI2[])),ssetH[],algH[],verH[])),cvB[],plI_2),pk(k))).


A more detailed output of the traces is available with
  set traceDisplay = long.

new skS: skey creating skS_5 at {1}

out(c, ~M) with ~M = pk(skS_5) at {6}

out(c, ~M_1) with ~M_1 = pk(skI1) at {7}

out(c, ~M_2) with ~M_2 = pk(skI2) at {8}

out(c, ~M_3) with ~M_3 = pk(skW1) at {9}

out(c, ~M_4) with ~M_4 = pk(skW2) at {10}

out(c, authTuple(~M_5,~M_6,~M_7,~M_8,~M_9)) with ~M_5 = issuerId, ~M_6 = fp(pk(skI1)), ~M_7 = ssetH, ~M_8 = algH, ~M_9 = verH at {11}

out(c, authTuple(~M_10,~M_11,~M_12,~M_13,~M_14)) with ~M_10 = issuerId2, ~M_11 = fp(pk(skI2)), ~M_12 = ssetH, ~M_13 = algH, ~M_14 = verH at {12}

out(c, authTuple(~M_15,~M_16,~M_17,~M_18,~M_19)) with ~M_15 = idW1, ~M_16 = fp(pk(skW1)), ~M_17 = ssetH, ~M_18 = algH, ~M_19 = verH at {13}

out(c, authTuple(~M_20,~M_21,~M_22,~M_23,~M_24)) with ~M_20 = idW2, ~M_21 = fp(pk(skW2)), ~M_22 = ssetH, ~M_23 = algH, ~M_24 = verH at {14}

out(c, ~M_25) with ~M_25 = skS_5 at {15}

in(c, a) at {64} in copy a_1

event IssuerPossession(pk(skI2)) at {65} in copy a_1

out(c, ~M_26) with ~M_26 = sign((POSS,authTuple(issuerId2,fp(pk(skI2)),ssetH,algH,verH)),skI2) at {67} in copy a_1

event IssuerSigned(pk(skI2),framed(OT_ATTEST,algH,issuerId2,fp(pk(skI2)),h(authTuple(issuerId2,fp(pk(skI2)),ssetH,algH,verH)),cvB,a)) at {70} in copy a_1

out(c, ~M_27) with ~M_27 = sign((BYTES,framed(OT_ATTEST,algH,issuerId2,fp(pk(skI2)),h(authTuple(issuerId2,fp(pk(skI2)),ssetH,algH,verH)),cvB,a)),skI2) at {75} in copy a_1

in(c, a_2) at {64} in copy a_3

event IssuerPossession(pk(skI2)) at {65} in copy a_3

out(c, ~M_28) with ~M_28 = sign((POSS,authTuple(issuerId2,fp(pk(skI2)),ssetH,algH,verH)),skI2) at {67} in copy a_3

event IssuerSigned(pk(skI2),framed(OT_ATTEST,algH,issuerId2,fp(pk(skI2)),h(authTuple(issuerId2,fp(pk(skI2)),ssetH,algH,verH)),cvB,a_2)) at {70} in copy a_3

out(c, ~M_29) with ~M_29 = sign((BYTES,framed(OT_ATTEST,algH,issuerId2,fp(pk(skI2)),h(authTuple(issuerId2,fp(pk(skI2)),ssetH,algH,verH)),cvB,a_2)),skI2) at {75} in copy a_3

in(c, a) at {64} in copy a_4

event IssuerPossession(pk(skI2)) at {65} in copy a_4

out(c, ~M_30) with ~M_30 = sign((POSS,authTuple(issuerId2,fp(pk(skI2)),ssetH,algH,verH)),skI2) at {67} in copy a_4

event IssuerSigned(pk(skI2),framed(OT_ATTEST,algH,issuerId2,fp(pk(skI2)),h(authTuple(issuerId2,fp(pk(skI2)),ssetH,algH,verH)),cvB,a)) at {70} in copy a_4

out(c, ~M_31) with ~M_31 = sign((BYTES,framed(OT_ATTEST,algH,issuerId2,fp(pk(skI2)),h(authTuple(issuerId2,fp(pk(skI2)),ssetH,algH,verH)),cvB,a)),skI2) at {75} in copy a_4

in(c, (authTuple(a_5,fp(pk(a_6)),a_7,a_8,a_9),sign((STMT_DIGEST,h(authTuple(a_5,fp(pk(a_6)),a_7,a_8,a_9))),~M_25),pk(a_6),sign((POSS,authTuple(a_5,fp(pk(a_6)),a_7,a_8,a_9)),a_6),sign((BYTES,framed(OT_WRAPPER,a_8,a_5,fp(pk(a_6)),h(authTuple(a_5,fp(pk(a_6)),a_7,a_8,a_9)),a_10,wrap(a_11,(framed(OT_ATTEST,algH,issuerId2,fp(~M_2),h(authTuple(issuerId2,fp(~M_2),ssetH,algH,verH)),cvB,a),~M_27)))),a_6),framed(OT_WRAPPER,a_8,a_5,fp(pk(a_6)),h(authTuple(a_5,fp(pk(a_6)),a_7,a_8,a_9)),a_10,wrap(a_11,(framed(OT_ATTEST,algH,issuerId2,fp(~M_2),h(authTuple(issuerId2,fp(~M_2),ssetH,algH,verH)),cvB,a),~M_27))),authTuple(issuerId2,fp(~M_2),ssetH,algH,verH),sign((STMT_DIGEST,h(authTuple(issuerId2,fp(~M_2),ssetH,algH,verH))),~M_25),~M_2,~M_26)) with sign((STMT_DIGEST,h(authTuple(a_5,fp(pk(a_6)),a_7,a_8,a_9))),~M_25) = sign((STMT_DIGEST,h(authTuple(a_5,fp(pk(a_6)),a_7,a_8,a_9))),skS_5), sign((BYTES,framed(OT_WRAPPER,a_8,a_5,fp(pk(a_6)),h(authTuple(a_5,fp(pk(a_6)),a_7,a_8,a_9)),a_10,wrap(a_11,(framed(OT_ATTEST,algH,issuerId2,fp(~M_2),h(authTuple(issuerId2,fp(~M_2),ssetH,algH,verH)),cvB,a),~M_27)))),a_6) = sign((BYTES,framed(OT_WRAPPER,a_8,a_5,fp(pk(a_6)),h(authTuple(a_5,fp(pk(a_6)),a_7,a_8,a_9)),a_10,wrap(a_11,(framed(OT_ATTEST,algH,issuerId2,fp(pk(skI2)),h(authTuple(issuerId2,fp(pk(skI2)),ssetH,algH,verH)),cvB,a),sign((BYTES,framed(OT_ATTEST,algH,issuerId2,fp(pk(skI2)),h(authTuple(issuerId2,fp(pk(skI2)),ssetH,algH,verH)),cvB,a)),skI2))))),a_6), fp(~M_2) = fp(pk(skI2)), h(authTuple(issuerId2,fp(~M_2),ssetH,algH,verH)) = h(authTuple(issuerId2,fp(pk(skI2)),ssetH,algH,verH)), ~M_27 = sign((BYTES,framed(OT_ATTEST,algH,issuerId2,fp(pk(skI2)),h(authTuple(issuerId2,fp(pk(skI2)),ssetH,algH,verH)),cvB,a)),skI2), fp(~M_2) = fp(pk(skI2)), sign((STMT_DIGEST,h(authTuple(issuerId2,fp(~M_2),ssetH,algH,verH))),~M_25) = sign((STMT_DIGEST,h(authTuple(issuerId2,fp(pk(skI2)),ssetH,algH,verH))),skS_5), ~M_2 = pk(skI2), ~M_26 = sign((POSS,authTuple(issuerId2,fp(pk(skI2)),ssetH,algH,verH)),skI2) at {131} in copy a_12

event AcceptOuter(pk(a_6),a_5,framed(OT_WRAPPER,a_8,a_5,fp(pk(a_6)),h(authTuple(a_5,fp(pk(a_6)),a_7,a_8,a_9)),a_10,wrap(a_11,(framed(OT_ATTEST,algH,issuerId2,fp(pk(skI2)),h(authTuple(issuerId2,fp(pk(skI2)),ssetH,algH,verH)),cvB,a),sign((BYTES,framed(OT_ATTEST,algH,issuerId2,fp(pk(skI2)),h(authTuple(issuerId2,fp(pk(skI2)),ssetH,algH,verH)),cvB,a)),skI2))))) at {139} in copy a_12

event AcceptInner(wctx(pk(a_6),a_5,framed(OT_WRAPPER,a_8,a_5,fp(pk(a_6)),h(authTuple(a_5,fp(pk(a_6)),a_7,a_8,a_9)),a_10,wrap(a_11,(framed(OT_ATTEST,algH,issuerId2,fp(pk(skI2)),h(authTuple(issuerId2,fp(pk(skI2)),ssetH,algH,verH)),cvB,a),sign((BYTES,framed(OT_ATTEST,algH,issuerId2,fp(pk(skI2)),h(authTuple(issuerId2,fp(pk(skI2)),ssetH,algH,verH)),cvB,a)),skI2))))),pk(skI2),issuerId2,framed(OT_ATTEST,algH,issuerId2,fp(pk(skI2)),h(authTuple(issuerId2,fp(pk(skI2)),ssetH,algH,verH)),cvB,a)) at {150} in copy a_12

out(honestInnerCh, (pk(skI2),issuerId2,framed(OT_ATTEST,algH,issuerId2,fp(pk(skI2)),h(authTuple(issuerId2,fp(pk(skI2)),ssetH,algH,verH)),cvB,a))) at {73} in copy a_1 received at {168} in copy a_13

out(scopeCh, (wctx(pk(a_6),a_5,framed(OT_WRAPPER,a_8,a_5,fp(pk(a_6)),h(authTuple(a_5,fp(pk(a_6)),a_7,a_8,a_9)),a_10,wrap(a_11,(framed(OT_ATTEST,algH,issuerId2,fp(pk(skI2)),h(authTuple(issuerId2,fp(pk(skI2)),ssetH,algH,verH)),cvB,a),sign((BYTES,framed(OT_ATTEST,algH,issuerId2,fp(pk(skI2)),h(authTuple(issuerId2,fp(pk(skI2)),ssetH,algH,verH)),cvB,a)),skI2))))),pk(skI2),issuerId2,framed(OT_ATTEST,algH,issuerId2,fp(pk(skI2)),h(authTuple(issuerId2,fp(pk(skI2)),ssetH,algH,verH)),cvB,a))) at {153} in copy a_12 received at {169} in copy a_13

event HonestWrappedAccepted(pk(skI2),framed(OT_ATTEST,algH,issuerId2,fp(pk(skI2)),h(authTuple(issuerId2,fp(pk(skI2)),ssetH,algH,verH)),cvB,a),pk(a_6)) at {171} in copy a_13 (goal)

The event HonestWrappedAccepted(pk(skI2),framed(OT_ATTEST,algH,issuerId2,fp(pk(skI2)),h(authTuple(issuerId2,fp(pk(skI2)),ssetH,algH,verH)),cvB,a),pk(a_6)) is executed at {171} in copy a_13.
A trace has been found.
RESULT not event(HonestWrappedAccepted(kH_3,fb,kW_3)) is false.
-- Query not event(HonestAccepted(k,fb)) in process 1.
Translating the process into Horn clauses...
Completing...
200 rules inserted. Base: 166 rules (78 with conclusion selected). Queue: 46 rules.
400 rules inserted. Base: 184 rules (78 with conclusion selected). Queue: 94 rules.
600 rules inserted. Base: 177 rules (83 with conclusion selected). Queue: 214 rules.
800 rules inserted. Base: 211 rules (98 with conclusion selected). Queue: 202 rules.
1000 rules inserted. Base: 241 rules (98 with conclusion selected). Queue: 171 rules.
1200 rules inserted. Base: 248 rules (101 with conclusion selected). Queue: 164 rules.
1400 rules inserted. Base: 277 rules (103 with conclusion selected). Queue: 148 rules.
1600 rules inserted. Base: 367 rules (103 with conclusion selected). Queue: 66 rules.
Starting query not event(HonestAccepted(k,fb))
goal reachable: attacker(plI_2) -> event(HonestAccepted(pk(skI2[]),framed(OT_ATTEST,algH[],issuerId2[],fp(pk(skI2[])),h(authTuple(issuerId2[],fp(pk(skI2[])),ssetH[],algH[],verH[])),cvB[],plI_2)))

Derivation:

1. We assume as hypothesis that
attacker(plI_2).

2. The message plI_2 that the attacker may have by 1 may be received at input {64}.
So the message (pk(skI2[]),framed(OT_ATTEST,algH[],issuerId2[],fp(pk(skI2[])),h(authTuple(issuerId2[],fp(pk(skI2[])),ssetH[],algH[],verH[])),cvB[],plI_2)) may be sent on channel honestCh[] at output {72}.
mess(honestCh[],(pk(skI2[]),framed(OT_ATTEST,algH[],issuerId2[],fp(pk(skI2[])),h(authTuple(issuerId2[],fp(pk(skI2[])),ssetH[],algH[],verH[])),cvB[],plI_2))).

3. The attacker initially knows cvB[].
attacker(cvB[]).

4. The attacker initially knows verH[].
attacker(verH[]).

5. The attacker initially knows algH[].
attacker(algH[]).

6. The attacker initially knows ssetH[].
attacker(ssetH[]).

7. The message pk(skI2[]) may be sent to the attacker at output {8}.
attacker(pk(skI2[])).

8. By 7, the attacker may know pk(skI2[]).
Using the function fp the attacker may obtain fp(pk(skI2[])).
attacker(fp(pk(skI2[]))).

9. The attacker initially knows issuerId2[].
attacker(issuerId2[]).

10. By 9, the attacker may know issuerId2[].
By 8, the attacker may know fp(pk(skI2[])).
By 6, the attacker may know ssetH[].
By 5, the attacker may know algH[].
By 4, the attacker may know verH[].
Using the function authTuple the attacker may obtain authTuple(issuerId2[],fp(pk(skI2[])),ssetH[],algH[],verH[]).
attacker(authTuple(issuerId2[],fp(pk(skI2[])),ssetH[],algH[],verH[])).

11. By 10, the attacker may know authTuple(issuerId2[],fp(pk(skI2[])),ssetH[],algH[],verH[]).
Using the function h the attacker may obtain h(authTuple(issuerId2[],fp(pk(skI2[])),ssetH[],algH[],verH[])).
attacker(h(authTuple(issuerId2[],fp(pk(skI2[])),ssetH[],algH[],verH[]))).

12. Using the function OT_ATTEST the attacker may obtain OT_ATTEST.
attacker(OT_ATTEST).

13. By 12, the attacker may know OT_ATTEST.
By 5, the attacker may know algH[].
By 9, the attacker may know issuerId2[].
By 8, the attacker may know fp(pk(skI2[])).
By 11, the attacker may know h(authTuple(issuerId2[],fp(pk(skI2[])),ssetH[],algH[],verH[])).
By 3, the attacker may know cvB[].
By 1, the attacker may know plI_2.
Using the function framed the attacker may obtain framed(OT_ATTEST,algH[],issuerId2[],fp(pk(skI2[])),h(authTuple(issuerId2[],fp(pk(skI2[])),ssetH[],algH[],verH[])),cvB[],plI_2).
attacker(framed(OT_ATTEST,algH[],issuerId2[],fp(pk(skI2[])),h(authTuple(issuerId2[],fp(pk(skI2[])),ssetH[],algH[],verH[])),cvB[],plI_2)).

14. The message plI_2 that the attacker may have by 1 may be received at input {64}.
So the message sign((BYTES,framed(OT_ATTEST,algH[],issuerId2[],fp(pk(skI2[])),h(authTuple(issuerId2[],fp(pk(skI2[])),ssetH[],algH[],verH[])),cvB[],plI_2)),skI2[]) may be sent to the attacker at output {75}.
attacker(sign((BYTES,framed(OT_ATTEST,algH[],issuerId2[],fp(pk(skI2[])),h(authTuple(issuerId2[],fp(pk(skI2[])),ssetH[],algH[],verH[])),cvB[],plI_2)),skI2[])).

15. The attacker has some term payload_3.
attacker(payload_3).

16. The message payload_3 that the attacker may have by 15 may be received at input {64}.
So the message sign((POSS,authTuple(issuerId2[],fp(pk(skI2[])),ssetH[],algH[],verH[])),skI2[]) may be sent to the attacker at output {67}.
attacker(sign((POSS,authTuple(issuerId2[],fp(pk(skI2[])),ssetH[],algH[],verH[])),skI2[])).

17. The message skS[] may be sent to the attacker at output {15}.
attacker(skS[]).

18. Using the function STMT_DIGEST the attacker may obtain STMT_DIGEST.
attacker(STMT_DIGEST).

19. By 18, the attacker may know STMT_DIGEST.
By 11, the attacker may know h(authTuple(issuerId2[],fp(pk(skI2[])),ssetH[],algH[],verH[])).
Using the function 2-tuple the attacker may obtain (STMT_DIGEST,h(authTuple(issuerId2[],fp(pk(skI2[])),ssetH[],algH[],verH[]))).
attacker((STMT_DIGEST,h(authTuple(issuerId2[],fp(pk(skI2[])),ssetH[],algH[],verH[])))).

20. By 19, the attacker may know (STMT_DIGEST,h(authTuple(issuerId2[],fp(pk(skI2[])),ssetH[],algH[],verH[]))).
By 17, the attacker may know skS[].
Using the function sign the attacker may obtain sign((STMT_DIGEST,h(authTuple(issuerId2[],fp(pk(skI2[])),ssetH[],algH[],verH[]))),skS[]).
attacker(sign((STMT_DIGEST,h(authTuple(issuerId2[],fp(pk(skI2[])),ssetH[],algH[],verH[]))),skS[])).

21. By 10, the attacker may know authTuple(issuerId2[],fp(pk(skI2[])),ssetH[],algH[],verH[]).
By 20, the attacker may know sign((STMT_DIGEST,h(authTuple(issuerId2[],fp(pk(skI2[])),ssetH[],algH[],verH[]))),skS[]).
By 7, the attacker may know pk(skI2[]).
By 16, the attacker may know sign((POSS,authTuple(issuerId2[],fp(pk(skI2[])),ssetH[],algH[],verH[])),skI2[]).
By 14, the attacker may know sign((BYTES,framed(OT_ATTEST,algH[],issuerId2[],fp(pk(skI2[])),h(authTuple(issuerId2[],fp(pk(skI2[])),ssetH[],algH[],verH[])),cvB[],plI_2)),skI2[]).
By 13, the attacker may know framed(OT_ATTEST,algH[],issuerId2[],fp(pk(skI2[])),h(authTuple(issuerId2[],fp(pk(skI2[])),ssetH[],algH[],verH[])),cvB[],plI_2).
Using the function 6-tuple the attacker may obtain (authTuple(issuerId2[],fp(pk(skI2[])),ssetH[],algH[],verH[]),sign((STMT_DIGEST,h(authTuple(issuerId2[],fp(pk(skI2[])),ssetH[],algH[],verH[]))),skS[]),pk(skI2[]),sign((POSS,authTuple(issuerId2[],fp(pk(skI2[])),ssetH[],algH[],verH[])),skI2[]),sign((BYTES,framed(OT_ATTEST,algH[],issuerId2[],fp(pk(skI2[])),h(authTuple(issuerId2[],fp(pk(skI2[])),ssetH[],algH[],verH[])),cvB[],plI_2)),skI2[]),framed(OT_ATTEST,algH[],issuerId2[],fp(pk(skI2[])),h(authTuple(issuerId2[],fp(pk(skI2[])),ssetH[],algH[],verH[])),cvB[],plI_2)).
attacker((authTuple(issuerId2[],fp(pk(skI2[])),ssetH[],algH[],verH[]),sign((STMT_DIGEST,h(authTuple(issuerId2[],fp(pk(skI2[])),ssetH[],algH[],verH[]))),skS[]),pk(skI2[]),sign((POSS,authTuple(issuerId2[],fp(pk(skI2[])),ssetH[],algH[],verH[])),skI2[]),sign((BYTES,framed(OT_ATTEST,algH[],issuerId2[],fp(pk(skI2[])),h(authTuple(issuerId2[],fp(pk(skI2[])),ssetH[],algH[],verH[])),cvB[],plI_2)),skI2[]),framed(OT_ATTEST,algH[],issuerId2[],fp(pk(skI2[])),h(authTuple(issuerId2[],fp(pk(skI2[])),ssetH[],algH[],verH[])),cvB[],plI_2))).

22. The message (authTuple(issuerId2[],fp(pk(skI2[])),ssetH[],algH[],verH[]),sign((STMT_DIGEST,h(authTuple(issuerId2[],fp(pk(skI2[])),ssetH[],algH[],verH[]))),skS[]),pk(skI2[]),sign((POSS,authTuple(issuerId2[],fp(pk(skI2[])),ssetH[],algH[],verH[])),skI2[]),sign((BYTES,framed(OT_ATTEST,algH[],issuerId2[],fp(pk(skI2[])),h(authTuple(issuerId2[],fp(pk(skI2[])),ssetH[],algH[],verH[])),cvB[],plI_2)),skI2[]),framed(OT_ATTEST,algH[],issuerId2[],fp(pk(skI2[])),h(authTuple(issuerId2[],fp(pk(skI2[])),ssetH[],algH[],verH[])),cvB[],plI_2)) that the attacker may have by 21 may be received at input {115}.
So the message (BASE,pk(skI2[]),issuerId2[],framed(OT_ATTEST,algH[],issuerId2[],fp(pk(skI2[])),h(authTuple(issuerId2[],fp(pk(skI2[])),ssetH[],algH[],verH[])),cvB[],plI_2)) may be sent on channel acceptCh[] at output {126}.
mess(acceptCh[],(BASE,pk(skI2[]),issuerId2[],framed(OT_ATTEST,algH[],issuerId2[],fp(pk(skI2[])),h(authTuple(issuerId2[],fp(pk(skI2[])),ssetH[],algH[],verH[])),cvB[],plI_2))).

23. The message (pk(skI2[]),framed(OT_ATTEST,algH[],issuerId2[],fp(pk(skI2[])),h(authTuple(issuerId2[],fp(pk(skI2[])),ssetH[],algH[],verH[])),cvB[],plI_2)) that may be sent on channel honestCh[] by 2 may be received at input {156}.
The message (BASE,pk(skI2[]),issuerId2[],framed(OT_ATTEST,algH[],issuerId2[],fp(pk(skI2[])),h(authTuple(issuerId2[],fp(pk(skI2[])),ssetH[],algH[],verH[])),cvB[],plI_2)) that may be sent on channel acceptCh[] by 22 may be received at input {157}.
So event HonestAccepted(pk(skI2[]),framed(OT_ATTEST,algH[],issuerId2[],fp(pk(skI2[])),h(authTuple(issuerId2[],fp(pk(skI2[])),ssetH[],algH[],verH[])),cvB[],plI_2)) may be executed at {160}.
event(HonestAccepted(pk(skI2[]),framed(OT_ATTEST,algH[],issuerId2[],fp(pk(skI2[])),h(authTuple(issuerId2[],fp(pk(skI2[])),ssetH[],algH[],verH[])),cvB[],plI_2))).

24. By 23, event(HonestAccepted(pk(skI2[]),framed(OT_ATTEST,algH[],issuerId2[],fp(pk(skI2[])),h(authTuple(issuerId2[],fp(pk(skI2[])),ssetH[],algH[],verH[])),cvB[],plI_2))).
The goal is reached, represented in the following fact:
event(HonestAccepted(pk(skI2[]),framed(OT_ATTEST,algH[],issuerId2[],fp(pk(skI2[])),h(authTuple(issuerId2[],fp(pk(skI2[])),ssetH[],algH[],verH[])),cvB[],plI_2))).


A more detailed output of the traces is available with
  set traceDisplay = long.

new skS: skey creating skS_5 at {1}

out(c, ~M) with ~M = pk(skS_5) at {6}

out(c, ~M_1) with ~M_1 = pk(skI1) at {7}

out(c, ~M_2) with ~M_2 = pk(skI2) at {8}

out(c, ~M_3) with ~M_3 = pk(skW1) at {9}

out(c, ~M_4) with ~M_4 = pk(skW2) at {10}

out(c, authTuple(~M_5,~M_6,~M_7,~M_8,~M_9)) with ~M_5 = issuerId, ~M_6 = fp(pk(skI1)), ~M_7 = ssetH, ~M_8 = algH, ~M_9 = verH at {11}

out(c, authTuple(~M_10,~M_11,~M_12,~M_13,~M_14)) with ~M_10 = issuerId2, ~M_11 = fp(pk(skI2)), ~M_12 = ssetH, ~M_13 = algH, ~M_14 = verH at {12}

out(c, authTuple(~M_15,~M_16,~M_17,~M_18,~M_19)) with ~M_15 = idW1, ~M_16 = fp(pk(skW1)), ~M_17 = ssetH, ~M_18 = algH, ~M_19 = verH at {13}

out(c, authTuple(~M_20,~M_21,~M_22,~M_23,~M_24)) with ~M_20 = idW2, ~M_21 = fp(pk(skW2)), ~M_22 = ssetH, ~M_23 = algH, ~M_24 = verH at {14}

out(c, ~M_25) with ~M_25 = skS_5 at {15}

in(c, a) at {64} in copy a_1

event IssuerPossession(pk(skI2)) at {65} in copy a_1

out(c, ~M_26) with ~M_26 = sign((POSS,authTuple(issuerId2,fp(pk(skI2)),ssetH,algH,verH)),skI2) at {67} in copy a_1

event IssuerSigned(pk(skI2),framed(OT_ATTEST,algH,issuerId2,fp(pk(skI2)),h(authTuple(issuerId2,fp(pk(skI2)),ssetH,algH,verH)),cvB,a)) at {70} in copy a_1

out(c, ~M_27) with ~M_27 = sign((BYTES,framed(OT_ATTEST,algH,issuerId2,fp(pk(skI2)),h(authTuple(issuerId2,fp(pk(skI2)),ssetH,algH,verH)),cvB,a)),skI2) at {75} in copy a_1

in(c, a_2) at {64} in copy a_3

event IssuerPossession(pk(skI2)) at {65} in copy a_3

out(c, ~M_28) with ~M_28 = sign((POSS,authTuple(issuerId2,fp(pk(skI2)),ssetH,algH,verH)),skI2) at {67} in copy a_3

event IssuerSigned(pk(skI2),framed(OT_ATTEST,algH,issuerId2,fp(pk(skI2)),h(authTuple(issuerId2,fp(pk(skI2)),ssetH,algH,verH)),cvB,a_2)) at {70} in copy a_3

out(c, ~M_29) with ~M_29 = sign((BYTES,framed(OT_ATTEST,algH,issuerId2,fp(pk(skI2)),h(authTuple(issuerId2,fp(pk(skI2)),ssetH,algH,verH)),cvB,a_2)),skI2) at {75} in copy a_3

in(c, a_2) at {64} in copy a_4

event IssuerPossession(pk(skI2)) at {65} in copy a_4

out(c, ~M_30) with ~M_30 = sign((POSS,authTuple(issuerId2,fp(pk(skI2)),ssetH,algH,verH)),skI2) at {67} in copy a_4

event IssuerSigned(pk(skI2),framed(OT_ATTEST,algH,issuerId2,fp(pk(skI2)),h(authTuple(issuerId2,fp(pk(skI2)),ssetH,algH,verH)),cvB,a_2)) at {70} in copy a_4

out(c, ~M_31) with ~M_31 = sign((BYTES,framed(OT_ATTEST,algH,issuerId2,fp(pk(skI2)),h(authTuple(issuerId2,fp(pk(skI2)),ssetH,algH,verH)),cvB,a_2)),skI2) at {75} in copy a_4

in(c, (authTuple(issuerId2,fp(~M_2),ssetH,algH,verH),sign((STMT_DIGEST,h(authTuple(issuerId2,fp(~M_2),ssetH,algH,verH))),~M_25),~M_2,~M_26,~M_29,framed(OT_ATTEST,algH,issuerId2,fp(~M_2),h(authTuple(issuerId2,fp(~M_2),ssetH,algH,verH)),cvB,a_2))) with fp(~M_2) = fp(pk(skI2)), sign((STMT_DIGEST,h(authTuple(issuerId2,fp(~M_2),ssetH,algH,verH))),~M_25) = sign((STMT_DIGEST,h(authTuple(issuerId2,fp(pk(skI2)),ssetH,algH,verH))),skS_5), ~M_2 = pk(skI2), ~M_26 = sign((POSS,authTuple(issuerId2,fp(pk(skI2)),ssetH,algH,verH)),skI2), ~M_29 = sign((BYTES,framed(OT_ATTEST,algH,issuerId2,fp(pk(skI2)),h(authTuple(issuerId2,fp(pk(skI2)),ssetH,algH,verH)),cvB,a_2)),skI2), fp(~M_2) = fp(pk(skI2)), h(authTuple(issuerId2,fp(~M_2),ssetH,algH,verH)) = h(authTuple(issuerId2,fp(pk(skI2)),ssetH,algH,verH)) at {115} in copy a_5

event AcceptInner(BASE,pk(skI2),issuerId2,framed(OT_ATTEST,algH,issuerId2,fp(pk(skI2)),h(authTuple(issuerId2,fp(pk(skI2)),ssetH,algH,verH)),cvB,a_2)) at {124} in copy a_5

out(honestCh, (pk(skI2),framed(OT_ATTEST,algH,issuerId2,fp(pk(skI2)),h(authTuple(issuerId2,fp(pk(skI2)),ssetH,algH,verH)),cvB,a_2))) at {72} in copy a_3 received at {156} in copy a_6

out(acceptCh, (BASE,pk(skI2),issuerId2,framed(OT_ATTEST,algH,issuerId2,fp(pk(skI2)),h(authTuple(issuerId2,fp(pk(skI2)),ssetH,algH,verH)),cvB,a_2))) at {126} in copy a_5 received at {157} in copy a_6

event HonestAccepted(pk(skI2),framed(OT_ATTEST,algH,issuerId2,fp(pk(skI2)),h(authTuple(issuerId2,fp(pk(skI2)),ssetH,algH,verH)),cvB,a_2)) at {160} in copy a_6 (goal)

The event HonestAccepted(pk(skI2),framed(OT_ATTEST,algH,issuerId2,fp(pk(skI2)),h(authTuple(issuerId2,fp(pk(skI2)),ssetH,algH,verH)),cvB,a_2)) is executed at {160} in copy a_6.
A trace has been found.
RESULT not event(HonestAccepted(k,fb)) is false.
-- Query not event(VersionLied(fbWq,cvRec,cvAct)) in process 1.
Translating the process into Horn clauses...
Completing...
200 rules inserted. Base: 166 rules (78 with conclusion selected). Queue: 43 rules.
400 rules inserted. Base: 182 rules (78 with conclusion selected). Queue: 92 rules.
600 rules inserted. Base: 183 rules (86 with conclusion selected). Queue: 209 rules.
800 rules inserted. Base: 215 rules (98 with conclusion selected). Queue: 196 rules.
1000 rules inserted. Base: 243 rules (102 with conclusion selected). Queue: 168 rules.
1200 rules inserted. Base: 250 rules (103 with conclusion selected). Queue: 161 rules.
1400 rules inserted. Base: 276 rules (105 with conclusion selected). Queue: 149 rules.
1600 rules inserted. Base: 374 rules (105 with conclusion selected). Queue: 54 rules.
Starting query not event(VersionLied(fbWq,cvRec,cvAct))
goal reachable: cvRec ≠ cvAct && attacker(idW_6) && attacker(k) && attacker(ssW_1) && attacker(algW_1) && attacker(verW_1) && attacker(cvW_4) && attacker(cvRec) && attacker(otJv_1) && attacker(algJv_1) && attacker(idJv_1) && attacker(kfpJv_1) && attacker(mhJv_1) && attacker(cvAct) && attacker(plJv_1) && attacker(sgI_4) -> event(VersionLied(framed(OT_WRAPPER,algW_1,idW_6,fp(pk(k)),h(authTuple(idW_6,fp(pk(k)),ssW_1,algW_1,verW_1)),cvW_4,wrap(cvRec,(framed(otJv_1,algJv_1,idJv_1,kfpJv_1,mhJv_1,cvAct,plJv_1),sgI_4))),cvRec,cvAct))

Derivation:

1. The attacker has some term ppfI_4.
attacker(ppfI_4).

2. The attacker has some term kI_2.
attacker(kI_2).

3. The attacker has some term evI_2.
attacker(evI_2).

4. The attacker has some term tI_2.
attacker(tI_2).

5. We assume as hypothesis that
attacker(sgI_4).

6. We assume as hypothesis that
attacker(plJv_1).

7. We assume as hypothesis that
attacker(cvAct).

8. We assume as hypothesis that
attacker(mhJv_1).

9. We assume as hypothesis that
attacker(kfpJv_1).

10. We assume as hypothesis that
attacker(idJv_1).

11. We assume as hypothesis that
attacker(algJv_1).

12. We assume as hypothesis that
attacker(otJv_1).

13. By 12, the attacker may know otJv_1.
By 11, the attacker may know algJv_1.
By 10, the attacker may know idJv_1.
By 9, the attacker may know kfpJv_1.
By 8, the attacker may know mhJv_1.
By 7, the attacker may know cvAct.
By 6, the attacker may know plJv_1.
Using the function framed the attacker may obtain framed(otJv_1,algJv_1,idJv_1,kfpJv_1,mhJv_1,cvAct,plJv_1).
attacker(framed(otJv_1,algJv_1,idJv_1,kfpJv_1,mhJv_1,cvAct,plJv_1)).

14. By 13, the attacker may know framed(otJv_1,algJv_1,idJv_1,kfpJv_1,mhJv_1,cvAct,plJv_1).
By 5, the attacker may know sgI_4.
Using the function 2-tuple the attacker may obtain (framed(otJv_1,algJv_1,idJv_1,kfpJv_1,mhJv_1,cvAct,plJv_1),sgI_4).
attacker((framed(otJv_1,algJv_1,idJv_1,kfpJv_1,mhJv_1,cvAct,plJv_1),sgI_4)).

15. We assume as hypothesis that
attacker(cvRec).

16. By 15, the attacker may know cvRec.
By 14, the attacker may know (framed(otJv_1,algJv_1,idJv_1,kfpJv_1,mhJv_1,cvAct,plJv_1),sgI_4).
Using the function wrap the attacker may obtain wrap(cvRec,(framed(otJv_1,algJv_1,idJv_1,kfpJv_1,mhJv_1,cvAct,plJv_1),sgI_4)).
attacker(wrap(cvRec,(framed(otJv_1,algJv_1,idJv_1,kfpJv_1,mhJv_1,cvAct,plJv_1),sgI_4))).

17. We assume as hypothesis that
attacker(cvW_4).

18. We assume as hypothesis that
attacker(verW_1).

19. We assume as hypothesis that
attacker(algW_1).

20. We assume as hypothesis that
attacker(ssW_1).

21. We assume as hypothesis that
attacker(k).

22. By 21, the attacker may know k.
Using the function pk the attacker may obtain pk(k).
attacker(pk(k)).

23. By 22, the attacker may know pk(k).
Using the function fp the attacker may obtain fp(pk(k)).
attacker(fp(pk(k))).

24. We assume as hypothesis that
attacker(idW_6).

25. By 24, the attacker may know idW_6.
By 23, the attacker may know fp(pk(k)).
By 20, the attacker may know ssW_1.
By 19, the attacker may know algW_1.
By 18, the attacker may know verW_1.
Using the function authTuple the attacker may obtain authTuple(idW_6,fp(pk(k)),ssW_1,algW_1,verW_1).
attacker(authTuple(idW_6,fp(pk(k)),ssW_1,algW_1,verW_1)).

26. By 25, the attacker may know authTuple(idW_6,fp(pk(k)),ssW_1,algW_1,verW_1).
Using the function h the attacker may obtain h(authTuple(idW_6,fp(pk(k)),ssW_1,algW_1,verW_1)).
attacker(h(authTuple(idW_6,fp(pk(k)),ssW_1,algW_1,verW_1))).

27. Using the function OT_WRAPPER the attacker may obtain OT_WRAPPER.
attacker(OT_WRAPPER).

28. By 27, the attacker may know OT_WRAPPER.
By 19, the attacker may know algW_1.
By 24, the attacker may know idW_6.
By 23, the attacker may know fp(pk(k)).
By 26, the attacker may know h(authTuple(idW_6,fp(pk(k)),ssW_1,algW_1,verW_1)).
By 17, the attacker may know cvW_4.
By 16, the attacker may know wrap(cvRec,(framed(otJv_1,algJv_1,idJv_1,kfpJv_1,mhJv_1,cvAct,plJv_1),sgI_4)).
Using the function framed the attacker may obtain framed(OT_WRAPPER,algW_1,idW_6,fp(pk(k)),h(authTuple(idW_6,fp(pk(k)),ssW_1,algW_1,verW_1)),cvW_4,wrap(cvRec,(framed(otJv_1,algJv_1,idJv_1,kfpJv_1,mhJv_1,cvAct,plJv_1),sgI_4))).
attacker(framed(OT_WRAPPER,algW_1,idW_6,fp(pk(k)),h(authTuple(idW_6,fp(pk(k)),ssW_1,algW_1,verW_1)),cvW_4,wrap(cvRec,(framed(otJv_1,algJv_1,idJv_1,kfpJv_1,mhJv_1,cvAct,plJv_1),sgI_4)))).

29. Using the function BYTES the attacker may obtain BYTES.
attacker(BYTES).

30. By 29, the attacker may know BYTES.
By 28, the attacker may know framed(OT_WRAPPER,algW_1,idW_6,fp(pk(k)),h(authTuple(idW_6,fp(pk(k)),ssW_1,algW_1,verW_1)),cvW_4,wrap(cvRec,(framed(otJv_1,algJv_1,idJv_1,kfpJv_1,mhJv_1,cvAct,plJv_1),sgI_4))).
Using the function 2-tuple the attacker may obtain (BYTES,framed(OT_WRAPPER,algW_1,idW_6,fp(pk(k)),h(authTuple(idW_6,fp(pk(k)),ssW_1,algW_1,verW_1)),cvW_4,wrap(cvRec,(framed(otJv_1,algJv_1,idJv_1,kfpJv_1,mhJv_1,cvAct,plJv_1),sgI_4)))).
attacker((BYTES,framed(OT_WRAPPER,algW_1,idW_6,fp(pk(k)),h(authTuple(idW_6,fp(pk(k)),ssW_1,algW_1,verW_1)),cvW_4,wrap(cvRec,(framed(otJv_1,algJv_1,idJv_1,kfpJv_1,mhJv_1,cvAct,plJv_1),sgI_4))))).

31. By 30, the attacker may know (BYTES,framed(OT_WRAPPER,algW_1,idW_6,fp(pk(k)),h(authTuple(idW_6,fp(pk(k)),ssW_1,algW_1,verW_1)),cvW_4,wrap(cvRec,(framed(otJv_1,algJv_1,idJv_1,kfpJv_1,mhJv_1,cvAct,plJv_1),sgI_4)))).
By 21, the attacker may know k.
Using the function sign the attacker may obtain sign((BYTES,framed(OT_WRAPPER,algW_1,idW_6,fp(pk(k)),h(authTuple(idW_6,fp(pk(k)),ssW_1,algW_1,verW_1)),cvW_4,wrap(cvRec,(framed(otJv_1,algJv_1,idJv_1,kfpJv_1,mhJv_1,cvAct,plJv_1),sgI_4)))),k).
attacker(sign((BYTES,framed(OT_WRAPPER,algW_1,idW_6,fp(pk(k)),h(authTuple(idW_6,fp(pk(k)),ssW_1,algW_1,verW_1)),cvW_4,wrap(cvRec,(framed(otJv_1,algJv_1,idJv_1,kfpJv_1,mhJv_1,cvAct,plJv_1),sgI_4)))),k)).

32. Using the function POSS the attacker may obtain POSS.
attacker(POSS).

33. By 32, the attacker may know POSS.
By 25, the attacker may know authTuple(idW_6,fp(pk(k)),ssW_1,algW_1,verW_1).
Using the function 2-tuple the attacker may obtain (POSS,authTuple(idW_6,fp(pk(k)),ssW_1,algW_1,verW_1)).
attacker((POSS,authTuple(idW_6,fp(pk(k)),ssW_1,algW_1,verW_1))).

34. By 33, the attacker may know (POSS,authTuple(idW_6,fp(pk(k)),ssW_1,algW_1,verW_1)).
By 21, the attacker may know k.
Using the function sign the attacker may obtain sign((POSS,authTuple(idW_6,fp(pk(k)),ssW_1,algW_1,verW_1)),k).
attacker(sign((POSS,authTuple(idW_6,fp(pk(k)),ssW_1,algW_1,verW_1)),k)).

35. The message skS[] may be sent to the attacker at output {15}.
attacker(skS[]).

36. Using the function STMT_DIGEST the attacker may obtain STMT_DIGEST.
attacker(STMT_DIGEST).

37. By 36, the attacker may know STMT_DIGEST.
By 26, the attacker may know h(authTuple(idW_6,fp(pk(k)),ssW_1,algW_1,verW_1)).
Using the function 2-tuple the attacker may obtain (STMT_DIGEST,h(authTuple(idW_6,fp(pk(k)),ssW_1,algW_1,verW_1))).
attacker((STMT_DIGEST,h(authTuple(idW_6,fp(pk(k)),ssW_1,algW_1,verW_1)))).

38. By 37, the attacker may know (STMT_DIGEST,h(authTuple(idW_6,fp(pk(k)),ssW_1,algW_1,verW_1))).
By 35, the attacker may know skS[].
Using the function sign the attacker may obtain sign((STMT_DIGEST,h(authTuple(idW_6,fp(pk(k)),ssW_1,algW_1,verW_1))),skS[]).
attacker(sign((STMT_DIGEST,h(authTuple(idW_6,fp(pk(k)),ssW_1,algW_1,verW_1))),skS[])).

39. By 25, the attacker may know authTuple(idW_6,fp(pk(k)),ssW_1,algW_1,verW_1).
By 38, the attacker may know sign((STMT_DIGEST,h(authTuple(idW_6,fp(pk(k)),ssW_1,algW_1,verW_1))),skS[]).
By 22, the attacker may know pk(k).
By 34, the attacker may know sign((POSS,authTuple(idW_6,fp(pk(k)),ssW_1,algW_1,verW_1)),k).
By 31, the attacker may know sign((BYTES,framed(OT_WRAPPER,algW_1,idW_6,fp(pk(k)),h(authTuple(idW_6,fp(pk(k)),ssW_1,algW_1,verW_1)),cvW_4,wrap(cvRec,(framed(otJv_1,algJv_1,idJv_1,kfpJv_1,mhJv_1,cvAct,plJv_1),sgI_4)))),k).
By 28, the attacker may know framed(OT_WRAPPER,algW_1,idW_6,fp(pk(k)),h(authTuple(idW_6,fp(pk(k)),ssW_1,algW_1,verW_1)),cvW_4,wrap(cvRec,(framed(otJv_1,algJv_1,idJv_1,kfpJv_1,mhJv_1,cvAct,plJv_1),sgI_4))).
By 4, the attacker may know tI_2.
By 3, the attacker may know evI_2.
By 2, the attacker may know kI_2.
By 1, the attacker may know ppfI_4.
Using the function 10-tuple the attacker may obtain (authTuple(idW_6,fp(pk(k)),ssW_1,algW_1,verW_1),sign((STMT_DIGEST,h(authTuple(idW_6,fp(pk(k)),ssW_1,algW_1,verW_1))),skS[]),pk(k),sign((POSS,authTuple(idW_6,fp(pk(k)),ssW_1,algW_1,verW_1)),k),sign((BYTES,framed(OT_WRAPPER,algW_1,idW_6,fp(pk(k)),h(authTuple(idW_6,fp(pk(k)),ssW_1,algW_1,verW_1)),cvW_4,wrap(cvRec,(framed(otJv_1,algJv_1,idJv_1,kfpJv_1,mhJv_1,cvAct,plJv_1),sgI_4)))),k),framed(OT_WRAPPER,algW_1,idW_6,fp(pk(k)),h(authTuple(idW_6,fp(pk(k)),ssW_1,algW_1,verW_1)),cvW_4,wrap(cvRec,(framed(otJv_1,algJv_1,idJv_1,kfpJv_1,mhJv_1,cvAct,plJv_1),sgI_4))),tI_2,evI_2,kI_2,ppfI_4).
attacker((authTuple(idW_6,fp(pk(k)),ssW_1,algW_1,verW_1),sign((STMT_DIGEST,h(authTuple(idW_6,fp(pk(k)),ssW_1,algW_1,verW_1))),skS[]),pk(k),sign((POSS,authTuple(idW_6,fp(pk(k)),ssW_1,algW_1,verW_1)),k),sign((BYTES,framed(OT_WRAPPER,algW_1,idW_6,fp(pk(k)),h(authTuple(idW_6,fp(pk(k)),ssW_1,algW_1,verW_1)),cvW_4,wrap(cvRec,(framed(otJv_1,algJv_1,idJv_1,kfpJv_1,mhJv_1,cvAct,plJv_1),sgI_4)))),k),framed(OT_WRAPPER,algW_1,idW_6,fp(pk(k)),h(authTuple(idW_6,fp(pk(k)),ssW_1,algW_1,verW_1)),cvW_4,wrap(cvRec,(framed(otJv_1,algJv_1,idJv_1,kfpJv_1,mhJv_1,cvAct,plJv_1),sgI_4))),tI_2,evI_2,kI_2,ppfI_4)).

40. The message (authTuple(idW_6,fp(pk(k)),ssW_1,algW_1,verW_1),sign((STMT_DIGEST,h(authTuple(idW_6,fp(pk(k)),ssW_1,algW_1,verW_1))),skS[]),pk(k),sign((POSS,authTuple(idW_6,fp(pk(k)),ssW_1,algW_1,verW_1)),k),sign((BYTES,framed(OT_WRAPPER,algW_1,idW_6,fp(pk(k)),h(authTuple(idW_6,fp(pk(k)),ssW_1,algW_1,verW_1)),cvW_4,wrap(cvRec,(framed(otJv_1,algJv_1,idJv_1,kfpJv_1,mhJv_1,cvAct,plJv_1),sgI_4)))),k),framed(OT_WRAPPER,algW_1,idW_6,fp(pk(k)),h(authTuple(idW_6,fp(pk(k)),ssW_1,algW_1,verW_1)),cvW_4,wrap(cvRec,(framed(otJv_1,algJv_1,idJv_1,kfpJv_1,mhJv_1,cvAct,plJv_1),sgI_4))),tI_2,evI_2,kI_2,ppfI_4) that the attacker may have by 39 may be received at input {131}.
So the message (framed(OT_WRAPPER,algW_1,idW_6,fp(pk(k)),h(authTuple(idW_6,fp(pk(k)),ssW_1,algW_1,verW_1)),cvW_4,wrap(cvRec,(framed(otJv_1,algJv_1,idJv_1,kfpJv_1,mhJv_1,cvAct,plJv_1),sgI_4))),cvRec,framed(otJv_1,algJv_1,idJv_1,kfpJv_1,mhJv_1,cvAct,plJv_1)) may be sent on channel versionCh[] at output {141}.
mess(versionCh[],(framed(OT_WRAPPER,algW_1,idW_6,fp(pk(k)),h(authTuple(idW_6,fp(pk(k)),ssW_1,algW_1,verW_1)),cvW_4,wrap(cvRec,(framed(otJv_1,algJv_1,idJv_1,kfpJv_1,mhJv_1,cvAct,plJv_1),sgI_4))),cvRec,framed(otJv_1,algJv_1,idJv_1,kfpJv_1,mhJv_1,cvAct,plJv_1))).

41. The message (framed(OT_WRAPPER,algW_1,idW_6,fp(pk(k)),h(authTuple(idW_6,fp(pk(k)),ssW_1,algW_1,verW_1)),cvW_4,wrap(cvRec,(framed(otJv_1,algJv_1,idJv_1,kfpJv_1,mhJv_1,cvAct,plJv_1),sgI_4))),cvRec,framed(otJv_1,algJv_1,idJv_1,kfpJv_1,mhJv_1,cvAct,plJv_1)) that may be sent on channel versionCh[] by 40 may be received at input {179}.
We have cvRec ≠ cvAct.
So event VersionLied(framed(OT_WRAPPER,algW_1,idW_6,fp(pk(k)),h(authTuple(idW_6,fp(pk(k)),ssW_1,algW_1,verW_1)),cvW_4,wrap(cvRec,(framed(otJv_1,algJv_1,idJv_1,kfpJv_1,mhJv_1,cvAct,plJv_1),sgI_4))),cvRec,cvAct) may be executed at {182}.
event(VersionLied(framed(OT_WRAPPER,algW_1,idW_6,fp(pk(k)),h(authTuple(idW_6,fp(pk(k)),ssW_1,algW_1,verW_1)),cvW_4,wrap(cvRec,(framed(otJv_1,algJv_1,idJv_1,kfpJv_1,mhJv_1,cvAct,plJv_1),sgI_4))),cvRec,cvAct)).

42. By 41, event(VersionLied(framed(OT_WRAPPER,algW_1,idW_6,fp(pk(k)),h(authTuple(idW_6,fp(pk(k)),ssW_1,algW_1,verW_1)),cvW_4,wrap(cvRec,(framed(otJv_1,algJv_1,idJv_1,kfpJv_1,mhJv_1,cvAct,plJv_1),sgI_4))),cvRec,cvAct)).
The goal is reached, represented in the following fact:
event(VersionLied(framed(OT_WRAPPER,algW_1,idW_6,fp(pk(k)),h(authTuple(idW_6,fp(pk(k)),ssW_1,algW_1,verW_1)),cvW_4,wrap(cvRec,(framed(otJv_1,algJv_1,idJv_1,kfpJv_1,mhJv_1,cvAct,plJv_1),sgI_4))),cvRec,cvAct)).


A more detailed output of the traces is available with
  set traceDisplay = long.

new skS: skey creating skS_5 at {1}

out(c, ~M) with ~M = pk(skS_5) at {6}

out(c, ~M_1) with ~M_1 = pk(skI1) at {7}

out(c, ~M_2) with ~M_2 = pk(skI2) at {8}

out(c, ~M_3) with ~M_3 = pk(skW1) at {9}

out(c, ~M_4) with ~M_4 = pk(skW2) at {10}

out(c, authTuple(~M_5,~M_6,~M_7,~M_8,~M_9)) with ~M_5 = issuerId, ~M_6 = fp(pk(skI1)), ~M_7 = ssetH, ~M_8 = algH, ~M_9 = verH at {11}

out(c, authTuple(~M_10,~M_11,~M_12,~M_13,~M_14)) with ~M_10 = issuerId2, ~M_11 = fp(pk(skI2)), ~M_12 = ssetH, ~M_13 = algH, ~M_14 = verH at {12}

out(c, authTuple(~M_15,~M_16,~M_17,~M_18,~M_19)) with ~M_15 = idW1, ~M_16 = fp(pk(skW1)), ~M_17 = ssetH, ~M_18 = algH, ~M_19 = verH at {13}

out(c, authTuple(~M_20,~M_21,~M_22,~M_23,~M_24)) with ~M_20 = idW2, ~M_21 = fp(pk(skW2)), ~M_22 = ssetH, ~M_23 = algH, ~M_24 = verH at {14}

out(c, ~M_25) with ~M_25 = skS_5 at {15}

in(c, (authTuple(a,fp(pk(a_1)),a_2,a_3,a_4),sign((STMT_DIGEST,h(authTuple(a,fp(pk(a_1)),a_2,a_3,a_4))),~M_25),pk(a_1),sign((POSS,authTuple(a,fp(pk(a_1)),a_2,a_3,a_4)),a_1),sign((BYTES,framed(OT_WRAPPER,a_3,a,fp(pk(a_1)),h(authTuple(a,fp(pk(a_1)),a_2,a_3,a_4)),a_5,wrap(a_6,(framed(a_7,a_8,a_9,a_10,a_11,a_12,a_13),a_14)))),a_1),framed(OT_WRAPPER,a_3,a,fp(pk(a_1)),h(authTuple(a,fp(pk(a_1)),a_2,a_3,a_4)),a_5,wrap(a_6,(framed(a_7,a_8,a_9,a_10,a_11,a_12,a_13),a_14))),a_15,a_16,a_17,a_18)) with sign((STMT_DIGEST,h(authTuple(a,fp(pk(a_1)),a_2,a_3,a_4))),~M_25) = sign((STMT_DIGEST,h(authTuple(a,fp(pk(a_1)),a_2,a_3,a_4))),skS_5) at {131} in copy a_19

event AcceptOuter(pk(a_1),a,framed(OT_WRAPPER,a_3,a,fp(pk(a_1)),h(authTuple(a,fp(pk(a_1)),a_2,a_3,a_4)),a_5,wrap(a_6,(framed(a_7,a_8,a_9,a_10,a_11,a_12,a_13),a_14)))) at {139} in copy a_19

out(versionCh, (framed(OT_WRAPPER,a_3,a,fp(pk(a_1)),h(authTuple(a,fp(pk(a_1)),a_2,a_3,a_4)),a_5,wrap(a_6,(framed(a_7,a_8,a_9,a_10,a_11,a_12,a_13),a_14))),a_6,framed(a_7,a_8,a_9,a_10,a_11,a_12,a_13))) at {141} in copy a_19 received at {179} in copy a_20

event VersionLied(framed(OT_WRAPPER,a_3,a,fp(pk(a_1)),h(authTuple(a,fp(pk(a_1)),a_2,a_3,a_4)),a_5,wrap(a_6,(framed(a_7,a_8,a_9,a_10,a_11,a_12,a_13),a_14))),a_6,a_12) at {182} in copy a_20 (goal)

The event VersionLied(framed(OT_WRAPPER,a_3,a,fp(pk(a_1)),h(authTuple(a,fp(pk(a_1)),a_2,a_3,a_4)),a_5,wrap(a_6,(framed(a_7,a_8,a_9,a_10,a_11,a_12,a_13),a_14))),a_6,a_12) is executed at {182} in copy a_20.
A trace has been found.
RESULT not event(VersionLied(fbWq,cvRec,cvAct)) is false.
-- Query not event(VersionLied(framed(OT_WRAPPER,algH[],idW1[],fp(pk(skW1[])),h(authTuple(idW1[],fp(pk(skW1[])),ssetH[],algH[],verH[])),cvB[],wrap(cvB[],(framed(OT_ATTEST,algH[],issuerId[],fp(pk(skI1[])),h(authTuple(issuerId[],fp(pk(skI1[])),ssetH[],algH[],verH[])),cvA[],reviewPayload[]),sign((BYTES,framed(OT_ATTEST,algH[],issuerId[],fp(pk(skI1[])),h(authTuple(issuerId[],fp(pk(skI1[])),ssetH[],algH[],verH[])),cvA[],reviewPayload[])),skI1[])))),cvB[],cvA[])) in process 1.
Translating the process into Horn clauses...
Completing...
200 rules inserted. Base: 166 rules (78 with conclusion selected). Queue: 43 rules.
400 rules inserted. Base: 182 rules (78 with conclusion selected). Queue: 92 rules.
600 rules inserted. Base: 183 rules (86 with conclusion selected). Queue: 209 rules.
800 rules inserted. Base: 215 rules (98 with conclusion selected). Queue: 196 rules.
1000 rules inserted. Base: 243 rules (102 with conclusion selected). Queue: 168 rules.
1200 rules inserted. Base: 250 rules (103 with conclusion selected). Queue: 161 rules.
1400 rules inserted. Base: 276 rules (105 with conclusion selected). Queue: 149 rules.
1600 rules inserted. Base: 374 rules (105 with conclusion selected). Queue: 54 rules.
Starting query not event(VersionLied(framed(OT_WRAPPER,algH[],idW1[],fp(pk(skW1[])),h(authTuple(idW1[],fp(pk(skW1[])),ssetH[],algH[],verH[])),cvB[],wrap(cvB[],(framed(OT_ATTEST,algH[],issuerId[],fp(pk(skI1[])),h(authTuple(issuerId[],fp(pk(skI1[])),ssetH[],algH[],verH[])),cvA[],reviewPayload[]),sign((BYTES,framed(OT_ATTEST,algH[],issuerId[],fp(pk(skI1[])),h(authTuple(issuerId[],fp(pk(skI1[])),ssetH[],algH[],verH[])),cvA[],reviewPayload[])),skI1[])))),cvB[],cvA[]))
goal reachable: event(VersionLied(framed(OT_WRAPPER,algH[],idW1[],fp(pk(skW1[])),h(authTuple(idW1[],fp(pk(skW1[])),ssetH[],algH[],verH[])),cvB[],wrap(cvB[],(framed(OT_ATTEST,algH[],issuerId[],fp(pk(skI1[])),h(authTuple(issuerId[],fp(pk(skI1[])),ssetH[],algH[],verH[])),cvA[],reviewPayload[]),sign((BYTES,framed(OT_ATTEST,algH[],issuerId[],fp(pk(skI1[])),h(authTuple(issuerId[],fp(pk(skI1[])),ssetH[],algH[],verH[])),cvA[],reviewPayload[])),skI1[])))),cvB[],cvA[]))

Derivation:

1. The attacker has some term ppfI_4.
attacker(ppfI_4).

2. The attacker has some term kI_2.
attacker(kI_2).

3. The attacker has some term evI_2.
attacker(evI_2).

4. The attacker has some term tI_2.
attacker(tI_2).

5. The attacker initially knows reviewPayload[].
attacker(reviewPayload[]).

6. The message reviewPayload[] that the attacker may have by 5 may be received at input {36}.
So the message sign((BYTES,framed(OT_ATTEST,algH[],issuerId[],fp(pk(skI1[])),h(authTuple(issuerId[],fp(pk(skI1[])),ssetH[],algH[],verH[])),cvA[],reviewPayload[])),skI1[]) may be sent to the attacker at output {47}.
attacker(sign((BYTES,framed(OT_ATTEST,algH[],issuerId[],fp(pk(skI1[])),h(authTuple(issuerId[],fp(pk(skI1[])),ssetH[],algH[],verH[])),cvA[],reviewPayload[])),skI1[])).

7. The attacker initially knows cvA[].
attacker(cvA[]).

8. The attacker initially knows verH[].
attacker(verH[]).

9. The attacker initially knows algH[].
attacker(algH[]).

10. The attacker initially knows ssetH[].
attacker(ssetH[]).

11. The message pk(skI1[]) may be sent to the attacker at output {7}.
attacker(pk(skI1[])).

12. By 11, the attacker may know pk(skI1[]).
Using the function fp the attacker may obtain fp(pk(skI1[])).
attacker(fp(pk(skI1[]))).

13. The attacker initially knows issuerId[].
attacker(issuerId[]).

14. By 13, the attacker may know issuerId[].
By 12, the attacker may know fp(pk(skI1[])).
By 10, the attacker may know ssetH[].
By 9, the attacker may know algH[].
By 8, the attacker may know verH[].
Using the function authTuple the attacker may obtain authTuple(issuerId[],fp(pk(skI1[])),ssetH[],algH[],verH[]).
attacker(authTuple(issuerId[],fp(pk(skI1[])),ssetH[],algH[],verH[])).

15. By 14, the attacker may know authTuple(issuerId[],fp(pk(skI1[])),ssetH[],algH[],verH[]).
Using the function h the attacker may obtain h(authTuple(issuerId[],fp(pk(skI1[])),ssetH[],algH[],verH[])).
attacker(h(authTuple(issuerId[],fp(pk(skI1[])),ssetH[],algH[],verH[]))).

16. Using the function OT_ATTEST the attacker may obtain OT_ATTEST.
attacker(OT_ATTEST).

17. By 16, the attacker may know OT_ATTEST.
By 9, the attacker may know algH[].
By 13, the attacker may know issuerId[].
By 12, the attacker may know fp(pk(skI1[])).
By 15, the attacker may know h(authTuple(issuerId[],fp(pk(skI1[])),ssetH[],algH[],verH[])).
By 7, the attacker may know cvA[].
By 5, the attacker may know reviewPayload[].
Using the function framed the attacker may obtain framed(OT_ATTEST,algH[],issuerId[],fp(pk(skI1[])),h(authTuple(issuerId[],fp(pk(skI1[])),ssetH[],algH[],verH[])),cvA[],reviewPayload[]).
attacker(framed(OT_ATTEST,algH[],issuerId[],fp(pk(skI1[])),h(authTuple(issuerId[],fp(pk(skI1[])),ssetH[],algH[],verH[])),cvA[],reviewPayload[])).

18. By 17, the attacker may know framed(OT_ATTEST,algH[],issuerId[],fp(pk(skI1[])),h(authTuple(issuerId[],fp(pk(skI1[])),ssetH[],algH[],verH[])),cvA[],reviewPayload[]).
By 6, the attacker may know sign((BYTES,framed(OT_ATTEST,algH[],issuerId[],fp(pk(skI1[])),h(authTuple(issuerId[],fp(pk(skI1[])),ssetH[],algH[],verH[])),cvA[],reviewPayload[])),skI1[]).
Using the function 2-tuple the attacker may obtain (framed(OT_ATTEST,algH[],issuerId[],fp(pk(skI1[])),h(authTuple(issuerId[],fp(pk(skI1[])),ssetH[],algH[],verH[])),cvA[],reviewPayload[]),sign((BYTES,framed(OT_ATTEST,algH[],issuerId[],fp(pk(skI1[])),h(authTuple(issuerId[],fp(pk(skI1[])),ssetH[],algH[],verH[])),cvA[],reviewPayload[])),skI1[])).
attacker((framed(OT_ATTEST,algH[],issuerId[],fp(pk(skI1[])),h(authTuple(issuerId[],fp(pk(skI1[])),ssetH[],algH[],verH[])),cvA[],reviewPayload[]),sign((BYTES,framed(OT_ATTEST,algH[],issuerId[],fp(pk(skI1[])),h(authTuple(issuerId[],fp(pk(skI1[])),ssetH[],algH[],verH[])),cvA[],reviewPayload[])),skI1[]))).

19. The attacker initially knows cvB[].
attacker(cvB[]).

20. By 19, the attacker may know cvB[].
By 18, the attacker may know (framed(OT_ATTEST,algH[],issuerId[],fp(pk(skI1[])),h(authTuple(issuerId[],fp(pk(skI1[])),ssetH[],algH[],verH[])),cvA[],reviewPayload[]),sign((BYTES,framed(OT_ATTEST,algH[],issuerId[],fp(pk(skI1[])),h(authTuple(issuerId[],fp(pk(skI1[])),ssetH[],algH[],verH[])),cvA[],reviewPayload[])),skI1[])).
Using the function wrap the attacker may obtain wrap(cvB[],(framed(OT_ATTEST,algH[],issuerId[],fp(pk(skI1[])),h(authTuple(issuerId[],fp(pk(skI1[])),ssetH[],algH[],verH[])),cvA[],reviewPayload[]),sign((BYTES,framed(OT_ATTEST,algH[],issuerId[],fp(pk(skI1[])),h(authTuple(issuerId[],fp(pk(skI1[])),ssetH[],algH[],verH[])),cvA[],reviewPayload[])),skI1[]))).
attacker(wrap(cvB[],(framed(OT_ATTEST,algH[],issuerId[],fp(pk(skI1[])),h(authTuple(issuerId[],fp(pk(skI1[])),ssetH[],algH[],verH[])),cvA[],reviewPayload[]),sign((BYTES,framed(OT_ATTEST,algH[],issuerId[],fp(pk(skI1[])),h(authTuple(issuerId[],fp(pk(skI1[])),ssetH[],algH[],verH[])),cvA[],reviewPayload[])),skI1[])))).

21. The message pk(skW1[]) may be sent to the attacker at output {9}.
attacker(pk(skW1[])).

22. By 21, the attacker may know pk(skW1[]).
Using the function fp the attacker may obtain fp(pk(skW1[])).
attacker(fp(pk(skW1[]))).

23. The attacker initially knows idW1[].
attacker(idW1[]).

24. By 23, the attacker may know idW1[].
By 22, the attacker may know fp(pk(skW1[])).
By 10, the attacker may know ssetH[].
By 9, the attacker may know algH[].
By 8, the attacker may know verH[].
Using the function authTuple the attacker may obtain authTuple(idW1[],fp(pk(skW1[])),ssetH[],algH[],verH[]).
attacker(authTuple(idW1[],fp(pk(skW1[])),ssetH[],algH[],verH[])).

25. By 24, the attacker may know authTuple(idW1[],fp(pk(skW1[])),ssetH[],algH[],verH[]).
Using the function h the attacker may obtain h(authTuple(idW1[],fp(pk(skW1[])),ssetH[],algH[],verH[])).
attacker(h(authTuple(idW1[],fp(pk(skW1[])),ssetH[],algH[],verH[]))).

26. Using the function OT_WRAPPER the attacker may obtain OT_WRAPPER.
attacker(OT_WRAPPER).

27. By 26, the attacker may know OT_WRAPPER.
By 9, the attacker may know algH[].
By 23, the attacker may know idW1[].
By 22, the attacker may know fp(pk(skW1[])).
By 25, the attacker may know h(authTuple(idW1[],fp(pk(skW1[])),ssetH[],algH[],verH[])).
By 19, the attacker may know cvB[].
By 20, the attacker may know wrap(cvB[],(framed(OT_ATTEST,algH[],issuerId[],fp(pk(skI1[])),h(authTuple(issuerId[],fp(pk(skI1[])),ssetH[],algH[],verH[])),cvA[],reviewPayload[]),sign((BYTES,framed(OT_ATTEST,algH[],issuerId[],fp(pk(skI1[])),h(authTuple(issuerId[],fp(pk(skI1[])),ssetH[],algH[],verH[])),cvA[],reviewPayload[])),skI1[]))).
Using the function framed the attacker may obtain framed(OT_WRAPPER,algH[],idW1[],fp(pk(skW1[])),h(authTuple(idW1[],fp(pk(skW1[])),ssetH[],algH[],verH[])),cvB[],wrap(cvB[],(framed(OT_ATTEST,algH[],issuerId[],fp(pk(skI1[])),h(authTuple(issuerId[],fp(pk(skI1[])),ssetH[],algH[],verH[])),cvA[],reviewPayload[]),sign((BYTES,framed(OT_ATTEST,algH[],issuerId[],fp(pk(skI1[])),h(authTuple(issuerId[],fp(pk(skI1[])),ssetH[],algH[],verH[])),cvA[],reviewPayload[])),skI1[])))).
attacker(framed(OT_WRAPPER,algH[],idW1[],fp(pk(skW1[])),h(authTuple(idW1[],fp(pk(skW1[])),ssetH[],algH[],verH[])),cvB[],wrap(cvB[],(framed(OT_ATTEST,algH[],issuerId[],fp(pk(skI1[])),h(authTuple(issuerId[],fp(pk(skI1[])),ssetH[],algH[],verH[])),cvA[],reviewPayload[]),sign((BYTES,framed(OT_ATTEST,algH[],issuerId[],fp(pk(skI1[])),h(authTuple(issuerId[],fp(pk(skI1[])),ssetH[],algH[],verH[])),cvA[],reviewPayload[])),skI1[]))))).

28. By 19, the attacker may know cvB[].
By 17, the attacker may know framed(OT_ATTEST,algH[],issuerId[],fp(pk(skI1[])),h(authTuple(issuerId[],fp(pk(skI1[])),ssetH[],algH[],verH[])),cvA[],reviewPayload[]).
By 6, the attacker may know sign((BYTES,framed(OT_ATTEST,algH[],issuerId[],fp(pk(skI1[])),h(authTuple(issuerId[],fp(pk(skI1[])),ssetH[],algH[],verH[])),cvA[],reviewPayload[])),skI1[]).
Using the function 3-tuple the attacker may obtain (cvB[],framed(OT_ATTEST,algH[],issuerId[],fp(pk(skI1[])),h(authTuple(issuerId[],fp(pk(skI1[])),ssetH[],algH[],verH[])),cvA[],reviewPayload[]),sign((BYTES,framed(OT_ATTEST,algH[],issuerId[],fp(pk(skI1[])),h(authTuple(issuerId[],fp(pk(skI1[])),ssetH[],algH[],verH[])),cvA[],reviewPayload[])),skI1[])).
attacker((cvB[],framed(OT_ATTEST,algH[],issuerId[],fp(pk(skI1[])),h(authTuple(issuerId[],fp(pk(skI1[])),ssetH[],algH[],verH[])),cvA[],reviewPayload[]),sign((BYTES,framed(OT_ATTEST,algH[],issuerId[],fp(pk(skI1[])),h(authTuple(issuerId[],fp(pk(skI1[])),ssetH[],algH[],verH[])),cvA[],reviewPayload[])),skI1[]))).

29. The message (cvB[],framed(OT_ATTEST,algH[],issuerId[],fp(pk(skI1[])),h(authTuple(issuerId[],fp(pk(skI1[])),ssetH[],algH[],verH[])),cvA[],reviewPayload[]),sign((BYTES,framed(OT_ATTEST,algH[],issuerId[],fp(pk(skI1[])),h(authTuple(issuerId[],fp(pk(skI1[])),ssetH[],algH[],verH[])),cvA[],reviewPayload[])),skI1[])) that the attacker may have by 28 may be received at input {93}.
So the message sign((BYTES,framed(OT_WRAPPER,algH[],idW1[],fp(pk(skW1[])),h(authTuple(idW1[],fp(pk(skW1[])),ssetH[],algH[],verH[])),cvB[],wrap(cvB[],(framed(OT_ATTEST,algH[],issuerId[],fp(pk(skI1[])),h(authTuple(issuerId[],fp(pk(skI1[])),ssetH[],algH[],verH[])),cvA[],reviewPayload[]),sign((BYTES,framed(OT_ATTEST,algH[],issuerId[],fp(pk(skI1[])),h(authTuple(issuerId[],fp(pk(skI1[])),ssetH[],algH[],verH[])),cvA[],reviewPayload[])),skI1[]))))),skW1[]) may be sent to the attacker at output {100}.
attacker(sign((BYTES,framed(OT_WRAPPER,algH[],idW1[],fp(pk(skW1[])),h(authTuple(idW1[],fp(pk(skW1[])),ssetH[],algH[],verH[])),cvB[],wrap(cvB[],(framed(OT_ATTEST,algH[],issuerId[],fp(pk(skI1[])),h(authTuple(issuerId[],fp(pk(skI1[])),ssetH[],algH[],verH[])),cvA[],reviewPayload[]),sign((BYTES,framed(OT_ATTEST,algH[],issuerId[],fp(pk(skI1[])),h(authTuple(issuerId[],fp(pk(skI1[])),ssetH[],algH[],verH[])),cvA[],reviewPayload[])),skI1[]))))),skW1[])).

30. The attacker has some term sgIn_3.
attacker(sgIn_3).

31. The attacker has some term fbIn_3.
attacker(fbIn_3).

32. The attacker has some term cvIw_4.
attacker(cvIw_4).

33. By 32, the attacker may know cvIw_4.
By 31, the attacker may know fbIn_3.
By 30, the attacker may know sgIn_3.
Using the function 3-tuple the attacker may obtain (cvIw_4,fbIn_3,sgIn_3).
attacker((cvIw_4,fbIn_3,sgIn_3)).

34. The message (cvIw_4,fbIn_3,sgIn_3) that the attacker may have by 33 may be received at input {93}.
So the message sign((POSS,authTuple(idW1[],fp(pk(skW1[])),ssetH[],algH[],verH[])),skW1[]) may be sent to the attacker at output {96}.
attacker(sign((POSS,authTuple(idW1[],fp(pk(skW1[])),ssetH[],algH[],verH[])),skW1[])).

35. The message skS[] may be sent to the attacker at output {15}.
attacker(skS[]).

36. Using the function STMT_DIGEST the attacker may obtain STMT_DIGEST.
attacker(STMT_DIGEST).

37. By 36, the attacker may know STMT_DIGEST.
By 25, the attacker may know h(authTuple(idW1[],fp(pk(skW1[])),ssetH[],algH[],verH[])).
Using the function 2-tuple the attacker may obtain (STMT_DIGEST,h(authTuple(idW1[],fp(pk(skW1[])),ssetH[],algH[],verH[]))).
attacker((STMT_DIGEST,h(authTuple(idW1[],fp(pk(skW1[])),ssetH[],algH[],verH[])))).

38. By 37, the attacker may know (STMT_DIGEST,h(authTuple(idW1[],fp(pk(skW1[])),ssetH[],algH[],verH[]))).
By 35, the attacker may know skS[].
Using the function sign the attacker may obtain sign((STMT_DIGEST,h(authTuple(idW1[],fp(pk(skW1[])),ssetH[],algH[],verH[]))),skS[]).
attacker(sign((STMT_DIGEST,h(authTuple(idW1[],fp(pk(skW1[])),ssetH[],algH[],verH[]))),skS[])).

39. By 24, the attacker may know authTuple(idW1[],fp(pk(skW1[])),ssetH[],algH[],verH[]).
By 38, the attacker may know sign((STMT_DIGEST,h(authTuple(idW1[],fp(pk(skW1[])),ssetH[],algH[],verH[]))),skS[]).
By 21, the attacker may know pk(skW1[]).
By 34, the attacker may know sign((POSS,authTuple(idW1[],fp(pk(skW1[])),ssetH[],algH[],verH[])),skW1[]).
By 29, the attacker may know sign((BYTES,framed(OT_WRAPPER,algH[],idW1[],fp(pk(skW1[])),h(authTuple(idW1[],fp(pk(skW1[])),ssetH[],algH[],verH[])),cvB[],wrap(cvB[],(framed(OT_ATTEST,algH[],issuerId[],fp(pk(skI1[])),h(authTuple(issuerId[],fp(pk(skI1[])),ssetH[],algH[],verH[])),cvA[],reviewPayload[]),sign((BYTES,framed(OT_ATTEST,algH[],issuerId[],fp(pk(skI1[])),h(authTuple(issuerId[],fp(pk(skI1[])),ssetH[],algH[],verH[])),cvA[],reviewPayload[])),skI1[]))))),skW1[]).
By 27, the attacker may know framed(OT_WRAPPER,algH[],idW1[],fp(pk(skW1[])),h(authTuple(idW1[],fp(pk(skW1[])),ssetH[],algH[],verH[])),cvB[],wrap(cvB[],(framed(OT_ATTEST,algH[],issuerId[],fp(pk(skI1[])),h(authTuple(issuerId[],fp(pk(skI1[])),ssetH[],algH[],verH[])),cvA[],reviewPayload[]),sign((BYTES,framed(OT_ATTEST,algH[],issuerId[],fp(pk(skI1[])),h(authTuple(issuerId[],fp(pk(skI1[])),ssetH[],algH[],verH[])),cvA[],reviewPayload[])),skI1[])))).
By 4, the attacker may know tI_2.
By 3, the attacker may know evI_2.
By 2, the attacker may know kI_2.
By 1, the attacker may know ppfI_4.
Using the function 10-tuple the attacker may obtain (authTuple(idW1[],fp(pk(skW1[])),ssetH[],algH[],verH[]),sign((STMT_DIGEST,h(authTuple(idW1[],fp(pk(skW1[])),ssetH[],algH[],verH[]))),skS[]),pk(skW1[]),sign((POSS,authTuple(idW1[],fp(pk(skW1[])),ssetH[],algH[],verH[])),skW1[]),sign((BYTES,framed(OT_WRAPPER,algH[],idW1[],fp(pk(skW1[])),h(authTuple(idW1[],fp(pk(skW1[])),ssetH[],algH[],verH[])),cvB[],wrap(cvB[],(framed(OT_ATTEST,algH[],issuerId[],fp(pk(skI1[])),h(authTuple(issuerId[],fp(pk(skI1[])),ssetH[],algH[],verH[])),cvA[],reviewPayload[]),sign((BYTES,framed(OT_ATTEST,algH[],issuerId[],fp(pk(skI1[])),h(authTuple(issuerId[],fp(pk(skI1[])),ssetH[],algH[],verH[])),cvA[],reviewPayload[])),skI1[]))))),skW1[]),framed(OT_WRAPPER,algH[],idW1[],fp(pk(skW1[])),h(authTuple(idW1[],fp(pk(skW1[])),ssetH[],algH[],verH[])),cvB[],wrap(cvB[],(framed(OT_ATTEST,algH[],issuerId[],fp(pk(skI1[])),h(authTuple(issuerId[],fp(pk(skI1[])),ssetH[],algH[],verH[])),cvA[],reviewPayload[]),sign((BYTES,framed(OT_ATTEST,algH[],issuerId[],fp(pk(skI1[])),h(authTuple(issuerId[],fp(pk(skI1[])),ssetH[],algH[],verH[])),cvA[],reviewPayload[])),skI1[])))),tI_2,evI_2,kI_2,ppfI_4).
attacker((authTuple(idW1[],fp(pk(skW1[])),ssetH[],algH[],verH[]),sign((STMT_DIGEST,h(authTuple(idW1[],fp(pk(skW1[])),ssetH[],algH[],verH[]))),skS[]),pk(skW1[]),sign((POSS,authTuple(idW1[],fp(pk(skW1[])),ssetH[],algH[],verH[])),skW1[]),sign((BYTES,framed(OT_WRAPPER,algH[],idW1[],fp(pk(skW1[])),h(authTuple(idW1[],fp(pk(skW1[])),ssetH[],algH[],verH[])),cvB[],wrap(cvB[],(framed(OT_ATTEST,algH[],issuerId[],fp(pk(skI1[])),h(authTuple(issuerId[],fp(pk(skI1[])),ssetH[],algH[],verH[])),cvA[],reviewPayload[]),sign((BYTES,framed(OT_ATTEST,algH[],issuerId[],fp(pk(skI1[])),h(authTuple(issuerId[],fp(pk(skI1[])),ssetH[],algH[],verH[])),cvA[],reviewPayload[])),skI1[]))))),skW1[]),framed(OT_WRAPPER,algH[],idW1[],fp(pk(skW1[])),h(authTuple(idW1[],fp(pk(skW1[])),ssetH[],algH[],verH[])),cvB[],wrap(cvB[],(framed(OT_ATTEST,algH[],issuerId[],fp(pk(skI1[])),h(authTuple(issuerId[],fp(pk(skI1[])),ssetH[],algH[],verH[])),cvA[],reviewPayload[]),sign((BYTES,framed(OT_ATTEST,algH[],issuerId[],fp(pk(skI1[])),h(authTuple(issuerId[],fp(pk(skI1[])),ssetH[],algH[],verH[])),cvA[],reviewPayload[])),skI1[])))),tI_2,evI_2,kI_2,ppfI_4)).

40. The message (authTuple(idW1[],fp(pk(skW1[])),ssetH[],algH[],verH[]),sign((STMT_DIGEST,h(authTuple(idW1[],fp(pk(skW1[])),ssetH[],algH[],verH[]))),skS[]),pk(skW1[]),sign((POSS,authTuple(idW1[],fp(pk(skW1[])),ssetH[],algH[],verH[])),skW1[]),sign((BYTES,framed(OT_WRAPPER,algH[],idW1[],fp(pk(skW1[])),h(authTuple(idW1[],fp(pk(skW1[])),ssetH[],algH[],verH[])),cvB[],wrap(cvB[],(framed(OT_ATTEST,algH[],issuerId[],fp(pk(skI1[])),h(authTuple(issuerId[],fp(pk(skI1[])),ssetH[],algH[],verH[])),cvA[],reviewPayload[]),sign((BYTES,framed(OT_ATTEST,algH[],issuerId[],fp(pk(skI1[])),h(authTuple(issuerId[],fp(pk(skI1[])),ssetH[],algH[],verH[])),cvA[],reviewPayload[])),skI1[]))))),skW1[]),framed(OT_WRAPPER,algH[],idW1[],fp(pk(skW1[])),h(authTuple(idW1[],fp(pk(skW1[])),ssetH[],algH[],verH[])),cvB[],wrap(cvB[],(framed(OT_ATTEST,algH[],issuerId[],fp(pk(skI1[])),h(authTuple(issuerId[],fp(pk(skI1[])),ssetH[],algH[],verH[])),cvA[],reviewPayload[]),sign((BYTES,framed(OT_ATTEST,algH[],issuerId[],fp(pk(skI1[])),h(authTuple(issuerId[],fp(pk(skI1[])),ssetH[],algH[],verH[])),cvA[],reviewPayload[])),skI1[])))),tI_2,evI_2,kI_2,ppfI_4) that the attacker may have by 39 may be received at input {131}.
So the message (framed(OT_WRAPPER,algH[],idW1[],fp(pk(skW1[])),h(authTuple(idW1[],fp(pk(skW1[])),ssetH[],algH[],verH[])),cvB[],wrap(cvB[],(framed(OT_ATTEST,algH[],issuerId[],fp(pk(skI1[])),h(authTuple(issuerId[],fp(pk(skI1[])),ssetH[],algH[],verH[])),cvA[],reviewPayload[]),sign((BYTES,framed(OT_ATTEST,algH[],issuerId[],fp(pk(skI1[])),h(authTuple(issuerId[],fp(pk(skI1[])),ssetH[],algH[],verH[])),cvA[],reviewPayload[])),skI1[])))),cvB[],framed(OT_ATTEST,algH[],issuerId[],fp(pk(skI1[])),h(authTuple(issuerId[],fp(pk(skI1[])),ssetH[],algH[],verH[])),cvA[],reviewPayload[])) may be sent on channel versionCh[] at output {141}.
mess(versionCh[],(framed(OT_WRAPPER,algH[],idW1[],fp(pk(skW1[])),h(authTuple(idW1[],fp(pk(skW1[])),ssetH[],algH[],verH[])),cvB[],wrap(cvB[],(framed(OT_ATTEST,algH[],issuerId[],fp(pk(skI1[])),h(authTuple(issuerId[],fp(pk(skI1[])),ssetH[],algH[],verH[])),cvA[],reviewPayload[]),sign((BYTES,framed(OT_ATTEST,algH[],issuerId[],fp(pk(skI1[])),h(authTuple(issuerId[],fp(pk(skI1[])),ssetH[],algH[],verH[])),cvA[],reviewPayload[])),skI1[])))),cvB[],framed(OT_ATTEST,algH[],issuerId[],fp(pk(skI1[])),h(authTuple(issuerId[],fp(pk(skI1[])),ssetH[],algH[],verH[])),cvA[],reviewPayload[]))).

41. The message (framed(OT_WRAPPER,algH[],idW1[],fp(pk(skW1[])),h(authTuple(idW1[],fp(pk(skW1[])),ssetH[],algH[],verH[])),cvB[],wrap(cvB[],(framed(OT_ATTEST,algH[],issuerId[],fp(pk(skI1[])),h(authTuple(issuerId[],fp(pk(skI1[])),ssetH[],algH[],verH[])),cvA[],reviewPayload[]),sign((BYTES,framed(OT_ATTEST,algH[],issuerId[],fp(pk(skI1[])),h(authTuple(issuerId[],fp(pk(skI1[])),ssetH[],algH[],verH[])),cvA[],reviewPayload[])),skI1[])))),cvB[],framed(OT_ATTEST,algH[],issuerId[],fp(pk(skI1[])),h(authTuple(issuerId[],fp(pk(skI1[])),ssetH[],algH[],verH[])),cvA[],reviewPayload[])) that may be sent on channel versionCh[] by 40 may be received at input {179}.
We have cvB[] ≠ cvA[].
So event VersionLied(framed(OT_WRAPPER,algH[],idW1[],fp(pk(skW1[])),h(authTuple(idW1[],fp(pk(skW1[])),ssetH[],algH[],verH[])),cvB[],wrap(cvB[],(framed(OT_ATTEST,algH[],issuerId[],fp(pk(skI1[])),h(authTuple(issuerId[],fp(pk(skI1[])),ssetH[],algH[],verH[])),cvA[],reviewPayload[]),sign((BYTES,framed(OT_ATTEST,algH[],issuerId[],fp(pk(skI1[])),h(authTuple(issuerId[],fp(pk(skI1[])),ssetH[],algH[],verH[])),cvA[],reviewPayload[])),skI1[])))),cvB[],cvA[]) may be executed at {182}.
event(VersionLied(framed(OT_WRAPPER,algH[],idW1[],fp(pk(skW1[])),h(authTuple(idW1[],fp(pk(skW1[])),ssetH[],algH[],verH[])),cvB[],wrap(cvB[],(framed(OT_ATTEST,algH[],issuerId[],fp(pk(skI1[])),h(authTuple(issuerId[],fp(pk(skI1[])),ssetH[],algH[],verH[])),cvA[],reviewPayload[]),sign((BYTES,framed(OT_ATTEST,algH[],issuerId[],fp(pk(skI1[])),h(authTuple(issuerId[],fp(pk(skI1[])),ssetH[],algH[],verH[])),cvA[],reviewPayload[])),skI1[])))),cvB[],cvA[])).

42. By 41, event(VersionLied(framed(OT_WRAPPER,algH[],idW1[],fp(pk(skW1[])),h(authTuple(idW1[],fp(pk(skW1[])),ssetH[],algH[],verH[])),cvB[],wrap(cvB[],(framed(OT_ATTEST,algH[],issuerId[],fp(pk(skI1[])),h(authTuple(issuerId[],fp(pk(skI1[])),ssetH[],algH[],verH[])),cvA[],reviewPayload[]),sign((BYTES,framed(OT_ATTEST,algH[],issuerId[],fp(pk(skI1[])),h(authTuple(issuerId[],fp(pk(skI1[])),ssetH[],algH[],verH[])),cvA[],reviewPayload[])),skI1[])))),cvB[],cvA[])).
The goal is reached, represented in the following fact:
event(VersionLied(framed(OT_WRAPPER,algH[],idW1[],fp(pk(skW1[])),h(authTuple(idW1[],fp(pk(skW1[])),ssetH[],algH[],verH[])),cvB[],wrap(cvB[],(framed(OT_ATTEST,algH[],issuerId[],fp(pk(skI1[])),h(authTuple(issuerId[],fp(pk(skI1[])),ssetH[],algH[],verH[])),cvA[],reviewPayload[]),sign((BYTES,framed(OT_ATTEST,algH[],issuerId[],fp(pk(skI1[])),h(authTuple(issuerId[],fp(pk(skI1[])),ssetH[],algH[],verH[])),cvA[],reviewPayload[])),skI1[])))),cvB[],cvA[])).


A more detailed output of the traces is available with
  set traceDisplay = long.

new skS: skey creating skS_5 at {1}

out(c, ~M) with ~M = pk(skS_5) at {6}

out(c, ~M_1) with ~M_1 = pk(skI1) at {7}

out(c, ~M_2) with ~M_2 = pk(skI2) at {8}

out(c, ~M_3) with ~M_3 = pk(skW1) at {9}

out(c, ~M_4) with ~M_4 = pk(skW2) at {10}

out(c, authTuple(~M_5,~M_6,~M_7,~M_8,~M_9)) with ~M_5 = issuerId, ~M_6 = fp(pk(skI1)), ~M_7 = ssetH, ~M_8 = algH, ~M_9 = verH at {11}

out(c, authTuple(~M_10,~M_11,~M_12,~M_13,~M_14)) with ~M_10 = issuerId2, ~M_11 = fp(pk(skI2)), ~M_12 = ssetH, ~M_13 = algH, ~M_14 = verH at {12}

out(c, authTuple(~M_15,~M_16,~M_17,~M_18,~M_19)) with ~M_15 = idW1, ~M_16 = fp(pk(skW1)), ~M_17 = ssetH, ~M_18 = algH, ~M_19 = verH at {13}

out(c, authTuple(~M_20,~M_21,~M_22,~M_23,~M_24)) with ~M_20 = idW2, ~M_21 = fp(pk(skW2)), ~M_22 = ssetH, ~M_23 = algH, ~M_24 = verH at {14}

out(c, ~M_25) with ~M_25 = skS_5 at {15}

in(c, reviewPayload) at {36} in copy a

event IssuerPossession(pk(skI1)) at {37} in copy a

out(c, ~M_26) with ~M_26 = sign((POSS,authTuple(issuerId,fp(pk(skI1)),ssetH,algH,verH)),skI1) at {39} in copy a

event IssuerSigned(pk(skI1),framed(OT_ATTEST,algH,issuerId,fp(pk(skI1)),h(authTuple(issuerId,fp(pk(skI1)),ssetH,algH,verH)),cvA,reviewPayload)) at {42} in copy a

out(c, ~M_27) with ~M_27 = sign((BYTES,framed(OT_ATTEST,algH,issuerId,fp(pk(skI1)),h(authTuple(issuerId,fp(pk(skI1)),ssetH,algH,verH)),cvA,reviewPayload)),skI1) at {47} in copy a

in(c, (a_1,a_2,a_3)) at {93} in copy a_4

event IssuerPossession(pk(skW1)) at {94} in copy a_4

out(c, ~M_28) with ~M_28 = sign((POSS,authTuple(idW1,fp(pk(skW1)),ssetH,algH,verH)),skW1) at {96} in copy a_4

event IssuerSigned(pk(skW1),framed(OT_WRAPPER,algH,idW1,fp(pk(skW1)),h(authTuple(idW1,fp(pk(skW1)),ssetH,algH,verH)),cvB,wrap(a_1,(a_2,a_3)))) at {98} in copy a_4

out(c, ~M_29) with ~M_29 = sign((BYTES,framed(OT_WRAPPER,algH,idW1,fp(pk(skW1)),h(authTuple(idW1,fp(pk(skW1)),ssetH,algH,verH)),cvB,wrap(a_1,(a_2,a_3)))),skW1) at {100} in copy a_4

in(c, (cvB,framed(OT_ATTEST,algH,issuerId,fp(~M_1),h(authTuple(issuerId,fp(~M_1),ssetH,algH,verH)),cvA,reviewPayload),~M_27)) with fp(~M_1) = fp(pk(skI1)), h(authTuple(issuerId,fp(~M_1),ssetH,algH,verH)) = h(authTuple(issuerId,fp(pk(skI1)),ssetH,algH,verH)), ~M_27 = sign((BYTES,framed(OT_ATTEST,algH,issuerId,fp(pk(skI1)),h(authTuple(issuerId,fp(pk(skI1)),ssetH,algH,verH)),cvA,reviewPayload)),skI1) at {93} in copy a_5

event IssuerPossession(pk(skW1)) at {94} in copy a_5

out(c, ~M_30) with ~M_30 = sign((POSS,authTuple(idW1,fp(pk(skW1)),ssetH,algH,verH)),skW1) at {96} in copy a_5

event IssuerSigned(pk(skW1),framed(OT_WRAPPER,algH,idW1,fp(pk(skW1)),h(authTuple(idW1,fp(pk(skW1)),ssetH,algH,verH)),cvB,wrap(cvB,(framed(OT_ATTEST,algH,issuerId,fp(pk(skI1)),h(authTuple(issuerId,fp(pk(skI1)),ssetH,algH,verH)),cvA,reviewPayload),sign((BYTES,framed(OT_ATTEST,algH,issuerId,fp(pk(skI1)),h(authTuple(issuerId,fp(pk(skI1)),ssetH,algH,verH)),cvA,reviewPayload)),skI1))))) at {98} in copy a_5

out(c, ~M_31) with ~M_31 = sign((BYTES,framed(OT_WRAPPER,algH,idW1,fp(pk(skW1)),h(authTuple(idW1,fp(pk(skW1)),ssetH,algH,verH)),cvB,wrap(cvB,(framed(OT_ATTEST,algH,issuerId,fp(pk(skI1)),h(authTuple(issuerId,fp(pk(skI1)),ssetH,algH,verH)),cvA,reviewPayload),sign((BYTES,framed(OT_ATTEST,algH,issuerId,fp(pk(skI1)),h(authTuple(issuerId,fp(pk(skI1)),ssetH,algH,verH)),cvA,reviewPayload)),skI1))))),skW1) at {100} in copy a_5

in(c, (authTuple(idW1,fp(~M_3),ssetH,algH,verH),sign((STMT_DIGEST,h(authTuple(idW1,fp(~M_3),ssetH,algH,verH))),~M_25),~M_3,~M_28,~M_31,framed(OT_WRAPPER,algH,idW1,fp(~M_3),h(authTuple(idW1,fp(~M_3),ssetH,algH,verH)),cvB,wrap(cvB,(framed(OT_ATTEST,algH,issuerId,fp(~M_1),h(authTuple(issuerId,fp(~M_1),ssetH,algH,verH)),cvA,reviewPayload),~M_27))),a_6,a_7,a_8,a_9)) with fp(~M_3) = fp(pk(skW1)), sign((STMT_DIGEST,h(authTuple(idW1,fp(~M_3),ssetH,algH,verH))),~M_25) = sign((STMT_DIGEST,h(authTuple(idW1,fp(pk(skW1)),ssetH,algH,verH))),skS_5), ~M_3 = pk(skW1), ~M_28 = sign((POSS,authTuple(idW1,fp(pk(skW1)),ssetH,algH,verH)),skW1), ~M_31 = sign((BYTES,framed(OT_WRAPPER,algH,idW1,fp(pk(skW1)),h(authTuple(idW1,fp(pk(skW1)),ssetH,algH,verH)),cvB,wrap(cvB,(framed(OT_ATTEST,algH,issuerId,fp(pk(skI1)),h(authTuple(issuerId,fp(pk(skI1)),ssetH,algH,verH)),cvA,reviewPayload),sign((BYTES,framed(OT_ATTEST,algH,issuerId,fp(pk(skI1)),h(authTuple(issuerId,fp(pk(skI1)),ssetH,algH,verH)),cvA,reviewPayload)),skI1))))),skW1), fp(~M_3) = fp(pk(skW1)), h(authTuple(idW1,fp(~M_3),ssetH,algH,verH)) = h(authTuple(idW1,fp(pk(skW1)),ssetH,algH,verH)), fp(~M_1) = fp(pk(skI1)), h(authTuple(issuerId,fp(~M_1),ssetH,algH,verH)) = h(authTuple(issuerId,fp(pk(skI1)),ssetH,algH,verH)), ~M_27 = sign((BYTES,framed(OT_ATTEST,algH,issuerId,fp(pk(skI1)),h(authTuple(issuerId,fp(pk(skI1)),ssetH,algH,verH)),cvA,reviewPayload)),skI1) at {131} in copy a_10

event AcceptOuter(pk(skW1),idW1,framed(OT_WRAPPER,algH,idW1,fp(pk(skW1)),h(authTuple(idW1,fp(pk(skW1)),ssetH,algH,verH)),cvB,wrap(cvB,(framed(OT_ATTEST,algH,issuerId,fp(pk(skI1)),h(authTuple(issuerId,fp(pk(skI1)),ssetH,algH,verH)),cvA,reviewPayload),sign((BYTES,framed(OT_ATTEST,algH,issuerId,fp(pk(skI1)),h(authTuple(issuerId,fp(pk(skI1)),ssetH,algH,verH)),cvA,reviewPayload)),skI1))))) at {139} in copy a_10

out(versionCh, (framed(OT_WRAPPER,algH,idW1,fp(pk(skW1)),h(authTuple(idW1,fp(pk(skW1)),ssetH,algH,verH)),cvB,wrap(cvB,(framed(OT_ATTEST,algH,issuerId,fp(pk(skI1)),h(authTuple(issuerId,fp(pk(skI1)),ssetH,algH,verH)),cvA,reviewPayload),sign((BYTES,framed(OT_ATTEST,algH,issuerId,fp(pk(skI1)),h(authTuple(issuerId,fp(pk(skI1)),ssetH,algH,verH)),cvA,reviewPayload)),skI1)))),cvB,framed(OT_ATTEST,algH,issuerId,fp(pk(skI1)),h(authTuple(issuerId,fp(pk(skI1)),ssetH,algH,verH)),cvA,reviewPayload))) at {141} in copy a_10 received at {179} in copy a_11

event VersionLied(framed(OT_WRAPPER,algH,idW1,fp(pk(skW1)),h(authTuple(idW1,fp(pk(skW1)),ssetH,algH,verH)),cvB,wrap(cvB,(framed(OT_ATTEST,algH,issuerId,fp(pk(skI1)),h(authTuple(issuerId,fp(pk(skI1)),ssetH,algH,verH)),cvA,reviewPayload),sign((BYTES,framed(OT_ATTEST,algH,issuerId,fp(pk(skI1)),h(authTuple(issuerId,fp(pk(skI1)),ssetH,algH,verH)),cvA,reviewPayload)),skI1)))),cvB,cvA) at {182} in copy a_11 (goal)

The event VersionLied(framed(OT_WRAPPER,algH,idW1,fp(pk(skW1)),h(authTuple(idW1,fp(pk(skW1)),ssetH,algH,verH)),cvB,wrap(cvB,(framed(OT_ATTEST,algH,issuerId,fp(pk(skI1)),h(authTuple(issuerId,fp(pk(skI1)),ssetH,algH,verH)),cvA,reviewPayload),sign((BYTES,framed(OT_ATTEST,algH,issuerId,fp(pk(skI1)),h(authTuple(issuerId,fp(pk(skI1)),ssetH,algH,verH)),cvA,reviewPayload)),skI1)))),cvB,cvA) is executed at {182} in copy a_11.
A trace has been found.
RESULT not event(VersionLied(framed(OT_WRAPPER,algH[],idW1[],fp(pk(skW1[])),h(authTuple(idW1[],fp(pk(skW1[])),ssetH[],algH[],verH[])),cvB[],wrap(cvB[],(framed(OT_ATTEST,algH[],issuerId[],fp(pk(skI1[])),h(authTuple(issuerId[],fp(pk(skI1[])),ssetH[],algH[],verH[])),cvA[],reviewPayload[]),sign((BYTES,framed(OT_ATTEST,algH[],issuerId[],fp(pk(skI1[])),h(authTuple(issuerId[],fp(pk(skI1[])),ssetH[],algH[],verH[])),cvA[],reviewPayload[])),skI1[])))),cvB[],cvA[])) is false.
-- Query not event(AcceptInner(wctx(pk(skW1[]),idW1[],framed(OT_WRAPPER,algH[],idW1[],fp(pk(skW1[])),h(authTuple(idW1[],fp(pk(skW1[])),ssetH[],algH[],verH[])),cvB[],wrap(cvB[],(framed(OT_ATTEST,algH[],issuerId[],fp(pk(skI1[])),h(authTuple(issuerId[],fp(pk(skI1[])),ssetH[],algH[],verH[])),cvA[],reviewPayload[]),sign((BYTES,framed(OT_ATTEST,algH[],issuerId[],fp(pk(skI1[])),h(authTuple(issuerId[],fp(pk(skI1[])),ssetH[],algH[],verH[])),cvA[],reviewPayload[])),skI1[]))))),pk(skI1[]),issuerId[],framed(OT_ATTEST,algH[],issuerId[],fp(pk(skI1[])),h(authTuple(issuerId[],fp(pk(skI1[])),ssetH[],algH[],verH[])),cvA[],reviewPayload[]))) in process 1.
Translating the process into Horn clauses...
Completing...
200 rules inserted. Base: 177 rules (78 with conclusion selected). Queue: 50 rules.
400 rules inserted. Base: 197 rules (78 with conclusion selected). Queue: 103 rules.
600 rules inserted. Base: 174 rules (78 with conclusion selected). Queue: 131 rules.
800 rules inserted. Base: 225 rules (101 with conclusion selected). Queue: 255 rules.
1000 rules inserted. Base: 256 rules (101 with conclusion selected). Queue: 224 rules.
1200 rules inserted. Base: 256 rules (101 with conclusion selected). Queue: 224 rules.
1400 rules inserted. Base: 256 rules (101 with conclusion selected). Queue: 224 rules.
1600 rules inserted. Base: 286 rules (104 with conclusion selected). Queue: 196 rules.
1800 rules inserted. Base: 305 rules (105 with conclusion selected). Queue: 205 rules.
2000 rules inserted. Base: 424 rules (105 with conclusion selected). Queue: 82 rules.
Starting query not event(AcceptInner(wctx(pk(skW1[]),idW1[],framed(OT_WRAPPER,algH[],idW1[],fp(pk(skW1[])),h(authTuple(idW1[],fp(pk(skW1[])),ssetH[],algH[],verH[])),cvB[],wrap(cvB[],(framed(OT_ATTEST,algH[],issuerId[],fp(pk(skI1[])),h(authTuple(issuerId[],fp(pk(skI1[])),ssetH[],algH[],verH[])),cvA[],reviewPayload[]),sign((BYTES,framed(OT_ATTEST,algH[],issuerId[],fp(pk(skI1[])),h(authTuple(issuerId[],fp(pk(skI1[])),ssetH[],algH[],verH[])),cvA[],reviewPayload[])),skI1[]))))),pk(skI1[]),issuerId[],framed(OT_ATTEST,algH[],issuerId[],fp(pk(skI1[])),h(authTuple(issuerId[],fp(pk(skI1[])),ssetH[],algH[],verH[])),cvA[],reviewPayload[])))
goal reachable: event(AcceptInner(wctx(pk(skW1[]),idW1[],framed(OT_WRAPPER,algH[],idW1[],fp(pk(skW1[])),h(authTuple(idW1[],fp(pk(skW1[])),ssetH[],algH[],verH[])),cvB[],wrap(cvB[],(framed(OT_ATTEST,algH[],issuerId[],fp(pk(skI1[])),h(authTuple(issuerId[],fp(pk(skI1[])),ssetH[],algH[],verH[])),cvA[],reviewPayload[]),sign((BYTES,framed(OT_ATTEST,algH[],issuerId[],fp(pk(skI1[])),h(authTuple(issuerId[],fp(pk(skI1[])),ssetH[],algH[],verH[])),cvA[],reviewPayload[])),skI1[]))))),pk(skI1[]),issuerId[],framed(OT_ATTEST,algH[],issuerId[],fp(pk(skI1[])),h(authTuple(issuerId[],fp(pk(skI1[])),ssetH[],algH[],verH[])),cvA[],reviewPayload[])))

Derivation:

1. The attacker has some term payload_3.
attacker(payload_3).

2. The message payload_3 that the attacker may have by 1 may be received at input {36}.
So the message sign((POSS,authTuple(issuerId[],fp(pk(skI1[])),ssetH[],algH[],verH[])),skI1[]) may be sent to the attacker at output {39}.
attacker(sign((POSS,authTuple(issuerId[],fp(pk(skI1[])),ssetH[],algH[],verH[])),skI1[])).

3. The message pk(skI1[]) may be sent to the attacker at output {7}.
attacker(pk(skI1[])).

4. The message skS[] may be sent to the attacker at output {15}.
attacker(skS[]).

5. The attacker initially knows verH[].
attacker(verH[]).

6. The attacker initially knows algH[].
attacker(algH[]).

7. The attacker initially knows ssetH[].
attacker(ssetH[]).

8. By 3, the attacker may know pk(skI1[]).
Using the function fp the attacker may obtain fp(pk(skI1[])).
attacker(fp(pk(skI1[]))).

9. The attacker initially knows issuerId[].
attacker(issuerId[]).

10. By 9, the attacker may know issuerId[].
By 8, the attacker may know fp(pk(skI1[])).
By 7, the attacker may know ssetH[].
By 6, the attacker may know algH[].
By 5, the attacker may know verH[].
Using the function authTuple the attacker may obtain authTuple(issuerId[],fp(pk(skI1[])),ssetH[],algH[],verH[]).
attacker(authTuple(issuerId[],fp(pk(skI1[])),ssetH[],algH[],verH[])).

11. By 10, the attacker may know authTuple(issuerId[],fp(pk(skI1[])),ssetH[],algH[],verH[]).
Using the function h the attacker may obtain h(authTuple(issuerId[],fp(pk(skI1[])),ssetH[],algH[],verH[])).
attacker(h(authTuple(issuerId[],fp(pk(skI1[])),ssetH[],algH[],verH[]))).

12. Using the function STMT_DIGEST the attacker may obtain STMT_DIGEST.
attacker(STMT_DIGEST).

13. By 12, the attacker may know STMT_DIGEST.
By 11, the attacker may know h(authTuple(issuerId[],fp(pk(skI1[])),ssetH[],algH[],verH[])).
Using the function 2-tuple the attacker may obtain (STMT_DIGEST,h(authTuple(issuerId[],fp(pk(skI1[])),ssetH[],algH[],verH[]))).
attacker((STMT_DIGEST,h(authTuple(issuerId[],fp(pk(skI1[])),ssetH[],algH[],verH[])))).

14. By 13, the attacker may know (STMT_DIGEST,h(authTuple(issuerId[],fp(pk(skI1[])),ssetH[],algH[],verH[]))).
By 4, the attacker may know skS[].
Using the function sign the attacker may obtain sign((STMT_DIGEST,h(authTuple(issuerId[],fp(pk(skI1[])),ssetH[],algH[],verH[]))),skS[]).
attacker(sign((STMT_DIGEST,h(authTuple(issuerId[],fp(pk(skI1[])),ssetH[],algH[],verH[]))),skS[])).

15. The attacker initially knows reviewPayload[].
attacker(reviewPayload[]).

16. The message reviewPayload[] that the attacker may have by 15 may be received at input {36}.
So the message sign((BYTES,framed(OT_ATTEST,algH[],issuerId[],fp(pk(skI1[])),h(authTuple(issuerId[],fp(pk(skI1[])),ssetH[],algH[],verH[])),cvA[],reviewPayload[])),skI1[]) may be sent to the attacker at output {47}.
attacker(sign((BYTES,framed(OT_ATTEST,algH[],issuerId[],fp(pk(skI1[])),h(authTuple(issuerId[],fp(pk(skI1[])),ssetH[],algH[],verH[])),cvA[],reviewPayload[])),skI1[])).

17. The attacker initially knows cvA[].
attacker(cvA[]).

18. Using the function OT_ATTEST the attacker may obtain OT_ATTEST.
attacker(OT_ATTEST).

19. By 18, the attacker may know OT_ATTEST.
By 6, the attacker may know algH[].
By 9, the attacker may know issuerId[].
By 8, the attacker may know fp(pk(skI1[])).
By 11, the attacker may know h(authTuple(issuerId[],fp(pk(skI1[])),ssetH[],algH[],verH[])).
By 17, the attacker may know cvA[].
By 15, the attacker may know reviewPayload[].
Using the function framed the attacker may obtain framed(OT_ATTEST,algH[],issuerId[],fp(pk(skI1[])),h(authTuple(issuerId[],fp(pk(skI1[])),ssetH[],algH[],verH[])),cvA[],reviewPayload[]).
attacker(framed(OT_ATTEST,algH[],issuerId[],fp(pk(skI1[])),h(authTuple(issuerId[],fp(pk(skI1[])),ssetH[],algH[],verH[])),cvA[],reviewPayload[])).

20. By 19, the attacker may know framed(OT_ATTEST,algH[],issuerId[],fp(pk(skI1[])),h(authTuple(issuerId[],fp(pk(skI1[])),ssetH[],algH[],verH[])),cvA[],reviewPayload[]).
By 16, the attacker may know sign((BYTES,framed(OT_ATTEST,algH[],issuerId[],fp(pk(skI1[])),h(authTuple(issuerId[],fp(pk(skI1[])),ssetH[],algH[],verH[])),cvA[],reviewPayload[])),skI1[]).
Using the function 2-tuple the attacker may obtain (framed(OT_ATTEST,algH[],issuerId[],fp(pk(skI1[])),h(authTuple(issuerId[],fp(pk(skI1[])),ssetH[],algH[],verH[])),cvA[],reviewPayload[]),sign((BYTES,framed(OT_ATTEST,algH[],issuerId[],fp(pk(skI1[])),h(authTuple(issuerId[],fp(pk(skI1[])),ssetH[],algH[],verH[])),cvA[],reviewPayload[])),skI1[])).
attacker((framed(OT_ATTEST,algH[],issuerId[],fp(pk(skI1[])),h(authTuple(issuerId[],fp(pk(skI1[])),ssetH[],algH[],verH[])),cvA[],reviewPayload[]),sign((BYTES,framed(OT_ATTEST,algH[],issuerId[],fp(pk(skI1[])),h(authTuple(issuerId[],fp(pk(skI1[])),ssetH[],algH[],verH[])),cvA[],reviewPayload[])),skI1[]))).

21. The attacker initially knows cvB[].
attacker(cvB[]).

22. By 21, the attacker may know cvB[].
By 20, the attacker may know (framed(OT_ATTEST,algH[],issuerId[],fp(pk(skI1[])),h(authTuple(issuerId[],fp(pk(skI1[])),ssetH[],algH[],verH[])),cvA[],reviewPayload[]),sign((BYTES,framed(OT_ATTEST,algH[],issuerId[],fp(pk(skI1[])),h(authTuple(issuerId[],fp(pk(skI1[])),ssetH[],algH[],verH[])),cvA[],reviewPayload[])),skI1[])).
Using the function wrap the attacker may obtain wrap(cvB[],(framed(OT_ATTEST,algH[],issuerId[],fp(pk(skI1[])),h(authTuple(issuerId[],fp(pk(skI1[])),ssetH[],algH[],verH[])),cvA[],reviewPayload[]),sign((BYTES,framed(OT_ATTEST,algH[],issuerId[],fp(pk(skI1[])),h(authTuple(issuerId[],fp(pk(skI1[])),ssetH[],algH[],verH[])),cvA[],reviewPayload[])),skI1[]))).
attacker(wrap(cvB[],(framed(OT_ATTEST,algH[],issuerId[],fp(pk(skI1[])),h(authTuple(issuerId[],fp(pk(skI1[])),ssetH[],algH[],verH[])),cvA[],reviewPayload[]),sign((BYTES,framed(OT_ATTEST,algH[],issuerId[],fp(pk(skI1[])),h(authTuple(issuerId[],fp(pk(skI1[])),ssetH[],algH[],verH[])),cvA[],reviewPayload[])),skI1[])))).

23. The message pk(skW1[]) may be sent to the attacker at output {9}.
attacker(pk(skW1[])).

24. By 23, the attacker may know pk(skW1[]).
Using the function fp the attacker may obtain fp(pk(skW1[])).
attacker(fp(pk(skW1[]))).

25. The attacker initially knows idW1[].
attacker(idW1[]).

26. By 25, the attacker may know idW1[].
By 24, the attacker may know fp(pk(skW1[])).
By 7, the attacker may know ssetH[].
By 6, the attacker may know algH[].
By 5, the attacker may know verH[].
Using the function authTuple the attacker may obtain authTuple(idW1[],fp(pk(skW1[])),ssetH[],algH[],verH[]).
attacker(authTuple(idW1[],fp(pk(skW1[])),ssetH[],algH[],verH[])).

27. By 26, the attacker may know authTuple(idW1[],fp(pk(skW1[])),ssetH[],algH[],verH[]).
Using the function h the attacker may obtain h(authTuple(idW1[],fp(pk(skW1[])),ssetH[],algH[],verH[])).
attacker(h(authTuple(idW1[],fp(pk(skW1[])),ssetH[],algH[],verH[]))).

28. Using the function OT_WRAPPER the attacker may obtain OT_WRAPPER.
attacker(OT_WRAPPER).

29. By 28, the attacker may know OT_WRAPPER.
By 6, the attacker may know algH[].
By 25, the attacker may know idW1[].
By 24, the attacker may know fp(pk(skW1[])).
By 27, the attacker may know h(authTuple(idW1[],fp(pk(skW1[])),ssetH[],algH[],verH[])).
By 21, the attacker may know cvB[].
By 22, the attacker may know wrap(cvB[],(framed(OT_ATTEST,algH[],issuerId[],fp(pk(skI1[])),h(authTuple(issuerId[],fp(pk(skI1[])),ssetH[],algH[],verH[])),cvA[],reviewPayload[]),sign((BYTES,framed(OT_ATTEST,algH[],issuerId[],fp(pk(skI1[])),h(authTuple(issuerId[],fp(pk(skI1[])),ssetH[],algH[],verH[])),cvA[],reviewPayload[])),skI1[]))).
Using the function framed the attacker may obtain framed(OT_WRAPPER,algH[],idW1[],fp(pk(skW1[])),h(authTuple(idW1[],fp(pk(skW1[])),ssetH[],algH[],verH[])),cvB[],wrap(cvB[],(framed(OT_ATTEST,algH[],issuerId[],fp(pk(skI1[])),h(authTuple(issuerId[],fp(pk(skI1[])),ssetH[],algH[],verH[])),cvA[],reviewPayload[]),sign((BYTES,framed(OT_ATTEST,algH[],issuerId[],fp(pk(skI1[])),h(authTuple(issuerId[],fp(pk(skI1[])),ssetH[],algH[],verH[])),cvA[],reviewPayload[])),skI1[])))).
attacker(framed(OT_WRAPPER,algH[],idW1[],fp(pk(skW1[])),h(authTuple(idW1[],fp(pk(skW1[])),ssetH[],algH[],verH[])),cvB[],wrap(cvB[],(framed(OT_ATTEST,algH[],issuerId[],fp(pk(skI1[])),h(authTuple(issuerId[],fp(pk(skI1[])),ssetH[],algH[],verH[])),cvA[],reviewPayload[]),sign((BYTES,framed(OT_ATTEST,algH[],issuerId[],fp(pk(skI1[])),h(authTuple(issuerId[],fp(pk(skI1[])),ssetH[],algH[],verH[])),cvA[],reviewPayload[])),skI1[]))))).

30. By 21, the attacker may know cvB[].
By 19, the attacker may know framed(OT_ATTEST,algH[],issuerId[],fp(pk(skI1[])),h(authTuple(issuerId[],fp(pk(skI1[])),ssetH[],algH[],verH[])),cvA[],reviewPayload[]).
By 16, the attacker may know sign((BYTES,framed(OT_ATTEST,algH[],issuerId[],fp(pk(skI1[])),h(authTuple(issuerId[],fp(pk(skI1[])),ssetH[],algH[],verH[])),cvA[],reviewPayload[])),skI1[]).
Using the function 3-tuple the attacker may obtain (cvB[],framed(OT_ATTEST,algH[],issuerId[],fp(pk(skI1[])),h(authTuple(issuerId[],fp(pk(skI1[])),ssetH[],algH[],verH[])),cvA[],reviewPayload[]),sign((BYTES,framed(OT_ATTEST,algH[],issuerId[],fp(pk(skI1[])),h(authTuple(issuerId[],fp(pk(skI1[])),ssetH[],algH[],verH[])),cvA[],reviewPayload[])),skI1[])).
attacker((cvB[],framed(OT_ATTEST,algH[],issuerId[],fp(pk(skI1[])),h(authTuple(issuerId[],fp(pk(skI1[])),ssetH[],algH[],verH[])),cvA[],reviewPayload[]),sign((BYTES,framed(OT_ATTEST,algH[],issuerId[],fp(pk(skI1[])),h(authTuple(issuerId[],fp(pk(skI1[])),ssetH[],algH[],verH[])),cvA[],reviewPayload[])),skI1[]))).

31. The message (cvB[],framed(OT_ATTEST,algH[],issuerId[],fp(pk(skI1[])),h(authTuple(issuerId[],fp(pk(skI1[])),ssetH[],algH[],verH[])),cvA[],reviewPayload[]),sign((BYTES,framed(OT_ATTEST,algH[],issuerId[],fp(pk(skI1[])),h(authTuple(issuerId[],fp(pk(skI1[])),ssetH[],algH[],verH[])),cvA[],reviewPayload[])),skI1[])) that the attacker may have by 30 may be received at input {93}.
So the message sign((BYTES,framed(OT_WRAPPER,algH[],idW1[],fp(pk(skW1[])),h(authTuple(idW1[],fp(pk(skW1[])),ssetH[],algH[],verH[])),cvB[],wrap(cvB[],(framed(OT_ATTEST,algH[],issuerId[],fp(pk(skI1[])),h(authTuple(issuerId[],fp(pk(skI1[])),ssetH[],algH[],verH[])),cvA[],reviewPayload[]),sign((BYTES,framed(OT_ATTEST,algH[],issuerId[],fp(pk(skI1[])),h(authTuple(issuerId[],fp(pk(skI1[])),ssetH[],algH[],verH[])),cvA[],reviewPayload[])),skI1[]))))),skW1[]) may be sent to the attacker at output {100}.
attacker(sign((BYTES,framed(OT_WRAPPER,algH[],idW1[],fp(pk(skW1[])),h(authTuple(idW1[],fp(pk(skW1[])),ssetH[],algH[],verH[])),cvB[],wrap(cvB[],(framed(OT_ATTEST,algH[],issuerId[],fp(pk(skI1[])),h(authTuple(issuerId[],fp(pk(skI1[])),ssetH[],algH[],verH[])),cvA[],reviewPayload[]),sign((BYTES,framed(OT_ATTEST,algH[],issuerId[],fp(pk(skI1[])),h(authTuple(issuerId[],fp(pk(skI1[])),ssetH[],algH[],verH[])),cvA[],reviewPayload[])),skI1[]))))),skW1[])).

32. The attacker has some term sgIn_3.
attacker(sgIn_3).

33. The attacker has some term fbIn_3.
attacker(fbIn_3).

34. The attacker has some term cvIw_4.
attacker(cvIw_4).

35. By 34, the attacker may know cvIw_4.
By 33, the attacker may know fbIn_3.
By 32, the attacker may know sgIn_3.
Using the function 3-tuple the attacker may obtain (cvIw_4,fbIn_3,sgIn_3).
attacker((cvIw_4,fbIn_3,sgIn_3)).

36. The message (cvIw_4,fbIn_3,sgIn_3) that the attacker may have by 35 may be received at input {93}.
So the message sign((POSS,authTuple(idW1[],fp(pk(skW1[])),ssetH[],algH[],verH[])),skW1[]) may be sent to the attacker at output {96}.
attacker(sign((POSS,authTuple(idW1[],fp(pk(skW1[])),ssetH[],algH[],verH[])),skW1[])).

37. By 12, the attacker may know STMT_DIGEST.
By 27, the attacker may know h(authTuple(idW1[],fp(pk(skW1[])),ssetH[],algH[],verH[])).
Using the function 2-tuple the attacker may obtain (STMT_DIGEST,h(authTuple(idW1[],fp(pk(skW1[])),ssetH[],algH[],verH[]))).
attacker((STMT_DIGEST,h(authTuple(idW1[],fp(pk(skW1[])),ssetH[],algH[],verH[])))).

38. By 37, the attacker may know (STMT_DIGEST,h(authTuple(idW1[],fp(pk(skW1[])),ssetH[],algH[],verH[]))).
By 4, the attacker may know skS[].
Using the function sign the attacker may obtain sign((STMT_DIGEST,h(authTuple(idW1[],fp(pk(skW1[])),ssetH[],algH[],verH[]))),skS[]).
attacker(sign((STMT_DIGEST,h(authTuple(idW1[],fp(pk(skW1[])),ssetH[],algH[],verH[]))),skS[])).

39. By 26, the attacker may know authTuple(idW1[],fp(pk(skW1[])),ssetH[],algH[],verH[]).
By 38, the attacker may know sign((STMT_DIGEST,h(authTuple(idW1[],fp(pk(skW1[])),ssetH[],algH[],verH[]))),skS[]).
By 23, the attacker may know pk(skW1[]).
By 36, the attacker may know sign((POSS,authTuple(idW1[],fp(pk(skW1[])),ssetH[],algH[],verH[])),skW1[]).
By 31, the attacker may know sign((BYTES,framed(OT_WRAPPER,algH[],idW1[],fp(pk(skW1[])),h(authTuple(idW1[],fp(pk(skW1[])),ssetH[],algH[],verH[])),cvB[],wrap(cvB[],(framed(OT_ATTEST,algH[],issuerId[],fp(pk(skI1[])),h(authTuple(issuerId[],fp(pk(skI1[])),ssetH[],algH[],verH[])),cvA[],reviewPayload[]),sign((BYTES,framed(OT_ATTEST,algH[],issuerId[],fp(pk(skI1[])),h(authTuple(issuerId[],fp(pk(skI1[])),ssetH[],algH[],verH[])),cvA[],reviewPayload[])),skI1[]))))),skW1[]).
By 29, the attacker may know framed(OT_WRAPPER,algH[],idW1[],fp(pk(skW1[])),h(authTuple(idW1[],fp(pk(skW1[])),ssetH[],algH[],verH[])),cvB[],wrap(cvB[],(framed(OT_ATTEST,algH[],issuerId[],fp(pk(skI1[])),h(authTuple(issuerId[],fp(pk(skI1[])),ssetH[],algH[],verH[])),cvA[],reviewPayload[]),sign((BYTES,framed(OT_ATTEST,algH[],issuerId[],fp(pk(skI1[])),h(authTuple(issuerId[],fp(pk(skI1[])),ssetH[],algH[],verH[])),cvA[],reviewPayload[])),skI1[])))).
By 10, the attacker may know authTuple(issuerId[],fp(pk(skI1[])),ssetH[],algH[],verH[]).
By 14, the attacker may know sign((STMT_DIGEST,h(authTuple(issuerId[],fp(pk(skI1[])),ssetH[],algH[],verH[]))),skS[]).
By 3, the attacker may know pk(skI1[]).
By 2, the attacker may know sign((POSS,authTuple(issuerId[],fp(pk(skI1[])),ssetH[],algH[],verH[])),skI1[]).
Using the function 10-tuple the attacker may obtain (authTuple(idW1[],fp(pk(skW1[])),ssetH[],algH[],verH[]),sign((STMT_DIGEST,h(authTuple(idW1[],fp(pk(skW1[])),ssetH[],algH[],verH[]))),skS[]),pk(skW1[]),sign((POSS,authTuple(idW1[],fp(pk(skW1[])),ssetH[],algH[],verH[])),skW1[]),sign((BYTES,framed(OT_WRAPPER,algH[],idW1[],fp(pk(skW1[])),h(authTuple(idW1[],fp(pk(skW1[])),ssetH[],algH[],verH[])),cvB[],wrap(cvB[],(framed(OT_ATTEST,algH[],issuerId[],fp(pk(skI1[])),h(authTuple(issuerId[],fp(pk(skI1[])),ssetH[],algH[],verH[])),cvA[],reviewPayload[]),sign((BYTES,framed(OT_ATTEST,algH[],issuerId[],fp(pk(skI1[])),h(authTuple(issuerId[],fp(pk(skI1[])),ssetH[],algH[],verH[])),cvA[],reviewPayload[])),skI1[]))))),skW1[]),framed(OT_WRAPPER,algH[],idW1[],fp(pk(skW1[])),h(authTuple(idW1[],fp(pk(skW1[])),ssetH[],algH[],verH[])),cvB[],wrap(cvB[],(framed(OT_ATTEST,algH[],issuerId[],fp(pk(skI1[])),h(authTuple(issuerId[],fp(pk(skI1[])),ssetH[],algH[],verH[])),cvA[],reviewPayload[]),sign((BYTES,framed(OT_ATTEST,algH[],issuerId[],fp(pk(skI1[])),h(authTuple(issuerId[],fp(pk(skI1[])),ssetH[],algH[],verH[])),cvA[],reviewPayload[])),skI1[])))),authTuple(issuerId[],fp(pk(skI1[])),ssetH[],algH[],verH[]),sign((STMT_DIGEST,h(authTuple(issuerId[],fp(pk(skI1[])),ssetH[],algH[],verH[]))),skS[]),pk(skI1[]),sign((POSS,authTuple(issuerId[],fp(pk(skI1[])),ssetH[],algH[],verH[])),skI1[])).
attacker((authTuple(idW1[],fp(pk(skW1[])),ssetH[],algH[],verH[]),sign((STMT_DIGEST,h(authTuple(idW1[],fp(pk(skW1[])),ssetH[],algH[],verH[]))),skS[]),pk(skW1[]),sign((POSS,authTuple(idW1[],fp(pk(skW1[])),ssetH[],algH[],verH[])),skW1[]),sign((BYTES,framed(OT_WRAPPER,algH[],idW1[],fp(pk(skW1[])),h(authTuple(idW1[],fp(pk(skW1[])),ssetH[],algH[],verH[])),cvB[],wrap(cvB[],(framed(OT_ATTEST,algH[],issuerId[],fp(pk(skI1[])),h(authTuple(issuerId[],fp(pk(skI1[])),ssetH[],algH[],verH[])),cvA[],reviewPayload[]),sign((BYTES,framed(OT_ATTEST,algH[],issuerId[],fp(pk(skI1[])),h(authTuple(issuerId[],fp(pk(skI1[])),ssetH[],algH[],verH[])),cvA[],reviewPayload[])),skI1[]))))),skW1[]),framed(OT_WRAPPER,algH[],idW1[],fp(pk(skW1[])),h(authTuple(idW1[],fp(pk(skW1[])),ssetH[],algH[],verH[])),cvB[],wrap(cvB[],(framed(OT_ATTEST,algH[],issuerId[],fp(pk(skI1[])),h(authTuple(issuerId[],fp(pk(skI1[])),ssetH[],algH[],verH[])),cvA[],reviewPayload[]),sign((BYTES,framed(OT_ATTEST,algH[],issuerId[],fp(pk(skI1[])),h(authTuple(issuerId[],fp(pk(skI1[])),ssetH[],algH[],verH[])),cvA[],reviewPayload[])),skI1[])))),authTuple(issuerId[],fp(pk(skI1[])),ssetH[],algH[],verH[]),sign((STMT_DIGEST,h(authTuple(issuerId[],fp(pk(skI1[])),ssetH[],algH[],verH[]))),skS[]),pk(skI1[]),sign((POSS,authTuple(issuerId[],fp(pk(skI1[])),ssetH[],algH[],verH[])),skI1[]))).

40. The message (authTuple(idW1[],fp(pk(skW1[])),ssetH[],algH[],verH[]),sign((STMT_DIGEST,h(authTuple(idW1[],fp(pk(skW1[])),ssetH[],algH[],verH[]))),skS[]),pk(skW1[]),sign((POSS,authTuple(idW1[],fp(pk(skW1[])),ssetH[],algH[],verH[])),skW1[]),sign((BYTES,framed(OT_WRAPPER,algH[],idW1[],fp(pk(skW1[])),h(authTuple(idW1[],fp(pk(skW1[])),ssetH[],algH[],verH[])),cvB[],wrap(cvB[],(framed(OT_ATTEST,algH[],issuerId[],fp(pk(skI1[])),h(authTuple(issuerId[],fp(pk(skI1[])),ssetH[],algH[],verH[])),cvA[],reviewPayload[]),sign((BYTES,framed(OT_ATTEST,algH[],issuerId[],fp(pk(skI1[])),h(authTuple(issuerId[],fp(pk(skI1[])),ssetH[],algH[],verH[])),cvA[],reviewPayload[])),skI1[]))))),skW1[]),framed(OT_WRAPPER,algH[],idW1[],fp(pk(skW1[])),h(authTuple(idW1[],fp(pk(skW1[])),ssetH[],algH[],verH[])),cvB[],wrap(cvB[],(framed(OT_ATTEST,algH[],issuerId[],fp(pk(skI1[])),h(authTuple(issuerId[],fp(pk(skI1[])),ssetH[],algH[],verH[])),cvA[],reviewPayload[]),sign((BYTES,framed(OT_ATTEST,algH[],issuerId[],fp(pk(skI1[])),h(authTuple(issuerId[],fp(pk(skI1[])),ssetH[],algH[],verH[])),cvA[],reviewPayload[])),skI1[])))),authTuple(issuerId[],fp(pk(skI1[])),ssetH[],algH[],verH[]),sign((STMT_DIGEST,h(authTuple(issuerId[],fp(pk(skI1[])),ssetH[],algH[],verH[]))),skS[]),pk(skI1[]),sign((POSS,authTuple(issuerId[],fp(pk(skI1[])),ssetH[],algH[],verH[])),skI1[])) that the attacker may have by 39 may be received at input {131}.
So event AcceptInner(wctx(pk(skW1[]),idW1[],framed(OT_WRAPPER,algH[],idW1[],fp(pk(skW1[])),h(authTuple(idW1[],fp(pk(skW1[])),ssetH[],algH[],verH[])),cvB[],wrap(cvB[],(framed(OT_ATTEST,algH[],issuerId[],fp(pk(skI1[])),h(authTuple(issuerId[],fp(pk(skI1[])),ssetH[],algH[],verH[])),cvA[],reviewPayload[]),sign((BYTES,framed(OT_ATTEST,algH[],issuerId[],fp(pk(skI1[])),h(authTuple(issuerId[],fp(pk(skI1[])),ssetH[],algH[],verH[])),cvA[],reviewPayload[])),skI1[]))))),pk(skI1[]),issuerId[],framed(OT_ATTEST,algH[],issuerId[],fp(pk(skI1[])),h(authTuple(issuerId[],fp(pk(skI1[])),ssetH[],algH[],verH[])),cvA[],reviewPayload[])) may be executed at {150}.
event(AcceptInner(wctx(pk(skW1[]),idW1[],framed(OT_WRAPPER,algH[],idW1[],fp(pk(skW1[])),h(authTuple(idW1[],fp(pk(skW1[])),ssetH[],algH[],verH[])),cvB[],wrap(cvB[],(framed(OT_ATTEST,algH[],issuerId[],fp(pk(skI1[])),h(authTuple(issuerId[],fp(pk(skI1[])),ssetH[],algH[],verH[])),cvA[],reviewPayload[]),sign((BYTES,framed(OT_ATTEST,algH[],issuerId[],fp(pk(skI1[])),h(authTuple(issuerId[],fp(pk(skI1[])),ssetH[],algH[],verH[])),cvA[],reviewPayload[])),skI1[]))))),pk(skI1[]),issuerId[],framed(OT_ATTEST,algH[],issuerId[],fp(pk(skI1[])),h(authTuple(issuerId[],fp(pk(skI1[])),ssetH[],algH[],verH[])),cvA[],reviewPayload[]))).

41. By 40, event(AcceptInner(wctx(pk(skW1[]),idW1[],framed(OT_WRAPPER,algH[],idW1[],fp(pk(skW1[])),h(authTuple(idW1[],fp(pk(skW1[])),ssetH[],algH[],verH[])),cvB[],wrap(cvB[],(framed(OT_ATTEST,algH[],issuerId[],fp(pk(skI1[])),h(authTuple(issuerId[],fp(pk(skI1[])),ssetH[],algH[],verH[])),cvA[],reviewPayload[]),sign((BYTES,framed(OT_ATTEST,algH[],issuerId[],fp(pk(skI1[])),h(authTuple(issuerId[],fp(pk(skI1[])),ssetH[],algH[],verH[])),cvA[],reviewPayload[])),skI1[]))))),pk(skI1[]),issuerId[],framed(OT_ATTEST,algH[],issuerId[],fp(pk(skI1[])),h(authTuple(issuerId[],fp(pk(skI1[])),ssetH[],algH[],verH[])),cvA[],reviewPayload[]))).
The goal is reached, represented in the following fact:
event(AcceptInner(wctx(pk(skW1[]),idW1[],framed(OT_WRAPPER,algH[],idW1[],fp(pk(skW1[])),h(authTuple(idW1[],fp(pk(skW1[])),ssetH[],algH[],verH[])),cvB[],wrap(cvB[],(framed(OT_ATTEST,algH[],issuerId[],fp(pk(skI1[])),h(authTuple(issuerId[],fp(pk(skI1[])),ssetH[],algH[],verH[])),cvA[],reviewPayload[]),sign((BYTES,framed(OT_ATTEST,algH[],issuerId[],fp(pk(skI1[])),h(authTuple(issuerId[],fp(pk(skI1[])),ssetH[],algH[],verH[])),cvA[],reviewPayload[])),skI1[]))))),pk(skI1[]),issuerId[],framed(OT_ATTEST,algH[],issuerId[],fp(pk(skI1[])),h(authTuple(issuerId[],fp(pk(skI1[])),ssetH[],algH[],verH[])),cvA[],reviewPayload[]))).


A more detailed output of the traces is available with
  set traceDisplay = long.

new skS: skey creating skS_5 at {1}

out(c, ~M) with ~M = pk(skS_5) at {6}

out(c, ~M_1) with ~M_1 = pk(skI1) at {7}

out(c, ~M_2) with ~M_2 = pk(skI2) at {8}

out(c, ~M_3) with ~M_3 = pk(skW1) at {9}

out(c, ~M_4) with ~M_4 = pk(skW2) at {10}

out(c, authTuple(~M_5,~M_6,~M_7,~M_8,~M_9)) with ~M_5 = issuerId, ~M_6 = fp(pk(skI1)), ~M_7 = ssetH, ~M_8 = algH, ~M_9 = verH at {11}

out(c, authTuple(~M_10,~M_11,~M_12,~M_13,~M_14)) with ~M_10 = issuerId2, ~M_11 = fp(pk(skI2)), ~M_12 = ssetH, ~M_13 = algH, ~M_14 = verH at {12}

out(c, authTuple(~M_15,~M_16,~M_17,~M_18,~M_19)) with ~M_15 = idW1, ~M_16 = fp(pk(skW1)), ~M_17 = ssetH, ~M_18 = algH, ~M_19 = verH at {13}

out(c, authTuple(~M_20,~M_21,~M_22,~M_23,~M_24)) with ~M_20 = idW2, ~M_21 = fp(pk(skW2)), ~M_22 = ssetH, ~M_23 = algH, ~M_24 = verH at {14}

out(c, ~M_25) with ~M_25 = skS_5 at {15}

in(c, reviewPayload) at {36} in copy a

event IssuerPossession(pk(skI1)) at {37} in copy a

out(c, ~M_26) with ~M_26 = sign((POSS,authTuple(issuerId,fp(pk(skI1)),ssetH,algH,verH)),skI1) at {39} in copy a

event IssuerSigned(pk(skI1),framed(OT_ATTEST,algH,issuerId,fp(pk(skI1)),h(authTuple(issuerId,fp(pk(skI1)),ssetH,algH,verH)),cvA,reviewPayload)) at {42} in copy a

out(c, ~M_27) with ~M_27 = sign((BYTES,framed(OT_ATTEST,algH,issuerId,fp(pk(skI1)),h(authTuple(issuerId,fp(pk(skI1)),ssetH,algH,verH)),cvA,reviewPayload)),skI1) at {47} in copy a

in(c, a_1) at {36} in copy a_2

event IssuerPossession(pk(skI1)) at {37} in copy a_2

out(c, ~M_28) with ~M_28 = sign((POSS,authTuple(issuerId,fp(pk(skI1)),ssetH,algH,verH)),skI1) at {39} in copy a_2

event IssuerSigned(pk(skI1),framed(OT_ATTEST,algH,issuerId,fp(pk(skI1)),h(authTuple(issuerId,fp(pk(skI1)),ssetH,algH,verH)),cvA,a_1)) at {42} in copy a_2

out(c, ~M_29) with ~M_29 = sign((BYTES,framed(OT_ATTEST,algH,issuerId,fp(pk(skI1)),h(authTuple(issuerId,fp(pk(skI1)),ssetH,algH,verH)),cvA,a_1)),skI1) at {47} in copy a_2

in(c, (a_3,a_4,a_5)) at {93} in copy a_6

event IssuerPossession(pk(skW1)) at {94} in copy a_6

out(c, ~M_30) with ~M_30 = sign((POSS,authTuple(idW1,fp(pk(skW1)),ssetH,algH,verH)),skW1) at {96} in copy a_6

event IssuerSigned(pk(skW1),framed(OT_WRAPPER,algH,idW1,fp(pk(skW1)),h(authTuple(idW1,fp(pk(skW1)),ssetH,algH,verH)),cvB,wrap(a_3,(a_4,a_5)))) at {98} in copy a_6

out(c, ~M_31) with ~M_31 = sign((BYTES,framed(OT_WRAPPER,algH,idW1,fp(pk(skW1)),h(authTuple(idW1,fp(pk(skW1)),ssetH,algH,verH)),cvB,wrap(a_3,(a_4,a_5)))),skW1) at {100} in copy a_6

in(c, (cvB,framed(OT_ATTEST,algH,issuerId,fp(~M_1),h(authTuple(issuerId,fp(~M_1),ssetH,algH,verH)),cvA,reviewPayload),~M_27)) with fp(~M_1) = fp(pk(skI1)), h(authTuple(issuerId,fp(~M_1),ssetH,algH,verH)) = h(authTuple(issuerId,fp(pk(skI1)),ssetH,algH,verH)), ~M_27 = sign((BYTES,framed(OT_ATTEST,algH,issuerId,fp(pk(skI1)),h(authTuple(issuerId,fp(pk(skI1)),ssetH,algH,verH)),cvA,reviewPayload)),skI1) at {93} in copy a_7

event IssuerPossession(pk(skW1)) at {94} in copy a_7

out(c, ~M_32) with ~M_32 = sign((POSS,authTuple(idW1,fp(pk(skW1)),ssetH,algH,verH)),skW1) at {96} in copy a_7

event IssuerSigned(pk(skW1),framed(OT_WRAPPER,algH,idW1,fp(pk(skW1)),h(authTuple(idW1,fp(pk(skW1)),ssetH,algH,verH)),cvB,wrap(cvB,(framed(OT_ATTEST,algH,issuerId,fp(pk(skI1)),h(authTuple(issuerId,fp(pk(skI1)),ssetH,algH,verH)),cvA,reviewPayload),sign((BYTES,framed(OT_ATTEST,algH,issuerId,fp(pk(skI1)),h(authTuple(issuerId,fp(pk(skI1)),ssetH,algH,verH)),cvA,reviewPayload)),skI1))))) at {98} in copy a_7

out(c, ~M_33) with ~M_33 = sign((BYTES,framed(OT_WRAPPER,algH,idW1,fp(pk(skW1)),h(authTuple(idW1,fp(pk(skW1)),ssetH,algH,verH)),cvB,wrap(cvB,(framed(OT_ATTEST,algH,issuerId,fp(pk(skI1)),h(authTuple(issuerId,fp(pk(skI1)),ssetH,algH,verH)),cvA,reviewPayload),sign((BYTES,framed(OT_ATTEST,algH,issuerId,fp(pk(skI1)),h(authTuple(issuerId,fp(pk(skI1)),ssetH,algH,verH)),cvA,reviewPayload)),skI1))))),skW1) at {100} in copy a_7

in(c, (authTuple(idW1,fp(~M_3),ssetH,algH,verH),sign((STMT_DIGEST,h(authTuple(idW1,fp(~M_3),ssetH,algH,verH))),~M_25),~M_3,~M_30,~M_33,framed(OT_WRAPPER,algH,idW1,fp(~M_3),h(authTuple(idW1,fp(~M_3),ssetH,algH,verH)),cvB,wrap(cvB,(framed(OT_ATTEST,algH,issuerId,fp(~M_1),h(authTuple(issuerId,fp(~M_1),ssetH,algH,verH)),cvA,reviewPayload),~M_27))),authTuple(issuerId,fp(~M_1),ssetH,algH,verH),sign((STMT_DIGEST,h(authTuple(issuerId,fp(~M_1),ssetH,algH,verH))),~M_25),~M_1,~M_26)) with fp(~M_3) = fp(pk(skW1)), sign((STMT_DIGEST,h(authTuple(idW1,fp(~M_3),ssetH,algH,verH))),~M_25) = sign((STMT_DIGEST,h(authTuple(idW1,fp(pk(skW1)),ssetH,algH,verH))),skS_5), ~M_3 = pk(skW1), ~M_30 = sign((POSS,authTuple(idW1,fp(pk(skW1)),ssetH,algH,verH)),skW1), ~M_33 = sign((BYTES,framed(OT_WRAPPER,algH,idW1,fp(pk(skW1)),h(authTuple(idW1,fp(pk(skW1)),ssetH,algH,verH)),cvB,wrap(cvB,(framed(OT_ATTEST,algH,issuerId,fp(pk(skI1)),h(authTuple(issuerId,fp(pk(skI1)),ssetH,algH,verH)),cvA,reviewPayload),sign((BYTES,framed(OT_ATTEST,algH,issuerId,fp(pk(skI1)),h(authTuple(issuerId,fp(pk(skI1)),ssetH,algH,verH)),cvA,reviewPayload)),skI1))))),skW1), fp(~M_3) = fp(pk(skW1)), h(authTuple(idW1,fp(~M_3),ssetH,algH,verH)) = h(authTuple(idW1,fp(pk(skW1)),ssetH,algH,verH)), fp(~M_1) = fp(pk(skI1)), h(authTuple(issuerId,fp(~M_1),ssetH,algH,verH)) = h(authTuple(issuerId,fp(pk(skI1)),ssetH,algH,verH)), ~M_27 = sign((BYTES,framed(OT_ATTEST,algH,issuerId,fp(pk(skI1)),h(authTuple(issuerId,fp(pk(skI1)),ssetH,algH,verH)),cvA,reviewPayload)),skI1), fp(~M_1) = fp(pk(skI1)), sign((STMT_DIGEST,h(authTuple(issuerId,fp(~M_1),ssetH,algH,verH))),~M_25) = sign((STMT_DIGEST,h(authTuple(issuerId,fp(pk(skI1)),ssetH,algH,verH))),skS_5), ~M_1 = pk(skI1), ~M_26 = sign((POSS,authTuple(issuerId,fp(pk(skI1)),ssetH,algH,verH)),skI1) at {131} in copy a_8

event AcceptOuter(pk(skW1),idW1,framed(OT_WRAPPER,algH,idW1,fp(pk(skW1)),h(authTuple(idW1,fp(pk(skW1)),ssetH,algH,verH)),cvB,wrap(cvB,(framed(OT_ATTEST,algH,issuerId,fp(pk(skI1)),h(authTuple(issuerId,fp(pk(skI1)),ssetH,algH,verH)),cvA,reviewPayload),sign((BYTES,framed(OT_ATTEST,algH,issuerId,fp(pk(skI1)),h(authTuple(issuerId,fp(pk(skI1)),ssetH,algH,verH)),cvA,reviewPayload)),skI1))))) at {139} in copy a_8

event AcceptInner(wctx(pk(skW1),idW1,framed(OT_WRAPPER,algH,idW1,fp(pk(skW1)),h(authTuple(idW1,fp(pk(skW1)),ssetH,algH,verH)),cvB,wrap(cvB,(framed(OT_ATTEST,algH,issuerId,fp(pk(skI1)),h(authTuple(issuerId,fp(pk(skI1)),ssetH,algH,verH)),cvA,reviewPayload),sign((BYTES,framed(OT_ATTEST,algH,issuerId,fp(pk(skI1)),h(authTuple(issuerId,fp(pk(skI1)),ssetH,algH,verH)),cvA,reviewPayload)),skI1))))),pk(skI1),issuerId,framed(OT_ATTEST,algH,issuerId,fp(pk(skI1)),h(authTuple(issuerId,fp(pk(skI1)),ssetH,algH,verH)),cvA,reviewPayload)) at {150} in copy a_8 (goal)

The event AcceptInner(wctx(pk(skW1),idW1,framed(OT_WRAPPER,algH,idW1,fp(pk(skW1)),h(authTuple(idW1,fp(pk(skW1)),ssetH,algH,verH)),cvB,wrap(cvB,(framed(OT_ATTEST,algH,issuerId,fp(pk(skI1)),h(authTuple(issuerId,fp(pk(skI1)),ssetH,algH,verH)),cvA,reviewPayload),sign((BYTES,framed(OT_ATTEST,algH,issuerId,fp(pk(skI1)),h(authTuple(issuerId,fp(pk(skI1)),ssetH,algH,verH)),cvA,reviewPayload)),skI1))))),pk(skI1),issuerId,framed(OT_ATTEST,algH,issuerId,fp(pk(skI1)),h(authTuple(issuerId,fp(pk(skI1)),ssetH,algH,verH)),cvA,reviewPayload)) is executed at {150} in copy a_8.
A trace has been found.
RESULT not event(AcceptInner(wctx(pk(skW1[]),idW1[],framed(OT_WRAPPER,algH[],idW1[],fp(pk(skW1[])),h(authTuple(idW1[],fp(pk(skW1[])),ssetH[],algH[],verH[])),cvB[],wrap(cvB[],(framed(OT_ATTEST,algH[],issuerId[],fp(pk(skI1[])),h(authTuple(issuerId[],fp(pk(skI1[])),ssetH[],algH[],verH[])),cvA[],reviewPayload[]),sign((BYTES,framed(OT_ATTEST,algH[],issuerId[],fp(pk(skI1[])),h(authTuple(issuerId[],fp(pk(skI1[])),ssetH[],algH[],verH[])),cvA[],reviewPayload[])),skI1[]))))),pk(skI1[]),issuerId[],framed(OT_ATTEST,algH[],issuerId[],fp(pk(skI1[])),h(authTuple(issuerId[],fp(pk(skI1[])),ssetH[],algH[],verH[])),cvA[],reviewPayload[]))) is false.

--------------------------------------------------------------
Verification summary:

Query not event(TypeConfused(otS_1,otA_1,fb)) is true.

Query not event(Rescoped(kX_1,idX_1,kH_3,idH_1,fb)) is true.

Query not event(InnerSigTransplanted(kX_1,s)) is true.

Query not event(Reattributed(kX_1,kH_3,fb)) is true.

Query not event(HonestWrappedAccepted(kH_3,fb,kW_3)) is false.

Query not event(HonestAccepted(k,fb)) is false.

Query not event(VersionLied(fbWq,cvRec,cvAct)) is false.

Query not event(VersionLied(framed(OT_WRAPPER,algH[],idW1[],fp(pk(skW1[])),h(authTuple(idW1[],fp(pk(skW1[])),ssetH[],algH[],verH[])),cvB[],wrap(cvB[],(framed(OT_ATTEST,algH[],issuerId[],fp(pk(skI1[])),h(authTuple(issuerId[],fp(pk(skI1[])),ssetH[],algH[],verH[])),cvA[],reviewPayload[]),sign((BYTES,framed(OT_ATTEST,algH[],issuerId[],fp(pk(skI1[])),h(authTuple(issuerId[],fp(pk(skI1[])),ssetH[],algH[],verH[])),cvA[],reviewPayload[])),skI1[])))),cvB[],cvA[])) is false.

Query not event(AcceptInner(wctx(pk(skW1[]),idW1[],framed(OT_WRAPPER,algH[],idW1[],fp(pk(skW1[])),h(authTuple(idW1[],fp(pk(skW1[])),ssetH[],algH[],verH[])),cvB[],wrap(cvB[],(framed(OT_ATTEST,algH[],issuerId[],fp(pk(skI1[])),h(authTuple(issuerId[],fp(pk(skI1[])),ssetH[],algH[],verH[])),cvA[],reviewPayload[]),sign((BYTES,framed(OT_ATTEST,algH[],issuerId[],fp(pk(skI1[])),h(authTuple(issuerId[],fp(pk(skI1[])),ssetH[],algH[],verH[])),cvA[],reviewPayload[])),skI1[]))))),pk(skI1[]),issuerId[],framed(OT_ATTEST,algH[],issuerId[],fp(pk(skI1[])),h(authTuple(issuerId[],fp(pk(skI1[])),ssetH[],algH[],verH[])),cvA[],reviewPayload[]))) is false.

--------------------------------------------------------------

