Process 0 (that is, the initial process):
{1}new skD: skey;
{2}new skR: skey;
{3}let m1: bitstring = authTuple(issuerId,fp(pk(skA1)),signers0,algH,verH) in
{4}let m2: bitstring = authTuple(issuerId2,fp(pk(skA2)),signers1(fp(pk(skB2))),algH,verH) in
{5}out(c, pk(skD));
{6}out(c, pk(skR));
{7}out(c, pk(skA1));
{8}out(c, pk(skA2));
{9}out(c, pk(skB2));
{10}out(c, m1);
{11}out(c, m2);
{12}out(c, skD);
(
    {13}!
    {14}let skD_1: skey = skD in
    {15}event AuthorityPublishedDNS(m1);
    {16}out(c, sign((STMT_DIGEST,h(m1)),skD_1))
) | (
    {17}!
    {18}let skD_2: skey = skD in
    {19}event AuthorityPublishedDNS(m2);
    {20}out(c, sign((STMT_DIGEST,h(m2)),skD_2))
) | (
    {21}!
    {22}let skR_1: skey = skR in
    {23}event AuthorityPublishedRepo(m1);
    {24}out(c, sign((STMT_DIGEST,h(m1)),skR_1))
) | (
    {25}!
    {26}let skR_2: skey = skR in
    {27}event AuthorityPublishedRepo(m2);
    {28}out(c, sign((STMT_DIGEST,h(m2)),skR_2))
) | (
    {29}!
    {30}out(honestSetCh, m1)
) | (
    {31}!
    {32}out(honestSetCh, m2)
) | (
    {33}!
    {34}let sk: skey = skA1 in
    {35}let id: bitstring = issuerId in
    {36}in(c, payload: bitstring);
    {37}event IssuerPossession(pk(sk));
    {38}let ppf: bitstring = sign((POSS,m1),sk) in
    (
        {39}out(honestKeyCh, (pk(sk),m1))
    ) | (
        {40}out(c, ppf);
        {41}let fb: bitstring = framed(OT_ATTEST,algH,id,fp(pk(sk)),h(m1),canonVerH,payload) in
        {42}event IssuerSigned(pk(sk),fb);
        (
            {43}out(honestCh, (pk(sk),fb))
        ) | (
            {44}out(c, sign((BYTES,fb),sk))
        )
    )
) | (
    {45}!
    {46}let sk_1: skey = skA2 in
    {47}let id_1: bitstring = issuerId2 in
    {48}in(c, payload_1: bitstring);
    {49}event IssuerPossession(pk(sk_1));
    {50}let ppf_1: bitstring = sign((POSS,m2),sk_1) in
    (
        {51}out(honestKeyCh, (pk(sk_1),m2))
    ) | (
        {52}out(c, ppf_1);
        {53}let fb_1: bitstring = framed(OT_ATTEST,algH,id_1,fp(pk(sk_1)),h(m2),canonVerH,payload_1) in
        {54}event IssuerSigned(pk(sk_1),fb_1);
        (
            {55}out(honestCh, (pk(sk_1),fb_1))
        ) | (
            {56}out(c, sign((BYTES,fb_1),sk_1))
        )
    )
) | (
    {57}!
    {58}let sk_2: skey = skB2 in
    {59}let id_2: bitstring = issuerId2 in
    {60}in(c, payload_2: bitstring);
    {61}event IssuerPossession(pk(sk_2));
    {62}let ppf_2: bitstring = sign((POSS,m2),sk_2) in
    (
        {63}out(honestKeyCh, (pk(sk_2),m2))
    ) | (
        {64}out(c, ppf_2);
        {65}let fb_2: bitstring = framed(OT_ATTEST,algH,id_2,fp(pk(sk_2)),h(m2),canonVerH,payload_2) in
        {66}event IssuerSigned(pk(sk_2),fb_2);
        (
            {67}out(honestCh, (pk(sk_2),fb_2))
        ) | (
            {68}out(c, sign((BYTES,fb_2),sk_2))
        )
    )
) | (
    {69}!
    {70}let pkD: pkey = pk(skD) in
    {71}let pkR: pkey = pk(skR) in
    {72}in(c, (t: bitstring,evD: bitstring,evR: bitstring,kA: pkey,ppfA: bitstring,sgA: bitstring,fa: bitstring));
    {73}let (=STMT_DIGEST,=h(t)) = checksign(evD,pkD) in
    {74}let (=STMT_DIGEST,=h(t)) = checksign(evR,pkR) in
    {75}let authTuple(id_3: bitstring,kfprA: bitstring,=signers0,alg: bitstring,ver: bitstring) = t in
    {76}let (=POSS,=t) = checksign(ppfA,kA) in
    {77}let (=BYTES,=fa) = checksign(sgA,kA) in
    {78}let framed(ota: bitstring,=alg,=id_3,fpa: bitstring,mha: bitstring,cva: bitstring,pla: bitstring) = fa in
    {79}if (mha = h(t)) then
    {80}event Accept(evD,evR,t,kA,fa);
    (
        {81}out(setCh, (t,verified1(kA)))
    ) | (
        {82}out(slotCh, (t,kfprA,kA))
    ) | (
        {83}out(acceptCh, (kA,id_3,fa))
    )
) | (
    {84}!
    {85}let pkD_1: pkey = pk(skD) in
    {86}let pkR_1: pkey = pk(skR) in
    {87}in(c, (t_1: bitstring,evD_1: bitstring,evR_1: bitstring,kA_1: pkey,kB: pkey,ppfA_1: bitstring,ppfB: bitstring,sgA_1: bitstring,sgB: bitstring,fa_1: bitstring,fb_3: bitstring));
    {88}let (=STMT_DIGEST,=h(t_1)) = checksign(evD_1,pkD_1) in
    {89}let (=STMT_DIGEST,=h(t_1)) = checksign(evR_1,pkR_1) in
    {90}let authTuple(id_4: bitstring,kfprA_1: bitstring,signers1(kfprB: bitstring),alg_1: bitstring,ver_1: bitstring) = t_1 in
    {91}let (=POSS,=t_1) = checksign(ppfA_1,kA_1) in
    {92}let (=POSS,=t_1) = checksign(ppfB,kB) in
    {93}let (=BYTES,=fa_1) = checksign(sgA_1,kA_1) in
    {94}let (=BYTES,=fb_3) = checksign(sgB,kB) in
    {95}let framed(ota_1: bitstring,=alg_1,=id_4,fpa_1: bitstring,mha_1: bitstring,cva_1: bitstring,pla_1: bitstring) = fa_1 in
    {96}if (mha_1 = h(t_1)) then
    {97}let framed(otb: bitstring,=alg_1,=id_4,fpb: bitstring,mhb: bitstring,cvb: bitstring,plb: bitstring) = fb_3 in
    {98}if (mhb = h(t_1)) then
    {99}event Accept2(evD_1,evR_1,t_1,kA_1,kB,fa_1,fb_3);
    (
        {100}out(setCh, (t_1,verified2(kA_1,kB)))
    ) | (
        {101}out(slotCh, (t_1,kfprA_1,kA_1))
    ) | (
        {102}out(slotCh, (t_1,kfprB,kB))
    ) | (
        {103}out(acceptCh, (kA_1,id_4,fa_1))
    ) | (
        {104}out(acceptCh, (kB,id_4,fb_3))
    )
) | (
    {105}!
    {106}in(honestSetCh, mJ: bitstring);
    {107}in(setCh, (=mJ,vJ: bitstring));
    {108}let authTuple(idJ: bitstring,fpAJ: bitstring,ssJ: bitstring,algJ: bitstring,verJ: bitstring) = mJ in
    {109}let signers1(fpBJ: bitstring) = ssJ in
    (
        {110}let verified2(kA_2: pkey,kB_1: pkey) = vJ in
        (
            {111}if ((fp(kA_2) = fpAJ) && (fp(kB_1) = fpBJ)) then
            {112}event HonestComplete(mJ,vJ)
        )
        else
            {113}let verified1(kA_3: pkey) = vJ in
            {114}event Stripped(mJ,vJ)
    )
    else
        {115}if (ssJ = signers0) then
        {116}let verified1(kA_4: pkey) = vJ in
        {117}if (fp(kA_4) = fpAJ) then
        {118}event HonestComplete(mJ,vJ)
) | (
    {119}!
    {120}in(honestKeyCh, (kH: pkey,mH: bitstring));
    {121}in(slotCh, (tS: bitstring,fpS: bitstring,kUsed: pkey));
    {122}if (tS = mH) then
    (
        {123}if ((fpS = fp(kH)) && (kUsed ≠ kH)) then
        {124}event SignerForged(tS,kUsed)
    )
    else
        {125}if (kUsed = kH) then
        {126}event SetAltered(kH,mH,tS)
) | (
    {127}!
    {128}in(honestCh, (kH_1: pkey,fbHon: bitstring));
    {129}in(acceptCh, (kX: pkey,id_5: bitstring,=fbHon));
    {130}if (kX = kH_1) then
        {131}event HonestAccepted(kX,fbHon)
    else
        {132}event Reattributed(kX,kH_1,fbHon)
)

--  Process 1 (that is, process 0, with let moved downwards):
{1}new skD: skey;
{2}new skR: skey;
{5}out(c, pk(skD));
{6}out(c, pk(skR));
{7}out(c, pk(skA1));
{8}out(c, pk(skA2));
{9}out(c, pk(skB2));
{3}let m1: bitstring = authTuple(issuerId,fp(pk(skA1)),signers0,algH,verH) in
{10}out(c, m1);
{4}let m2: bitstring = authTuple(issuerId2,fp(pk(skA2)),signers1(fp(pk(skB2))),algH,verH) in
{11}out(c, m2);
{12}out(c, skD);
(
    {13}!
    {15}event AuthorityPublishedDNS(m1);
    {14}let skD_1: skey = skD in
    {16}out(c, sign((STMT_DIGEST,h(m1)),skD_1))
) | (
    {17}!
    {19}event AuthorityPublishedDNS(m2);
    {18}let skD_2: skey = skD in
    {20}out(c, sign((STMT_DIGEST,h(m2)),skD_2))
) | (
    {21}!
    {23}event AuthorityPublishedRepo(m1);
    {22}let skR_1: skey = skR in
    {24}out(c, sign((STMT_DIGEST,h(m1)),skR_1))
) | (
    {25}!
    {27}event AuthorityPublishedRepo(m2);
    {26}let skR_2: skey = skR in
    {28}out(c, sign((STMT_DIGEST,h(m2)),skR_2))
) | (
    {29}!
    {30}out(honestSetCh, m1)
) | (
    {31}!
    {32}out(honestSetCh, m2)
) | (
    {33}!
    {36}in(c, payload: bitstring);
    {34}let sk: skey = skA1 in
    {37}event IssuerPossession(pk(sk));
    (
        {39}out(honestKeyCh, (pk(sk),m1))
    ) | (
        {38}let ppf: bitstring = sign((POSS,m1),sk) in
        {40}out(c, ppf);
        {35}let id: bitstring = issuerId in
        {41}let fb: bitstring = framed(OT_ATTEST,algH,id,fp(pk(sk)),h(m1),canonVerH,payload) in
        {42}event IssuerSigned(pk(sk),fb);
        (
            {43}out(honestCh, (pk(sk),fb))
        ) | (
            {44}out(c, sign((BYTES,fb),sk))
        )
    )
) | (
    {45}!
    {48}in(c, payload_1: bitstring);
    {46}let sk_1: skey = skA2 in
    {49}event IssuerPossession(pk(sk_1));
    (
        {51}out(honestKeyCh, (pk(sk_1),m2))
    ) | (
        {50}let ppf_1: bitstring = sign((POSS,m2),sk_1) in
        {52}out(c, ppf_1);
        {47}let id_1: bitstring = issuerId2 in
        {53}let fb_1: bitstring = framed(OT_ATTEST,algH,id_1,fp(pk(sk_1)),h(m2),canonVerH,payload_1) in
        {54}event IssuerSigned(pk(sk_1),fb_1);
        (
            {55}out(honestCh, (pk(sk_1),fb_1))
        ) | (
            {56}out(c, sign((BYTES,fb_1),sk_1))
        )
    )
) | (
    {57}!
    {60}in(c, payload_2: bitstring);
    {58}let sk_2: skey = skB2 in
    {61}event IssuerPossession(pk(sk_2));
    (
        {63}out(honestKeyCh, (pk(sk_2),m2))
    ) | (
        {62}let ppf_2: bitstring = sign((POSS,m2),sk_2) in
        {64}out(c, ppf_2);
        {59}let id_2: bitstring = issuerId2 in
        {65}let fb_2: bitstring = framed(OT_ATTEST,algH,id_2,fp(pk(sk_2)),h(m2),canonVerH,payload_2) in
        {66}event IssuerSigned(pk(sk_2),fb_2);
        (
            {67}out(honestCh, (pk(sk_2),fb_2))
        ) | (
            {68}out(c, sign((BYTES,fb_2),sk_2))
        )
    )
) | (
    {69}!
    {72}in(c, (t: bitstring,evD: bitstring,evR: bitstring,kA: pkey,ppfA: bitstring,sgA: bitstring,fa: bitstring));
    {70}let pkD: pkey = pk(skD) in
    {73}let (=STMT_DIGEST,=h(t)) = checksign(evD,pkD) in
    {71}let pkR: pkey = pk(skR) in
    {74}let (=STMT_DIGEST,=h(t)) = checksign(evR,pkR) in
    {75}let authTuple(id_3: bitstring,kfprA: bitstring,=signers0,alg: bitstring,ver: bitstring) = t in
    {76}let (=POSS,=t) = checksign(ppfA,kA) in
    {77}let (=BYTES,=fa) = checksign(sgA,kA) in
    {78}let framed(ota: bitstring,=alg,=id_3,fpa: bitstring,mha: bitstring,cva: bitstring,pla: bitstring) = fa in
    {79}if (mha = h(t)) then
    {80}event Accept(evD,evR,t,kA,fa);
    (
        {81}out(setCh, (t,verified1(kA)))
    ) | (
        {82}out(slotCh, (t,kfprA,kA))
    ) | (
        {83}out(acceptCh, (kA,id_3,fa))
    )
) | (
    {84}!
    {87}in(c, (t_1: bitstring,evD_1: bitstring,evR_1: bitstring,kA_1: pkey,kB: pkey,ppfA_1: bitstring,ppfB: bitstring,sgA_1: bitstring,sgB: bitstring,fa_1: bitstring,fb_3: bitstring));
    {85}let pkD_1: pkey = pk(skD) in
    {88}let (=STMT_DIGEST,=h(t_1)) = checksign(evD_1,pkD_1) in
    {86}let pkR_1: pkey = pk(skR) in
    {89}let (=STMT_DIGEST,=h(t_1)) = checksign(evR_1,pkR_1) in
    {90}let authTuple(id_4: bitstring,kfprA_1: bitstring,signers1(kfprB: bitstring),alg_1: bitstring,ver_1: bitstring) = t_1 in
    {91}let (=POSS,=t_1) = checksign(ppfA_1,kA_1) in
    {92}let (=POSS,=t_1) = checksign(ppfB,kB) in
    {93}let (=BYTES,=fa_1) = checksign(sgA_1,kA_1) in
    {94}let (=BYTES,=fb_3) = checksign(sgB,kB) in
    {95}let framed(ota_1: bitstring,=alg_1,=id_4,fpa_1: bitstring,mha_1: bitstring,cva_1: bitstring,pla_1: bitstring) = fa_1 in
    {96}if (mha_1 = h(t_1)) then
    {97}let framed(otb: bitstring,=alg_1,=id_4,fpb: bitstring,mhb: bitstring,cvb: bitstring,plb: bitstring) = fb_3 in
    {98}if (mhb = h(t_1)) then
    {99}event Accept2(evD_1,evR_1,t_1,kA_1,kB,fa_1,fb_3);
    (
        {100}out(setCh, (t_1,verified2(kA_1,kB)))
    ) | (
        {101}out(slotCh, (t_1,kfprA_1,kA_1))
    ) | (
        {102}out(slotCh, (t_1,kfprB,kB))
    ) | (
        {103}out(acceptCh, (kA_1,id_4,fa_1))
    ) | (
        {104}out(acceptCh, (kB,id_4,fb_3))
    )
) | (
    {105}!
    {106}in(honestSetCh, mJ: bitstring);
    {107}in(setCh, (=mJ,vJ: bitstring));
    {108}let authTuple(idJ: bitstring,fpAJ: bitstring,ssJ: bitstring,algJ: bitstring,verJ: bitstring) = mJ in
    {109}let signers1(fpBJ: bitstring) = ssJ in
    (
        {110}let verified2(kA_2: pkey,kB_1: pkey) = vJ in
        (
            {111}if ((fp(kA_2) = fpAJ) && (fp(kB_1) = fpBJ)) then
            {112}event HonestComplete(mJ,vJ)
        )
        else
            {113}let verified1(kA_3: pkey) = vJ in
            {114}event Stripped(mJ,vJ)
    )
    else
        {115}if (ssJ = signers0) then
        {116}let verified1(kA_4: pkey) = vJ in
        {117}if (fp(kA_4) = fpAJ) then
        {118}event HonestComplete(mJ,vJ)
) | (
    {119}!
    {120}in(honestKeyCh, (kH: pkey,mH: bitstring));
    {121}in(slotCh, (tS: bitstring,fpS: bitstring,kUsed: pkey));
    {122}if (tS = mH) then
    (
        {123}if ((fpS = fp(kH)) && (kUsed ≠ kH)) then
        {124}event SignerForged(tS,kUsed)
    )
    else
        {125}if (kUsed = kH) then
        {126}event SetAltered(kH,mH,tS)
) | (
    {127}!
    {128}in(honestCh, (kH_1: pkey,fbHon: bitstring));
    {129}in(acceptCh, (kX: pkey,id_5: bitstring,=fbHon));
    {130}if (kX = kH_1) then
        {131}event HonestAccepted(kX,fbHon)
    else
        {132}event Reattributed(kX,kH_1,fbHon)
)

-- Query not event(Stripped(t_2,v)) in process 1.
Translating the process into Horn clauses...
Completing...
200 rules inserted. Base: 180 rules (67 with conclusion selected). Queue: 54 rules.
400 rules inserted. Base: 269 rules (67 with conclusion selected). Queue: 104 rules.
600 rules inserted. Base: 308 rules (67 with conclusion selected). Queue: 135 rules.
800 rules inserted. Base: 386 rules (67 with conclusion selected). Queue: 200 rules.
1000 rules inserted. Base: 389 rules (70 with conclusion selected). Queue: 200 rules.
1200 rules inserted. Base: 470 rules (73 with conclusion selected). Queue: 173 rules.
1400 rules inserted. Base: 496 rules (73 with conclusion selected). Queue: 137 rules.
1600 rules inserted. Base: 548 rules (81 with conclusion selected). Queue: 109 rules.
1800 rules inserted. Base: 457 rules (90 with conclusion selected). Queue: 79 rules.
Starting query not event(Stripped(t_2,v))
RESULT not event(Stripped(t_2,v)) is true.
-- Query not event(SignerForged(t_2,k)) in process 1.
Translating the process into Horn clauses...
Completing...
200 rules inserted. Base: 180 rules (67 with conclusion selected). Queue: 54 rules.
400 rules inserted. Base: 270 rules (67 with conclusion selected). Queue: 106 rules.
600 rules inserted. Base: 306 rules (67 with conclusion selected). Queue: 137 rules.
800 rules inserted. Base: 388 rules (67 with conclusion selected). Queue: 200 rules.
1000 rules inserted. Base: 391 rules (70 with conclusion selected). Queue: 200 rules.
1200 rules inserted. Base: 468 rules (73 with conclusion selected). Queue: 179 rules.
1400 rules inserted. Base: 502 rules (73 with conclusion selected). Queue: 138 rules.
1600 rules inserted. Base: 544 rules (82 with conclusion selected). Queue: 113 rules.
1800 rules inserted. Base: 472 rules (93 with conclusion selected). Queue: 87 rules.
Starting query not event(SignerForged(t_2,k))
goal reachable: k ≠ skA2[] && attacker(k) -> event(SignerForged(authTuple(issuerId2[],fp(pk(skA2[])),signers1(fp(pk(skB2[]))),algH[],verH[]),pk(k)))

Derivation:

1. The attacker has some term payload_3.
attacker(payload_3).

2. The message payload_3 that the attacker may have by 1 may be received at input {48}.
So the message (pk(skA2[]),authTuple(issuerId2[],fp(pk(skA2[])),signers1(fp(pk(skB2[]))),algH[],verH[])) may be sent on channel honestKeyCh[] at output {51}.
mess(honestKeyCh[],(pk(skA2[]),authTuple(issuerId2[],fp(pk(skA2[])),signers1(fp(pk(skB2[]))),algH[],verH[]))).

3. The attacker has some term plb_1.
attacker(plb_1).

4. The attacker initially knows canonVerH[].
attacker(canonVerH[]).

5. The attacker initially knows verH[].
attacker(verH[]).

6. The attacker initially knows algH[].
attacker(algH[]).

7. The message pk(skB2[]) may be sent to the attacker at output {9}.
attacker(pk(skB2[])).

8. By 7, the attacker may know pk(skB2[]).
Using the function fp the attacker may obtain fp(pk(skB2[])).
attacker(fp(pk(skB2[]))).

9. By 8, the attacker may know fp(pk(skB2[])).
Using the function signers1 the attacker may obtain signers1(fp(pk(skB2[]))).
attacker(signers1(fp(pk(skB2[])))).

10. The message pk(skA2[]) may be sent to the attacker at output {8}.
attacker(pk(skA2[])).

11. By 10, the attacker may know pk(skA2[]).
Using the function fp the attacker may obtain fp(pk(skA2[])).
attacker(fp(pk(skA2[]))).

12. The attacker initially knows issuerId2[].
attacker(issuerId2[]).

13. By 12, the attacker may know issuerId2[].
By 11, the attacker may know fp(pk(skA2[])).
By 9, the attacker may know signers1(fp(pk(skB2[]))).
By 6, the attacker may know algH[].
By 5, the attacker may know verH[].
Using the function authTuple the attacker may obtain authTuple(issuerId2[],fp(pk(skA2[])),signers1(fp(pk(skB2[]))),algH[],verH[]).
attacker(authTuple(issuerId2[],fp(pk(skA2[])),signers1(fp(pk(skB2[]))),algH[],verH[])).

14. By 13, the attacker may know authTuple(issuerId2[],fp(pk(skA2[])),signers1(fp(pk(skB2[]))),algH[],verH[]).
Using the function h the attacker may obtain h(authTuple(issuerId2[],fp(pk(skA2[])),signers1(fp(pk(skB2[]))),algH[],verH[])).
attacker(h(authTuple(issuerId2[],fp(pk(skA2[])),signers1(fp(pk(skB2[]))),algH[],verH[]))).

15. Using the function OT_ATTEST the attacker may obtain OT_ATTEST.
attacker(OT_ATTEST).

16. By 15, the attacker may know OT_ATTEST.
By 6, the attacker may know algH[].
By 12, the attacker may know issuerId2[].
By 11, the attacker may know fp(pk(skA2[])).
By 14, the attacker may know h(authTuple(issuerId2[],fp(pk(skA2[])),signers1(fp(pk(skB2[]))),algH[],verH[])).
By 4, the attacker may know canonVerH[].
By 3, the attacker may know plb_1.
Using the function framed the attacker may obtain framed(OT_ATTEST,algH[],issuerId2[],fp(pk(skA2[])),h(authTuple(issuerId2[],fp(pk(skA2[])),signers1(fp(pk(skB2[]))),algH[],verH[])),canonVerH[],plb_1).
attacker(framed(OT_ATTEST,algH[],issuerId2[],fp(pk(skA2[])),h(authTuple(issuerId2[],fp(pk(skA2[])),signers1(fp(pk(skB2[]))),algH[],verH[])),canonVerH[],plb_1)).

17. The attacker has some term pla_2.
attacker(pla_2).

18. The attacker has some term cva_2.
attacker(cva_2).

19. The attacker has some term fpa_2.
attacker(fpa_2).

20. The attacker has some term ota_2.
attacker(ota_2).

21. By 20, the attacker may know ota_2.
By 6, the attacker may know algH[].
By 12, the attacker may know issuerId2[].
By 19, the attacker may know fpa_2.
By 14, the attacker may know h(authTuple(issuerId2[],fp(pk(skA2[])),signers1(fp(pk(skB2[]))),algH[],verH[])).
By 18, the attacker may know cva_2.
By 17, the attacker may know pla_2.
Using the function framed the attacker may obtain framed(ota_2,algH[],issuerId2[],fpa_2,h(authTuple(issuerId2[],fp(pk(skA2[])),signers1(fp(pk(skB2[]))),algH[],verH[])),cva_2,pla_2).
attacker(framed(ota_2,algH[],issuerId2[],fpa_2,h(authTuple(issuerId2[],fp(pk(skA2[])),signers1(fp(pk(skB2[]))),algH[],verH[])),cva_2,pla_2)).

22. The message plb_1 that the attacker may have by 3 may be received at input {48}.
So the message sign((BYTES,framed(OT_ATTEST,algH[],issuerId2[],fp(pk(skA2[])),h(authTuple(issuerId2[],fp(pk(skA2[])),signers1(fp(pk(skB2[]))),algH[],verH[])),canonVerH[],plb_1)),skA2[]) may be sent to the attacker at output {56}.
attacker(sign((BYTES,framed(OT_ATTEST,algH[],issuerId2[],fp(pk(skA2[])),h(authTuple(issuerId2[],fp(pk(skA2[])),signers1(fp(pk(skB2[]))),algH[],verH[])),canonVerH[],plb_1)),skA2[])).

23. We assume as hypothesis that
attacker(k).

24. Using the function BYTES the attacker may obtain BYTES.
attacker(BYTES).

25. By 24, the attacker may know BYTES.
By 21, the attacker may know framed(ota_2,algH[],issuerId2[],fpa_2,h(authTuple(issuerId2[],fp(pk(skA2[])),signers1(fp(pk(skB2[]))),algH[],verH[])),cva_2,pla_2).
Using the function 2-tuple the attacker may obtain (BYTES,framed(ota_2,algH[],issuerId2[],fpa_2,h(authTuple(issuerId2[],fp(pk(skA2[])),signers1(fp(pk(skB2[]))),algH[],verH[])),cva_2,pla_2)).
attacker((BYTES,framed(ota_2,algH[],issuerId2[],fpa_2,h(authTuple(issuerId2[],fp(pk(skA2[])),signers1(fp(pk(skB2[]))),algH[],verH[])),cva_2,pla_2))).

26. By 25, the attacker may know (BYTES,framed(ota_2,algH[],issuerId2[],fpa_2,h(authTuple(issuerId2[],fp(pk(skA2[])),signers1(fp(pk(skB2[]))),algH[],verH[])),cva_2,pla_2)).
By 23, the attacker may know k.
Using the function sign the attacker may obtain sign((BYTES,framed(ota_2,algH[],issuerId2[],fpa_2,h(authTuple(issuerId2[],fp(pk(skA2[])),signers1(fp(pk(skB2[]))),algH[],verH[])),cva_2,pla_2)),k).
attacker(sign((BYTES,framed(ota_2,algH[],issuerId2[],fpa_2,h(authTuple(issuerId2[],fp(pk(skA2[])),signers1(fp(pk(skB2[]))),algH[],verH[])),cva_2,pla_2)),k)).

27. The attacker has some term payload_4.
attacker(payload_4).

28. The message payload_4 that the attacker may have by 27 may be received at input {48}.
So the message sign((POSS,authTuple(issuerId2[],fp(pk(skA2[])),signers1(fp(pk(skB2[]))),algH[],verH[])),skA2[]) may be sent to the attacker at output {52}.
attacker(sign((POSS,authTuple(issuerId2[],fp(pk(skA2[])),signers1(fp(pk(skB2[]))),algH[],verH[])),skA2[])).

29. Using the function POSS the attacker may obtain POSS.
attacker(POSS).

30. By 29, the attacker may know POSS.
By 13, the attacker may know authTuple(issuerId2[],fp(pk(skA2[])),signers1(fp(pk(skB2[]))),algH[],verH[]).
Using the function 2-tuple the attacker may obtain (POSS,authTuple(issuerId2[],fp(pk(skA2[])),signers1(fp(pk(skB2[]))),algH[],verH[])).
attacker((POSS,authTuple(issuerId2[],fp(pk(skA2[])),signers1(fp(pk(skB2[]))),algH[],verH[]))).

31. By 30, the attacker may know (POSS,authTuple(issuerId2[],fp(pk(skA2[])),signers1(fp(pk(skB2[]))),algH[],verH[])).
By 23, the attacker may know k.
Using the function sign the attacker may obtain sign((POSS,authTuple(issuerId2[],fp(pk(skA2[])),signers1(fp(pk(skB2[]))),algH[],verH[])),k).
attacker(sign((POSS,authTuple(issuerId2[],fp(pk(skA2[])),signers1(fp(pk(skB2[]))),algH[],verH[])),k)).

32. By 23, the attacker may know k.
Using the function pk the attacker may obtain pk(k).
attacker(pk(k)).

33. The message sign((STMT_DIGEST,h(authTuple(issuerId2[],fp(pk(skA2[])),signers1(fp(pk(skB2[]))),algH[],verH[]))),skR[]) may be sent to the attacker at output {28}.
attacker(sign((STMT_DIGEST,h(authTuple(issuerId2[],fp(pk(skA2[])),signers1(fp(pk(skB2[]))),algH[],verH[]))),skR[])).

34. The message skD[] may be sent to the attacker at output {12}.
attacker(skD[]).

35. Using the function STMT_DIGEST the attacker may obtain STMT_DIGEST.
attacker(STMT_DIGEST).

36. By 35, the attacker may know STMT_DIGEST.
By 14, the attacker may know h(authTuple(issuerId2[],fp(pk(skA2[])),signers1(fp(pk(skB2[]))),algH[],verH[])).
Using the function 2-tuple the attacker may obtain (STMT_DIGEST,h(authTuple(issuerId2[],fp(pk(skA2[])),signers1(fp(pk(skB2[]))),algH[],verH[]))).
attacker((STMT_DIGEST,h(authTuple(issuerId2[],fp(pk(skA2[])),signers1(fp(pk(skB2[]))),algH[],verH[])))).

37. By 36, the attacker may know (STMT_DIGEST,h(authTuple(issuerId2[],fp(pk(skA2[])),signers1(fp(pk(skB2[]))),algH[],verH[]))).
By 34, the attacker may know skD[].
Using the function sign the attacker may obtain sign((STMT_DIGEST,h(authTuple(issuerId2[],fp(pk(skA2[])),signers1(fp(pk(skB2[]))),algH[],verH[]))),skD[]).
attacker(sign((STMT_DIGEST,h(authTuple(issuerId2[],fp(pk(skA2[])),signers1(fp(pk(skB2[]))),algH[],verH[]))),skD[])).

38. By 13, the attacker may know authTuple(issuerId2[],fp(pk(skA2[])),signers1(fp(pk(skB2[]))),algH[],verH[]).
By 37, the attacker may know sign((STMT_DIGEST,h(authTuple(issuerId2[],fp(pk(skA2[])),signers1(fp(pk(skB2[]))),algH[],verH[]))),skD[]).
By 33, the attacker may know sign((STMT_DIGEST,h(authTuple(issuerId2[],fp(pk(skA2[])),signers1(fp(pk(skB2[]))),algH[],verH[]))),skR[]).
By 32, the attacker may know pk(k).
By 10, the attacker may know pk(skA2[]).
By 31, the attacker may know sign((POSS,authTuple(issuerId2[],fp(pk(skA2[])),signers1(fp(pk(skB2[]))),algH[],verH[])),k).
By 28, the attacker may know sign((POSS,authTuple(issuerId2[],fp(pk(skA2[])),signers1(fp(pk(skB2[]))),algH[],verH[])),skA2[]).
By 26, the attacker may know sign((BYTES,framed(ota_2,algH[],issuerId2[],fpa_2,h(authTuple(issuerId2[],fp(pk(skA2[])),signers1(fp(pk(skB2[]))),algH[],verH[])),cva_2,pla_2)),k).
By 22, the attacker may know sign((BYTES,framed(OT_ATTEST,algH[],issuerId2[],fp(pk(skA2[])),h(authTuple(issuerId2[],fp(pk(skA2[])),signers1(fp(pk(skB2[]))),algH[],verH[])),canonVerH[],plb_1)),skA2[]).
By 21, the attacker may know framed(ota_2,algH[],issuerId2[],fpa_2,h(authTuple(issuerId2[],fp(pk(skA2[])),signers1(fp(pk(skB2[]))),algH[],verH[])),cva_2,pla_2).
By 16, the attacker may know framed(OT_ATTEST,algH[],issuerId2[],fp(pk(skA2[])),h(authTuple(issuerId2[],fp(pk(skA2[])),signers1(fp(pk(skB2[]))),algH[],verH[])),canonVerH[],plb_1).
Using the function 11-tuple the attacker may obtain (authTuple(issuerId2[],fp(pk(skA2[])),signers1(fp(pk(skB2[]))),algH[],verH[]),sign((STMT_DIGEST,h(authTuple(issuerId2[],fp(pk(skA2[])),signers1(fp(pk(skB2[]))),algH[],verH[]))),skD[]),sign((STMT_DIGEST,h(authTuple(issuerId2[],fp(pk(skA2[])),signers1(fp(pk(skB2[]))),algH[],verH[]))),skR[]),pk(k),pk(skA2[]),sign((POSS,authTuple(issuerId2[],fp(pk(skA2[])),signers1(fp(pk(skB2[]))),algH[],verH[])),k),sign((POSS,authTuple(issuerId2[],fp(pk(skA2[])),signers1(fp(pk(skB2[]))),algH[],verH[])),skA2[]),sign((BYTES,framed(ota_2,algH[],issuerId2[],fpa_2,h(authTuple(issuerId2[],fp(pk(skA2[])),signers1(fp(pk(skB2[]))),algH[],verH[])),cva_2,pla_2)),k),sign((BYTES,framed(OT_ATTEST,algH[],issuerId2[],fp(pk(skA2[])),h(authTuple(issuerId2[],fp(pk(skA2[])),signers1(fp(pk(skB2[]))),algH[],verH[])),canonVerH[],plb_1)),skA2[]),framed(ota_2,algH[],issuerId2[],fpa_2,h(authTuple(issuerId2[],fp(pk(skA2[])),signers1(fp(pk(skB2[]))),algH[],verH[])),cva_2,pla_2),framed(OT_ATTEST,algH[],issuerId2[],fp(pk(skA2[])),h(authTuple(issuerId2[],fp(pk(skA2[])),signers1(fp(pk(skB2[]))),algH[],verH[])),canonVerH[],plb_1)).
attacker((authTuple(issuerId2[],fp(pk(skA2[])),signers1(fp(pk(skB2[]))),algH[],verH[]),sign((STMT_DIGEST,h(authTuple(issuerId2[],fp(pk(skA2[])),signers1(fp(pk(skB2[]))),algH[],verH[]))),skD[]),sign((STMT_DIGEST,h(authTuple(issuerId2[],fp(pk(skA2[])),signers1(fp(pk(skB2[]))),algH[],verH[]))),skR[]),pk(k),pk(skA2[]),sign((POSS,authTuple(issuerId2[],fp(pk(skA2[])),signers1(fp(pk(skB2[]))),algH[],verH[])),k),sign((POSS,authTuple(issuerId2[],fp(pk(skA2[])),signers1(fp(pk(skB2[]))),algH[],verH[])),skA2[]),sign((BYTES,framed(ota_2,algH[],issuerId2[],fpa_2,h(authTuple(issuerId2[],fp(pk(skA2[])),signers1(fp(pk(skB2[]))),algH[],verH[])),cva_2,pla_2)),k),sign((BYTES,framed(OT_ATTEST,algH[],issuerId2[],fp(pk(skA2[])),h(authTuple(issuerId2[],fp(pk(skA2[])),signers1(fp(pk(skB2[]))),algH[],verH[])),canonVerH[],plb_1)),skA2[]),framed(ota_2,algH[],issuerId2[],fpa_2,h(authTuple(issuerId2[],fp(pk(skA2[])),signers1(fp(pk(skB2[]))),algH[],verH[])),cva_2,pla_2),framed(OT_ATTEST,algH[],issuerId2[],fp(pk(skA2[])),h(authTuple(issuerId2[],fp(pk(skA2[])),signers1(fp(pk(skB2[]))),algH[],verH[])),canonVerH[],plb_1))).

39. The message (authTuple(issuerId2[],fp(pk(skA2[])),signers1(fp(pk(skB2[]))),algH[],verH[]),sign((STMT_DIGEST,h(authTuple(issuerId2[],fp(pk(skA2[])),signers1(fp(pk(skB2[]))),algH[],verH[]))),skD[]),sign((STMT_DIGEST,h(authTuple(issuerId2[],fp(pk(skA2[])),signers1(fp(pk(skB2[]))),algH[],verH[]))),skR[]),pk(k),pk(skA2[]),sign((POSS,authTuple(issuerId2[],fp(pk(skA2[])),signers1(fp(pk(skB2[]))),algH[],verH[])),k),sign((POSS,authTuple(issuerId2[],fp(pk(skA2[])),signers1(fp(pk(skB2[]))),algH[],verH[])),skA2[]),sign((BYTES,framed(ota_2,algH[],issuerId2[],fpa_2,h(authTuple(issuerId2[],fp(pk(skA2[])),signers1(fp(pk(skB2[]))),algH[],verH[])),cva_2,pla_2)),k),sign((BYTES,framed(OT_ATTEST,algH[],issuerId2[],fp(pk(skA2[])),h(authTuple(issuerId2[],fp(pk(skA2[])),signers1(fp(pk(skB2[]))),algH[],verH[])),canonVerH[],plb_1)),skA2[]),framed(ota_2,algH[],issuerId2[],fpa_2,h(authTuple(issuerId2[],fp(pk(skA2[])),signers1(fp(pk(skB2[]))),algH[],verH[])),cva_2,pla_2),framed(OT_ATTEST,algH[],issuerId2[],fp(pk(skA2[])),h(authTuple(issuerId2[],fp(pk(skA2[])),signers1(fp(pk(skB2[]))),algH[],verH[])),canonVerH[],plb_1)) that the attacker may have by 38 may be received at input {87}.
So the message (authTuple(issuerId2[],fp(pk(skA2[])),signers1(fp(pk(skB2[]))),algH[],verH[]),fp(pk(skA2[])),pk(k)) may be sent on channel slotCh[] at output {101}.
mess(slotCh[],(authTuple(issuerId2[],fp(pk(skA2[])),signers1(fp(pk(skB2[]))),algH[],verH[]),fp(pk(skA2[])),pk(k))).

40. The message (pk(skA2[]),authTuple(issuerId2[],fp(pk(skA2[])),signers1(fp(pk(skB2[]))),algH[],verH[])) that may be sent on channel honestKeyCh[] by 2 may be received at input {120}.
The message (authTuple(issuerId2[],fp(pk(skA2[])),signers1(fp(pk(skB2[]))),algH[],verH[]),fp(pk(skA2[])),pk(k)) that may be sent on channel slotCh[] by 39 may be received at input {121}.
We have pk(k) ≠ pk(skA2[]).
So event SignerForged(authTuple(issuerId2[],fp(pk(skA2[])),signers1(fp(pk(skB2[]))),algH[],verH[]),pk(k)) may be executed at {124}.
event(SignerForged(authTuple(issuerId2[],fp(pk(skA2[])),signers1(fp(pk(skB2[]))),algH[],verH[]),pk(k))).

41. By 40, event(SignerForged(authTuple(issuerId2[],fp(pk(skA2[])),signers1(fp(pk(skB2[]))),algH[],verH[]),pk(k))).
The goal is reached, represented in the following fact:
event(SignerForged(authTuple(issuerId2[],fp(pk(skA2[])),signers1(fp(pk(skB2[]))),algH[],verH[]),pk(k))).


A more detailed output of the traces is available with
  set traceDisplay = long.

new skD: skey creating skD_3 at {1}

new skR: skey creating skR_3 at {2}

out(c, ~M) with ~M = pk(skD_3) at {5}

out(c, ~M_1) with ~M_1 = pk(skR_3) at {6}

out(c, ~M_2) with ~M_2 = pk(skA1) at {7}

out(c, ~M_3) with ~M_3 = pk(skA2) at {8}

out(c, ~M_4) with ~M_4 = pk(skB2) at {9}

out(c, authTuple(~M_5,~M_6,~M_7,~M_8,~M_9)) with ~M_5 = issuerId, ~M_6 = fp(pk(skA1)), ~M_7 = signers0, ~M_8 = algH, ~M_9 = verH at {10}

out(c, authTuple(~M_10,~M_11,signers1(~M_12),~M_13,~M_14)) with ~M_10 = issuerId2, ~M_11 = fp(pk(skA2)), ~M_12 = fp(pk(skB2)), ~M_13 = algH, ~M_14 = verH at {11}

out(c, ~M_15) with ~M_15 = skD_3 at {12}

event AuthorityPublishedRepo(authTuple(issuerId2,fp(pk(skA2)),signers1(fp(pk(skB2))),algH,verH)) at {27} in copy a

out(c, ~M_16) with ~M_16 = sign((STMT_DIGEST,h(authTuple(issuerId2,fp(pk(skA2)),signers1(fp(pk(skB2))),algH,verH))),skR_3) at {28} in copy a

in(c, a_1) at {48} in copy a_2

event IssuerPossession(pk(skA2)) at {49} in copy a_2

out(c, ~M_17) with ~M_17 = sign((POSS,authTuple(issuerId2,fp(pk(skA2)),signers1(fp(pk(skB2))),algH,verH)),skA2) at {52} in copy a_2

event IssuerSigned(pk(skA2),framed(OT_ATTEST,algH,issuerId2,fp(pk(skA2)),h(authTuple(issuerId2,fp(pk(skA2)),signers1(fp(pk(skB2))),algH,verH)),canonVerH,a_1)) at {54} in copy a_2

out(c, ~M_18) with ~M_18 = sign((BYTES,framed(OT_ATTEST,algH,issuerId2,fp(pk(skA2)),h(authTuple(issuerId2,fp(pk(skA2)),signers1(fp(pk(skB2))),algH,verH)),canonVerH,a_1)),skA2) at {56} in copy a_2

in(c, a_3) at {48} in copy a_4

event IssuerPossession(pk(skA2)) at {49} in copy a_4

out(c, ~M_19) with ~M_19 = sign((POSS,authTuple(issuerId2,fp(pk(skA2)),signers1(fp(pk(skB2))),algH,verH)),skA2) at {52} in copy a_4

event IssuerSigned(pk(skA2),framed(OT_ATTEST,algH,issuerId2,fp(pk(skA2)),h(authTuple(issuerId2,fp(pk(skA2)),signers1(fp(pk(skB2))),algH,verH)),canonVerH,a_3)) at {54} in copy a_4

out(c, ~M_20) with ~M_20 = sign((BYTES,framed(OT_ATTEST,algH,issuerId2,fp(pk(skA2)),h(authTuple(issuerId2,fp(pk(skA2)),signers1(fp(pk(skB2))),algH,verH)),canonVerH,a_3)),skA2) at {56} in copy a_4

in(c, a_5) at {48} in copy a_6

event IssuerPossession(pk(skA2)) at {49} in copy a_6

out(c, ~M_21) with ~M_21 = sign((POSS,authTuple(issuerId2,fp(pk(skA2)),signers1(fp(pk(skB2))),algH,verH)),skA2) at {52} in copy a_6

event IssuerSigned(pk(skA2),framed(OT_ATTEST,algH,issuerId2,fp(pk(skA2)),h(authTuple(issuerId2,fp(pk(skA2)),signers1(fp(pk(skB2))),algH,verH)),canonVerH,a_5)) at {54} in copy a_6

out(c, ~M_22) with ~M_22 = sign((BYTES,framed(OT_ATTEST,algH,issuerId2,fp(pk(skA2)),h(authTuple(issuerId2,fp(pk(skA2)),signers1(fp(pk(skB2))),algH,verH)),canonVerH,a_5)),skA2) at {56} in copy a_6

in(c, (authTuple(issuerId2,fp(~M_3),signers1(fp(~M_4)),algH,verH),sign((STMT_DIGEST,h(authTuple(issuerId2,fp(~M_3),signers1(fp(~M_4)),algH,verH))),~M_15),~M_16,pk(a_7),~M_3,sign((POSS,authTuple(issuerId2,fp(~M_3),signers1(fp(~M_4)),algH,verH)),a_7),~M_17,sign((BYTES,framed(a_8,algH,issuerId2,a_9,h(authTuple(issuerId2,fp(~M_3),signers1(fp(~M_4)),algH,verH)),a_10,a_11)),a_7),~M_20,framed(a_8,algH,issuerId2,a_9,h(authTuple(issuerId2,fp(~M_3),signers1(fp(~M_4)),algH,verH)),a_10,a_11),framed(OT_ATTEST,algH,issuerId2,fp(~M_3),h(authTuple(issuerId2,fp(~M_3),signers1(fp(~M_4)),algH,verH)),canonVerH,a_3))) with fp(~M_3) = fp(pk(skA2)), fp(~M_4) = fp(pk(skB2)), sign((STMT_DIGEST,h(authTuple(issuerId2,fp(~M_3),signers1(fp(~M_4)),algH,verH))),~M_15) = sign((STMT_DIGEST,h(authTuple(issuerId2,fp(pk(skA2)),signers1(fp(pk(skB2))),algH,verH))),skD_3), ~M_16 = sign((STMT_DIGEST,h(authTuple(issuerId2,fp(pk(skA2)),signers1(fp(pk(skB2))),algH,verH))),skR_3), ~M_3 = pk(skA2), sign((POSS,authTuple(issuerId2,fp(~M_3),signers1(fp(~M_4)),algH,verH)),a_7) = sign((POSS,authTuple(issuerId2,fp(pk(skA2)),signers1(fp(pk(skB2))),algH,verH)),a_7), ~M_17 = sign((POSS,authTuple(issuerId2,fp(pk(skA2)),signers1(fp(pk(skB2))),algH,verH)),skA2), sign((BYTES,framed(a_8,algH,issuerId2,a_9,h(authTuple(issuerId2,fp(~M_3),signers1(fp(~M_4)),algH,verH)),a_10,a_11)),a_7) = sign((BYTES,framed(a_8,algH,issuerId2,a_9,h(authTuple(issuerId2,fp(pk(skA2)),signers1(fp(pk(skB2))),algH,verH)),a_10,a_11)),a_7), ~M_20 = sign((BYTES,framed(OT_ATTEST,algH,issuerId2,fp(pk(skA2)),h(authTuple(issuerId2,fp(pk(skA2)),signers1(fp(pk(skB2))),algH,verH)),canonVerH,a_3)),skA2), h(authTuple(issuerId2,fp(~M_3),signers1(fp(~M_4)),algH,verH)) = h(authTuple(issuerId2,fp(pk(skA2)),signers1(fp(pk(skB2))),algH,verH)), fp(~M_3) = fp(pk(skA2)), h(authTuple(issuerId2,fp(~M_3),signers1(fp(~M_4)),algH,verH)) = h(authTuple(issuerId2,fp(pk(skA2)),signers1(fp(pk(skB2))),algH,verH)) at {87} in copy a_12

event Accept2(sign((STMT_DIGEST,h(authTuple(issuerId2,fp(pk(skA2)),signers1(fp(pk(skB2))),algH,verH))),skD_3),sign((STMT_DIGEST,h(authTuple(issuerId2,fp(pk(skA2)),signers1(fp(pk(skB2))),algH,verH))),skR_3),authTuple(issuerId2,fp(pk(skA2)),signers1(fp(pk(skB2))),algH,verH),pk(a_7),pk(skA2),framed(a_8,algH,issuerId2,a_9,h(authTuple(issuerId2,fp(pk(skA2)),signers1(fp(pk(skB2))),algH,verH)),a_10,a_11),framed(OT_ATTEST,algH,issuerId2,fp(pk(skA2)),h(authTuple(issuerId2,fp(pk(skA2)),signers1(fp(pk(skB2))),algH,verH)),canonVerH,a_3)) at {99} in copy a_12

out(honestKeyCh, (pk(skA2),authTuple(issuerId2,fp(pk(skA2)),signers1(fp(pk(skB2))),algH,verH))) at {51} in copy a_2 received at {120} in copy a_13

out(slotCh, (authTuple(issuerId2,fp(pk(skA2)),signers1(fp(pk(skB2))),algH,verH),fp(pk(skA2)),pk(a_7))) at {101} in copy a_12 received at {121} in copy a_13

event SignerForged(authTuple(issuerId2,fp(pk(skA2)),signers1(fp(pk(skB2))),algH,verH),pk(a_7)) at {124} in copy a_13 (goal)

The event SignerForged(authTuple(issuerId2,fp(pk(skA2)),signers1(fp(pk(skB2))),algH,verH),pk(a_7)) is executed at {124} in copy a_13.
A trace has been found.
RESULT not event(SignerForged(t_2,k)) is false.
-- Query not event(SetAltered(kH_2,m,t_2)) in process 1.
Translating the process into Horn clauses...
Completing...
200 rules inserted. Base: 180 rules (67 with conclusion selected). Queue: 54 rules.
400 rules inserted. Base: 269 rules (67 with conclusion selected). Queue: 103 rules.
600 rules inserted. Base: 311 rules (67 with conclusion selected). Queue: 134 rules.
800 rules inserted. Base: 388 rules (67 with conclusion selected). Queue: 200 rules.
1000 rules inserted. Base: 391 rules (70 with conclusion selected). Queue: 201 rules.
1200 rules inserted. Base: 472 rules (73 with conclusion selected). Queue: 176 rules.
1400 rules inserted. Base: 503 rules (73 with conclusion selected). Queue: 141 rules.
1600 rules inserted. Base: 551 rules (81 with conclusion selected). Queue: 113 rules.
1800 rules inserted. Base: 477 rules (90 with conclusion selected). Queue: 88 rules.
Starting query not event(SetAltered(kH_2,m,t_2))
RESULT not event(SetAltered(kH_2,m,t_2)) is true.
-- Query not event(Reattributed(kX_1,kH_2,fb_4)) in process 1.
Translating the process into Horn clauses...
Completing...
200 rules inserted. Base: 180 rules (67 with conclusion selected). Queue: 54 rules.
400 rules inserted. Base: 271 rules (67 with conclusion selected). Queue: 106 rules.
600 rules inserted. Base: 312 rules (67 with conclusion selected). Queue: 137 rules.
800 rules inserted. Base: 386 rules (67 with conclusion selected). Queue: 202 rules.
1000 rules inserted. Base: 391 rules (70 with conclusion selected). Queue: 201 rules.
1200 rules inserted. Base: 466 rules (73 with conclusion selected). Queue: 182 rules.
1400 rules inserted. Base: 500 rules (73 with conclusion selected). Queue: 141 rules.
1600 rules inserted. Base: 555 rules (81 with conclusion selected). Queue: 116 rules.
1800 rules inserted. Base: 494 rules (91 with conclusion selected). Queue: 94 rules.
Starting query not event(Reattributed(kX_1,kH_2,fb_4))
goal reachable: k ≠ skB2[] && attacker(k) && attacker(pla_2) -> event(Reattributed(pk(k),pk(skB2[]),framed(OT_ATTEST,algH[],issuerId2[],fp(pk(skB2[])),h(authTuple(issuerId2[],fp(pk(skA2[])),signers1(fp(pk(skB2[]))),algH[],verH[])),canonVerH[],pla_2)))

Derivation:

1. We assume as hypothesis that
attacker(pla_2).

2. The message pla_2 that the attacker may have by 1 may be received at input {60}.
So the message (pk(skB2[]),framed(OT_ATTEST,algH[],issuerId2[],fp(pk(skB2[])),h(authTuple(issuerId2[],fp(pk(skA2[])),signers1(fp(pk(skB2[]))),algH[],verH[])),canonVerH[],pla_2)) may be sent on channel honestCh[] at output {67}.
mess(honestCh[],(pk(skB2[]),framed(OT_ATTEST,algH[],issuerId2[],fp(pk(skB2[])),h(authTuple(issuerId2[],fp(pk(skA2[])),signers1(fp(pk(skB2[]))),algH[],verH[])),canonVerH[],pla_2))).

3. The attacker has some term plb_1.
attacker(plb_1).

4. The attacker initially knows canonVerH[].
attacker(canonVerH[]).

5. The attacker initially knows verH[].
attacker(verH[]).

6. The attacker initially knows algH[].
attacker(algH[]).

7. The message pk(skB2[]) may be sent to the attacker at output {9}.
attacker(pk(skB2[])).

8. By 7, the attacker may know pk(skB2[]).
Using the function fp the attacker may obtain fp(pk(skB2[])).
attacker(fp(pk(skB2[]))).

9. By 8, the attacker may know fp(pk(skB2[])).
Using the function signers1 the attacker may obtain signers1(fp(pk(skB2[]))).
attacker(signers1(fp(pk(skB2[])))).

10. The message pk(skA2[]) may be sent to the attacker at output {8}.
attacker(pk(skA2[])).

11. By 10, the attacker may know pk(skA2[]).
Using the function fp the attacker may obtain fp(pk(skA2[])).
attacker(fp(pk(skA2[]))).

12. The attacker initially knows issuerId2[].
attacker(issuerId2[]).

13. By 12, the attacker may know issuerId2[].
By 11, the attacker may know fp(pk(skA2[])).
By 9, the attacker may know signers1(fp(pk(skB2[]))).
By 6, the attacker may know algH[].
By 5, the attacker may know verH[].
Using the function authTuple the attacker may obtain authTuple(issuerId2[],fp(pk(skA2[])),signers1(fp(pk(skB2[]))),algH[],verH[]).
attacker(authTuple(issuerId2[],fp(pk(skA2[])),signers1(fp(pk(skB2[]))),algH[],verH[])).

14. By 13, the attacker may know authTuple(issuerId2[],fp(pk(skA2[])),signers1(fp(pk(skB2[]))),algH[],verH[]).
Using the function h the attacker may obtain h(authTuple(issuerId2[],fp(pk(skA2[])),signers1(fp(pk(skB2[]))),algH[],verH[])).
attacker(h(authTuple(issuerId2[],fp(pk(skA2[])),signers1(fp(pk(skB2[]))),algH[],verH[]))).

15. Using the function OT_ATTEST the attacker may obtain OT_ATTEST.
attacker(OT_ATTEST).

16. By 15, the attacker may know OT_ATTEST.
By 6, the attacker may know algH[].
By 12, the attacker may know issuerId2[].
By 11, the attacker may know fp(pk(skA2[])).
By 14, the attacker may know h(authTuple(issuerId2[],fp(pk(skA2[])),signers1(fp(pk(skB2[]))),algH[],verH[])).
By 4, the attacker may know canonVerH[].
By 3, the attacker may know plb_1.
Using the function framed the attacker may obtain framed(OT_ATTEST,algH[],issuerId2[],fp(pk(skA2[])),h(authTuple(issuerId2[],fp(pk(skA2[])),signers1(fp(pk(skB2[]))),algH[],verH[])),canonVerH[],plb_1).
attacker(framed(OT_ATTEST,algH[],issuerId2[],fp(pk(skA2[])),h(authTuple(issuerId2[],fp(pk(skA2[])),signers1(fp(pk(skB2[]))),algH[],verH[])),canonVerH[],plb_1)).

17. By 15, the attacker may know OT_ATTEST.
By 6, the attacker may know algH[].
By 12, the attacker may know issuerId2[].
By 8, the attacker may know fp(pk(skB2[])).
By 14, the attacker may know h(authTuple(issuerId2[],fp(pk(skA2[])),signers1(fp(pk(skB2[]))),algH[],verH[])).
By 4, the attacker may know canonVerH[].
By 1, the attacker may know pla_2.
Using the function framed the attacker may obtain framed(OT_ATTEST,algH[],issuerId2[],fp(pk(skB2[])),h(authTuple(issuerId2[],fp(pk(skA2[])),signers1(fp(pk(skB2[]))),algH[],verH[])),canonVerH[],pla_2).
attacker(framed(OT_ATTEST,algH[],issuerId2[],fp(pk(skB2[])),h(authTuple(issuerId2[],fp(pk(skA2[])),signers1(fp(pk(skB2[]))),algH[],verH[])),canonVerH[],pla_2)).

18. The message plb_1 that the attacker may have by 3 may be received at input {48}.
So the message sign((BYTES,framed(OT_ATTEST,algH[],issuerId2[],fp(pk(skA2[])),h(authTuple(issuerId2[],fp(pk(skA2[])),signers1(fp(pk(skB2[]))),algH[],verH[])),canonVerH[],plb_1)),skA2[]) may be sent to the attacker at output {56}.
attacker(sign((BYTES,framed(OT_ATTEST,algH[],issuerId2[],fp(pk(skA2[])),h(authTuple(issuerId2[],fp(pk(skA2[])),signers1(fp(pk(skB2[]))),algH[],verH[])),canonVerH[],plb_1)),skA2[])).

19. We assume as hypothesis that
attacker(k).

20. Using the function BYTES the attacker may obtain BYTES.
attacker(BYTES).

21. By 20, the attacker may know BYTES.
By 17, the attacker may know framed(OT_ATTEST,algH[],issuerId2[],fp(pk(skB2[])),h(authTuple(issuerId2[],fp(pk(skA2[])),signers1(fp(pk(skB2[]))),algH[],verH[])),canonVerH[],pla_2).
Using the function 2-tuple the attacker may obtain (BYTES,framed(OT_ATTEST,algH[],issuerId2[],fp(pk(skB2[])),h(authTuple(issuerId2[],fp(pk(skA2[])),signers1(fp(pk(skB2[]))),algH[],verH[])),canonVerH[],pla_2)).
attacker((BYTES,framed(OT_ATTEST,algH[],issuerId2[],fp(pk(skB2[])),h(authTuple(issuerId2[],fp(pk(skA2[])),signers1(fp(pk(skB2[]))),algH[],verH[])),canonVerH[],pla_2))).

22. By 21, the attacker may know (BYTES,framed(OT_ATTEST,algH[],issuerId2[],fp(pk(skB2[])),h(authTuple(issuerId2[],fp(pk(skA2[])),signers1(fp(pk(skB2[]))),algH[],verH[])),canonVerH[],pla_2)).
By 19, the attacker may know k.
Using the function sign the attacker may obtain sign((BYTES,framed(OT_ATTEST,algH[],issuerId2[],fp(pk(skB2[])),h(authTuple(issuerId2[],fp(pk(skA2[])),signers1(fp(pk(skB2[]))),algH[],verH[])),canonVerH[],pla_2)),k).
attacker(sign((BYTES,framed(OT_ATTEST,algH[],issuerId2[],fp(pk(skB2[])),h(authTuple(issuerId2[],fp(pk(skA2[])),signers1(fp(pk(skB2[]))),algH[],verH[])),canonVerH[],pla_2)),k)).

23. The attacker has some term payload_3.
attacker(payload_3).

24. The message payload_3 that the attacker may have by 23 may be received at input {48}.
So the message sign((POSS,authTuple(issuerId2[],fp(pk(skA2[])),signers1(fp(pk(skB2[]))),algH[],verH[])),skA2[]) may be sent to the attacker at output {52}.
attacker(sign((POSS,authTuple(issuerId2[],fp(pk(skA2[])),signers1(fp(pk(skB2[]))),algH[],verH[])),skA2[])).

25. Using the function POSS the attacker may obtain POSS.
attacker(POSS).

26. By 25, the attacker may know POSS.
By 13, the attacker may know authTuple(issuerId2[],fp(pk(skA2[])),signers1(fp(pk(skB2[]))),algH[],verH[]).
Using the function 2-tuple the attacker may obtain (POSS,authTuple(issuerId2[],fp(pk(skA2[])),signers1(fp(pk(skB2[]))),algH[],verH[])).
attacker((POSS,authTuple(issuerId2[],fp(pk(skA2[])),signers1(fp(pk(skB2[]))),algH[],verH[]))).

27. By 26, the attacker may know (POSS,authTuple(issuerId2[],fp(pk(skA2[])),signers1(fp(pk(skB2[]))),algH[],verH[])).
By 19, the attacker may know k.
Using the function sign the attacker may obtain sign((POSS,authTuple(issuerId2[],fp(pk(skA2[])),signers1(fp(pk(skB2[]))),algH[],verH[])),k).
attacker(sign((POSS,authTuple(issuerId2[],fp(pk(skA2[])),signers1(fp(pk(skB2[]))),algH[],verH[])),k)).

28. By 19, the attacker may know k.
Using the function pk the attacker may obtain pk(k).
attacker(pk(k)).

29. The message sign((STMT_DIGEST,h(authTuple(issuerId2[],fp(pk(skA2[])),signers1(fp(pk(skB2[]))),algH[],verH[]))),skR[]) may be sent to the attacker at output {28}.
attacker(sign((STMT_DIGEST,h(authTuple(issuerId2[],fp(pk(skA2[])),signers1(fp(pk(skB2[]))),algH[],verH[]))),skR[])).

30. The message skD[] may be sent to the attacker at output {12}.
attacker(skD[]).

31. Using the function STMT_DIGEST the attacker may obtain STMT_DIGEST.
attacker(STMT_DIGEST).

32. By 31, the attacker may know STMT_DIGEST.
By 14, the attacker may know h(authTuple(issuerId2[],fp(pk(skA2[])),signers1(fp(pk(skB2[]))),algH[],verH[])).
Using the function 2-tuple the attacker may obtain (STMT_DIGEST,h(authTuple(issuerId2[],fp(pk(skA2[])),signers1(fp(pk(skB2[]))),algH[],verH[]))).
attacker((STMT_DIGEST,h(authTuple(issuerId2[],fp(pk(skA2[])),signers1(fp(pk(skB2[]))),algH[],verH[])))).

33. By 32, the attacker may know (STMT_DIGEST,h(authTuple(issuerId2[],fp(pk(skA2[])),signers1(fp(pk(skB2[]))),algH[],verH[]))).
By 30, the attacker may know skD[].
Using the function sign the attacker may obtain sign((STMT_DIGEST,h(authTuple(issuerId2[],fp(pk(skA2[])),signers1(fp(pk(skB2[]))),algH[],verH[]))),skD[]).
attacker(sign((STMT_DIGEST,h(authTuple(issuerId2[],fp(pk(skA2[])),signers1(fp(pk(skB2[]))),algH[],verH[]))),skD[])).

34. By 13, the attacker may know authTuple(issuerId2[],fp(pk(skA2[])),signers1(fp(pk(skB2[]))),algH[],verH[]).
By 33, the attacker may know sign((STMT_DIGEST,h(authTuple(issuerId2[],fp(pk(skA2[])),signers1(fp(pk(skB2[]))),algH[],verH[]))),skD[]).
By 29, the attacker may know sign((STMT_DIGEST,h(authTuple(issuerId2[],fp(pk(skA2[])),signers1(fp(pk(skB2[]))),algH[],verH[]))),skR[]).
By 28, the attacker may know pk(k).
By 10, the attacker may know pk(skA2[]).
By 27, the attacker may know sign((POSS,authTuple(issuerId2[],fp(pk(skA2[])),signers1(fp(pk(skB2[]))),algH[],verH[])),k).
By 24, the attacker may know sign((POSS,authTuple(issuerId2[],fp(pk(skA2[])),signers1(fp(pk(skB2[]))),algH[],verH[])),skA2[]).
By 22, the attacker may know sign((BYTES,framed(OT_ATTEST,algH[],issuerId2[],fp(pk(skB2[])),h(authTuple(issuerId2[],fp(pk(skA2[])),signers1(fp(pk(skB2[]))),algH[],verH[])),canonVerH[],pla_2)),k).
By 18, the attacker may know sign((BYTES,framed(OT_ATTEST,algH[],issuerId2[],fp(pk(skA2[])),h(authTuple(issuerId2[],fp(pk(skA2[])),signers1(fp(pk(skB2[]))),algH[],verH[])),canonVerH[],plb_1)),skA2[]).
By 17, the attacker may know framed(OT_ATTEST,algH[],issuerId2[],fp(pk(skB2[])),h(authTuple(issuerId2[],fp(pk(skA2[])),signers1(fp(pk(skB2[]))),algH[],verH[])),canonVerH[],pla_2).
By 16, the attacker may know framed(OT_ATTEST,algH[],issuerId2[],fp(pk(skA2[])),h(authTuple(issuerId2[],fp(pk(skA2[])),signers1(fp(pk(skB2[]))),algH[],verH[])),canonVerH[],plb_1).
Using the function 11-tuple the attacker may obtain (authTuple(issuerId2[],fp(pk(skA2[])),signers1(fp(pk(skB2[]))),algH[],verH[]),sign((STMT_DIGEST,h(authTuple(issuerId2[],fp(pk(skA2[])),signers1(fp(pk(skB2[]))),algH[],verH[]))),skD[]),sign((STMT_DIGEST,h(authTuple(issuerId2[],fp(pk(skA2[])),signers1(fp(pk(skB2[]))),algH[],verH[]))),skR[]),pk(k),pk(skA2[]),sign((POSS,authTuple(issuerId2[],fp(pk(skA2[])),signers1(fp(pk(skB2[]))),algH[],verH[])),k),sign((POSS,authTuple(issuerId2[],fp(pk(skA2[])),signers1(fp(pk(skB2[]))),algH[],verH[])),skA2[]),sign((BYTES,framed(OT_ATTEST,algH[],issuerId2[],fp(pk(skB2[])),h(authTuple(issuerId2[],fp(pk(skA2[])),signers1(fp(pk(skB2[]))),algH[],verH[])),canonVerH[],pla_2)),k),sign((BYTES,framed(OT_ATTEST,algH[],issuerId2[],fp(pk(skA2[])),h(authTuple(issuerId2[],fp(pk(skA2[])),signers1(fp(pk(skB2[]))),algH[],verH[])),canonVerH[],plb_1)),skA2[]),framed(OT_ATTEST,algH[],issuerId2[],fp(pk(skB2[])),h(authTuple(issuerId2[],fp(pk(skA2[])),signers1(fp(pk(skB2[]))),algH[],verH[])),canonVerH[],pla_2),framed(OT_ATTEST,algH[],issuerId2[],fp(pk(skA2[])),h(authTuple(issuerId2[],fp(pk(skA2[])),signers1(fp(pk(skB2[]))),algH[],verH[])),canonVerH[],plb_1)).
attacker((authTuple(issuerId2[],fp(pk(skA2[])),signers1(fp(pk(skB2[]))),algH[],verH[]),sign((STMT_DIGEST,h(authTuple(issuerId2[],fp(pk(skA2[])),signers1(fp(pk(skB2[]))),algH[],verH[]))),skD[]),sign((STMT_DIGEST,h(authTuple(issuerId2[],fp(pk(skA2[])),signers1(fp(pk(skB2[]))),algH[],verH[]))),skR[]),pk(k),pk(skA2[]),sign((POSS,authTuple(issuerId2[],fp(pk(skA2[])),signers1(fp(pk(skB2[]))),algH[],verH[])),k),sign((POSS,authTuple(issuerId2[],fp(pk(skA2[])),signers1(fp(pk(skB2[]))),algH[],verH[])),skA2[]),sign((BYTES,framed(OT_ATTEST,algH[],issuerId2[],fp(pk(skB2[])),h(authTuple(issuerId2[],fp(pk(skA2[])),signers1(fp(pk(skB2[]))),algH[],verH[])),canonVerH[],pla_2)),k),sign((BYTES,framed(OT_ATTEST,algH[],issuerId2[],fp(pk(skA2[])),h(authTuple(issuerId2[],fp(pk(skA2[])),signers1(fp(pk(skB2[]))),algH[],verH[])),canonVerH[],plb_1)),skA2[]),framed(OT_ATTEST,algH[],issuerId2[],fp(pk(skB2[])),h(authTuple(issuerId2[],fp(pk(skA2[])),signers1(fp(pk(skB2[]))),algH[],verH[])),canonVerH[],pla_2),framed(OT_ATTEST,algH[],issuerId2[],fp(pk(skA2[])),h(authTuple(issuerId2[],fp(pk(skA2[])),signers1(fp(pk(skB2[]))),algH[],verH[])),canonVerH[],plb_1))).

35. The message (authTuple(issuerId2[],fp(pk(skA2[])),signers1(fp(pk(skB2[]))),algH[],verH[]),sign((STMT_DIGEST,h(authTuple(issuerId2[],fp(pk(skA2[])),signers1(fp(pk(skB2[]))),algH[],verH[]))),skD[]),sign((STMT_DIGEST,h(authTuple(issuerId2[],fp(pk(skA2[])),signers1(fp(pk(skB2[]))),algH[],verH[]))),skR[]),pk(k),pk(skA2[]),sign((POSS,authTuple(issuerId2[],fp(pk(skA2[])),signers1(fp(pk(skB2[]))),algH[],verH[])),k),sign((POSS,authTuple(issuerId2[],fp(pk(skA2[])),signers1(fp(pk(skB2[]))),algH[],verH[])),skA2[]),sign((BYTES,framed(OT_ATTEST,algH[],issuerId2[],fp(pk(skB2[])),h(authTuple(issuerId2[],fp(pk(skA2[])),signers1(fp(pk(skB2[]))),algH[],verH[])),canonVerH[],pla_2)),k),sign((BYTES,framed(OT_ATTEST,algH[],issuerId2[],fp(pk(skA2[])),h(authTuple(issuerId2[],fp(pk(skA2[])),signers1(fp(pk(skB2[]))),algH[],verH[])),canonVerH[],plb_1)),skA2[]),framed(OT_ATTEST,algH[],issuerId2[],fp(pk(skB2[])),h(authTuple(issuerId2[],fp(pk(skA2[])),signers1(fp(pk(skB2[]))),algH[],verH[])),canonVerH[],pla_2),framed(OT_ATTEST,algH[],issuerId2[],fp(pk(skA2[])),h(authTuple(issuerId2[],fp(pk(skA2[])),signers1(fp(pk(skB2[]))),algH[],verH[])),canonVerH[],plb_1)) that the attacker may have by 34 may be received at input {87}.
So the message (pk(k),issuerId2[],framed(OT_ATTEST,algH[],issuerId2[],fp(pk(skB2[])),h(authTuple(issuerId2[],fp(pk(skA2[])),signers1(fp(pk(skB2[]))),algH[],verH[])),canonVerH[],pla_2)) may be sent on channel acceptCh[] at output {103}.
mess(acceptCh[],(pk(k),issuerId2[],framed(OT_ATTEST,algH[],issuerId2[],fp(pk(skB2[])),h(authTuple(issuerId2[],fp(pk(skA2[])),signers1(fp(pk(skB2[]))),algH[],verH[])),canonVerH[],pla_2))).

36. The message (pk(skB2[]),framed(OT_ATTEST,algH[],issuerId2[],fp(pk(skB2[])),h(authTuple(issuerId2[],fp(pk(skA2[])),signers1(fp(pk(skB2[]))),algH[],verH[])),canonVerH[],pla_2)) that may be sent on channel honestCh[] by 2 may be received at input {128}.
The message (pk(k),issuerId2[],framed(OT_ATTEST,algH[],issuerId2[],fp(pk(skB2[])),h(authTuple(issuerId2[],fp(pk(skA2[])),signers1(fp(pk(skB2[]))),algH[],verH[])),canonVerH[],pla_2)) that may be sent on channel acceptCh[] by 35 may be received at input {129}.
We have pk(k) ≠ pk(skB2[]).
So event Reattributed(pk(k),pk(skB2[]),framed(OT_ATTEST,algH[],issuerId2[],fp(pk(skB2[])),h(authTuple(issuerId2[],fp(pk(skA2[])),signers1(fp(pk(skB2[]))),algH[],verH[])),canonVerH[],pla_2)) may be executed at {132}.
event(Reattributed(pk(k),pk(skB2[]),framed(OT_ATTEST,algH[],issuerId2[],fp(pk(skB2[])),h(authTuple(issuerId2[],fp(pk(skA2[])),signers1(fp(pk(skB2[]))),algH[],verH[])),canonVerH[],pla_2))).

37. By 36, event(Reattributed(pk(k),pk(skB2[]),framed(OT_ATTEST,algH[],issuerId2[],fp(pk(skB2[])),h(authTuple(issuerId2[],fp(pk(skA2[])),signers1(fp(pk(skB2[]))),algH[],verH[])),canonVerH[],pla_2))).
The goal is reached, represented in the following fact:
event(Reattributed(pk(k),pk(skB2[]),framed(OT_ATTEST,algH[],issuerId2[],fp(pk(skB2[])),h(authTuple(issuerId2[],fp(pk(skA2[])),signers1(fp(pk(skB2[]))),algH[],verH[])),canonVerH[],pla_2))).


A more detailed output of the traces is available with
  set traceDisplay = long.

new skD: skey creating skD_3 at {1}

new skR: skey creating skR_3 at {2}

out(c, ~M) with ~M = pk(skD_3) at {5}

out(c, ~M_1) with ~M_1 = pk(skR_3) at {6}

out(c, ~M_2) with ~M_2 = pk(skA1) at {7}

out(c, ~M_3) with ~M_3 = pk(skA2) at {8}

out(c, ~M_4) with ~M_4 = pk(skB2) at {9}

out(c, authTuple(~M_5,~M_6,~M_7,~M_8,~M_9)) with ~M_5 = issuerId, ~M_6 = fp(pk(skA1)), ~M_7 = signers0, ~M_8 = algH, ~M_9 = verH at {10}

out(c, authTuple(~M_10,~M_11,signers1(~M_12),~M_13,~M_14)) with ~M_10 = issuerId2, ~M_11 = fp(pk(skA2)), ~M_12 = fp(pk(skB2)), ~M_13 = algH, ~M_14 = verH at {11}

out(c, ~M_15) with ~M_15 = skD_3 at {12}

event AuthorityPublishedRepo(authTuple(issuerId2,fp(pk(skA2)),signers1(fp(pk(skB2))),algH,verH)) at {27} in copy a

out(c, ~M_16) with ~M_16 = sign((STMT_DIGEST,h(authTuple(issuerId2,fp(pk(skA2)),signers1(fp(pk(skB2))),algH,verH))),skR_3) at {28} in copy a

in(c, a_1) at {48} in copy a_2

event IssuerPossession(pk(skA2)) at {49} in copy a_2

out(c, ~M_17) with ~M_17 = sign((POSS,authTuple(issuerId2,fp(pk(skA2)),signers1(fp(pk(skB2))),algH,verH)),skA2) at {52} in copy a_2

event IssuerSigned(pk(skA2),framed(OT_ATTEST,algH,issuerId2,fp(pk(skA2)),h(authTuple(issuerId2,fp(pk(skA2)),signers1(fp(pk(skB2))),algH,verH)),canonVerH,a_1)) at {54} in copy a_2

out(c, ~M_18) with ~M_18 = sign((BYTES,framed(OT_ATTEST,algH,issuerId2,fp(pk(skA2)),h(authTuple(issuerId2,fp(pk(skA2)),signers1(fp(pk(skB2))),algH,verH)),canonVerH,a_1)),skA2) at {56} in copy a_2

in(c, a_3) at {48} in copy a_4

event IssuerPossession(pk(skA2)) at {49} in copy a_4

out(c, ~M_19) with ~M_19 = sign((POSS,authTuple(issuerId2,fp(pk(skA2)),signers1(fp(pk(skB2))),algH,verH)),skA2) at {52} in copy a_4

event IssuerSigned(pk(skA2),framed(OT_ATTEST,algH,issuerId2,fp(pk(skA2)),h(authTuple(issuerId2,fp(pk(skA2)),signers1(fp(pk(skB2))),algH,verH)),canonVerH,a_3)) at {54} in copy a_4

out(c, ~M_20) with ~M_20 = sign((BYTES,framed(OT_ATTEST,algH,issuerId2,fp(pk(skA2)),h(authTuple(issuerId2,fp(pk(skA2)),signers1(fp(pk(skB2))),algH,verH)),canonVerH,a_3)),skA2) at {56} in copy a_4

in(c, a_5) at {60} in copy a_6

event IssuerPossession(pk(skB2)) at {61} in copy a_6

out(c, ~M_21) with ~M_21 = sign((POSS,authTuple(issuerId2,fp(pk(skA2)),signers1(fp(pk(skB2))),algH,verH)),skB2) at {64} in copy a_6

event IssuerSigned(pk(skB2),framed(OT_ATTEST,algH,issuerId2,fp(pk(skB2)),h(authTuple(issuerId2,fp(pk(skA2)),signers1(fp(pk(skB2))),algH,verH)),canonVerH,a_5)) at {66} in copy a_6

out(c, ~M_22) with ~M_22 = sign((BYTES,framed(OT_ATTEST,algH,issuerId2,fp(pk(skB2)),h(authTuple(issuerId2,fp(pk(skA2)),signers1(fp(pk(skB2))),algH,verH)),canonVerH,a_5)),skB2) at {68} in copy a_6

in(c, (authTuple(issuerId2,fp(~M_3),signers1(fp(~M_4)),algH,verH),sign((STMT_DIGEST,h(authTuple(issuerId2,fp(~M_3),signers1(fp(~M_4)),algH,verH))),~M_15),~M_16,pk(a_7),~M_3,sign((POSS,authTuple(issuerId2,fp(~M_3),signers1(fp(~M_4)),algH,verH)),a_7),~M_17,sign((BYTES,framed(OT_ATTEST,algH,issuerId2,fp(~M_4),h(authTuple(issuerId2,fp(~M_3),signers1(fp(~M_4)),algH,verH)),canonVerH,a_5)),a_7),~M_20,framed(OT_ATTEST,algH,issuerId2,fp(~M_4),h(authTuple(issuerId2,fp(~M_3),signers1(fp(~M_4)),algH,verH)),canonVerH,a_5),framed(OT_ATTEST,algH,issuerId2,fp(~M_3),h(authTuple(issuerId2,fp(~M_3),signers1(fp(~M_4)),algH,verH)),canonVerH,a_3))) with fp(~M_3) = fp(pk(skA2)), fp(~M_4) = fp(pk(skB2)), sign((STMT_DIGEST,h(authTuple(issuerId2,fp(~M_3),signers1(fp(~M_4)),algH,verH))),~M_15) = sign((STMT_DIGEST,h(authTuple(issuerId2,fp(pk(skA2)),signers1(fp(pk(skB2))),algH,verH))),skD_3), ~M_16 = sign((STMT_DIGEST,h(authTuple(issuerId2,fp(pk(skA2)),signers1(fp(pk(skB2))),algH,verH))),skR_3), ~M_3 = pk(skA2), sign((POSS,authTuple(issuerId2,fp(~M_3),signers1(fp(~M_4)),algH,verH)),a_7) = sign((POSS,authTuple(issuerId2,fp(pk(skA2)),signers1(fp(pk(skB2))),algH,verH)),a_7), ~M_17 = sign((POSS,authTuple(issuerId2,fp(pk(skA2)),signers1(fp(pk(skB2))),algH,verH)),skA2), sign((BYTES,framed(OT_ATTEST,algH,issuerId2,fp(~M_4),h(authTuple(issuerId2,fp(~M_3),signers1(fp(~M_4)),algH,verH)),canonVerH,a_5)),a_7) = sign((BYTES,framed(OT_ATTEST,algH,issuerId2,fp(pk(skB2)),h(authTuple(issuerId2,fp(pk(skA2)),signers1(fp(pk(skB2))),algH,verH)),canonVerH,a_5)),a_7), ~M_20 = sign((BYTES,framed(OT_ATTEST,algH,issuerId2,fp(pk(skA2)),h(authTuple(issuerId2,fp(pk(skA2)),signers1(fp(pk(skB2))),algH,verH)),canonVerH,a_3)),skA2), fp(~M_4) = fp(pk(skB2)), h(authTuple(issuerId2,fp(~M_3),signers1(fp(~M_4)),algH,verH)) = h(authTuple(issuerId2,fp(pk(skA2)),signers1(fp(pk(skB2))),algH,verH)), fp(~M_3) = fp(pk(skA2)), h(authTuple(issuerId2,fp(~M_3),signers1(fp(~M_4)),algH,verH)) = h(authTuple(issuerId2,fp(pk(skA2)),signers1(fp(pk(skB2))),algH,verH)) at {87} in copy a_8

event Accept2(sign((STMT_DIGEST,h(authTuple(issuerId2,fp(pk(skA2)),signers1(fp(pk(skB2))),algH,verH))),skD_3),sign((STMT_DIGEST,h(authTuple(issuerId2,fp(pk(skA2)),signers1(fp(pk(skB2))),algH,verH))),skR_3),authTuple(issuerId2,fp(pk(skA2)),signers1(fp(pk(skB2))),algH,verH),pk(a_7),pk(skA2),framed(OT_ATTEST,algH,issuerId2,fp(pk(skB2)),h(authTuple(issuerId2,fp(pk(skA2)),signers1(fp(pk(skB2))),algH,verH)),canonVerH,a_5),framed(OT_ATTEST,algH,issuerId2,fp(pk(skA2)),h(authTuple(issuerId2,fp(pk(skA2)),signers1(fp(pk(skB2))),algH,verH)),canonVerH,a_3)) at {99} in copy a_8

out(honestCh, (pk(skB2),framed(OT_ATTEST,algH,issuerId2,fp(pk(skB2)),h(authTuple(issuerId2,fp(pk(skA2)),signers1(fp(pk(skB2))),algH,verH)),canonVerH,a_5))) at {67} in copy a_6 received at {128} in copy a_9

out(acceptCh, (pk(a_7),issuerId2,framed(OT_ATTEST,algH,issuerId2,fp(pk(skB2)),h(authTuple(issuerId2,fp(pk(skA2)),signers1(fp(pk(skB2))),algH,verH)),canonVerH,a_5))) at {103} in copy a_8 received at {129} in copy a_9

event Reattributed(pk(a_7),pk(skB2),framed(OT_ATTEST,algH,issuerId2,fp(pk(skB2)),h(authTuple(issuerId2,fp(pk(skA2)),signers1(fp(pk(skB2))),algH,verH)),canonVerH,a_5)) at {132} in copy a_9 (goal)

The event Reattributed(pk(a_7),pk(skB2),framed(OT_ATTEST,algH,issuerId2,fp(pk(skB2)),h(authTuple(issuerId2,fp(pk(skA2)),signers1(fp(pk(skB2))),algH,verH)),canonVerH,a_5)) is executed at {132} in copy a_9.
A trace has been found.
RESULT not event(Reattributed(kX_1,kH_2,fb_4)) is false.
-- Query not event(HonestComplete(authTuple(issuerId[],fp(pk(skA1[])),signers0,algH[],verH[]),verified1(k1))) in process 1.
Translating the process into Horn clauses...
Completing...
200 rules inserted. Base: 180 rules (67 with conclusion selected). Queue: 55 rules.
400 rules inserted. Base: 268 rules (67 with conclusion selected). Queue: 105 rules.
600 rules inserted. Base: 308 rules (67 with conclusion selected). Queue: 136 rules.
800 rules inserted. Base: 390 rules (67 with conclusion selected). Queue: 200 rules.
1000 rules inserted. Base: 393 rules (70 with conclusion selected). Queue: 201 rules.
1200 rules inserted. Base: 469 rules (73 with conclusion selected). Queue: 178 rules.
1400 rules inserted. Base: 504 rules (74 with conclusion selected). Queue: 137 rules.
1600 rules inserted. Base: 547 rules (82 with conclusion selected). Queue: 111 rules.
1800 rules inserted. Base: 470 rules (91 with conclusion selected). Queue: 84 rules.
Starting query not event(HonestComplete(authTuple(issuerId[],fp(pk(skA1[])),signers0,algH[],verH[]),verified1(k1)))
goal reachable: event(HonestComplete(authTuple(issuerId[],fp(pk(skA1[])),signers0,algH[],verH[]),verified1(pk(skA1[]))))

Derivation:

1. The message authTuple(issuerId[],fp(pk(skA1[])),signers0,algH[],verH[]) may be sent on channel honestSetCh[] at output {30}.
mess(honestSetCh[],authTuple(issuerId[],fp(pk(skA1[])),signers0,algH[],verH[])).

2. The attacker has some term pla_2.
attacker(pla_2).

3. The attacker initially knows canonVerH[].
attacker(canonVerH[]).

4. The attacker initially knows verH[].
attacker(verH[]).

5. The attacker initially knows algH[].
attacker(algH[]).

6. Using the function signers0 the attacker may obtain signers0.
attacker(signers0).

7. The message pk(skA1[]) may be sent to the attacker at output {7}.
attacker(pk(skA1[])).

8. By 7, the attacker may know pk(skA1[]).
Using the function fp the attacker may obtain fp(pk(skA1[])).
attacker(fp(pk(skA1[]))).

9. The attacker initially knows issuerId[].
attacker(issuerId[]).

10. By 9, the attacker may know issuerId[].
By 8, the attacker may know fp(pk(skA1[])).
By 6, the attacker may know signers0.
By 5, the attacker may know algH[].
By 4, the attacker may know verH[].
Using the function authTuple the attacker may obtain authTuple(issuerId[],fp(pk(skA1[])),signers0,algH[],verH[]).
attacker(authTuple(issuerId[],fp(pk(skA1[])),signers0,algH[],verH[])).

11. By 10, the attacker may know authTuple(issuerId[],fp(pk(skA1[])),signers0,algH[],verH[]).
Using the function h the attacker may obtain h(authTuple(issuerId[],fp(pk(skA1[])),signers0,algH[],verH[])).
attacker(h(authTuple(issuerId[],fp(pk(skA1[])),signers0,algH[],verH[]))).

12. Using the function OT_ATTEST the attacker may obtain OT_ATTEST.
attacker(OT_ATTEST).

13. By 12, the attacker may know OT_ATTEST.
By 5, the attacker may know algH[].
By 9, the attacker may know issuerId[].
By 8, the attacker may know fp(pk(skA1[])).
By 11, the attacker may know h(authTuple(issuerId[],fp(pk(skA1[])),signers0,algH[],verH[])).
By 3, the attacker may know canonVerH[].
By 2, the attacker may know pla_2.
Using the function framed the attacker may obtain framed(OT_ATTEST,algH[],issuerId[],fp(pk(skA1[])),h(authTuple(issuerId[],fp(pk(skA1[])),signers0,algH[],verH[])),canonVerH[],pla_2).
attacker(framed(OT_ATTEST,algH[],issuerId[],fp(pk(skA1[])),h(authTuple(issuerId[],fp(pk(skA1[])),signers0,algH[],verH[])),canonVerH[],pla_2)).

14. The message pla_2 that the attacker may have by 2 may be received at input {36}.
So the message sign((BYTES,framed(OT_ATTEST,algH[],issuerId[],fp(pk(skA1[])),h(authTuple(issuerId[],fp(pk(skA1[])),signers0,algH[],verH[])),canonVerH[],pla_2)),skA1[]) may be sent to the attacker at output {44}.
attacker(sign((BYTES,framed(OT_ATTEST,algH[],issuerId[],fp(pk(skA1[])),h(authTuple(issuerId[],fp(pk(skA1[])),signers0,algH[],verH[])),canonVerH[],pla_2)),skA1[])).

15. The attacker has some term payload_3.
attacker(payload_3).

16. The message payload_3 that the attacker may have by 15 may be received at input {36}.
So the message sign((POSS,authTuple(issuerId[],fp(pk(skA1[])),signers0,algH[],verH[])),skA1[]) may be sent to the attacker at output {40}.
attacker(sign((POSS,authTuple(issuerId[],fp(pk(skA1[])),signers0,algH[],verH[])),skA1[])).

17. The message sign((STMT_DIGEST,h(authTuple(issuerId[],fp(pk(skA1[])),signers0,algH[],verH[]))),skR[]) may be sent to the attacker at output {24}.
attacker(sign((STMT_DIGEST,h(authTuple(issuerId[],fp(pk(skA1[])),signers0,algH[],verH[]))),skR[])).

18. The message skD[] may be sent to the attacker at output {12}.
attacker(skD[]).

19. Using the function STMT_DIGEST the attacker may obtain STMT_DIGEST.
attacker(STMT_DIGEST).

20. By 19, the attacker may know STMT_DIGEST.
By 11, the attacker may know h(authTuple(issuerId[],fp(pk(skA1[])),signers0,algH[],verH[])).
Using the function 2-tuple the attacker may obtain (STMT_DIGEST,h(authTuple(issuerId[],fp(pk(skA1[])),signers0,algH[],verH[]))).
attacker((STMT_DIGEST,h(authTuple(issuerId[],fp(pk(skA1[])),signers0,algH[],verH[])))).

21. By 20, the attacker may know (STMT_DIGEST,h(authTuple(issuerId[],fp(pk(skA1[])),signers0,algH[],verH[]))).
By 18, the attacker may know skD[].
Using the function sign the attacker may obtain sign((STMT_DIGEST,h(authTuple(issuerId[],fp(pk(skA1[])),signers0,algH[],verH[]))),skD[]).
attacker(sign((STMT_DIGEST,h(authTuple(issuerId[],fp(pk(skA1[])),signers0,algH[],verH[]))),skD[])).

22. By 10, the attacker may know authTuple(issuerId[],fp(pk(skA1[])),signers0,algH[],verH[]).
By 21, the attacker may know sign((STMT_DIGEST,h(authTuple(issuerId[],fp(pk(skA1[])),signers0,algH[],verH[]))),skD[]).
By 17, the attacker may know sign((STMT_DIGEST,h(authTuple(issuerId[],fp(pk(skA1[])),signers0,algH[],verH[]))),skR[]).
By 7, the attacker may know pk(skA1[]).
By 16, the attacker may know sign((POSS,authTuple(issuerId[],fp(pk(skA1[])),signers0,algH[],verH[])),skA1[]).
By 14, the attacker may know sign((BYTES,framed(OT_ATTEST,algH[],issuerId[],fp(pk(skA1[])),h(authTuple(issuerId[],fp(pk(skA1[])),signers0,algH[],verH[])),canonVerH[],pla_2)),skA1[]).
By 13, the attacker may know framed(OT_ATTEST,algH[],issuerId[],fp(pk(skA1[])),h(authTuple(issuerId[],fp(pk(skA1[])),signers0,algH[],verH[])),canonVerH[],pla_2).
Using the function 7-tuple the attacker may obtain (authTuple(issuerId[],fp(pk(skA1[])),signers0,algH[],verH[]),sign((STMT_DIGEST,h(authTuple(issuerId[],fp(pk(skA1[])),signers0,algH[],verH[]))),skD[]),sign((STMT_DIGEST,h(authTuple(issuerId[],fp(pk(skA1[])),signers0,algH[],verH[]))),skR[]),pk(skA1[]),sign((POSS,authTuple(issuerId[],fp(pk(skA1[])),signers0,algH[],verH[])),skA1[]),sign((BYTES,framed(OT_ATTEST,algH[],issuerId[],fp(pk(skA1[])),h(authTuple(issuerId[],fp(pk(skA1[])),signers0,algH[],verH[])),canonVerH[],pla_2)),skA1[]),framed(OT_ATTEST,algH[],issuerId[],fp(pk(skA1[])),h(authTuple(issuerId[],fp(pk(skA1[])),signers0,algH[],verH[])),canonVerH[],pla_2)).
attacker((authTuple(issuerId[],fp(pk(skA1[])),signers0,algH[],verH[]),sign((STMT_DIGEST,h(authTuple(issuerId[],fp(pk(skA1[])),signers0,algH[],verH[]))),skD[]),sign((STMT_DIGEST,h(authTuple(issuerId[],fp(pk(skA1[])),signers0,algH[],verH[]))),skR[]),pk(skA1[]),sign((POSS,authTuple(issuerId[],fp(pk(skA1[])),signers0,algH[],verH[])),skA1[]),sign((BYTES,framed(OT_ATTEST,algH[],issuerId[],fp(pk(skA1[])),h(authTuple(issuerId[],fp(pk(skA1[])),signers0,algH[],verH[])),canonVerH[],pla_2)),skA1[]),framed(OT_ATTEST,algH[],issuerId[],fp(pk(skA1[])),h(authTuple(issuerId[],fp(pk(skA1[])),signers0,algH[],verH[])),canonVerH[],pla_2))).

23. The message (authTuple(issuerId[],fp(pk(skA1[])),signers0,algH[],verH[]),sign((STMT_DIGEST,h(authTuple(issuerId[],fp(pk(skA1[])),signers0,algH[],verH[]))),skD[]),sign((STMT_DIGEST,h(authTuple(issuerId[],fp(pk(skA1[])),signers0,algH[],verH[]))),skR[]),pk(skA1[]),sign((POSS,authTuple(issuerId[],fp(pk(skA1[])),signers0,algH[],verH[])),skA1[]),sign((BYTES,framed(OT_ATTEST,algH[],issuerId[],fp(pk(skA1[])),h(authTuple(issuerId[],fp(pk(skA1[])),signers0,algH[],verH[])),canonVerH[],pla_2)),skA1[]),framed(OT_ATTEST,algH[],issuerId[],fp(pk(skA1[])),h(authTuple(issuerId[],fp(pk(skA1[])),signers0,algH[],verH[])),canonVerH[],pla_2)) that the attacker may have by 22 may be received at input {72}.
So the message (authTuple(issuerId[],fp(pk(skA1[])),signers0,algH[],verH[]),verified1(pk(skA1[]))) may be sent on channel setCh[] at output {81}.
mess(setCh[],(authTuple(issuerId[],fp(pk(skA1[])),signers0,algH[],verH[]),verified1(pk(skA1[])))).

24. The message authTuple(issuerId[],fp(pk(skA1[])),signers0,algH[],verH[]) that may be sent on channel honestSetCh[] by 1 may be received at input {106}.
The message (authTuple(issuerId[],fp(pk(skA1[])),signers0,algH[],verH[]),verified1(pk(skA1[]))) that may be sent on channel setCh[] by 23 may be received at input {107}.
So event HonestComplete(authTuple(issuerId[],fp(pk(skA1[])),signers0,algH[],verH[]),verified1(pk(skA1[]))) may be executed at {118}.
event(HonestComplete(authTuple(issuerId[],fp(pk(skA1[])),signers0,algH[],verH[]),verified1(pk(skA1[])))).

25. By 24, event(HonestComplete(authTuple(issuerId[],fp(pk(skA1[])),signers0,algH[],verH[]),verified1(pk(skA1[])))).
The goal is reached, represented in the following fact:
event(HonestComplete(authTuple(issuerId[],fp(pk(skA1[])),signers0,algH[],verH[]),verified1(pk(skA1[])))).


A more detailed output of the traces is available with
  set traceDisplay = long.

new skD: skey creating skD_3 at {1}

new skR: skey creating skR_3 at {2}

out(c, ~M) with ~M = pk(skD_3) at {5}

out(c, ~M_1) with ~M_1 = pk(skR_3) at {6}

out(c, ~M_2) with ~M_2 = pk(skA1) at {7}

out(c, ~M_3) with ~M_3 = pk(skA2) at {8}

out(c, ~M_4) with ~M_4 = pk(skB2) at {9}

out(c, authTuple(~M_5,~M_6,~M_7,~M_8,~M_9)) with ~M_5 = issuerId, ~M_6 = fp(pk(skA1)), ~M_7 = signers0, ~M_8 = algH, ~M_9 = verH at {10}

out(c, authTuple(~M_10,~M_11,signers1(~M_12),~M_13,~M_14)) with ~M_10 = issuerId2, ~M_11 = fp(pk(skA2)), ~M_12 = fp(pk(skB2)), ~M_13 = algH, ~M_14 = verH at {11}

out(c, ~M_15) with ~M_15 = skD_3 at {12}

event AuthorityPublishedRepo(authTuple(issuerId,fp(pk(skA1)),signers0,algH,verH)) at {23} in copy a

out(c, ~M_16) with ~M_16 = sign((STMT_DIGEST,h(authTuple(issuerId,fp(pk(skA1)),signers0,algH,verH))),skR_3) at {24} in copy a

in(c, a_1) at {36} in copy a_2

event IssuerPossession(pk(skA1)) at {37} in copy a_2

out(c, ~M_17) with ~M_17 = sign((POSS,authTuple(issuerId,fp(pk(skA1)),signers0,algH,verH)),skA1) at {40} in copy a_2

event IssuerSigned(pk(skA1),framed(OT_ATTEST,algH,issuerId,fp(pk(skA1)),h(authTuple(issuerId,fp(pk(skA1)),signers0,algH,verH)),canonVerH,a_1)) at {42} in copy a_2

out(c, ~M_18) with ~M_18 = sign((BYTES,framed(OT_ATTEST,algH,issuerId,fp(pk(skA1)),h(authTuple(issuerId,fp(pk(skA1)),signers0,algH,verH)),canonVerH,a_1)),skA1) at {44} in copy a_2

in(c, a_3) at {36} in copy a_4

event IssuerPossession(pk(skA1)) at {37} in copy a_4

out(c, ~M_19) with ~M_19 = sign((POSS,authTuple(issuerId,fp(pk(skA1)),signers0,algH,verH)),skA1) at {40} in copy a_4

event IssuerSigned(pk(skA1),framed(OT_ATTEST,algH,issuerId,fp(pk(skA1)),h(authTuple(issuerId,fp(pk(skA1)),signers0,algH,verH)),canonVerH,a_3)) at {42} in copy a_4

out(c, ~M_20) with ~M_20 = sign((BYTES,framed(OT_ATTEST,algH,issuerId,fp(pk(skA1)),h(authTuple(issuerId,fp(pk(skA1)),signers0,algH,verH)),canonVerH,a_3)),skA1) at {44} in copy a_4

in(c, (authTuple(issuerId,fp(~M_2),signers0,algH,verH),sign((STMT_DIGEST,h(authTuple(issuerId,fp(~M_2),signers0,algH,verH))),~M_15),~M_16,~M_2,~M_17,~M_20,framed(OT_ATTEST,algH,issuerId,fp(~M_2),h(authTuple(issuerId,fp(~M_2),signers0,algH,verH)),canonVerH,a_3))) with fp(~M_2) = fp(pk(skA1)), sign((STMT_DIGEST,h(authTuple(issuerId,fp(~M_2),signers0,algH,verH))),~M_15) = sign((STMT_DIGEST,h(authTuple(issuerId,fp(pk(skA1)),signers0,algH,verH))),skD_3), ~M_16 = sign((STMT_DIGEST,h(authTuple(issuerId,fp(pk(skA1)),signers0,algH,verH))),skR_3), ~M_2 = pk(skA1), ~M_17 = sign((POSS,authTuple(issuerId,fp(pk(skA1)),signers0,algH,verH)),skA1), ~M_20 = sign((BYTES,framed(OT_ATTEST,algH,issuerId,fp(pk(skA1)),h(authTuple(issuerId,fp(pk(skA1)),signers0,algH,verH)),canonVerH,a_3)),skA1), fp(~M_2) = fp(pk(skA1)), h(authTuple(issuerId,fp(~M_2),signers0,algH,verH)) = h(authTuple(issuerId,fp(pk(skA1)),signers0,algH,verH)) at {72} in copy a_5

event Accept(sign((STMT_DIGEST,h(authTuple(issuerId,fp(pk(skA1)),signers0,algH,verH))),skD_3),sign((STMT_DIGEST,h(authTuple(issuerId,fp(pk(skA1)),signers0,algH,verH))),skR_3),authTuple(issuerId,fp(pk(skA1)),signers0,algH,verH),pk(skA1),framed(OT_ATTEST,algH,issuerId,fp(pk(skA1)),h(authTuple(issuerId,fp(pk(skA1)),signers0,algH,verH)),canonVerH,a_3)) at {80} in copy a_5

out(honestSetCh, authTuple(issuerId,fp(pk(skA1)),signers0,algH,verH)) at {30} in copy a_6 received at {106} in copy a_7

out(setCh, (authTuple(issuerId,fp(pk(skA1)),signers0,algH,verH),verified1(pk(skA1)))) at {81} in copy a_5 received at {107} in copy a_7

event HonestComplete(authTuple(issuerId,fp(pk(skA1)),signers0,algH,verH),verified1(pk(skA1))) at {118} in copy a_7 (goal)

The event HonestComplete(authTuple(issuerId,fp(pk(skA1)),signers0,algH,verH),verified1(pk(skA1))) is executed at {118} in copy a_7.
A trace has been found.
RESULT not event(HonestComplete(authTuple(issuerId[],fp(pk(skA1[])),signers0,algH[],verH[]),verified1(k1))) is false.
-- Query not event(HonestComplete(authTuple(issuerId2[],fp(pk(skA2[])),signers1(fp(pk(skB2[]))),algH[],verH[]),verified2(k1,k2))) in process 1.
Translating the process into Horn clauses...
Completing...
200 rules inserted. Base: 180 rules (67 with conclusion selected). Queue: 55 rules.
400 rules inserted. Base: 268 rules (67 with conclusion selected). Queue: 105 rules.
600 rules inserted. Base: 308 rules (67 with conclusion selected). Queue: 136 rules.
800 rules inserted. Base: 390 rules (67 with conclusion selected). Queue: 200 rules.
1000 rules inserted. Base: 393 rules (70 with conclusion selected). Queue: 201 rules.
1200 rules inserted. Base: 469 rules (73 with conclusion selected). Queue: 178 rules.
1400 rules inserted. Base: 504 rules (74 with conclusion selected). Queue: 137 rules.
1600 rules inserted. Base: 547 rules (82 with conclusion selected). Queue: 111 rules.
1800 rules inserted. Base: 470 rules (91 with conclusion selected). Queue: 84 rules.
Starting query not event(HonestComplete(authTuple(issuerId2[],fp(pk(skA2[])),signers1(fp(pk(skB2[]))),algH[],verH[]),verified2(k1,k2)))
goal reachable: event(HonestComplete(authTuple(issuerId2[],fp(pk(skA2[])),signers1(fp(pk(skB2[]))),algH[],verH[]),verified2(pk(skA2[]),pk(skB2[]))))

Derivation:

1. The message authTuple(issuerId2[],fp(pk(skA2[])),signers1(fp(pk(skB2[]))),algH[],verH[]) may be sent on channel honestSetCh[] at output {32}.
mess(honestSetCh[],authTuple(issuerId2[],fp(pk(skA2[])),signers1(fp(pk(skB2[]))),algH[],verH[])).

2. The attacker has some term plb_1.
attacker(plb_1).

3. The attacker initially knows canonVerH[].
attacker(canonVerH[]).

4. The attacker initially knows verH[].
attacker(verH[]).

5. The attacker initially knows algH[].
attacker(algH[]).

6. The message pk(skB2[]) may be sent to the attacker at output {9}.
attacker(pk(skB2[])).

7. By 6, the attacker may know pk(skB2[]).
Using the function fp the attacker may obtain fp(pk(skB2[])).
attacker(fp(pk(skB2[]))).

8. By 7, the attacker may know fp(pk(skB2[])).
Using the function signers1 the attacker may obtain signers1(fp(pk(skB2[]))).
attacker(signers1(fp(pk(skB2[])))).

9. The message pk(skA2[]) may be sent to the attacker at output {8}.
attacker(pk(skA2[])).

10. By 9, the attacker may know pk(skA2[]).
Using the function fp the attacker may obtain fp(pk(skA2[])).
attacker(fp(pk(skA2[]))).

11. The attacker initially knows issuerId2[].
attacker(issuerId2[]).

12. By 11, the attacker may know issuerId2[].
By 10, the attacker may know fp(pk(skA2[])).
By 8, the attacker may know signers1(fp(pk(skB2[]))).
By 5, the attacker may know algH[].
By 4, the attacker may know verH[].
Using the function authTuple the attacker may obtain authTuple(issuerId2[],fp(pk(skA2[])),signers1(fp(pk(skB2[]))),algH[],verH[]).
attacker(authTuple(issuerId2[],fp(pk(skA2[])),signers1(fp(pk(skB2[]))),algH[],verH[])).

13. By 12, the attacker may know authTuple(issuerId2[],fp(pk(skA2[])),signers1(fp(pk(skB2[]))),algH[],verH[]).
Using the function h the attacker may obtain h(authTuple(issuerId2[],fp(pk(skA2[])),signers1(fp(pk(skB2[]))),algH[],verH[])).
attacker(h(authTuple(issuerId2[],fp(pk(skA2[])),signers1(fp(pk(skB2[]))),algH[],verH[]))).

14. Using the function OT_ATTEST the attacker may obtain OT_ATTEST.
attacker(OT_ATTEST).

15. By 14, the attacker may know OT_ATTEST.
By 5, the attacker may know algH[].
By 11, the attacker may know issuerId2[].
By 7, the attacker may know fp(pk(skB2[])).
By 13, the attacker may know h(authTuple(issuerId2[],fp(pk(skA2[])),signers1(fp(pk(skB2[]))),algH[],verH[])).
By 3, the attacker may know canonVerH[].
By 2, the attacker may know plb_1.
Using the function framed the attacker may obtain framed(OT_ATTEST,algH[],issuerId2[],fp(pk(skB2[])),h(authTuple(issuerId2[],fp(pk(skA2[])),signers1(fp(pk(skB2[]))),algH[],verH[])),canonVerH[],plb_1).
attacker(framed(OT_ATTEST,algH[],issuerId2[],fp(pk(skB2[])),h(authTuple(issuerId2[],fp(pk(skA2[])),signers1(fp(pk(skB2[]))),algH[],verH[])),canonVerH[],plb_1)).

16. The attacker has some term pla_2.
attacker(pla_2).

17. By 14, the attacker may know OT_ATTEST.
By 5, the attacker may know algH[].
By 11, the attacker may know issuerId2[].
By 10, the attacker may know fp(pk(skA2[])).
By 13, the attacker may know h(authTuple(issuerId2[],fp(pk(skA2[])),signers1(fp(pk(skB2[]))),algH[],verH[])).
By 3, the attacker may know canonVerH[].
By 16, the attacker may know pla_2.
Using the function framed the attacker may obtain framed(OT_ATTEST,algH[],issuerId2[],fp(pk(skA2[])),h(authTuple(issuerId2[],fp(pk(skA2[])),signers1(fp(pk(skB2[]))),algH[],verH[])),canonVerH[],pla_2).
attacker(framed(OT_ATTEST,algH[],issuerId2[],fp(pk(skA2[])),h(authTuple(issuerId2[],fp(pk(skA2[])),signers1(fp(pk(skB2[]))),algH[],verH[])),canonVerH[],pla_2)).

18. The message plb_1 that the attacker may have by 2 may be received at input {60}.
So the message sign((BYTES,framed(OT_ATTEST,algH[],issuerId2[],fp(pk(skB2[])),h(authTuple(issuerId2[],fp(pk(skA2[])),signers1(fp(pk(skB2[]))),algH[],verH[])),canonVerH[],plb_1)),skB2[]) may be sent to the attacker at output {68}.
attacker(sign((BYTES,framed(OT_ATTEST,algH[],issuerId2[],fp(pk(skB2[])),h(authTuple(issuerId2[],fp(pk(skA2[])),signers1(fp(pk(skB2[]))),algH[],verH[])),canonVerH[],plb_1)),skB2[])).

19. The message pla_2 that the attacker may have by 16 may be received at input {48}.
So the message sign((BYTES,framed(OT_ATTEST,algH[],issuerId2[],fp(pk(skA2[])),h(authTuple(issuerId2[],fp(pk(skA2[])),signers1(fp(pk(skB2[]))),algH[],verH[])),canonVerH[],pla_2)),skA2[]) may be sent to the attacker at output {56}.
attacker(sign((BYTES,framed(OT_ATTEST,algH[],issuerId2[],fp(pk(skA2[])),h(authTuple(issuerId2[],fp(pk(skA2[])),signers1(fp(pk(skB2[]))),algH[],verH[])),canonVerH[],pla_2)),skA2[])).

20. The attacker has some term payload_3.
attacker(payload_3).

21. The message payload_3 that the attacker may have by 20 may be received at input {60}.
So the message sign((POSS,authTuple(issuerId2[],fp(pk(skA2[])),signers1(fp(pk(skB2[]))),algH[],verH[])),skB2[]) may be sent to the attacker at output {64}.
attacker(sign((POSS,authTuple(issuerId2[],fp(pk(skA2[])),signers1(fp(pk(skB2[]))),algH[],verH[])),skB2[])).

22. The attacker has some term payload_4.
attacker(payload_4).

23. The message payload_4 that the attacker may have by 22 may be received at input {48}.
So the message sign((POSS,authTuple(issuerId2[],fp(pk(skA2[])),signers1(fp(pk(skB2[]))),algH[],verH[])),skA2[]) may be sent to the attacker at output {52}.
attacker(sign((POSS,authTuple(issuerId2[],fp(pk(skA2[])),signers1(fp(pk(skB2[]))),algH[],verH[])),skA2[])).

24. The message sign((STMT_DIGEST,h(authTuple(issuerId2[],fp(pk(skA2[])),signers1(fp(pk(skB2[]))),algH[],verH[]))),skR[]) may be sent to the attacker at output {28}.
attacker(sign((STMT_DIGEST,h(authTuple(issuerId2[],fp(pk(skA2[])),signers1(fp(pk(skB2[]))),algH[],verH[]))),skR[])).

25. The message skD[] may be sent to the attacker at output {12}.
attacker(skD[]).

26. Using the function STMT_DIGEST the attacker may obtain STMT_DIGEST.
attacker(STMT_DIGEST).

27. By 26, the attacker may know STMT_DIGEST.
By 13, the attacker may know h(authTuple(issuerId2[],fp(pk(skA2[])),signers1(fp(pk(skB2[]))),algH[],verH[])).
Using the function 2-tuple the attacker may obtain (STMT_DIGEST,h(authTuple(issuerId2[],fp(pk(skA2[])),signers1(fp(pk(skB2[]))),algH[],verH[]))).
attacker((STMT_DIGEST,h(authTuple(issuerId2[],fp(pk(skA2[])),signers1(fp(pk(skB2[]))),algH[],verH[])))).

28. By 27, the attacker may know (STMT_DIGEST,h(authTuple(issuerId2[],fp(pk(skA2[])),signers1(fp(pk(skB2[]))),algH[],verH[]))).
By 25, the attacker may know skD[].
Using the function sign the attacker may obtain sign((STMT_DIGEST,h(authTuple(issuerId2[],fp(pk(skA2[])),signers1(fp(pk(skB2[]))),algH[],verH[]))),skD[]).
attacker(sign((STMT_DIGEST,h(authTuple(issuerId2[],fp(pk(skA2[])),signers1(fp(pk(skB2[]))),algH[],verH[]))),skD[])).

29. By 12, the attacker may know authTuple(issuerId2[],fp(pk(skA2[])),signers1(fp(pk(skB2[]))),algH[],verH[]).
By 28, the attacker may know sign((STMT_DIGEST,h(authTuple(issuerId2[],fp(pk(skA2[])),signers1(fp(pk(skB2[]))),algH[],verH[]))),skD[]).
By 24, the attacker may know sign((STMT_DIGEST,h(authTuple(issuerId2[],fp(pk(skA2[])),signers1(fp(pk(skB2[]))),algH[],verH[]))),skR[]).
By 9, the attacker may know pk(skA2[]).
By 6, the attacker may know pk(skB2[]).
By 23, the attacker may know sign((POSS,authTuple(issuerId2[],fp(pk(skA2[])),signers1(fp(pk(skB2[]))),algH[],verH[])),skA2[]).
By 21, the attacker may know sign((POSS,authTuple(issuerId2[],fp(pk(skA2[])),signers1(fp(pk(skB2[]))),algH[],verH[])),skB2[]).
By 19, the attacker may know sign((BYTES,framed(OT_ATTEST,algH[],issuerId2[],fp(pk(skA2[])),h(authTuple(issuerId2[],fp(pk(skA2[])),signers1(fp(pk(skB2[]))),algH[],verH[])),canonVerH[],pla_2)),skA2[]).
By 18, the attacker may know sign((BYTES,framed(OT_ATTEST,algH[],issuerId2[],fp(pk(skB2[])),h(authTuple(issuerId2[],fp(pk(skA2[])),signers1(fp(pk(skB2[]))),algH[],verH[])),canonVerH[],plb_1)),skB2[]).
By 17, the attacker may know framed(OT_ATTEST,algH[],issuerId2[],fp(pk(skA2[])),h(authTuple(issuerId2[],fp(pk(skA2[])),signers1(fp(pk(skB2[]))),algH[],verH[])),canonVerH[],pla_2).
By 15, the attacker may know framed(OT_ATTEST,algH[],issuerId2[],fp(pk(skB2[])),h(authTuple(issuerId2[],fp(pk(skA2[])),signers1(fp(pk(skB2[]))),algH[],verH[])),canonVerH[],plb_1).
Using the function 11-tuple the attacker may obtain (authTuple(issuerId2[],fp(pk(skA2[])),signers1(fp(pk(skB2[]))),algH[],verH[]),sign((STMT_DIGEST,h(authTuple(issuerId2[],fp(pk(skA2[])),signers1(fp(pk(skB2[]))),algH[],verH[]))),skD[]),sign((STMT_DIGEST,h(authTuple(issuerId2[],fp(pk(skA2[])),signers1(fp(pk(skB2[]))),algH[],verH[]))),skR[]),pk(skA2[]),pk(skB2[]),sign((POSS,authTuple(issuerId2[],fp(pk(skA2[])),signers1(fp(pk(skB2[]))),algH[],verH[])),skA2[]),sign((POSS,authTuple(issuerId2[],fp(pk(skA2[])),signers1(fp(pk(skB2[]))),algH[],verH[])),skB2[]),sign((BYTES,framed(OT_ATTEST,algH[],issuerId2[],fp(pk(skA2[])),h(authTuple(issuerId2[],fp(pk(skA2[])),signers1(fp(pk(skB2[]))),algH[],verH[])),canonVerH[],pla_2)),skA2[]),sign((BYTES,framed(OT_ATTEST,algH[],issuerId2[],fp(pk(skB2[])),h(authTuple(issuerId2[],fp(pk(skA2[])),signers1(fp(pk(skB2[]))),algH[],verH[])),canonVerH[],plb_1)),skB2[]),framed(OT_ATTEST,algH[],issuerId2[],fp(pk(skA2[])),h(authTuple(issuerId2[],fp(pk(skA2[])),signers1(fp(pk(skB2[]))),algH[],verH[])),canonVerH[],pla_2),framed(OT_ATTEST,algH[],issuerId2[],fp(pk(skB2[])),h(authTuple(issuerId2[],fp(pk(skA2[])),signers1(fp(pk(skB2[]))),algH[],verH[])),canonVerH[],plb_1)).
attacker((authTuple(issuerId2[],fp(pk(skA2[])),signers1(fp(pk(skB2[]))),algH[],verH[]),sign((STMT_DIGEST,h(authTuple(issuerId2[],fp(pk(skA2[])),signers1(fp(pk(skB2[]))),algH[],verH[]))),skD[]),sign((STMT_DIGEST,h(authTuple(issuerId2[],fp(pk(skA2[])),signers1(fp(pk(skB2[]))),algH[],verH[]))),skR[]),pk(skA2[]),pk(skB2[]),sign((POSS,authTuple(issuerId2[],fp(pk(skA2[])),signers1(fp(pk(skB2[]))),algH[],verH[])),skA2[]),sign((POSS,authTuple(issuerId2[],fp(pk(skA2[])),signers1(fp(pk(skB2[]))),algH[],verH[])),skB2[]),sign((BYTES,framed(OT_ATTEST,algH[],issuerId2[],fp(pk(skA2[])),h(authTuple(issuerId2[],fp(pk(skA2[])),signers1(fp(pk(skB2[]))),algH[],verH[])),canonVerH[],pla_2)),skA2[]),sign((BYTES,framed(OT_ATTEST,algH[],issuerId2[],fp(pk(skB2[])),h(authTuple(issuerId2[],fp(pk(skA2[])),signers1(fp(pk(skB2[]))),algH[],verH[])),canonVerH[],plb_1)),skB2[]),framed(OT_ATTEST,algH[],issuerId2[],fp(pk(skA2[])),h(authTuple(issuerId2[],fp(pk(skA2[])),signers1(fp(pk(skB2[]))),algH[],verH[])),canonVerH[],pla_2),framed(OT_ATTEST,algH[],issuerId2[],fp(pk(skB2[])),h(authTuple(issuerId2[],fp(pk(skA2[])),signers1(fp(pk(skB2[]))),algH[],verH[])),canonVerH[],plb_1))).

30. The message (authTuple(issuerId2[],fp(pk(skA2[])),signers1(fp(pk(skB2[]))),algH[],verH[]),sign((STMT_DIGEST,h(authTuple(issuerId2[],fp(pk(skA2[])),signers1(fp(pk(skB2[]))),algH[],verH[]))),skD[]),sign((STMT_DIGEST,h(authTuple(issuerId2[],fp(pk(skA2[])),signers1(fp(pk(skB2[]))),algH[],verH[]))),skR[]),pk(skA2[]),pk(skB2[]),sign((POSS,authTuple(issuerId2[],fp(pk(skA2[])),signers1(fp(pk(skB2[]))),algH[],verH[])),skA2[]),sign((POSS,authTuple(issuerId2[],fp(pk(skA2[])),signers1(fp(pk(skB2[]))),algH[],verH[])),skB2[]),sign((BYTES,framed(OT_ATTEST,algH[],issuerId2[],fp(pk(skA2[])),h(authTuple(issuerId2[],fp(pk(skA2[])),signers1(fp(pk(skB2[]))),algH[],verH[])),canonVerH[],pla_2)),skA2[]),sign((BYTES,framed(OT_ATTEST,algH[],issuerId2[],fp(pk(skB2[])),h(authTuple(issuerId2[],fp(pk(skA2[])),signers1(fp(pk(skB2[]))),algH[],verH[])),canonVerH[],plb_1)),skB2[]),framed(OT_ATTEST,algH[],issuerId2[],fp(pk(skA2[])),h(authTuple(issuerId2[],fp(pk(skA2[])),signers1(fp(pk(skB2[]))),algH[],verH[])),canonVerH[],pla_2),framed(OT_ATTEST,algH[],issuerId2[],fp(pk(skB2[])),h(authTuple(issuerId2[],fp(pk(skA2[])),signers1(fp(pk(skB2[]))),algH[],verH[])),canonVerH[],plb_1)) that the attacker may have by 29 may be received at input {87}.
So the message (authTuple(issuerId2[],fp(pk(skA2[])),signers1(fp(pk(skB2[]))),algH[],verH[]),verified2(pk(skA2[]),pk(skB2[]))) may be sent on channel setCh[] at output {100}.
mess(setCh[],(authTuple(issuerId2[],fp(pk(skA2[])),signers1(fp(pk(skB2[]))),algH[],verH[]),verified2(pk(skA2[]),pk(skB2[])))).

31. The message authTuple(issuerId2[],fp(pk(skA2[])),signers1(fp(pk(skB2[]))),algH[],verH[]) that may be sent on channel honestSetCh[] by 1 may be received at input {106}.
The message (authTuple(issuerId2[],fp(pk(skA2[])),signers1(fp(pk(skB2[]))),algH[],verH[]),verified2(pk(skA2[]),pk(skB2[]))) that may be sent on channel setCh[] by 30 may be received at input {107}.
So event HonestComplete(authTuple(issuerId2[],fp(pk(skA2[])),signers1(fp(pk(skB2[]))),algH[],verH[]),verified2(pk(skA2[]),pk(skB2[]))) may be executed at {112}.
event(HonestComplete(authTuple(issuerId2[],fp(pk(skA2[])),signers1(fp(pk(skB2[]))),algH[],verH[]),verified2(pk(skA2[]),pk(skB2[])))).

32. By 31, event(HonestComplete(authTuple(issuerId2[],fp(pk(skA2[])),signers1(fp(pk(skB2[]))),algH[],verH[]),verified2(pk(skA2[]),pk(skB2[])))).
The goal is reached, represented in the following fact:
event(HonestComplete(authTuple(issuerId2[],fp(pk(skA2[])),signers1(fp(pk(skB2[]))),algH[],verH[]),verified2(pk(skA2[]),pk(skB2[])))).


A more detailed output of the traces is available with
  set traceDisplay = long.

new skD: skey creating skD_3 at {1}

new skR: skey creating skR_3 at {2}

out(c, ~M) with ~M = pk(skD_3) at {5}

out(c, ~M_1) with ~M_1 = pk(skR_3) at {6}

out(c, ~M_2) with ~M_2 = pk(skA1) at {7}

out(c, ~M_3) with ~M_3 = pk(skA2) at {8}

out(c, ~M_4) with ~M_4 = pk(skB2) at {9}

out(c, authTuple(~M_5,~M_6,~M_7,~M_8,~M_9)) with ~M_5 = issuerId, ~M_6 = fp(pk(skA1)), ~M_7 = signers0, ~M_8 = algH, ~M_9 = verH at {10}

out(c, authTuple(~M_10,~M_11,signers1(~M_12),~M_13,~M_14)) with ~M_10 = issuerId2, ~M_11 = fp(pk(skA2)), ~M_12 = fp(pk(skB2)), ~M_13 = algH, ~M_14 = verH at {11}

out(c, ~M_15) with ~M_15 = skD_3 at {12}

event AuthorityPublishedRepo(authTuple(issuerId2,fp(pk(skA2)),signers1(fp(pk(skB2))),algH,verH)) at {27} in copy a

out(c, ~M_16) with ~M_16 = sign((STMT_DIGEST,h(authTuple(issuerId2,fp(pk(skA2)),signers1(fp(pk(skB2))),algH,verH))),skR_3) at {28} in copy a

in(c, a_1) at {48} in copy a_2

event IssuerPossession(pk(skA2)) at {49} in copy a_2

out(c, ~M_17) with ~M_17 = sign((POSS,authTuple(issuerId2,fp(pk(skA2)),signers1(fp(pk(skB2))),algH,verH)),skA2) at {52} in copy a_2

event IssuerSigned(pk(skA2),framed(OT_ATTEST,algH,issuerId2,fp(pk(skA2)),h(authTuple(issuerId2,fp(pk(skA2)),signers1(fp(pk(skB2))),algH,verH)),canonVerH,a_1)) at {54} in copy a_2

out(c, ~M_18) with ~M_18 = sign((BYTES,framed(OT_ATTEST,algH,issuerId2,fp(pk(skA2)),h(authTuple(issuerId2,fp(pk(skA2)),signers1(fp(pk(skB2))),algH,verH)),canonVerH,a_1)),skA2) at {56} in copy a_2

in(c, a_3) at {48} in copy a_4

event IssuerPossession(pk(skA2)) at {49} in copy a_4

out(c, ~M_19) with ~M_19 = sign((POSS,authTuple(issuerId2,fp(pk(skA2)),signers1(fp(pk(skB2))),algH,verH)),skA2) at {52} in copy a_4

event IssuerSigned(pk(skA2),framed(OT_ATTEST,algH,issuerId2,fp(pk(skA2)),h(authTuple(issuerId2,fp(pk(skA2)),signers1(fp(pk(skB2))),algH,verH)),canonVerH,a_3)) at {54} in copy a_4

out(c, ~M_20) with ~M_20 = sign((BYTES,framed(OT_ATTEST,algH,issuerId2,fp(pk(skA2)),h(authTuple(issuerId2,fp(pk(skA2)),signers1(fp(pk(skB2))),algH,verH)),canonVerH,a_3)),skA2) at {56} in copy a_4

in(c, a_5) at {60} in copy a_6

event IssuerPossession(pk(skB2)) at {61} in copy a_6

out(c, ~M_21) with ~M_21 = sign((POSS,authTuple(issuerId2,fp(pk(skA2)),signers1(fp(pk(skB2))),algH,verH)),skB2) at {64} in copy a_6

event IssuerSigned(pk(skB2),framed(OT_ATTEST,algH,issuerId2,fp(pk(skB2)),h(authTuple(issuerId2,fp(pk(skA2)),signers1(fp(pk(skB2))),algH,verH)),canonVerH,a_5)) at {66} in copy a_6

out(c, ~M_22) with ~M_22 = sign((BYTES,framed(OT_ATTEST,algH,issuerId2,fp(pk(skB2)),h(authTuple(issuerId2,fp(pk(skA2)),signers1(fp(pk(skB2))),algH,verH)),canonVerH,a_5)),skB2) at {68} in copy a_6

in(c, a_7) at {60} in copy a_8

event IssuerPossession(pk(skB2)) at {61} in copy a_8

out(c, ~M_23) with ~M_23 = sign((POSS,authTuple(issuerId2,fp(pk(skA2)),signers1(fp(pk(skB2))),algH,verH)),skB2) at {64} in copy a_8

event IssuerSigned(pk(skB2),framed(OT_ATTEST,algH,issuerId2,fp(pk(skB2)),h(authTuple(issuerId2,fp(pk(skA2)),signers1(fp(pk(skB2))),algH,verH)),canonVerH,a_7)) at {66} in copy a_8

out(c, ~M_24) with ~M_24 = sign((BYTES,framed(OT_ATTEST,algH,issuerId2,fp(pk(skB2)),h(authTuple(issuerId2,fp(pk(skA2)),signers1(fp(pk(skB2))),algH,verH)),canonVerH,a_7)),skB2) at {68} in copy a_8

in(c, (authTuple(issuerId2,fp(~M_3),signers1(fp(~M_4)),algH,verH),sign((STMT_DIGEST,h(authTuple(issuerId2,fp(~M_3),signers1(fp(~M_4)),algH,verH))),~M_15),~M_16,~M_3,~M_4,~M_17,~M_21,~M_20,~M_24,framed(OT_ATTEST,algH,issuerId2,fp(~M_3),h(authTuple(issuerId2,fp(~M_3),signers1(fp(~M_4)),algH,verH)),canonVerH,a_3),framed(OT_ATTEST,algH,issuerId2,fp(~M_4),h(authTuple(issuerId2,fp(~M_3),signers1(fp(~M_4)),algH,verH)),canonVerH,a_7))) with fp(~M_3) = fp(pk(skA2)), fp(~M_4) = fp(pk(skB2)), sign((STMT_DIGEST,h(authTuple(issuerId2,fp(~M_3),signers1(fp(~M_4)),algH,verH))),~M_15) = sign((STMT_DIGEST,h(authTuple(issuerId2,fp(pk(skA2)),signers1(fp(pk(skB2))),algH,verH))),skD_3), ~M_16 = sign((STMT_DIGEST,h(authTuple(issuerId2,fp(pk(skA2)),signers1(fp(pk(skB2))),algH,verH))),skR_3), ~M_3 = pk(skA2), ~M_4 = pk(skB2), ~M_17 = sign((POSS,authTuple(issuerId2,fp(pk(skA2)),signers1(fp(pk(skB2))),algH,verH)),skA2), ~M_21 = sign((POSS,authTuple(issuerId2,fp(pk(skA2)),signers1(fp(pk(skB2))),algH,verH)),skB2), ~M_20 = sign((BYTES,framed(OT_ATTEST,algH,issuerId2,fp(pk(skA2)),h(authTuple(issuerId2,fp(pk(skA2)),signers1(fp(pk(skB2))),algH,verH)),canonVerH,a_3)),skA2), ~M_24 = sign((BYTES,framed(OT_ATTEST,algH,issuerId2,fp(pk(skB2)),h(authTuple(issuerId2,fp(pk(skA2)),signers1(fp(pk(skB2))),algH,verH)),canonVerH,a_7)),skB2), fp(~M_3) = fp(pk(skA2)), h(authTuple(issuerId2,fp(~M_3),signers1(fp(~M_4)),algH,verH)) = h(authTuple(issuerId2,fp(pk(skA2)),signers1(fp(pk(skB2))),algH,verH)), fp(~M_4) = fp(pk(skB2)), h(authTuple(issuerId2,fp(~M_3),signers1(fp(~M_4)),algH,verH)) = h(authTuple(issuerId2,fp(pk(skA2)),signers1(fp(pk(skB2))),algH,verH)) at {87} in copy a_9

event Accept2(sign((STMT_DIGEST,h(authTuple(issuerId2,fp(pk(skA2)),signers1(fp(pk(skB2))),algH,verH))),skD_3),sign((STMT_DIGEST,h(authTuple(issuerId2,fp(pk(skA2)),signers1(fp(pk(skB2))),algH,verH))),skR_3),authTuple(issuerId2,fp(pk(skA2)),signers1(fp(pk(skB2))),algH,verH),pk(skA2),pk(skB2),framed(OT_ATTEST,algH,issuerId2,fp(pk(skA2)),h(authTuple(issuerId2,fp(pk(skA2)),signers1(fp(pk(skB2))),algH,verH)),canonVerH,a_3),framed(OT_ATTEST,algH,issuerId2,fp(pk(skB2)),h(authTuple(issuerId2,fp(pk(skA2)),signers1(fp(pk(skB2))),algH,verH)),canonVerH,a_7)) at {99} in copy a_9

out(honestSetCh, authTuple(issuerId2,fp(pk(skA2)),signers1(fp(pk(skB2))),algH,verH)) at {32} in copy a_10 received at {106} in copy a_11

out(setCh, (authTuple(issuerId2,fp(pk(skA2)),signers1(fp(pk(skB2))),algH,verH),verified2(pk(skA2),pk(skB2)))) at {100} in copy a_9 received at {107} in copy a_11

event HonestComplete(authTuple(issuerId2,fp(pk(skA2)),signers1(fp(pk(skB2))),algH,verH),verified2(pk(skA2),pk(skB2))) at {112} in copy a_11 (goal)

The event HonestComplete(authTuple(issuerId2,fp(pk(skA2)),signers1(fp(pk(skB2))),algH,verH),verified2(pk(skA2),pk(skB2))) is executed at {112} in copy a_11.
A trace has been found.
RESULT not event(HonestComplete(authTuple(issuerId2[],fp(pk(skA2[])),signers1(fp(pk(skB2[]))),algH[],verH[]),verified2(k1,k2))) is false.
-- Query not event(HonestAccepted(k,fb_4)) in process 1.
Translating the process into Horn clauses...
Completing...
200 rules inserted. Base: 180 rules (67 with conclusion selected). Queue: 54 rules.
400 rules inserted. Base: 269 rules (67 with conclusion selected). Queue: 106 rules.
600 rules inserted. Base: 308 rules (67 with conclusion selected). Queue: 137 rules.
800 rules inserted. Base: 386 rules (67 with conclusion selected). Queue: 202 rules.
1000 rules inserted. Base: 391 rules (70 with conclusion selected). Queue: 201 rules.
1200 rules inserted. Base: 464 rules (73 with conclusion selected). Queue: 182 rules.
1400 rules inserted. Base: 499 rules (74 with conclusion selected). Queue: 139 rules.
1600 rules inserted. Base: 546 rules (82 with conclusion selected). Queue: 114 rules.
1800 rules inserted. Base: 475 rules (93 with conclusion selected). Queue: 92 rules.
Starting query not event(HonestAccepted(k,fb_4))
goal reachable: attacker(pla_2) -> event(HonestAccepted(pk(skB2[]),framed(OT_ATTEST,algH[],issuerId2[],fp(pk(skB2[])),h(authTuple(issuerId2[],fp(pk(skA2[])),signers1(fp(pk(skB2[]))),algH[],verH[])),canonVerH[],pla_2)))

Derivation:

1. We assume as hypothesis that
attacker(pla_2).

2. The message pla_2 that the attacker may have by 1 may be received at input {60}.
So the message (pk(skB2[]),framed(OT_ATTEST,algH[],issuerId2[],fp(pk(skB2[])),h(authTuple(issuerId2[],fp(pk(skA2[])),signers1(fp(pk(skB2[]))),algH[],verH[])),canonVerH[],pla_2)) may be sent on channel honestCh[] at output {67}.
mess(honestCh[],(pk(skB2[]),framed(OT_ATTEST,algH[],issuerId2[],fp(pk(skB2[])),h(authTuple(issuerId2[],fp(pk(skA2[])),signers1(fp(pk(skB2[]))),algH[],verH[])),canonVerH[],pla_2))).

3. The attacker has some term plb_1.
attacker(plb_1).

4. The attacker initially knows canonVerH[].
attacker(canonVerH[]).

5. The attacker initially knows verH[].
attacker(verH[]).

6. The attacker initially knows algH[].
attacker(algH[]).

7. The message pk(skB2[]) may be sent to the attacker at output {9}.
attacker(pk(skB2[])).

8. By 7, the attacker may know pk(skB2[]).
Using the function fp the attacker may obtain fp(pk(skB2[])).
attacker(fp(pk(skB2[]))).

9. By 8, the attacker may know fp(pk(skB2[])).
Using the function signers1 the attacker may obtain signers1(fp(pk(skB2[]))).
attacker(signers1(fp(pk(skB2[])))).

10. The message pk(skA2[]) may be sent to the attacker at output {8}.
attacker(pk(skA2[])).

11. By 10, the attacker may know pk(skA2[]).
Using the function fp the attacker may obtain fp(pk(skA2[])).
attacker(fp(pk(skA2[]))).

12. The attacker initially knows issuerId2[].
attacker(issuerId2[]).

13. By 12, the attacker may know issuerId2[].
By 11, the attacker may know fp(pk(skA2[])).
By 9, the attacker may know signers1(fp(pk(skB2[]))).
By 6, the attacker may know algH[].
By 5, the attacker may know verH[].
Using the function authTuple the attacker may obtain authTuple(issuerId2[],fp(pk(skA2[])),signers1(fp(pk(skB2[]))),algH[],verH[]).
attacker(authTuple(issuerId2[],fp(pk(skA2[])),signers1(fp(pk(skB2[]))),algH[],verH[])).

14. By 13, the attacker may know authTuple(issuerId2[],fp(pk(skA2[])),signers1(fp(pk(skB2[]))),algH[],verH[]).
Using the function h the attacker may obtain h(authTuple(issuerId2[],fp(pk(skA2[])),signers1(fp(pk(skB2[]))),algH[],verH[])).
attacker(h(authTuple(issuerId2[],fp(pk(skA2[])),signers1(fp(pk(skB2[]))),algH[],verH[]))).

15. Using the function OT_ATTEST the attacker may obtain OT_ATTEST.
attacker(OT_ATTEST).

16. By 15, the attacker may know OT_ATTEST.
By 6, the attacker may know algH[].
By 12, the attacker may know issuerId2[].
By 8, the attacker may know fp(pk(skB2[])).
By 14, the attacker may know h(authTuple(issuerId2[],fp(pk(skA2[])),signers1(fp(pk(skB2[]))),algH[],verH[])).
By 4, the attacker may know canonVerH[].
By 3, the attacker may know plb_1.
Using the function framed the attacker may obtain framed(OT_ATTEST,algH[],issuerId2[],fp(pk(skB2[])),h(authTuple(issuerId2[],fp(pk(skA2[])),signers1(fp(pk(skB2[]))),algH[],verH[])),canonVerH[],plb_1).
attacker(framed(OT_ATTEST,algH[],issuerId2[],fp(pk(skB2[])),h(authTuple(issuerId2[],fp(pk(skA2[])),signers1(fp(pk(skB2[]))),algH[],verH[])),canonVerH[],plb_1)).

17. By 15, the attacker may know OT_ATTEST.
By 6, the attacker may know algH[].
By 12, the attacker may know issuerId2[].
By 8, the attacker may know fp(pk(skB2[])).
By 14, the attacker may know h(authTuple(issuerId2[],fp(pk(skA2[])),signers1(fp(pk(skB2[]))),algH[],verH[])).
By 4, the attacker may know canonVerH[].
By 1, the attacker may know pla_2.
Using the function framed the attacker may obtain framed(OT_ATTEST,algH[],issuerId2[],fp(pk(skB2[])),h(authTuple(issuerId2[],fp(pk(skA2[])),signers1(fp(pk(skB2[]))),algH[],verH[])),canonVerH[],pla_2).
attacker(framed(OT_ATTEST,algH[],issuerId2[],fp(pk(skB2[])),h(authTuple(issuerId2[],fp(pk(skA2[])),signers1(fp(pk(skB2[]))),algH[],verH[])),canonVerH[],pla_2)).

18. The message plb_1 that the attacker may have by 3 may be received at input {60}.
So the message sign((BYTES,framed(OT_ATTEST,algH[],issuerId2[],fp(pk(skB2[])),h(authTuple(issuerId2[],fp(pk(skA2[])),signers1(fp(pk(skB2[]))),algH[],verH[])),canonVerH[],plb_1)),skB2[]) may be sent to the attacker at output {68}.
attacker(sign((BYTES,framed(OT_ATTEST,algH[],issuerId2[],fp(pk(skB2[])),h(authTuple(issuerId2[],fp(pk(skA2[])),signers1(fp(pk(skB2[]))),algH[],verH[])),canonVerH[],plb_1)),skB2[])).

19. The message pla_2 that the attacker may have by 1 may be received at input {60}.
So the message sign((BYTES,framed(OT_ATTEST,algH[],issuerId2[],fp(pk(skB2[])),h(authTuple(issuerId2[],fp(pk(skA2[])),signers1(fp(pk(skB2[]))),algH[],verH[])),canonVerH[],pla_2)),skB2[]) may be sent to the attacker at output {68}.
attacker(sign((BYTES,framed(OT_ATTEST,algH[],issuerId2[],fp(pk(skB2[])),h(authTuple(issuerId2[],fp(pk(skA2[])),signers1(fp(pk(skB2[]))),algH[],verH[])),canonVerH[],pla_2)),skB2[])).

20. The attacker has some term payload_3.
attacker(payload_3).

21. The message payload_3 that the attacker may have by 20 may be received at input {60}.
So the message sign((POSS,authTuple(issuerId2[],fp(pk(skA2[])),signers1(fp(pk(skB2[]))),algH[],verH[])),skB2[]) may be sent to the attacker at output {64}.
attacker(sign((POSS,authTuple(issuerId2[],fp(pk(skA2[])),signers1(fp(pk(skB2[]))),algH[],verH[])),skB2[])).

22. The message sign((STMT_DIGEST,h(authTuple(issuerId2[],fp(pk(skA2[])),signers1(fp(pk(skB2[]))),algH[],verH[]))),skR[]) may be sent to the attacker at output {28}.
attacker(sign((STMT_DIGEST,h(authTuple(issuerId2[],fp(pk(skA2[])),signers1(fp(pk(skB2[]))),algH[],verH[]))),skR[])).

23. The message skD[] may be sent to the attacker at output {12}.
attacker(skD[]).

24. Using the function STMT_DIGEST the attacker may obtain STMT_DIGEST.
attacker(STMT_DIGEST).

25. By 24, the attacker may know STMT_DIGEST.
By 14, the attacker may know h(authTuple(issuerId2[],fp(pk(skA2[])),signers1(fp(pk(skB2[]))),algH[],verH[])).
Using the function 2-tuple the attacker may obtain (STMT_DIGEST,h(authTuple(issuerId2[],fp(pk(skA2[])),signers1(fp(pk(skB2[]))),algH[],verH[]))).
attacker((STMT_DIGEST,h(authTuple(issuerId2[],fp(pk(skA2[])),signers1(fp(pk(skB2[]))),algH[],verH[])))).

26. By 25, the attacker may know (STMT_DIGEST,h(authTuple(issuerId2[],fp(pk(skA2[])),signers1(fp(pk(skB2[]))),algH[],verH[]))).
By 23, the attacker may know skD[].
Using the function sign the attacker may obtain sign((STMT_DIGEST,h(authTuple(issuerId2[],fp(pk(skA2[])),signers1(fp(pk(skB2[]))),algH[],verH[]))),skD[]).
attacker(sign((STMT_DIGEST,h(authTuple(issuerId2[],fp(pk(skA2[])),signers1(fp(pk(skB2[]))),algH[],verH[]))),skD[])).

27. By 13, the attacker may know authTuple(issuerId2[],fp(pk(skA2[])),signers1(fp(pk(skB2[]))),algH[],verH[]).
By 26, the attacker may know sign((STMT_DIGEST,h(authTuple(issuerId2[],fp(pk(skA2[])),signers1(fp(pk(skB2[]))),algH[],verH[]))),skD[]).
By 22, the attacker may know sign((STMT_DIGEST,h(authTuple(issuerId2[],fp(pk(skA2[])),signers1(fp(pk(skB2[]))),algH[],verH[]))),skR[]).
By 7, the attacker may know pk(skB2[]).
By 7, the attacker may know pk(skB2[]).
By 21, the attacker may know sign((POSS,authTuple(issuerId2[],fp(pk(skA2[])),signers1(fp(pk(skB2[]))),algH[],verH[])),skB2[]).
By 21, the attacker may know sign((POSS,authTuple(issuerId2[],fp(pk(skA2[])),signers1(fp(pk(skB2[]))),algH[],verH[])),skB2[]).
By 19, the attacker may know sign((BYTES,framed(OT_ATTEST,algH[],issuerId2[],fp(pk(skB2[])),h(authTuple(issuerId2[],fp(pk(skA2[])),signers1(fp(pk(skB2[]))),algH[],verH[])),canonVerH[],pla_2)),skB2[]).
By 18, the attacker may know sign((BYTES,framed(OT_ATTEST,algH[],issuerId2[],fp(pk(skB2[])),h(authTuple(issuerId2[],fp(pk(skA2[])),signers1(fp(pk(skB2[]))),algH[],verH[])),canonVerH[],plb_1)),skB2[]).
By 17, the attacker may know framed(OT_ATTEST,algH[],issuerId2[],fp(pk(skB2[])),h(authTuple(issuerId2[],fp(pk(skA2[])),signers1(fp(pk(skB2[]))),algH[],verH[])),canonVerH[],pla_2).
By 16, the attacker may know framed(OT_ATTEST,algH[],issuerId2[],fp(pk(skB2[])),h(authTuple(issuerId2[],fp(pk(skA2[])),signers1(fp(pk(skB2[]))),algH[],verH[])),canonVerH[],plb_1).
Using the function 11-tuple the attacker may obtain (authTuple(issuerId2[],fp(pk(skA2[])),signers1(fp(pk(skB2[]))),algH[],verH[]),sign((STMT_DIGEST,h(authTuple(issuerId2[],fp(pk(skA2[])),signers1(fp(pk(skB2[]))),algH[],verH[]))),skD[]),sign((STMT_DIGEST,h(authTuple(issuerId2[],fp(pk(skA2[])),signers1(fp(pk(skB2[]))),algH[],verH[]))),skR[]),pk(skB2[]),pk(skB2[]),sign((POSS,authTuple(issuerId2[],fp(pk(skA2[])),signers1(fp(pk(skB2[]))),algH[],verH[])),skB2[]),sign((POSS,authTuple(issuerId2[],fp(pk(skA2[])),signers1(fp(pk(skB2[]))),algH[],verH[])),skB2[]),sign((BYTES,framed(OT_ATTEST,algH[],issuerId2[],fp(pk(skB2[])),h(authTuple(issuerId2[],fp(pk(skA2[])),signers1(fp(pk(skB2[]))),algH[],verH[])),canonVerH[],pla_2)),skB2[]),sign((BYTES,framed(OT_ATTEST,algH[],issuerId2[],fp(pk(skB2[])),h(authTuple(issuerId2[],fp(pk(skA2[])),signers1(fp(pk(skB2[]))),algH[],verH[])),canonVerH[],plb_1)),skB2[]),framed(OT_ATTEST,algH[],issuerId2[],fp(pk(skB2[])),h(authTuple(issuerId2[],fp(pk(skA2[])),signers1(fp(pk(skB2[]))),algH[],verH[])),canonVerH[],pla_2),framed(OT_ATTEST,algH[],issuerId2[],fp(pk(skB2[])),h(authTuple(issuerId2[],fp(pk(skA2[])),signers1(fp(pk(skB2[]))),algH[],verH[])),canonVerH[],plb_1)).
attacker((authTuple(issuerId2[],fp(pk(skA2[])),signers1(fp(pk(skB2[]))),algH[],verH[]),sign((STMT_DIGEST,h(authTuple(issuerId2[],fp(pk(skA2[])),signers1(fp(pk(skB2[]))),algH[],verH[]))),skD[]),sign((STMT_DIGEST,h(authTuple(issuerId2[],fp(pk(skA2[])),signers1(fp(pk(skB2[]))),algH[],verH[]))),skR[]),pk(skB2[]),pk(skB2[]),sign((POSS,authTuple(issuerId2[],fp(pk(skA2[])),signers1(fp(pk(skB2[]))),algH[],verH[])),skB2[]),sign((POSS,authTuple(issuerId2[],fp(pk(skA2[])),signers1(fp(pk(skB2[]))),algH[],verH[])),skB2[]),sign((BYTES,framed(OT_ATTEST,algH[],issuerId2[],fp(pk(skB2[])),h(authTuple(issuerId2[],fp(pk(skA2[])),signers1(fp(pk(skB2[]))),algH[],verH[])),canonVerH[],pla_2)),skB2[]),sign((BYTES,framed(OT_ATTEST,algH[],issuerId2[],fp(pk(skB2[])),h(authTuple(issuerId2[],fp(pk(skA2[])),signers1(fp(pk(skB2[]))),algH[],verH[])),canonVerH[],plb_1)),skB2[]),framed(OT_ATTEST,algH[],issuerId2[],fp(pk(skB2[])),h(authTuple(issuerId2[],fp(pk(skA2[])),signers1(fp(pk(skB2[]))),algH[],verH[])),canonVerH[],pla_2),framed(OT_ATTEST,algH[],issuerId2[],fp(pk(skB2[])),h(authTuple(issuerId2[],fp(pk(skA2[])),signers1(fp(pk(skB2[]))),algH[],verH[])),canonVerH[],plb_1))).

28. The message (authTuple(issuerId2[],fp(pk(skA2[])),signers1(fp(pk(skB2[]))),algH[],verH[]),sign((STMT_DIGEST,h(authTuple(issuerId2[],fp(pk(skA2[])),signers1(fp(pk(skB2[]))),algH[],verH[]))),skD[]),sign((STMT_DIGEST,h(authTuple(issuerId2[],fp(pk(skA2[])),signers1(fp(pk(skB2[]))),algH[],verH[]))),skR[]),pk(skB2[]),pk(skB2[]),sign((POSS,authTuple(issuerId2[],fp(pk(skA2[])),signers1(fp(pk(skB2[]))),algH[],verH[])),skB2[]),sign((POSS,authTuple(issuerId2[],fp(pk(skA2[])),signers1(fp(pk(skB2[]))),algH[],verH[])),skB2[]),sign((BYTES,framed(OT_ATTEST,algH[],issuerId2[],fp(pk(skB2[])),h(authTuple(issuerId2[],fp(pk(skA2[])),signers1(fp(pk(skB2[]))),algH[],verH[])),canonVerH[],pla_2)),skB2[]),sign((BYTES,framed(OT_ATTEST,algH[],issuerId2[],fp(pk(skB2[])),h(authTuple(issuerId2[],fp(pk(skA2[])),signers1(fp(pk(skB2[]))),algH[],verH[])),canonVerH[],plb_1)),skB2[]),framed(OT_ATTEST,algH[],issuerId2[],fp(pk(skB2[])),h(authTuple(issuerId2[],fp(pk(skA2[])),signers1(fp(pk(skB2[]))),algH[],verH[])),canonVerH[],pla_2),framed(OT_ATTEST,algH[],issuerId2[],fp(pk(skB2[])),h(authTuple(issuerId2[],fp(pk(skA2[])),signers1(fp(pk(skB2[]))),algH[],verH[])),canonVerH[],plb_1)) that the attacker may have by 27 may be received at input {87}.
So the message (pk(skB2[]),issuerId2[],framed(OT_ATTEST,algH[],issuerId2[],fp(pk(skB2[])),h(authTuple(issuerId2[],fp(pk(skA2[])),signers1(fp(pk(skB2[]))),algH[],verH[])),canonVerH[],pla_2)) may be sent on channel acceptCh[] at output {103}.
mess(acceptCh[],(pk(skB2[]),issuerId2[],framed(OT_ATTEST,algH[],issuerId2[],fp(pk(skB2[])),h(authTuple(issuerId2[],fp(pk(skA2[])),signers1(fp(pk(skB2[]))),algH[],verH[])),canonVerH[],pla_2))).

29. The message (pk(skB2[]),framed(OT_ATTEST,algH[],issuerId2[],fp(pk(skB2[])),h(authTuple(issuerId2[],fp(pk(skA2[])),signers1(fp(pk(skB2[]))),algH[],verH[])),canonVerH[],pla_2)) that may be sent on channel honestCh[] by 2 may be received at input {128}.
The message (pk(skB2[]),issuerId2[],framed(OT_ATTEST,algH[],issuerId2[],fp(pk(skB2[])),h(authTuple(issuerId2[],fp(pk(skA2[])),signers1(fp(pk(skB2[]))),algH[],verH[])),canonVerH[],pla_2)) that may be sent on channel acceptCh[] by 28 may be received at input {129}.
So event HonestAccepted(pk(skB2[]),framed(OT_ATTEST,algH[],issuerId2[],fp(pk(skB2[])),h(authTuple(issuerId2[],fp(pk(skA2[])),signers1(fp(pk(skB2[]))),algH[],verH[])),canonVerH[],pla_2)) may be executed at {131}.
event(HonestAccepted(pk(skB2[]),framed(OT_ATTEST,algH[],issuerId2[],fp(pk(skB2[])),h(authTuple(issuerId2[],fp(pk(skA2[])),signers1(fp(pk(skB2[]))),algH[],verH[])),canonVerH[],pla_2))).

30. By 29, event(HonestAccepted(pk(skB2[]),framed(OT_ATTEST,algH[],issuerId2[],fp(pk(skB2[])),h(authTuple(issuerId2[],fp(pk(skA2[])),signers1(fp(pk(skB2[]))),algH[],verH[])),canonVerH[],pla_2))).
The goal is reached, represented in the following fact:
event(HonestAccepted(pk(skB2[]),framed(OT_ATTEST,algH[],issuerId2[],fp(pk(skB2[])),h(authTuple(issuerId2[],fp(pk(skA2[])),signers1(fp(pk(skB2[]))),algH[],verH[])),canonVerH[],pla_2))).


A more detailed output of the traces is available with
  set traceDisplay = long.

new skD: skey creating skD_3 at {1}

new skR: skey creating skR_3 at {2}

out(c, ~M) with ~M = pk(skD_3) at {5}

out(c, ~M_1) with ~M_1 = pk(skR_3) at {6}

out(c, ~M_2) with ~M_2 = pk(skA1) at {7}

out(c, ~M_3) with ~M_3 = pk(skA2) at {8}

out(c, ~M_4) with ~M_4 = pk(skB2) at {9}

out(c, authTuple(~M_5,~M_6,~M_7,~M_8,~M_9)) with ~M_5 = issuerId, ~M_6 = fp(pk(skA1)), ~M_7 = signers0, ~M_8 = algH, ~M_9 = verH at {10}

out(c, authTuple(~M_10,~M_11,signers1(~M_12),~M_13,~M_14)) with ~M_10 = issuerId2, ~M_11 = fp(pk(skA2)), ~M_12 = fp(pk(skB2)), ~M_13 = algH, ~M_14 = verH at {11}

out(c, ~M_15) with ~M_15 = skD_3 at {12}

event AuthorityPublishedRepo(authTuple(issuerId2,fp(pk(skA2)),signers1(fp(pk(skB2))),algH,verH)) at {27} in copy a

out(c, ~M_16) with ~M_16 = sign((STMT_DIGEST,h(authTuple(issuerId2,fp(pk(skA2)),signers1(fp(pk(skB2))),algH,verH))),skR_3) at {28} in copy a

in(c, a_1) at {60} in copy a_2

event IssuerPossession(pk(skB2)) at {61} in copy a_2

out(c, ~M_17) with ~M_17 = sign((POSS,authTuple(issuerId2,fp(pk(skA2)),signers1(fp(pk(skB2))),algH,verH)),skB2) at {64} in copy a_2

event IssuerSigned(pk(skB2),framed(OT_ATTEST,algH,issuerId2,fp(pk(skB2)),h(authTuple(issuerId2,fp(pk(skA2)),signers1(fp(pk(skB2))),algH,verH)),canonVerH,a_1)) at {66} in copy a_2

out(c, ~M_18) with ~M_18 = sign((BYTES,framed(OT_ATTEST,algH,issuerId2,fp(pk(skB2)),h(authTuple(issuerId2,fp(pk(skA2)),signers1(fp(pk(skB2))),algH,verH)),canonVerH,a_1)),skB2) at {68} in copy a_2

in(c, a_3) at {60} in copy a_4

event IssuerPossession(pk(skB2)) at {61} in copy a_4

out(c, ~M_19) with ~M_19 = sign((POSS,authTuple(issuerId2,fp(pk(skA2)),signers1(fp(pk(skB2))),algH,verH)),skB2) at {64} in copy a_4

event IssuerSigned(pk(skB2),framed(OT_ATTEST,algH,issuerId2,fp(pk(skB2)),h(authTuple(issuerId2,fp(pk(skA2)),signers1(fp(pk(skB2))),algH,verH)),canonVerH,a_3)) at {66} in copy a_4

out(c, ~M_20) with ~M_20 = sign((BYTES,framed(OT_ATTEST,algH,issuerId2,fp(pk(skB2)),h(authTuple(issuerId2,fp(pk(skA2)),signers1(fp(pk(skB2))),algH,verH)),canonVerH,a_3)),skB2) at {68} in copy a_4

in(c, a_5) at {60} in copy a_6

event IssuerPossession(pk(skB2)) at {61} in copy a_6

out(c, ~M_21) with ~M_21 = sign((POSS,authTuple(issuerId2,fp(pk(skA2)),signers1(fp(pk(skB2))),algH,verH)),skB2) at {64} in copy a_6

event IssuerSigned(pk(skB2),framed(OT_ATTEST,algH,issuerId2,fp(pk(skB2)),h(authTuple(issuerId2,fp(pk(skA2)),signers1(fp(pk(skB2))),algH,verH)),canonVerH,a_5)) at {66} in copy a_6

out(c, ~M_22) with ~M_22 = sign((BYTES,framed(OT_ATTEST,algH,issuerId2,fp(pk(skB2)),h(authTuple(issuerId2,fp(pk(skA2)),signers1(fp(pk(skB2))),algH,verH)),canonVerH,a_5)),skB2) at {68} in copy a_6

in(c, a_3) at {60} in copy a_7

event IssuerPossession(pk(skB2)) at {61} in copy a_7

out(c, ~M_23) with ~M_23 = sign((POSS,authTuple(issuerId2,fp(pk(skA2)),signers1(fp(pk(skB2))),algH,verH)),skB2) at {64} in copy a_7

event IssuerSigned(pk(skB2),framed(OT_ATTEST,algH,issuerId2,fp(pk(skB2)),h(authTuple(issuerId2,fp(pk(skA2)),signers1(fp(pk(skB2))),algH,verH)),canonVerH,a_3)) at {66} in copy a_7

out(c, ~M_24) with ~M_24 = sign((BYTES,framed(OT_ATTEST,algH,issuerId2,fp(pk(skB2)),h(authTuple(issuerId2,fp(pk(skA2)),signers1(fp(pk(skB2))),algH,verH)),canonVerH,a_3)),skB2) at {68} in copy a_7

in(c, (authTuple(issuerId2,fp(~M_3),signers1(fp(~M_4)),algH,verH),sign((STMT_DIGEST,h(authTuple(issuerId2,fp(~M_3),signers1(fp(~M_4)),algH,verH))),~M_15),~M_16,~M_4,~M_4,~M_17,~M_17,~M_20,~M_22,framed(OT_ATTEST,algH,issuerId2,fp(~M_4),h(authTuple(issuerId2,fp(~M_3),signers1(fp(~M_4)),algH,verH)),canonVerH,a_3),framed(OT_ATTEST,algH,issuerId2,fp(~M_4),h(authTuple(issuerId2,fp(~M_3),signers1(fp(~M_4)),algH,verH)),canonVerH,a_5))) with fp(~M_3) = fp(pk(skA2)), fp(~M_4) = fp(pk(skB2)), sign((STMT_DIGEST,h(authTuple(issuerId2,fp(~M_3),signers1(fp(~M_4)),algH,verH))),~M_15) = sign((STMT_DIGEST,h(authTuple(issuerId2,fp(pk(skA2)),signers1(fp(pk(skB2))),algH,verH))),skD_3), ~M_16 = sign((STMT_DIGEST,h(authTuple(issuerId2,fp(pk(skA2)),signers1(fp(pk(skB2))),algH,verH))),skR_3), ~M_4 = pk(skB2), ~M_4 = pk(skB2), ~M_17 = sign((POSS,authTuple(issuerId2,fp(pk(skA2)),signers1(fp(pk(skB2))),algH,verH)),skB2), ~M_17 = sign((POSS,authTuple(issuerId2,fp(pk(skA2)),signers1(fp(pk(skB2))),algH,verH)),skB2), ~M_20 = sign((BYTES,framed(OT_ATTEST,algH,issuerId2,fp(pk(skB2)),h(authTuple(issuerId2,fp(pk(skA2)),signers1(fp(pk(skB2))),algH,verH)),canonVerH,a_3)),skB2), ~M_22 = sign((BYTES,framed(OT_ATTEST,algH,issuerId2,fp(pk(skB2)),h(authTuple(issuerId2,fp(pk(skA2)),signers1(fp(pk(skB2))),algH,verH)),canonVerH,a_5)),skB2), fp(~M_4) = fp(pk(skB2)), h(authTuple(issuerId2,fp(~M_3),signers1(fp(~M_4)),algH,verH)) = h(authTuple(issuerId2,fp(pk(skA2)),signers1(fp(pk(skB2))),algH,verH)), fp(~M_4) = fp(pk(skB2)), h(authTuple(issuerId2,fp(~M_3),signers1(fp(~M_4)),algH,verH)) = h(authTuple(issuerId2,fp(pk(skA2)),signers1(fp(pk(skB2))),algH,verH)) at {87} in copy a_8

event Accept2(sign((STMT_DIGEST,h(authTuple(issuerId2,fp(pk(skA2)),signers1(fp(pk(skB2))),algH,verH))),skD_3),sign((STMT_DIGEST,h(authTuple(issuerId2,fp(pk(skA2)),signers1(fp(pk(skB2))),algH,verH))),skR_3),authTuple(issuerId2,fp(pk(skA2)),signers1(fp(pk(skB2))),algH,verH),pk(skB2),pk(skB2),framed(OT_ATTEST,algH,issuerId2,fp(pk(skB2)),h(authTuple(issuerId2,fp(pk(skA2)),signers1(fp(pk(skB2))),algH,verH)),canonVerH,a_3),framed(OT_ATTEST,algH,issuerId2,fp(pk(skB2)),h(authTuple(issuerId2,fp(pk(skA2)),signers1(fp(pk(skB2))),algH,verH)),canonVerH,a_5)) at {99} in copy a_8

out(honestCh, (pk(skB2),framed(OT_ATTEST,algH,issuerId2,fp(pk(skB2)),h(authTuple(issuerId2,fp(pk(skA2)),signers1(fp(pk(skB2))),algH,verH)),canonVerH,a_3))) at {67} in copy a_4 received at {128} in copy a_9

out(acceptCh, (pk(skB2),issuerId2,framed(OT_ATTEST,algH,issuerId2,fp(pk(skB2)),h(authTuple(issuerId2,fp(pk(skA2)),signers1(fp(pk(skB2))),algH,verH)),canonVerH,a_3))) at {103} in copy a_8 received at {129} in copy a_9

event HonestAccepted(pk(skB2),framed(OT_ATTEST,algH,issuerId2,fp(pk(skB2)),h(authTuple(issuerId2,fp(pk(skA2)),signers1(fp(pk(skB2))),algH,verH)),canonVerH,a_3)) at {131} in copy a_9 (goal)

The event HonestAccepted(pk(skB2),framed(OT_ATTEST,algH,issuerId2,fp(pk(skB2)),h(authTuple(issuerId2,fp(pk(skA2)),signers1(fp(pk(skB2))),algH,verH)),canonVerH,a_3)) is executed at {131} in copy a_9.
A trace has been found.
RESULT not event(HonestAccepted(k,fb_4)) is false.

--------------------------------------------------------------
Verification summary:

Query not event(Stripped(t_2,v)) is true.

Query not event(SignerForged(t_2,k)) is false.

Query not event(SetAltered(kH_2,m,t_2)) is true.

Query not event(Reattributed(kX_1,kH_2,fb_4)) is false.

Query not event(HonestComplete(authTuple(issuerId[],fp(pk(skA1[])),signers0,algH[],verH[]),verified1(k1))) is false.

Query not event(HonestComplete(authTuple(issuerId2[],fp(pk(skA2[])),signers1(fp(pk(skB2[]))),algH[],verH[]),verified2(k1,k2))) is false.

Query not event(HonestAccepted(k,fb_4)) is false.

--------------------------------------------------------------

