Process 0 (that is, the initial process):
{1}new skS: skey;
{2}new skI1: skey;
{3}new skI2: skey;
{4}new skW1: skey;
{5}new skW2: skey;
{6}let mI1: bitstring = authTuple(issuerId,fp(pk(skI1)),ssetH,algH,verH) in
{7}let mI2: bitstring = authTuple(issuerId2,fp(pk(skI2)),ssetH,algH,verH) in
{8}let mW1: bitstring = authTuple(idW1,fp(pk(skW1)),ssetH,algH,verH) in
{9}let mW2: bitstring = authTuple(idW2,fp(pk(skW2)),ssetH,algH,verH) in
{10}out(c, pk(skS));
{11}out(c, pk(skI1));
{12}out(c, pk(skI2));
{13}out(c, pk(skW1));
{14}out(c, pk(skW2));
{15}out(c, mI1);
{16}out(c, mI2);
{17}out(c, mW1);
{18}out(c, mW2);
{19}out(c, skS);
(
    {20}!
    {21}let skS_1: skey = skS in
    {22}event AuthorityPublishedDNS(mI1);
    {23}out(c, sign((STMT_DIGEST,h(mI1)),skS_1))
) | (
    {24}!
    {25}let skS_2: skey = skS in
    {26}event AuthorityPublishedDNS(mI2);
    {27}out(c, sign((STMT_DIGEST,h(mI2)),skS_2))
) | (
    {28}!
    {29}let skS_3: skey = skS in
    {30}event AuthorityPublishedDNS(mW1);
    {31}out(c, sign((STMT_DIGEST,h(mW1)),skS_3))
) | (
    {32}!
    {33}let skS_4: skey = skS in
    {34}event AuthorityPublishedDNS(mW2);
    {35}out(c, sign((STMT_DIGEST,h(mW2)),skS_4))
) | (
    {36}!
    {37}let skI: skey = skI1 in
    {38}let idI: bitstring = issuerId in
    {39}let cvI: bitstring = cvA in
    {40}in(c, payload: bitstring);
    {41}event IssuerPossession(pk(skI));
    {42}let ppfI: bitstring = sign((POSS,mI1),skI) in
    {43}out(c, ppfI);
    {44}let fbI: bitstring = framed(OT_ATTEST,algH,idI,fp(pk(skI)),h(mI1),cvI,payload) in
    {45}let sgI: bitstring = sign((BYTES,fbI),skI) in
    {46}event IssuerSigned(pk(skI),fbI);
    (
        {47}out(honestTypeCh, (OT_ATTEST,fbI))
    ) | (
        {48}out(honestCh, (pk(skI),fbI))
    ) | (
        {49}out(honestInnerCh, (pk(skI),idI,fbI))
    ) | (
        {50}out(honestSigCh, (pk(skI),sgI))
    ) | (
        {51}out(c, sgI)
    )
) | (
    {52}!
    {53}let skW: skey = skI1 in
    {54}let idW: bitstring = issuerId in
    {55}let cvW: bitstring = cvB in
    {56}in(c, (cvIw: bitstring,fbIn: bitstring,sgIn: bitstring));
    {57}event IssuerPossession(pk(skW));
    {58}let ppfW: bitstring = sign((POSS,mI1),skW) in
    {59}out(c, ppfW);
    {60}let fbW: bitstring = framed(OT_WRAPPER,algH,idW,fp(pk(skW)),h(mI1),cvW,wrap(cvIw,(fbIn,sgIn))) in
    {61}event IssuerSigned(pk(skW),fbW);
    (
        {62}out(honestTypeCh, (OT_WRAPPER,fbW))
    ) | (
        {63}out(c, sign((BYTES,fbW),skW))
    )
) | (
    {64}!
    {65}let skI_1: skey = skI2 in
    {66}let idI_1: bitstring = issuerId2 in
    {67}let cvI_1: bitstring = cvB in
    {68}in(c, payload_1: bitstring);
    {69}event IssuerPossession(pk(skI_1));
    {70}let ppfI_1: bitstring = sign((POSS,mI2),skI_1) in
    {71}out(c, ppfI_1);
    {72}let fbI_1: bitstring = framed(OT_ATTEST,algH,idI_1,fp(pk(skI_1)),h(mI2),cvI_1,payload_1) in
    {73}let sgI_1: bitstring = sign((BYTES,fbI_1),skI_1) in
    {74}event IssuerSigned(pk(skI_1),fbI_1);
    (
        {75}out(honestTypeCh, (OT_ATTEST,fbI_1))
    ) | (
        {76}out(honestCh, (pk(skI_1),fbI_1))
    ) | (
        {77}out(honestInnerCh, (pk(skI_1),idI_1,fbI_1))
    ) | (
        {78}out(honestSigCh, (pk(skI_1),sgI_1))
    ) | (
        {79}out(c, sgI_1)
    )
) | (
    {80}!
    {81}let skO: skey = skI2 in
    {82}let idO: bitstring = issuerId2 in
    {83}let ot: bitstring = OT_REVIEWREC in
    {84}let cvO: bitstring = cvA in
    {85}in(c, payload_2: bitstring);
    {86}event IssuerPossession(pk(skO));
    {87}let ppfO: bitstring = sign((POSS,mI2),skO) in
    {88}out(c, ppfO);
    {89}let fbO: bitstring = framed(ot,algH,idO,fp(pk(skO)),h(mI2),cvO,payload_2) in
    {90}event IssuerSigned(pk(skO),fbO);
    (
        {91}out(honestTypeCh, (ot,fbO))
    ) | (
        {92}out(c, sign((BYTES,fbO),skO))
    )
) | (
    {93}!
    {94}let skW_1: skey = skW1 in
    {95}let idW_1: bitstring = idW1 in
    {96}let cvW_1: bitstring = cvB in
    {97}in(c, (cvIw_1: bitstring,fbIn_1: bitstring,sgIn_1: bitstring));
    {98}event IssuerPossession(pk(skW_1));
    {99}let ppfW_1: bitstring = sign((POSS,mW1),skW_1) in
    {100}out(c, ppfW_1);
    {101}let fbW_1: bitstring = framed(OT_WRAPPER,algH,idW_1,fp(pk(skW_1)),h(mW1),cvW_1,wrap(cvIw_1,(fbIn_1,sgIn_1))) in
    {102}event IssuerSigned(pk(skW_1),fbW_1);
    (
        {103}out(honestTypeCh, (OT_WRAPPER,fbW_1))
    ) | (
        {104}out(c, sign((BYTES,fbW_1),skW_1))
    )
) | (
    {105}!
    {106}let skW_2: skey = skW2 in
    {107}let idW_2: bitstring = idW2 in
    {108}let cvW_2: bitstring = cvA in
    {109}in(c, (cvIw_2: bitstring,fbIn_2: bitstring,sgIn_2: bitstring));
    {110}event IssuerPossession(pk(skW_2));
    {111}let ppfW_2: bitstring = sign((POSS,mW2),skW_2) in
    {112}out(c, ppfW_2);
    {113}let fbW_2: bitstring = framed(OT_WRAPPER,algH,idW_2,fp(pk(skW_2)),h(mW2),cvW_2,wrap(cvIw_2,(fbIn_2,sgIn_2))) in
    {114}event IssuerSigned(pk(skW_2),fbW_2);
    (
        {115}out(honestTypeCh, (OT_WRAPPER,fbW_2))
    ) | (
        {116}out(c, sign((BYTES,fbW_2),skW_2))
    )
) | (
    {117}!
    {118}let pkS: pkey = pk(skS) in
    {119}in(c, (tI: bitstring,evI: bitstring,kI: pkey,ppfI_2: bitstring,sgI_2: bitstring,fbI_2: bitstring));
    {120}let ctx: bitstring = BASE in
    {121}let (=STMT_DIGEST,=h(tI)) = checksign(evI,pkS) in
    {122}let authTuple(idI_2: bitstring,kfprI: bitstring,ssI: bitstring,algI: bitstring,verI: bitstring) = tI in
    {123}let (=POSS,=tI) = checksign(ppfI_2,kI) in
    {124}let (=BYTES,=fbI_2) = checksign(sgI_2,kI) in
    {125}let framed(=OT_ATTEST,=algI,idF: bitstring,kfpF: bitstring,mhI: bitstring,cvI_2: bitstring,plI: bitstring) = fbI_2 in
    {126}event AcceptInner(ctx,kI,idI_2,fbI_2);
    (
        {127}out(typeCh, (OT_ATTEST,fbI_2))
    ) | (
        {128}out(acceptCh, (ctx,kI,idI_2,fbI_2))
    ) | (
        {129}out(scopeCh, (ctx,kI,idI_2,fbI_2))
    ) | (
        {130}out(sigCh, (ctx,kI,sgI_2))
    )
) | (
    {131}!
    {132}let pkS_1: pkey = pk(skS) in
    {133}in(c, (tW: bitstring,evW: bitstring,kW: pkey,ppfW_3: bitstring,sgW: bitstring,fbW_3: bitstring,tI_1: bitstring,evI_1: bitstring,kI_1: pkey,ppfI_3: bitstring));
    {134}let (=STMT_DIGEST,=h(tW)) = checksign(evW,pkS_1) in
    {135}let authTuple(idW_3: bitstring,kfprW: bitstring,ssW: bitstring,algW: bitstring,verW: bitstring) = tW in
    {136}if (fp(kW) = kfprW) then
    {137}let (=POSS,=tW) = checksign(ppfW_3,kW) in
    {138}let (=BYTES,=fbW_3) = checksign(sgW,kW) in
    {139}let framed(=OT_WRAPPER,=algW,=idW_3,=fp(kW),mhW: bitstring,cvW_3: bitstring,wrap(cvIw_3: bitstring,(fbI_3: bitstring,sgI_3: bitstring))) = fbW_3 in
    {140}if (mhW = h(tW)) then
    {141}event AcceptOuter(kW,idW_3,fbW_3);
    (
        {142}out(typeCh, (OT_WRAPPER,fbW_3))
    ) | (
        {143}let ctx_1: bitstring = wctx(kW,idW_3,fbW_3) in
        {144}let (=STMT_DIGEST,=h(tI_1)) = checksign(evI_1,pkS_1) in
        {145}let authTuple(idI_3: bitstring,kfprI_1: bitstring,ssI_1: bitstring,algI_1: bitstring,verI_1: bitstring) = tI_1 in
        {146}let (=POSS,=tI_1) = checksign(ppfI_3,kI_1) in
        {147}let (=BYTES,=fbI_3) = checksign(sgI_3,kI_1) in
        {148}let framed(=OT_ATTEST,=algI_1,idF_1: bitstring,kfpF_1: bitstring,mhI_1: bitstring,cvI_3: bitstring,plI_1: bitstring) = fbI_3 in
        {149}event AcceptInner(ctx_1,kI_1,idI_3,fbI_3);
        (
            {150}out(typeCh, (OT_ATTEST,fbI_3))
        ) | (
            {151}out(acceptCh, (ctx_1,kI_1,idI_3,fbI_3))
        ) | (
            {152}out(scopeCh, (ctx_1,kI_1,idI_3,fbI_3))
        ) | (
            {153}out(sigCh, (ctx_1,kI_1,sgI_3))
        )
    )
) | (
    {154}!
    {155}in(honestCh, (kH: pkey,fbHon: bitstring));
    {156}in(acceptCh, (ctx_2: bitstring,kX: pkey,idX: bitstring,=fbHon));
    {157}if (kX = kH) then
    (
        {158}if (ctx_2 = BASE) then
        {159}event HonestAccepted(kX,fbHon)
    )
    else
        {160}event Reattributed(kX,kH,fbHon)
) | (
    {161}!
    {162}in(honestTypeCh, (otS: bitstring,fbT: bitstring));
    {163}in(typeCh, (otA: bitstring,=fbT));
    {164}if (otS = otA) then
        0
    else
        {165}event TypeConfused(otS,otA,fbT)
) | (
    {166}!
    {167}in(honestInnerCh, (kH_1: pkey,idH: bitstring,fbHon_1: bitstring));
    {168}in(scopeCh, (wctx(kW_1: pkey,idW_4: bitstring,fbW_4: bitstring),kIrep: pkey,idIrep: bitstring,=fbHon_1));
    {169}if ((kIrep = kH_1) && (idIrep = idH)) then
        {170}event HonestWrappedAccepted(kH_1,fbHon_1,kW_1)
    else
        {171}event Rescoped(kIrep,idIrep,kH_1,idH,fbHon_1)
) | (
    {172}!
    {173}in(honestSigCh, (kH_2: pkey,sgH: bitstring));
    {174}in(sigCh, (wctx(kW_2: pkey,idW_5: bitstring,fbW_5: bitstring),kIrep_1: pkey,=sgH));
    {175}if (kIrep_1 = kH_2) then
        0
    else
        {176}event InnerSigTransplanted(kIrep_1,sgH)
)

--  Process 1 (that is, process 0, with let moved downwards):
{1}new skS: skey;
{2}new skI1: skey;
{3}new skI2: skey;
{4}new skW1: skey;
{5}new skW2: skey;
{10}out(c, pk(skS));
{11}out(c, pk(skI1));
{12}out(c, pk(skI2));
{13}out(c, pk(skW1));
{14}out(c, pk(skW2));
{6}let mI1: bitstring = authTuple(issuerId,fp(pk(skI1)),ssetH,algH,verH) in
{15}out(c, mI1);
{7}let mI2: bitstring = authTuple(issuerId2,fp(pk(skI2)),ssetH,algH,verH) in
{16}out(c, mI2);
{8}let mW1: bitstring = authTuple(idW1,fp(pk(skW1)),ssetH,algH,verH) in
{17}out(c, mW1);
{9}let mW2: bitstring = authTuple(idW2,fp(pk(skW2)),ssetH,algH,verH) in
{18}out(c, mW2);
{19}out(c, skS);
(
    {20}!
    {22}event AuthorityPublishedDNS(mI1);
    {21}let skS_1: skey = skS in
    {23}out(c, sign((STMT_DIGEST,h(mI1)),skS_1))
) | (
    {24}!
    {26}event AuthorityPublishedDNS(mI2);
    {25}let skS_2: skey = skS in
    {27}out(c, sign((STMT_DIGEST,h(mI2)),skS_2))
) | (
    {28}!
    {30}event AuthorityPublishedDNS(mW1);
    {29}let skS_3: skey = skS in
    {31}out(c, sign((STMT_DIGEST,h(mW1)),skS_3))
) | (
    {32}!
    {34}event AuthorityPublishedDNS(mW2);
    {33}let skS_4: skey = skS in
    {35}out(c, sign((STMT_DIGEST,h(mW2)),skS_4))
) | (
    {36}!
    {40}in(c, payload: bitstring);
    {37}let skI: skey = skI1 in
    {41}event IssuerPossession(pk(skI));
    {42}let ppfI: bitstring = sign((POSS,mI1),skI) in
    {43}out(c, ppfI);
    {39}let cvI: bitstring = cvA in
    {38}let idI: bitstring = issuerId in
    {44}let fbI: bitstring = framed(OT_ATTEST,algH,idI,fp(pk(skI)),h(mI1),cvI,payload) in
    {46}event IssuerSigned(pk(skI),fbI);
    (
        {47}out(honestTypeCh, (OT_ATTEST,fbI))
    ) | (
        {48}out(honestCh, (pk(skI),fbI))
    ) | (
        {49}out(honestInnerCh, (pk(skI),idI,fbI))
    ) | (
        {45}let sgI: bitstring = sign((BYTES,fbI),skI) in
        (
            {50}out(honestSigCh, (pk(skI),sgI))
        ) | (
            {51}out(c, sgI)
        )
    )
) | (
    {52}!
    {56}in(c, (cvIw: bitstring,fbIn: bitstring,sgIn: bitstring));
    {53}let skW: skey = skI1 in
    {57}event IssuerPossession(pk(skW));
    {58}let ppfW: bitstring = sign((POSS,mI1),skW) in
    {59}out(c, ppfW);
    {55}let cvW: bitstring = cvB in
    {54}let idW: bitstring = issuerId in
    {60}let fbW: bitstring = framed(OT_WRAPPER,algH,idW,fp(pk(skW)),h(mI1),cvW,wrap(cvIw,(fbIn,sgIn))) in
    {61}event IssuerSigned(pk(skW),fbW);
    (
        {62}out(honestTypeCh, (OT_WRAPPER,fbW))
    ) | (
        {63}out(c, sign((BYTES,fbW),skW))
    )
) | (
    {64}!
    {68}in(c, payload_1: bitstring);
    {65}let skI_1: skey = skI2 in
    {69}event IssuerPossession(pk(skI_1));
    {70}let ppfI_1: bitstring = sign((POSS,mI2),skI_1) in
    {71}out(c, ppfI_1);
    {67}let cvI_1: bitstring = cvB in
    {66}let idI_1: bitstring = issuerId2 in
    {72}let fbI_1: bitstring = framed(OT_ATTEST,algH,idI_1,fp(pk(skI_1)),h(mI2),cvI_1,payload_1) in
    {74}event IssuerSigned(pk(skI_1),fbI_1);
    (
        {75}out(honestTypeCh, (OT_ATTEST,fbI_1))
    ) | (
        {76}out(honestCh, (pk(skI_1),fbI_1))
    ) | (
        {77}out(honestInnerCh, (pk(skI_1),idI_1,fbI_1))
    ) | (
        {73}let sgI_1: bitstring = sign((BYTES,fbI_1),skI_1) in
        (
            {78}out(honestSigCh, (pk(skI_1),sgI_1))
        ) | (
            {79}out(c, sgI_1)
        )
    )
) | (
    {80}!
    {85}in(c, payload_2: bitstring);
    {81}let skO: skey = skI2 in
    {86}event IssuerPossession(pk(skO));
    {87}let ppfO: bitstring = sign((POSS,mI2),skO) in
    {88}out(c, ppfO);
    {84}let cvO: bitstring = cvA in
    {83}let ot: bitstring = OT_REVIEWREC in
    {82}let idO: bitstring = issuerId2 in
    {89}let fbO: bitstring = framed(ot,algH,idO,fp(pk(skO)),h(mI2),cvO,payload_2) in
    {90}event IssuerSigned(pk(skO),fbO);
    (
        {91}out(honestTypeCh, (ot,fbO))
    ) | (
        {92}out(c, sign((BYTES,fbO),skO))
    )
) | (
    {93}!
    {97}in(c, (cvIw_1: bitstring,fbIn_1: bitstring,sgIn_1: bitstring));
    {94}let skW_1: skey = skW1 in
    {98}event IssuerPossession(pk(skW_1));
    {99}let ppfW_1: bitstring = sign((POSS,mW1),skW_1) in
    {100}out(c, ppfW_1);
    {96}let cvW_1: bitstring = cvB in
    {95}let idW_1: bitstring = idW1 in
    {101}let fbW_1: bitstring = framed(OT_WRAPPER,algH,idW_1,fp(pk(skW_1)),h(mW1),cvW_1,wrap(cvIw_1,(fbIn_1,sgIn_1))) in
    {102}event IssuerSigned(pk(skW_1),fbW_1);
    (
        {103}out(honestTypeCh, (OT_WRAPPER,fbW_1))
    ) | (
        {104}out(c, sign((BYTES,fbW_1),skW_1))
    )
) | (
    {105}!
    {109}in(c, (cvIw_2: bitstring,fbIn_2: bitstring,sgIn_2: bitstring));
    {106}let skW_2: skey = skW2 in
    {110}event IssuerPossession(pk(skW_2));
    {111}let ppfW_2: bitstring = sign((POSS,mW2),skW_2) in
    {112}out(c, ppfW_2);
    {108}let cvW_2: bitstring = cvA in
    {107}let idW_2: bitstring = idW2 in
    {113}let fbW_2: bitstring = framed(OT_WRAPPER,algH,idW_2,fp(pk(skW_2)),h(mW2),cvW_2,wrap(cvIw_2,(fbIn_2,sgIn_2))) in
    {114}event IssuerSigned(pk(skW_2),fbW_2);
    (
        {115}out(honestTypeCh, (OT_WRAPPER,fbW_2))
    ) | (
        {116}out(c, sign((BYTES,fbW_2),skW_2))
    )
) | (
    {117}!
    {119}in(c, (tI: bitstring,evI: bitstring,kI: pkey,ppfI_2: bitstring,sgI_2: bitstring,fbI_2: bitstring));
    {118}let pkS: pkey = pk(skS) in
    {121}let (=STMT_DIGEST,=h(tI)) = checksign(evI,pkS) in
    {122}let authTuple(idI_2: bitstring,kfprI: bitstring,ssI: bitstring,algI: bitstring,verI: bitstring) = tI in
    {123}let (=POSS,=tI) = checksign(ppfI_2,kI) in
    {124}let (=BYTES,=fbI_2) = checksign(sgI_2,kI) in
    {125}let framed(=OT_ATTEST,=algI,idF: bitstring,kfpF: bitstring,mhI: bitstring,cvI_2: bitstring,plI: bitstring) = fbI_2 in
    {120}let ctx: bitstring = BASE in
    {126}event AcceptInner(ctx,kI,idI_2,fbI_2);
    (
        {127}out(typeCh, (OT_ATTEST,fbI_2))
    ) | (
        {128}out(acceptCh, (ctx,kI,idI_2,fbI_2))
    ) | (
        {129}out(scopeCh, (ctx,kI,idI_2,fbI_2))
    ) | (
        {130}out(sigCh, (ctx,kI,sgI_2))
    )
) | (
    {131}!
    {133}in(c, (tW: bitstring,evW: bitstring,kW: pkey,ppfW_3: bitstring,sgW: bitstring,fbW_3: bitstring,tI_1: bitstring,evI_1: bitstring,kI_1: pkey,ppfI_3: bitstring));
    {132}let pkS_1: pkey = pk(skS) in
    {134}let (=STMT_DIGEST,=h(tW)) = checksign(evW,pkS_1) in
    {135}let authTuple(idW_3: bitstring,kfprW: bitstring,ssW: bitstring,algW: bitstring,verW: bitstring) = tW in
    {136}if (fp(kW) = kfprW) then
    {137}let (=POSS,=tW) = checksign(ppfW_3,kW) in
    {138}let (=BYTES,=fbW_3) = checksign(sgW,kW) in
    {139}let framed(=OT_WRAPPER,=algW,=idW_3,=fp(kW),mhW: bitstring,cvW_3: bitstring,wrap(cvIw_3: bitstring,(fbI_3: bitstring,sgI_3: bitstring))) = fbW_3 in
    {140}if (mhW = h(tW)) then
    {141}event AcceptOuter(kW,idW_3,fbW_3);
    (
        {142}out(typeCh, (OT_WRAPPER,fbW_3))
    ) | (
        {144}let (=STMT_DIGEST,=h(tI_1)) = checksign(evI_1,pkS_1) in
        {145}let authTuple(idI_3: bitstring,kfprI_1: bitstring,ssI_1: bitstring,algI_1: bitstring,verI_1: bitstring) = tI_1 in
        {146}let (=POSS,=tI_1) = checksign(ppfI_3,kI_1) in
        {147}let (=BYTES,=fbI_3) = checksign(sgI_3,kI_1) in
        {148}let framed(=OT_ATTEST,=algI_1,idF_1: bitstring,kfpF_1: bitstring,mhI_1: bitstring,cvI_3: bitstring,plI_1: bitstring) = fbI_3 in
        {143}let ctx_1: bitstring = wctx(kW,idW_3,fbW_3) in
        {149}event AcceptInner(ctx_1,kI_1,idI_3,fbI_3);
        (
            {150}out(typeCh, (OT_ATTEST,fbI_3))
        ) | (
            {151}out(acceptCh, (ctx_1,kI_1,idI_3,fbI_3))
        ) | (
            {152}out(scopeCh, (ctx_1,kI_1,idI_3,fbI_3))
        ) | (
            {153}out(sigCh, (ctx_1,kI_1,sgI_3))
        )
    )
) | (
    {154}!
    {155}in(honestCh, (kH: pkey,fbHon: bitstring));
    {156}in(acceptCh, (ctx_2: bitstring,kX: pkey,idX: bitstring,=fbHon));
    {157}if (kX = kH) then
    (
        {158}if (ctx_2 = BASE) then
        {159}event HonestAccepted(kX,fbHon)
    )
    else
        {160}event Reattributed(kX,kH,fbHon)
) | (
    {161}!
    {162}in(honestTypeCh, (otS: bitstring,fbT: bitstring));
    {163}in(typeCh, (otA: bitstring,=fbT));
    {164}if (otS = otA) then
        0
    else
        {165}event TypeConfused(otS,otA,fbT)
) | (
    {166}!
    {167}in(honestInnerCh, (kH_1: pkey,idH: bitstring,fbHon_1: bitstring));
    {168}in(scopeCh, (wctx(kW_1: pkey,idW_4: bitstring,fbW_4: bitstring),kIrep: pkey,idIrep: bitstring,=fbHon_1));
    {169}if ((kIrep = kH_1) && (idIrep = idH)) then
        {170}event HonestWrappedAccepted(kH_1,fbHon_1,kW_1)
    else
        {171}event Rescoped(kIrep,idIrep,kH_1,idH,fbHon_1)
) | (
    {172}!
    {173}in(honestSigCh, (kH_2: pkey,sgH: bitstring));
    {174}in(sigCh, (wctx(kW_2: pkey,idW_5: bitstring,fbW_5: bitstring),kIrep_1: pkey,=sgH));
    {175}if (kIrep_1 = kH_2) then
        0
    else
        {176}event InnerSigTransplanted(kIrep_1,sgH)
)

-- Query not event(TypeConfused(otS_1,otA_1,fb)) in process 1.
Translating the process into Horn clauses...
Completing...
200 rules inserted. Base: 173 rules (77 with conclusion selected). Queue: 66 rules.
400 rules inserted. Base: 243 rules (77 with conclusion selected). Queue: 118 rules.
600 rules inserted. Base: 266 rules (77 with conclusion selected). Queue: 152 rules.
800 rules inserted. Base: 347 rules (81 with conclusion selected). Queue: 206 rules.
1000 rules inserted. Base: 425 rules (86 with conclusion selected). Queue: 283 rules.
1200 rules inserted. Base: 479 rules (92 with conclusion selected). Queue: 363 rules.
1400 rules inserted. Base: 500 rules (92 with conclusion selected). Queue: 431 rules.
1600 rules inserted. Base: 501 rules (92 with conclusion selected). Queue: 402 rules.
1800 rules inserted. Base: 487 rules (92 with conclusion selected). Queue: 403 rules.
2000 rules inserted. Base: 498 rules (94 with conclusion selected). Queue: 401 rules.
2200 rules inserted. Base: 525 rules (94 with conclusion selected). Queue: 378 rules.
2400 rules inserted. Base: 604 rules (94 with conclusion selected). Queue: 365 rules.
2600 rules inserted. Base: 624 rules (94 with conclusion selected). Queue: 380 rules.
2800 rules inserted. Base: 647 rules (94 with conclusion selected). Queue: 346 rules.
3000 rules inserted. Base: 763 rules (108 with conclusion selected). Queue: 263 rules.
3200 rules inserted. Base: 739 rules (121 with conclusion selected). Queue: 209 rules.
3400 rules inserted. Base: 806 rules (136 with conclusion selected). Queue: 99 rules.
Starting query not event(TypeConfused(otS_1,otA_1,fb))
RESULT not event(TypeConfused(otS_1,otA_1,fb)) is true.
-- Query not event(Rescoped(kX_1,idX_1,kH_3,idH_1,fb)) in process 1.
Translating the process into Horn clauses...
Completing...
200 rules inserted. Base: 173 rules (77 with conclusion selected). Queue: 67 rules.
400 rules inserted. Base: 244 rules (77 with conclusion selected). Queue: 116 rules.
600 rules inserted. Base: 272 rules (77 with conclusion selected). Queue: 150 rules.
800 rules inserted. Base: 348 rules (81 with conclusion selected). Queue: 213 rules.
1000 rules inserted. Base: 426 rules (86 with conclusion selected). Queue: 280 rules.
1200 rules inserted. Base: 485 rules (92 with conclusion selected). Queue: 397 rules.
1400 rules inserted. Base: 492 rules (92 with conclusion selected). Queue: 424 rules.
1600 rules inserted. Base: 496 rules (92 with conclusion selected). Queue: 398 rules.
1800 rules inserted. Base: 481 rules (92 with conclusion selected). Queue: 400 rules.
2000 rules inserted. Base: 491 rules (94 with conclusion selected). Queue: 397 rules.
2200 rules inserted. Base: 517 rules (94 with conclusion selected). Queue: 371 rules.
2400 rules inserted. Base: 607 rules (94 with conclusion selected). Queue: 363 rules.
2600 rules inserted. Base: 618 rules (94 with conclusion selected). Queue: 375 rules.
2800 rules inserted. Base: 641 rules (94 with conclusion selected). Queue: 341 rules.
3000 rules inserted. Base: 749 rules (109 with conclusion selected). Queue: 255 rules.
3200 rules inserted. Base: 746 rules (121 with conclusion selected). Queue: 206 rules.
3400 rules inserted. Base: 816 rules (144 with conclusion selected). Queue: 103 rules.
Starting query not event(Rescoped(kX_1,idX_1,kH_3,idH_1,fb))
goal reachable: k ≠ skI2[] && attacker(idX_1) && attacker(k) && attacker(plI_2) -> event(Rescoped(pk(k),idX_1,pk(skI2[]),issuerId2[],framed(OT_ATTEST,algH[],issuerId2[],fp(pk(skI2[])),h(authTuple(issuerId2[],fp(pk(skI2[])),ssetH[],algH[],verH[])),cvB[],plI_2)))

Derivation:

1. We assume as hypothesis that
attacker(plI_2).

2. The message plI_2 that the attacker may have by 1 may be received at input {68}.
So the message (pk(skI2[]),issuerId2[],framed(OT_ATTEST,algH[],issuerId2[],fp(pk(skI2[])),h(authTuple(issuerId2[],fp(pk(skI2[])),ssetH[],algH[],verH[])),cvB[],plI_2)) may be sent on channel honestInnerCh[] at output {77}.
mess(honestInnerCh[],(pk(skI2[]),issuerId2[],framed(OT_ATTEST,algH[],issuerId2[],fp(pk(skI2[])),h(authTuple(issuerId2[],fp(pk(skI2[])),ssetH[],algH[],verH[])),cvB[],plI_2))).

3. We assume as hypothesis that
attacker(k).

4. The attacker has some term verI_2.
attacker(verI_2).

5. The attacker initially knows algH[].
attacker(algH[]).

6. The attacker has some term ssI_2.
attacker(ssI_2).

7. The attacker has some term kfprI_2.
attacker(kfprI_2).

8. We assume as hypothesis that
attacker(idX_1).

9. By 8, the attacker may know idX_1.
By 7, the attacker may know kfprI_2.
By 6, the attacker may know ssI_2.
By 5, the attacker may know algH[].
By 4, the attacker may know verI_2.
Using the function authTuple the attacker may obtain authTuple(idX_1,kfprI_2,ssI_2,algH[],verI_2).
attacker(authTuple(idX_1,kfprI_2,ssI_2,algH[],verI_2)).

10. Using the function POSS the attacker may obtain POSS.
attacker(POSS).

11. By 10, the attacker may know POSS.
By 9, the attacker may know authTuple(idX_1,kfprI_2,ssI_2,algH[],verI_2).
Using the function 2-tuple the attacker may obtain (POSS,authTuple(idX_1,kfprI_2,ssI_2,algH[],verI_2)).
attacker((POSS,authTuple(idX_1,kfprI_2,ssI_2,algH[],verI_2))).

12. By 11, the attacker may know (POSS,authTuple(idX_1,kfprI_2,ssI_2,algH[],verI_2)).
By 3, the attacker may know k.
Using the function sign the attacker may obtain sign((POSS,authTuple(idX_1,kfprI_2,ssI_2,algH[],verI_2)),k).
attacker(sign((POSS,authTuple(idX_1,kfprI_2,ssI_2,algH[],verI_2)),k)).

13. By 3, the attacker may know k.
Using the function pk the attacker may obtain pk(k).
attacker(pk(k)).

14. The message skS[] may be sent to the attacker at output {19}.
attacker(skS[]).

15. By 9, the attacker may know authTuple(idX_1,kfprI_2,ssI_2,algH[],verI_2).
Using the function h the attacker may obtain h(authTuple(idX_1,kfprI_2,ssI_2,algH[],verI_2)).
attacker(h(authTuple(idX_1,kfprI_2,ssI_2,algH[],verI_2))).

16. Using the function STMT_DIGEST the attacker may obtain STMT_DIGEST.
attacker(STMT_DIGEST).

17. By 16, the attacker may know STMT_DIGEST.
By 15, the attacker may know h(authTuple(idX_1,kfprI_2,ssI_2,algH[],verI_2)).
Using the function 2-tuple the attacker may obtain (STMT_DIGEST,h(authTuple(idX_1,kfprI_2,ssI_2,algH[],verI_2))).
attacker((STMT_DIGEST,h(authTuple(idX_1,kfprI_2,ssI_2,algH[],verI_2)))).

18. By 17, the attacker may know (STMT_DIGEST,h(authTuple(idX_1,kfprI_2,ssI_2,algH[],verI_2))).
By 14, the attacker may know skS[].
Using the function sign the attacker may obtain sign((STMT_DIGEST,h(authTuple(idX_1,kfprI_2,ssI_2,algH[],verI_2))),skS[]).
attacker(sign((STMT_DIGEST,h(authTuple(idX_1,kfprI_2,ssI_2,algH[],verI_2))),skS[])).

19. The attacker initially knows cvB[].
attacker(cvB[]).

20. The attacker initially knows verH[].
attacker(verH[]).

21. The attacker initially knows ssetH[].
attacker(ssetH[]).

22. The message pk(skI2[]) may be sent to the attacker at output {12}.
attacker(pk(skI2[])).

23. By 22, the attacker may know pk(skI2[]).
Using the function fp the attacker may obtain fp(pk(skI2[])).
attacker(fp(pk(skI2[]))).

24. The attacker initially knows issuerId2[].
attacker(issuerId2[]).

25. By 24, the attacker may know issuerId2[].
By 23, the attacker may know fp(pk(skI2[])).
By 21, the attacker may know ssetH[].
By 5, the attacker may know algH[].
By 20, the attacker may know verH[].
Using the function authTuple the attacker may obtain authTuple(issuerId2[],fp(pk(skI2[])),ssetH[],algH[],verH[]).
attacker(authTuple(issuerId2[],fp(pk(skI2[])),ssetH[],algH[],verH[])).

26. By 25, the attacker may know authTuple(issuerId2[],fp(pk(skI2[])),ssetH[],algH[],verH[]).
Using the function h the attacker may obtain h(authTuple(issuerId2[],fp(pk(skI2[])),ssetH[],algH[],verH[])).
attacker(h(authTuple(issuerId2[],fp(pk(skI2[])),ssetH[],algH[],verH[]))).

27. Using the function OT_ATTEST the attacker may obtain OT_ATTEST.
attacker(OT_ATTEST).

28. By 27, the attacker may know OT_ATTEST.
By 5, the attacker may know algH[].
By 24, the attacker may know issuerId2[].
By 23, the attacker may know fp(pk(skI2[])).
By 26, the attacker may know h(authTuple(issuerId2[],fp(pk(skI2[])),ssetH[],algH[],verH[])).
By 19, the attacker may know cvB[].
By 1, the attacker may know plI_2.
Using the function framed the attacker may obtain framed(OT_ATTEST,algH[],issuerId2[],fp(pk(skI2[])),h(authTuple(issuerId2[],fp(pk(skI2[])),ssetH[],algH[],verH[])),cvB[],plI_2).
attacker(framed(OT_ATTEST,algH[],issuerId2[],fp(pk(skI2[])),h(authTuple(issuerId2[],fp(pk(skI2[])),ssetH[],algH[],verH[])),cvB[],plI_2)).

29. Using the function BYTES the attacker may obtain BYTES.
attacker(BYTES).

30. By 29, the attacker may know BYTES.
By 28, the attacker may know framed(OT_ATTEST,algH[],issuerId2[],fp(pk(skI2[])),h(authTuple(issuerId2[],fp(pk(skI2[])),ssetH[],algH[],verH[])),cvB[],plI_2).
Using the function 2-tuple the attacker may obtain (BYTES,framed(OT_ATTEST,algH[],issuerId2[],fp(pk(skI2[])),h(authTuple(issuerId2[],fp(pk(skI2[])),ssetH[],algH[],verH[])),cvB[],plI_2)).
attacker((BYTES,framed(OT_ATTEST,algH[],issuerId2[],fp(pk(skI2[])),h(authTuple(issuerId2[],fp(pk(skI2[])),ssetH[],algH[],verH[])),cvB[],plI_2))).

31. By 30, the attacker may know (BYTES,framed(OT_ATTEST,algH[],issuerId2[],fp(pk(skI2[])),h(authTuple(issuerId2[],fp(pk(skI2[])),ssetH[],algH[],verH[])),cvB[],plI_2)).
By 3, the attacker may know k.
Using the function sign the attacker may obtain sign((BYTES,framed(OT_ATTEST,algH[],issuerId2[],fp(pk(skI2[])),h(authTuple(issuerId2[],fp(pk(skI2[])),ssetH[],algH[],verH[])),cvB[],plI_2)),k).
attacker(sign((BYTES,framed(OT_ATTEST,algH[],issuerId2[],fp(pk(skI2[])),h(authTuple(issuerId2[],fp(pk(skI2[])),ssetH[],algH[],verH[])),cvB[],plI_2)),k)).

32. By 28, the attacker may know framed(OT_ATTEST,algH[],issuerId2[],fp(pk(skI2[])),h(authTuple(issuerId2[],fp(pk(skI2[])),ssetH[],algH[],verH[])),cvB[],plI_2).
By 31, the attacker may know sign((BYTES,framed(OT_ATTEST,algH[],issuerId2[],fp(pk(skI2[])),h(authTuple(issuerId2[],fp(pk(skI2[])),ssetH[],algH[],verH[])),cvB[],plI_2)),k).
Using the function 2-tuple the attacker may obtain (framed(OT_ATTEST,algH[],issuerId2[],fp(pk(skI2[])),h(authTuple(issuerId2[],fp(pk(skI2[])),ssetH[],algH[],verH[])),cvB[],plI_2),sign((BYTES,framed(OT_ATTEST,algH[],issuerId2[],fp(pk(skI2[])),h(authTuple(issuerId2[],fp(pk(skI2[])),ssetH[],algH[],verH[])),cvB[],plI_2)),k)).
attacker((framed(OT_ATTEST,algH[],issuerId2[],fp(pk(skI2[])),h(authTuple(issuerId2[],fp(pk(skI2[])),ssetH[],algH[],verH[])),cvB[],plI_2),sign((BYTES,framed(OT_ATTEST,algH[],issuerId2[],fp(pk(skI2[])),h(authTuple(issuerId2[],fp(pk(skI2[])),ssetH[],algH[],verH[])),cvB[],plI_2)),k))).

33. The attacker has some term cvIw_4.
attacker(cvIw_4).

34. By 33, the attacker may know cvIw_4.
By 32, the attacker may know (framed(OT_ATTEST,algH[],issuerId2[],fp(pk(skI2[])),h(authTuple(issuerId2[],fp(pk(skI2[])),ssetH[],algH[],verH[])),cvB[],plI_2),sign((BYTES,framed(OT_ATTEST,algH[],issuerId2[],fp(pk(skI2[])),h(authTuple(issuerId2[],fp(pk(skI2[])),ssetH[],algH[],verH[])),cvB[],plI_2)),k)).
Using the function wrap the attacker may obtain wrap(cvIw_4,(framed(OT_ATTEST,algH[],issuerId2[],fp(pk(skI2[])),h(authTuple(issuerId2[],fp(pk(skI2[])),ssetH[],algH[],verH[])),cvB[],plI_2),sign((BYTES,framed(OT_ATTEST,algH[],issuerId2[],fp(pk(skI2[])),h(authTuple(issuerId2[],fp(pk(skI2[])),ssetH[],algH[],verH[])),cvB[],plI_2)),k))).
attacker(wrap(cvIw_4,(framed(OT_ATTEST,algH[],issuerId2[],fp(pk(skI2[])),h(authTuple(issuerId2[],fp(pk(skI2[])),ssetH[],algH[],verH[])),cvB[],plI_2),sign((BYTES,framed(OT_ATTEST,algH[],issuerId2[],fp(pk(skI2[])),h(authTuple(issuerId2[],fp(pk(skI2[])),ssetH[],algH[],verH[])),cvB[],plI_2)),k)))).

35. The attacker initially knows cvA[].
attacker(cvA[]).

36. The message pk(skW2[]) may be sent to the attacker at output {14}.
attacker(pk(skW2[])).

37. By 36, the attacker may know pk(skW2[]).
Using the function fp the attacker may obtain fp(pk(skW2[])).
attacker(fp(pk(skW2[]))).

38. The attacker initially knows idW2[].
attacker(idW2[]).

39. By 38, the attacker may know idW2[].
By 37, the attacker may know fp(pk(skW2[])).
By 21, the attacker may know ssetH[].
By 5, the attacker may know algH[].
By 20, the attacker may know verH[].
Using the function authTuple the attacker may obtain authTuple(idW2[],fp(pk(skW2[])),ssetH[],algH[],verH[]).
attacker(authTuple(idW2[],fp(pk(skW2[])),ssetH[],algH[],verH[])).

40. By 39, the attacker may know authTuple(idW2[],fp(pk(skW2[])),ssetH[],algH[],verH[]).
Using the function h the attacker may obtain h(authTuple(idW2[],fp(pk(skW2[])),ssetH[],algH[],verH[])).
attacker(h(authTuple(idW2[],fp(pk(skW2[])),ssetH[],algH[],verH[]))).

41. Using the function OT_WRAPPER the attacker may obtain OT_WRAPPER.
attacker(OT_WRAPPER).

42. By 41, the attacker may know OT_WRAPPER.
By 5, the attacker may know algH[].
By 38, the attacker may know idW2[].
By 37, the attacker may know fp(pk(skW2[])).
By 40, the attacker may know h(authTuple(idW2[],fp(pk(skW2[])),ssetH[],algH[],verH[])).
By 35, the attacker may know cvA[].
By 34, the attacker may know wrap(cvIw_4,(framed(OT_ATTEST,algH[],issuerId2[],fp(pk(skI2[])),h(authTuple(issuerId2[],fp(pk(skI2[])),ssetH[],algH[],verH[])),cvB[],plI_2),sign((BYTES,framed(OT_ATTEST,algH[],issuerId2[],fp(pk(skI2[])),h(authTuple(issuerId2[],fp(pk(skI2[])),ssetH[],algH[],verH[])),cvB[],plI_2)),k))).
Using the function framed the attacker may obtain framed(OT_WRAPPER,algH[],idW2[],fp(pk(skW2[])),h(authTuple(idW2[],fp(pk(skW2[])),ssetH[],algH[],verH[])),cvA[],wrap(cvIw_4,(framed(OT_ATTEST,algH[],issuerId2[],fp(pk(skI2[])),h(authTuple(issuerId2[],fp(pk(skI2[])),ssetH[],algH[],verH[])),cvB[],plI_2),sign((BYTES,framed(OT_ATTEST,algH[],issuerId2[],fp(pk(skI2[])),h(authTuple(issuerId2[],fp(pk(skI2[])),ssetH[],algH[],verH[])),cvB[],plI_2)),k)))).
attacker(framed(OT_WRAPPER,algH[],idW2[],fp(pk(skW2[])),h(authTuple(idW2[],fp(pk(skW2[])),ssetH[],algH[],verH[])),cvA[],wrap(cvIw_4,(framed(OT_ATTEST,algH[],issuerId2[],fp(pk(skI2[])),h(authTuple(issuerId2[],fp(pk(skI2[])),ssetH[],algH[],verH[])),cvB[],plI_2),sign((BYTES,framed(OT_ATTEST,algH[],issuerId2[],fp(pk(skI2[])),h(authTuple(issuerId2[],fp(pk(skI2[])),ssetH[],algH[],verH[])),cvB[],plI_2)),k))))).

43. By 33, the attacker may know cvIw_4.
By 28, the attacker may know framed(OT_ATTEST,algH[],issuerId2[],fp(pk(skI2[])),h(authTuple(issuerId2[],fp(pk(skI2[])),ssetH[],algH[],verH[])),cvB[],plI_2).
By 31, the attacker may know sign((BYTES,framed(OT_ATTEST,algH[],issuerId2[],fp(pk(skI2[])),h(authTuple(issuerId2[],fp(pk(skI2[])),ssetH[],algH[],verH[])),cvB[],plI_2)),k).
Using the function 3-tuple the attacker may obtain (cvIw_4,framed(OT_ATTEST,algH[],issuerId2[],fp(pk(skI2[])),h(authTuple(issuerId2[],fp(pk(skI2[])),ssetH[],algH[],verH[])),cvB[],plI_2),sign((BYTES,framed(OT_ATTEST,algH[],issuerId2[],fp(pk(skI2[])),h(authTuple(issuerId2[],fp(pk(skI2[])),ssetH[],algH[],verH[])),cvB[],plI_2)),k)).
attacker((cvIw_4,framed(OT_ATTEST,algH[],issuerId2[],fp(pk(skI2[])),h(authTuple(issuerId2[],fp(pk(skI2[])),ssetH[],algH[],verH[])),cvB[],plI_2),sign((BYTES,framed(OT_ATTEST,algH[],issuerId2[],fp(pk(skI2[])),h(authTuple(issuerId2[],fp(pk(skI2[])),ssetH[],algH[],verH[])),cvB[],plI_2)),k))).

44. The message (cvIw_4,framed(OT_ATTEST,algH[],issuerId2[],fp(pk(skI2[])),h(authTuple(issuerId2[],fp(pk(skI2[])),ssetH[],algH[],verH[])),cvB[],plI_2),sign((BYTES,framed(OT_ATTEST,algH[],issuerId2[],fp(pk(skI2[])),h(authTuple(issuerId2[],fp(pk(skI2[])),ssetH[],algH[],verH[])),cvB[],plI_2)),k)) that the attacker may have by 43 may be received at input {109}.
So the message sign((BYTES,framed(OT_WRAPPER,algH[],idW2[],fp(pk(skW2[])),h(authTuple(idW2[],fp(pk(skW2[])),ssetH[],algH[],verH[])),cvA[],wrap(cvIw_4,(framed(OT_ATTEST,algH[],issuerId2[],fp(pk(skI2[])),h(authTuple(issuerId2[],fp(pk(skI2[])),ssetH[],algH[],verH[])),cvB[],plI_2),sign((BYTES,framed(OT_ATTEST,algH[],issuerId2[],fp(pk(skI2[])),h(authTuple(issuerId2[],fp(pk(skI2[])),ssetH[],algH[],verH[])),cvB[],plI_2)),k))))),skW2[]) may be sent to the attacker at output {116}.
attacker(sign((BYTES,framed(OT_WRAPPER,algH[],idW2[],fp(pk(skW2[])),h(authTuple(idW2[],fp(pk(skW2[])),ssetH[],algH[],verH[])),cvA[],wrap(cvIw_4,(framed(OT_ATTEST,algH[],issuerId2[],fp(pk(skI2[])),h(authTuple(issuerId2[],fp(pk(skI2[])),ssetH[],algH[],verH[])),cvB[],plI_2),sign((BYTES,framed(OT_ATTEST,algH[],issuerId2[],fp(pk(skI2[])),h(authTuple(issuerId2[],fp(pk(skI2[])),ssetH[],algH[],verH[])),cvB[],plI_2)),k))))),skW2[])).

45. The attacker has some term sgIn_3.
attacker(sgIn_3).

46. The attacker has some term fbIn_3.
attacker(fbIn_3).

47. The attacker has some term cvIw_5.
attacker(cvIw_5).

48. By 47, the attacker may know cvIw_5.
By 46, the attacker may know fbIn_3.
By 45, the attacker may know sgIn_3.
Using the function 3-tuple the attacker may obtain (cvIw_5,fbIn_3,sgIn_3).
attacker((cvIw_5,fbIn_3,sgIn_3)).

49. The message (cvIw_5,fbIn_3,sgIn_3) that the attacker may have by 48 may be received at input {109}.
So the message sign((POSS,authTuple(idW2[],fp(pk(skW2[])),ssetH[],algH[],verH[])),skW2[]) may be sent to the attacker at output {112}.
attacker(sign((POSS,authTuple(idW2[],fp(pk(skW2[])),ssetH[],algH[],verH[])),skW2[])).

50. By 16, the attacker may know STMT_DIGEST.
By 40, the attacker may know h(authTuple(idW2[],fp(pk(skW2[])),ssetH[],algH[],verH[])).
Using the function 2-tuple the attacker may obtain (STMT_DIGEST,h(authTuple(idW2[],fp(pk(skW2[])),ssetH[],algH[],verH[]))).
attacker((STMT_DIGEST,h(authTuple(idW2[],fp(pk(skW2[])),ssetH[],algH[],verH[])))).

51. By 50, the attacker may know (STMT_DIGEST,h(authTuple(idW2[],fp(pk(skW2[])),ssetH[],algH[],verH[]))).
By 14, the attacker may know skS[].
Using the function sign the attacker may obtain sign((STMT_DIGEST,h(authTuple(idW2[],fp(pk(skW2[])),ssetH[],algH[],verH[]))),skS[]).
attacker(sign((STMT_DIGEST,h(authTuple(idW2[],fp(pk(skW2[])),ssetH[],algH[],verH[]))),skS[])).

52. By 39, the attacker may know authTuple(idW2[],fp(pk(skW2[])),ssetH[],algH[],verH[]).
By 51, the attacker may know sign((STMT_DIGEST,h(authTuple(idW2[],fp(pk(skW2[])),ssetH[],algH[],verH[]))),skS[]).
By 36, the attacker may know pk(skW2[]).
By 49, the attacker may know sign((POSS,authTuple(idW2[],fp(pk(skW2[])),ssetH[],algH[],verH[])),skW2[]).
By 44, the attacker may know sign((BYTES,framed(OT_WRAPPER,algH[],idW2[],fp(pk(skW2[])),h(authTuple(idW2[],fp(pk(skW2[])),ssetH[],algH[],verH[])),cvA[],wrap(cvIw_4,(framed(OT_ATTEST,algH[],issuerId2[],fp(pk(skI2[])),h(authTuple(issuerId2[],fp(pk(skI2[])),ssetH[],algH[],verH[])),cvB[],plI_2),sign((BYTES,framed(OT_ATTEST,algH[],issuerId2[],fp(pk(skI2[])),h(authTuple(issuerId2[],fp(pk(skI2[])),ssetH[],algH[],verH[])),cvB[],plI_2)),k))))),skW2[]).
By 42, the attacker may know framed(OT_WRAPPER,algH[],idW2[],fp(pk(skW2[])),h(authTuple(idW2[],fp(pk(skW2[])),ssetH[],algH[],verH[])),cvA[],wrap(cvIw_4,(framed(OT_ATTEST,algH[],issuerId2[],fp(pk(skI2[])),h(authTuple(issuerId2[],fp(pk(skI2[])),ssetH[],algH[],verH[])),cvB[],plI_2),sign((BYTES,framed(OT_ATTEST,algH[],issuerId2[],fp(pk(skI2[])),h(authTuple(issuerId2[],fp(pk(skI2[])),ssetH[],algH[],verH[])),cvB[],plI_2)),k)))).
By 9, the attacker may know authTuple(idX_1,kfprI_2,ssI_2,algH[],verI_2).
By 18, the attacker may know sign((STMT_DIGEST,h(authTuple(idX_1,kfprI_2,ssI_2,algH[],verI_2))),skS[]).
By 13, the attacker may know pk(k).
By 12, the attacker may know sign((POSS,authTuple(idX_1,kfprI_2,ssI_2,algH[],verI_2)),k).
Using the function 10-tuple the attacker may obtain (authTuple(idW2[],fp(pk(skW2[])),ssetH[],algH[],verH[]),sign((STMT_DIGEST,h(authTuple(idW2[],fp(pk(skW2[])),ssetH[],algH[],verH[]))),skS[]),pk(skW2[]),sign((POSS,authTuple(idW2[],fp(pk(skW2[])),ssetH[],algH[],verH[])),skW2[]),sign((BYTES,framed(OT_WRAPPER,algH[],idW2[],fp(pk(skW2[])),h(authTuple(idW2[],fp(pk(skW2[])),ssetH[],algH[],verH[])),cvA[],wrap(cvIw_4,(framed(OT_ATTEST,algH[],issuerId2[],fp(pk(skI2[])),h(authTuple(issuerId2[],fp(pk(skI2[])),ssetH[],algH[],verH[])),cvB[],plI_2),sign((BYTES,framed(OT_ATTEST,algH[],issuerId2[],fp(pk(skI2[])),h(authTuple(issuerId2[],fp(pk(skI2[])),ssetH[],algH[],verH[])),cvB[],plI_2)),k))))),skW2[]),framed(OT_WRAPPER,algH[],idW2[],fp(pk(skW2[])),h(authTuple(idW2[],fp(pk(skW2[])),ssetH[],algH[],verH[])),cvA[],wrap(cvIw_4,(framed(OT_ATTEST,algH[],issuerId2[],fp(pk(skI2[])),h(authTuple(issuerId2[],fp(pk(skI2[])),ssetH[],algH[],verH[])),cvB[],plI_2),sign((BYTES,framed(OT_ATTEST,algH[],issuerId2[],fp(pk(skI2[])),h(authTuple(issuerId2[],fp(pk(skI2[])),ssetH[],algH[],verH[])),cvB[],plI_2)),k)))),authTuple(idX_1,kfprI_2,ssI_2,algH[],verI_2),sign((STMT_DIGEST,h(authTuple(idX_1,kfprI_2,ssI_2,algH[],verI_2))),skS[]),pk(k),sign((POSS,authTuple(idX_1,kfprI_2,ssI_2,algH[],verI_2)),k)).
attacker((authTuple(idW2[],fp(pk(skW2[])),ssetH[],algH[],verH[]),sign((STMT_DIGEST,h(authTuple(idW2[],fp(pk(skW2[])),ssetH[],algH[],verH[]))),skS[]),pk(skW2[]),sign((POSS,authTuple(idW2[],fp(pk(skW2[])),ssetH[],algH[],verH[])),skW2[]),sign((BYTES,framed(OT_WRAPPER,algH[],idW2[],fp(pk(skW2[])),h(authTuple(idW2[],fp(pk(skW2[])),ssetH[],algH[],verH[])),cvA[],wrap(cvIw_4,(framed(OT_ATTEST,algH[],issuerId2[],fp(pk(skI2[])),h(authTuple(issuerId2[],fp(pk(skI2[])),ssetH[],algH[],verH[])),cvB[],plI_2),sign((BYTES,framed(OT_ATTEST,algH[],issuerId2[],fp(pk(skI2[])),h(authTuple(issuerId2[],fp(pk(skI2[])),ssetH[],algH[],verH[])),cvB[],plI_2)),k))))),skW2[]),framed(OT_WRAPPER,algH[],idW2[],fp(pk(skW2[])),h(authTuple(idW2[],fp(pk(skW2[])),ssetH[],algH[],verH[])),cvA[],wrap(cvIw_4,(framed(OT_ATTEST,algH[],issuerId2[],fp(pk(skI2[])),h(authTuple(issuerId2[],fp(pk(skI2[])),ssetH[],algH[],verH[])),cvB[],plI_2),sign((BYTES,framed(OT_ATTEST,algH[],issuerId2[],fp(pk(skI2[])),h(authTuple(issuerId2[],fp(pk(skI2[])),ssetH[],algH[],verH[])),cvB[],plI_2)),k)))),authTuple(idX_1,kfprI_2,ssI_2,algH[],verI_2),sign((STMT_DIGEST,h(authTuple(idX_1,kfprI_2,ssI_2,algH[],verI_2))),skS[]),pk(k),sign((POSS,authTuple(idX_1,kfprI_2,ssI_2,algH[],verI_2)),k))).

53. The message (authTuple(idW2[],fp(pk(skW2[])),ssetH[],algH[],verH[]),sign((STMT_DIGEST,h(authTuple(idW2[],fp(pk(skW2[])),ssetH[],algH[],verH[]))),skS[]),pk(skW2[]),sign((POSS,authTuple(idW2[],fp(pk(skW2[])),ssetH[],algH[],verH[])),skW2[]),sign((BYTES,framed(OT_WRAPPER,algH[],idW2[],fp(pk(skW2[])),h(authTuple(idW2[],fp(pk(skW2[])),ssetH[],algH[],verH[])),cvA[],wrap(cvIw_4,(framed(OT_ATTEST,algH[],issuerId2[],fp(pk(skI2[])),h(authTuple(issuerId2[],fp(pk(skI2[])),ssetH[],algH[],verH[])),cvB[],plI_2),sign((BYTES,framed(OT_ATTEST,algH[],issuerId2[],fp(pk(skI2[])),h(authTuple(issuerId2[],fp(pk(skI2[])),ssetH[],algH[],verH[])),cvB[],plI_2)),k))))),skW2[]),framed(OT_WRAPPER,algH[],idW2[],fp(pk(skW2[])),h(authTuple(idW2[],fp(pk(skW2[])),ssetH[],algH[],verH[])),cvA[],wrap(cvIw_4,(framed(OT_ATTEST,algH[],issuerId2[],fp(pk(skI2[])),h(authTuple(issuerId2[],fp(pk(skI2[])),ssetH[],algH[],verH[])),cvB[],plI_2),sign((BYTES,framed(OT_ATTEST,algH[],issuerId2[],fp(pk(skI2[])),h(authTuple(issuerId2[],fp(pk(skI2[])),ssetH[],algH[],verH[])),cvB[],plI_2)),k)))),authTuple(idX_1,kfprI_2,ssI_2,algH[],verI_2),sign((STMT_DIGEST,h(authTuple(idX_1,kfprI_2,ssI_2,algH[],verI_2))),skS[]),pk(k),sign((POSS,authTuple(idX_1,kfprI_2,ssI_2,algH[],verI_2)),k)) that the attacker may have by 52 may be received at input {133}.
So the message (wctx(pk(skW2[]),idW2[],framed(OT_WRAPPER,algH[],idW2[],fp(pk(skW2[])),h(authTuple(idW2[],fp(pk(skW2[])),ssetH[],algH[],verH[])),cvA[],wrap(cvIw_4,(framed(OT_ATTEST,algH[],issuerId2[],fp(pk(skI2[])),h(authTuple(issuerId2[],fp(pk(skI2[])),ssetH[],algH[],verH[])),cvB[],plI_2),sign((BYTES,framed(OT_ATTEST,algH[],issuerId2[],fp(pk(skI2[])),h(authTuple(issuerId2[],fp(pk(skI2[])),ssetH[],algH[],verH[])),cvB[],plI_2)),k))))),pk(k),idX_1,framed(OT_ATTEST,algH[],issuerId2[],fp(pk(skI2[])),h(authTuple(issuerId2[],fp(pk(skI2[])),ssetH[],algH[],verH[])),cvB[],plI_2)) may be sent on channel scopeCh[] at output {152}.
mess(scopeCh[],(wctx(pk(skW2[]),idW2[],framed(OT_WRAPPER,algH[],idW2[],fp(pk(skW2[])),h(authTuple(idW2[],fp(pk(skW2[])),ssetH[],algH[],verH[])),cvA[],wrap(cvIw_4,(framed(OT_ATTEST,algH[],issuerId2[],fp(pk(skI2[])),h(authTuple(issuerId2[],fp(pk(skI2[])),ssetH[],algH[],verH[])),cvB[],plI_2),sign((BYTES,framed(OT_ATTEST,algH[],issuerId2[],fp(pk(skI2[])),h(authTuple(issuerId2[],fp(pk(skI2[])),ssetH[],algH[],verH[])),cvB[],plI_2)),k))))),pk(k),idX_1,framed(OT_ATTEST,algH[],issuerId2[],fp(pk(skI2[])),h(authTuple(issuerId2[],fp(pk(skI2[])),ssetH[],algH[],verH[])),cvB[],plI_2))).

54. The message (pk(skI2[]),issuerId2[],framed(OT_ATTEST,algH[],issuerId2[],fp(pk(skI2[])),h(authTuple(issuerId2[],fp(pk(skI2[])),ssetH[],algH[],verH[])),cvB[],plI_2)) that may be sent on channel honestInnerCh[] by 2 may be received at input {167}.
The message (wctx(pk(skW2[]),idW2[],framed(OT_WRAPPER,algH[],idW2[],fp(pk(skW2[])),h(authTuple(idW2[],fp(pk(skW2[])),ssetH[],algH[],verH[])),cvA[],wrap(cvIw_4,(framed(OT_ATTEST,algH[],issuerId2[],fp(pk(skI2[])),h(authTuple(issuerId2[],fp(pk(skI2[])),ssetH[],algH[],verH[])),cvB[],plI_2),sign((BYTES,framed(OT_ATTEST,algH[],issuerId2[],fp(pk(skI2[])),h(authTuple(issuerId2[],fp(pk(skI2[])),ssetH[],algH[],verH[])),cvB[],plI_2)),k))))),pk(k),idX_1,framed(OT_ATTEST,algH[],issuerId2[],fp(pk(skI2[])),h(authTuple(issuerId2[],fp(pk(skI2[])),ssetH[],algH[],verH[])),cvB[],plI_2)) that may be sent on channel scopeCh[] by 53 may be received at input {168}.
We have pk(k) ≠ pk(skI2[]).
So event Rescoped(pk(k),idX_1,pk(skI2[]),issuerId2[],framed(OT_ATTEST,algH[],issuerId2[],fp(pk(skI2[])),h(authTuple(issuerId2[],fp(pk(skI2[])),ssetH[],algH[],verH[])),cvB[],plI_2)) may be executed at {171}.
event(Rescoped(pk(k),idX_1,pk(skI2[]),issuerId2[],framed(OT_ATTEST,algH[],issuerId2[],fp(pk(skI2[])),h(authTuple(issuerId2[],fp(pk(skI2[])),ssetH[],algH[],verH[])),cvB[],plI_2))).

55. By 54, event(Rescoped(pk(k),idX_1,pk(skI2[]),issuerId2[],framed(OT_ATTEST,algH[],issuerId2[],fp(pk(skI2[])),h(authTuple(issuerId2[],fp(pk(skI2[])),ssetH[],algH[],verH[])),cvB[],plI_2))).
The goal is reached, represented in the following fact:
event(Rescoped(pk(k),idX_1,pk(skI2[]),issuerId2[],framed(OT_ATTEST,algH[],issuerId2[],fp(pk(skI2[])),h(authTuple(issuerId2[],fp(pk(skI2[])),ssetH[],algH[],verH[])),cvB[],plI_2))).


A more detailed output of the traces is available with
  set traceDisplay = long.

new skS: skey creating skS_5 at {1}

new skI1: skey creating skI1_1 at {2}

new skI2: skey creating skI2_1 at {3}

new skW1: skey creating skW1_1 at {4}

new skW2: skey creating skW2_1 at {5}

out(c, ~M) with ~M = pk(skS_5) at {10}

out(c, ~M_1) with ~M_1 = pk(skI1_1) at {11}

out(c, ~M_2) with ~M_2 = pk(skI2_1) at {12}

out(c, ~M_3) with ~M_3 = pk(skW1_1) at {13}

out(c, ~M_4) with ~M_4 = pk(skW2_1) at {14}

out(c, authTuple(~M_5,~M_6,~M_7,~M_8,~M_9)) with ~M_5 = issuerId, ~M_6 = fp(pk(skI1_1)), ~M_7 = ssetH, ~M_8 = algH, ~M_9 = verH at {15}

out(c, authTuple(~M_10,~M_11,~M_12,~M_13,~M_14)) with ~M_10 = issuerId2, ~M_11 = fp(pk(skI2_1)), ~M_12 = ssetH, ~M_13 = algH, ~M_14 = verH at {16}

out(c, authTuple(~M_15,~M_16,~M_17,~M_18,~M_19)) with ~M_15 = idW1, ~M_16 = fp(pk(skW1_1)), ~M_17 = ssetH, ~M_18 = algH, ~M_19 = verH at {17}

out(c, authTuple(~M_20,~M_21,~M_22,~M_23,~M_24)) with ~M_20 = idW2, ~M_21 = fp(pk(skW2_1)), ~M_22 = ssetH, ~M_23 = algH, ~M_24 = verH at {18}

out(c, ~M_25) with ~M_25 = skS_5 at {19}

in(c, a) at {68} in copy a_1

event IssuerPossession(pk(skI2_1)) at {69} in copy a_1

out(c, ~M_26) with ~M_26 = sign((POSS,authTuple(issuerId2,fp(pk(skI2_1)),ssetH,algH,verH)),skI2_1) at {71} in copy a_1

event IssuerSigned(pk(skI2_1),framed(OT_ATTEST,algH,issuerId2,fp(pk(skI2_1)),h(authTuple(issuerId2,fp(pk(skI2_1)),ssetH,algH,verH)),cvB,a)) at {74} in copy a_1

out(c, ~M_27) with ~M_27 = sign((BYTES,framed(OT_ATTEST,algH,issuerId2,fp(pk(skI2_1)),h(authTuple(issuerId2,fp(pk(skI2_1)),ssetH,algH,verH)),cvB,a)),skI2_1) at {79} in copy a_1

in(c, (a_2,a_3,a_4)) at {109} in copy a_5

event IssuerPossession(pk(skW2_1)) at {110} in copy a_5

out(c, ~M_28) with ~M_28 = sign((POSS,authTuple(idW2,fp(pk(skW2_1)),ssetH,algH,verH)),skW2_1) at {112} in copy a_5

event IssuerSigned(pk(skW2_1),framed(OT_WRAPPER,algH,idW2,fp(pk(skW2_1)),h(authTuple(idW2,fp(pk(skW2_1)),ssetH,algH,verH)),cvA,wrap(a_2,(a_3,a_4)))) at {114} in copy a_5

out(c, ~M_29) with ~M_29 = sign((BYTES,framed(OT_WRAPPER,algH,idW2,fp(pk(skW2_1)),h(authTuple(idW2,fp(pk(skW2_1)),ssetH,algH,verH)),cvA,wrap(a_2,(a_3,a_4)))),skW2_1) at {116} in copy a_5

in(c, (a_6,framed(OT_ATTEST,algH,issuerId2,fp(~M_2),h(authTuple(issuerId2,fp(~M_2),ssetH,algH,verH)),cvB,a),sign((BYTES,framed(OT_ATTEST,algH,issuerId2,fp(~M_2),h(authTuple(issuerId2,fp(~M_2),ssetH,algH,verH)),cvB,a)),a_7))) with fp(~M_2) = fp(pk(skI2_1)), h(authTuple(issuerId2,fp(~M_2),ssetH,algH,verH)) = h(authTuple(issuerId2,fp(pk(skI2_1)),ssetH,algH,verH)), sign((BYTES,framed(OT_ATTEST,algH,issuerId2,fp(~M_2),h(authTuple(issuerId2,fp(~M_2),ssetH,algH,verH)),cvB,a)),a_7) = sign((BYTES,framed(OT_ATTEST,algH,issuerId2,fp(pk(skI2_1)),h(authTuple(issuerId2,fp(pk(skI2_1)),ssetH,algH,verH)),cvB,a)),a_7) at {109} in copy a_8

event IssuerPossession(pk(skW2_1)) at {110} in copy a_8

out(c, ~M_30) with ~M_30 = sign((POSS,authTuple(idW2,fp(pk(skW2_1)),ssetH,algH,verH)),skW2_1) at {112} in copy a_8

event IssuerSigned(pk(skW2_1),framed(OT_WRAPPER,algH,idW2,fp(pk(skW2_1)),h(authTuple(idW2,fp(pk(skW2_1)),ssetH,algH,verH)),cvA,wrap(a_6,(framed(OT_ATTEST,algH,issuerId2,fp(pk(skI2_1)),h(authTuple(issuerId2,fp(pk(skI2_1)),ssetH,algH,verH)),cvB,a),sign((BYTES,framed(OT_ATTEST,algH,issuerId2,fp(pk(skI2_1)),h(authTuple(issuerId2,fp(pk(skI2_1)),ssetH,algH,verH)),cvB,a)),a_7))))) at {114} in copy a_8

out(c, ~M_31) with ~M_31 = sign((BYTES,framed(OT_WRAPPER,algH,idW2,fp(pk(skW2_1)),h(authTuple(idW2,fp(pk(skW2_1)),ssetH,algH,verH)),cvA,wrap(a_6,(framed(OT_ATTEST,algH,issuerId2,fp(pk(skI2_1)),h(authTuple(issuerId2,fp(pk(skI2_1)),ssetH,algH,verH)),cvB,a),sign((BYTES,framed(OT_ATTEST,algH,issuerId2,fp(pk(skI2_1)),h(authTuple(issuerId2,fp(pk(skI2_1)),ssetH,algH,verH)),cvB,a)),a_7))))),skW2_1) at {116} in copy a_8

in(c, (authTuple(idW2,fp(~M_4),ssetH,algH,verH),sign((STMT_DIGEST,h(authTuple(idW2,fp(~M_4),ssetH,algH,verH))),~M_25),~M_4,~M_28,~M_31,framed(OT_WRAPPER,algH,idW2,fp(~M_4),h(authTuple(idW2,fp(~M_4),ssetH,algH,verH)),cvA,wrap(a_6,(framed(OT_ATTEST,algH,issuerId2,fp(~M_2),h(authTuple(issuerId2,fp(~M_2),ssetH,algH,verH)),cvB,a),sign((BYTES,framed(OT_ATTEST,algH,issuerId2,fp(~M_2),h(authTuple(issuerId2,fp(~M_2),ssetH,algH,verH)),cvB,a)),a_7)))),authTuple(a_9,a_10,a_11,algH,a_12),sign((STMT_DIGEST,h(authTuple(a_9,a_10,a_11,algH,a_12))),~M_25),pk(a_7),sign((POSS,authTuple(a_9,a_10,a_11,algH,a_12)),a_7))) with fp(~M_4) = fp(pk(skW2_1)), sign((STMT_DIGEST,h(authTuple(idW2,fp(~M_4),ssetH,algH,verH))),~M_25) = sign((STMT_DIGEST,h(authTuple(idW2,fp(pk(skW2_1)),ssetH,algH,verH))),skS_5), ~M_4 = pk(skW2_1), ~M_28 = sign((POSS,authTuple(idW2,fp(pk(skW2_1)),ssetH,algH,verH)),skW2_1), ~M_31 = sign((BYTES,framed(OT_WRAPPER,algH,idW2,fp(pk(skW2_1)),h(authTuple(idW2,fp(pk(skW2_1)),ssetH,algH,verH)),cvA,wrap(a_6,(framed(OT_ATTEST,algH,issuerId2,fp(pk(skI2_1)),h(authTuple(issuerId2,fp(pk(skI2_1)),ssetH,algH,verH)),cvB,a),sign((BYTES,framed(OT_ATTEST,algH,issuerId2,fp(pk(skI2_1)),h(authTuple(issuerId2,fp(pk(skI2_1)),ssetH,algH,verH)),cvB,a)),a_7))))),skW2_1), fp(~M_4) = fp(pk(skW2_1)), h(authTuple(idW2,fp(~M_4),ssetH,algH,verH)) = h(authTuple(idW2,fp(pk(skW2_1)),ssetH,algH,verH)), fp(~M_2) = fp(pk(skI2_1)), h(authTuple(issuerId2,fp(~M_2),ssetH,algH,verH)) = h(authTuple(issuerId2,fp(pk(skI2_1)),ssetH,algH,verH)), sign((BYTES,framed(OT_ATTEST,algH,issuerId2,fp(~M_2),h(authTuple(issuerId2,fp(~M_2),ssetH,algH,verH)),cvB,a)),a_7) = sign((BYTES,framed(OT_ATTEST,algH,issuerId2,fp(pk(skI2_1)),h(authTuple(issuerId2,fp(pk(skI2_1)),ssetH,algH,verH)),cvB,a)),a_7), sign((STMT_DIGEST,h(authTuple(a_9,a_10,a_11,algH,a_12))),~M_25) = sign((STMT_DIGEST,h(authTuple(a_9,a_10,a_11,algH,a_12))),skS_5) at {133} in copy a_13

event AcceptOuter(pk(skW2_1),idW2,framed(OT_WRAPPER,algH,idW2,fp(pk(skW2_1)),h(authTuple(idW2,fp(pk(skW2_1)),ssetH,algH,verH)),cvA,wrap(a_6,(framed(OT_ATTEST,algH,issuerId2,fp(pk(skI2_1)),h(authTuple(issuerId2,fp(pk(skI2_1)),ssetH,algH,verH)),cvB,a),sign((BYTES,framed(OT_ATTEST,algH,issuerId2,fp(pk(skI2_1)),h(authTuple(issuerId2,fp(pk(skI2_1)),ssetH,algH,verH)),cvB,a)),a_7))))) at {141} in copy a_13

event AcceptInner(wctx(pk(skW2_1),idW2,framed(OT_WRAPPER,algH,idW2,fp(pk(skW2_1)),h(authTuple(idW2,fp(pk(skW2_1)),ssetH,algH,verH)),cvA,wrap(a_6,(framed(OT_ATTEST,algH,issuerId2,fp(pk(skI2_1)),h(authTuple(issuerId2,fp(pk(skI2_1)),ssetH,algH,verH)),cvB,a),sign((BYTES,framed(OT_ATTEST,algH,issuerId2,fp(pk(skI2_1)),h(authTuple(issuerId2,fp(pk(skI2_1)),ssetH,algH,verH)),cvB,a)),a_7))))),pk(a_7),a_9,framed(OT_ATTEST,algH,issuerId2,fp(pk(skI2_1)),h(authTuple(issuerId2,fp(pk(skI2_1)),ssetH,algH,verH)),cvB,a)) at {149} in copy a_13

out(honestInnerCh, (pk(skI2_1),issuerId2,framed(OT_ATTEST,algH,issuerId2,fp(pk(skI2_1)),h(authTuple(issuerId2,fp(pk(skI2_1)),ssetH,algH,verH)),cvB,a))) at {77} in copy a_1 received at {167} in copy a_14

out(scopeCh, (wctx(pk(skW2_1),idW2,framed(OT_WRAPPER,algH,idW2,fp(pk(skW2_1)),h(authTuple(idW2,fp(pk(skW2_1)),ssetH,algH,verH)),cvA,wrap(a_6,(framed(OT_ATTEST,algH,issuerId2,fp(pk(skI2_1)),h(authTuple(issuerId2,fp(pk(skI2_1)),ssetH,algH,verH)),cvB,a),sign((BYTES,framed(OT_ATTEST,algH,issuerId2,fp(pk(skI2_1)),h(authTuple(issuerId2,fp(pk(skI2_1)),ssetH,algH,verH)),cvB,a)),a_7))))),pk(a_7),a_9,framed(OT_ATTEST,algH,issuerId2,fp(pk(skI2_1)),h(authTuple(issuerId2,fp(pk(skI2_1)),ssetH,algH,verH)),cvB,a))) at {152} in copy a_13 received at {168} in copy a_14

event Rescoped(pk(a_7),a_9,pk(skI2_1),issuerId2,framed(OT_ATTEST,algH,issuerId2,fp(pk(skI2_1)),h(authTuple(issuerId2,fp(pk(skI2_1)),ssetH,algH,verH)),cvB,a)) at {171} in copy a_14 (goal)

The event Rescoped(pk(a_7),a_9,pk(skI2_1),issuerId2,framed(OT_ATTEST,algH,issuerId2,fp(pk(skI2_1)),h(authTuple(issuerId2,fp(pk(skI2_1)),ssetH,algH,verH)),cvB,a)) is executed at {171} in copy a_14.
A trace has been found.
RESULT not event(Rescoped(kX_1,idX_1,kH_3,idH_1,fb)) is false.
-- Query not event(InnerSigTransplanted(kX_1,s)) in process 1.
Translating the process into Horn clauses...
Completing...
200 rules inserted. Base: 173 rules (77 with conclusion selected). Queue: 66 rules.
400 rules inserted. Base: 246 rules (77 with conclusion selected). Queue: 131 rules.
600 rules inserted. Base: 275 rules (77 with conclusion selected). Queue: 146 rules.
800 rules inserted. Base: 345 rules (81 with conclusion selected). Queue: 235 rules.
1000 rules inserted. Base: 422 rules (86 with conclusion selected). Queue: 282 rules.
1200 rules inserted. Base: 491 rules (92 with conclusion selected). Queue: 419 rules.
1400 rules inserted. Base: 484 rules (92 with conclusion selected). Queue: 419 rules.
1600 rules inserted. Base: 491 rules (92 with conclusion selected). Queue: 398 rules.
1800 rules inserted. Base: 474 rules (92 with conclusion selected). Queue: 400 rules.
2000 rules inserted. Base: 486 rules (94 with conclusion selected). Queue: 397 rules.
2200 rules inserted. Base: 514 rules (94 with conclusion selected). Queue: 369 rules.
2400 rules inserted. Base: 608 rules (94 with conclusion selected). Queue: 364 rules.
2600 rules inserted. Base: 612 rules (94 with conclusion selected). Queue: 383 rules.
2800 rules inserted. Base: 644 rules (96 with conclusion selected). Queue: 338 rules.
3000 rules inserted. Base: 735 rules (109 with conclusion selected). Queue: 255 rules.
3200 rules inserted. Base: 746 rules (121 with conclusion selected). Queue: 187 rules.
3400 rules inserted. Base: 807 rules (145 with conclusion selected). Queue: 73 rules.
Starting query not event(InnerSigTransplanted(kX_1,s))
goal reachable: attacker(r) && attacker(plI_2) -> event(InnerSigTransplanted(pk(dsks(sign((BYTES,framed(OT_ATTEST,algH[],issuerId2[],fp(pk(skI2[])),h(authTuple(issuerId2[],fp(pk(skI2[])),ssetH[],algH[],verH[])),cvB[],plI_2)),skI2[]),r)),sign((BYTES,framed(OT_ATTEST,algH[],issuerId2[],fp(pk(skI2[])),h(authTuple(issuerId2[],fp(pk(skI2[])),ssetH[],algH[],verH[])),cvB[],plI_2)),skI2[])))

Derivation:

1. We assume as hypothesis that
attacker(plI_2).

2. The message plI_2 that the attacker may have by 1 may be received at input {68}.
So the message (pk(skI2[]),sign((BYTES,framed(OT_ATTEST,algH[],issuerId2[],fp(pk(skI2[])),h(authTuple(issuerId2[],fp(pk(skI2[])),ssetH[],algH[],verH[])),cvB[],plI_2)),skI2[])) may be sent on channel honestSigCh[] at output {78}.
mess(honestSigCh[],(pk(skI2[]),sign((BYTES,framed(OT_ATTEST,algH[],issuerId2[],fp(pk(skI2[])),h(authTuple(issuerId2[],fp(pk(skI2[])),ssetH[],algH[],verH[])),cvB[],plI_2)),skI2[]))).

3. We assume as hypothesis that
attacker(r).

4. The message plI_2 that the attacker may have by 1 may be received at input {68}.
So the message sign((BYTES,framed(OT_ATTEST,algH[],issuerId2[],fp(pk(skI2[])),h(authTuple(issuerId2[],fp(pk(skI2[])),ssetH[],algH[],verH[])),cvB[],plI_2)),skI2[]) may be sent to the attacker at output {79}.
attacker(sign((BYTES,framed(OT_ATTEST,algH[],issuerId2[],fp(pk(skI2[])),h(authTuple(issuerId2[],fp(pk(skI2[])),ssetH[],algH[],verH[])),cvB[],plI_2)),skI2[])).

5. By 4, the attacker may know sign((BYTES,framed(OT_ATTEST,algH[],issuerId2[],fp(pk(skI2[])),h(authTuple(issuerId2[],fp(pk(skI2[])),ssetH[],algH[],verH[])),cvB[],plI_2)),skI2[]).
By 3, the attacker may know r.
Using the function dsks the attacker may obtain dsks(sign((BYTES,framed(OT_ATTEST,algH[],issuerId2[],fp(pk(skI2[])),h(authTuple(issuerId2[],fp(pk(skI2[])),ssetH[],algH[],verH[])),cvB[],plI_2)),skI2[]),r).
attacker(dsks(sign((BYTES,framed(OT_ATTEST,algH[],issuerId2[],fp(pk(skI2[])),h(authTuple(issuerId2[],fp(pk(skI2[])),ssetH[],algH[],verH[])),cvB[],plI_2)),skI2[]),r)).

6. The attacker has some term verI_2.
attacker(verI_2).

7. The attacker initially knows algH[].
attacker(algH[]).

8. The attacker has some term ssI_2.
attacker(ssI_2).

9. The attacker has some term kfprI_2.
attacker(kfprI_2).

10. The attacker has some term idI_4.
attacker(idI_4).

11. By 10, the attacker may know idI_4.
By 9, the attacker may know kfprI_2.
By 8, the attacker may know ssI_2.
By 7, the attacker may know algH[].
By 6, the attacker may know verI_2.
Using the function authTuple the attacker may obtain authTuple(idI_4,kfprI_2,ssI_2,algH[],verI_2).
attacker(authTuple(idI_4,kfprI_2,ssI_2,algH[],verI_2)).

12. Using the function POSS the attacker may obtain POSS.
attacker(POSS).

13. By 12, the attacker may know POSS.
By 11, the attacker may know authTuple(idI_4,kfprI_2,ssI_2,algH[],verI_2).
Using the function 2-tuple the attacker may obtain (POSS,authTuple(idI_4,kfprI_2,ssI_2,algH[],verI_2)).
attacker((POSS,authTuple(idI_4,kfprI_2,ssI_2,algH[],verI_2))).

14. By 13, the attacker may know (POSS,authTuple(idI_4,kfprI_2,ssI_2,algH[],verI_2)).
By 5, the attacker may know dsks(sign((BYTES,framed(OT_ATTEST,algH[],issuerId2[],fp(pk(skI2[])),h(authTuple(issuerId2[],fp(pk(skI2[])),ssetH[],algH[],verH[])),cvB[],plI_2)),skI2[]),r).
Using the function sign the attacker may obtain sign((POSS,authTuple(idI_4,kfprI_2,ssI_2,algH[],verI_2)),dsks(sign((BYTES,framed(OT_ATTEST,algH[],issuerId2[],fp(pk(skI2[])),h(authTuple(issuerId2[],fp(pk(skI2[])),ssetH[],algH[],verH[])),cvB[],plI_2)),skI2[]),r)).
attacker(sign((POSS,authTuple(idI_4,kfprI_2,ssI_2,algH[],verI_2)),dsks(sign((BYTES,framed(OT_ATTEST,algH[],issuerId2[],fp(pk(skI2[])),h(authTuple(issuerId2[],fp(pk(skI2[])),ssetH[],algH[],verH[])),cvB[],plI_2)),skI2[]),r))).

15. By 5, the attacker may know dsks(sign((BYTES,framed(OT_ATTEST,algH[],issuerId2[],fp(pk(skI2[])),h(authTuple(issuerId2[],fp(pk(skI2[])),ssetH[],algH[],verH[])),cvB[],plI_2)),skI2[]),r).
Using the function pk the attacker may obtain pk(dsks(sign((BYTES,framed(OT_ATTEST,algH[],issuerId2[],fp(pk(skI2[])),h(authTuple(issuerId2[],fp(pk(skI2[])),ssetH[],algH[],verH[])),cvB[],plI_2)),skI2[]),r)).
attacker(pk(dsks(sign((BYTES,framed(OT_ATTEST,algH[],issuerId2[],fp(pk(skI2[])),h(authTuple(issuerId2[],fp(pk(skI2[])),ssetH[],algH[],verH[])),cvB[],plI_2)),skI2[]),r))).

16. The message skS[] may be sent to the attacker at output {19}.
attacker(skS[]).

17. By 11, the attacker may know authTuple(idI_4,kfprI_2,ssI_2,algH[],verI_2).
Using the function h the attacker may obtain h(authTuple(idI_4,kfprI_2,ssI_2,algH[],verI_2)).
attacker(h(authTuple(idI_4,kfprI_2,ssI_2,algH[],verI_2))).

18. Using the function STMT_DIGEST the attacker may obtain STMT_DIGEST.
attacker(STMT_DIGEST).

19. By 18, the attacker may know STMT_DIGEST.
By 17, the attacker may know h(authTuple(idI_4,kfprI_2,ssI_2,algH[],verI_2)).
Using the function 2-tuple the attacker may obtain (STMT_DIGEST,h(authTuple(idI_4,kfprI_2,ssI_2,algH[],verI_2))).
attacker((STMT_DIGEST,h(authTuple(idI_4,kfprI_2,ssI_2,algH[],verI_2)))).

20. By 19, the attacker may know (STMT_DIGEST,h(authTuple(idI_4,kfprI_2,ssI_2,algH[],verI_2))).
By 16, the attacker may know skS[].
Using the function sign the attacker may obtain sign((STMT_DIGEST,h(authTuple(idI_4,kfprI_2,ssI_2,algH[],verI_2))),skS[]).
attacker(sign((STMT_DIGEST,h(authTuple(idI_4,kfprI_2,ssI_2,algH[],verI_2))),skS[])).

21. The attacker initially knows cvB[].
attacker(cvB[]).

22. The attacker initially knows verH[].
attacker(verH[]).

23. The attacker initially knows ssetH[].
attacker(ssetH[]).

24. The message pk(skI2[]) may be sent to the attacker at output {12}.
attacker(pk(skI2[])).

25. By 24, the attacker may know pk(skI2[]).
Using the function fp the attacker may obtain fp(pk(skI2[])).
attacker(fp(pk(skI2[]))).

26. The attacker initially knows issuerId2[].
attacker(issuerId2[]).

27. By 26, the attacker may know issuerId2[].
By 25, the attacker may know fp(pk(skI2[])).
By 23, the attacker may know ssetH[].
By 7, the attacker may know algH[].
By 22, the attacker may know verH[].
Using the function authTuple the attacker may obtain authTuple(issuerId2[],fp(pk(skI2[])),ssetH[],algH[],verH[]).
attacker(authTuple(issuerId2[],fp(pk(skI2[])),ssetH[],algH[],verH[])).

28. By 27, the attacker may know authTuple(issuerId2[],fp(pk(skI2[])),ssetH[],algH[],verH[]).
Using the function h the attacker may obtain h(authTuple(issuerId2[],fp(pk(skI2[])),ssetH[],algH[],verH[])).
attacker(h(authTuple(issuerId2[],fp(pk(skI2[])),ssetH[],algH[],verH[]))).

29. Using the function OT_ATTEST the attacker may obtain OT_ATTEST.
attacker(OT_ATTEST).

30. By 29, the attacker may know OT_ATTEST.
By 7, the attacker may know algH[].
By 26, the attacker may know issuerId2[].
By 25, the attacker may know fp(pk(skI2[])).
By 28, the attacker may know h(authTuple(issuerId2[],fp(pk(skI2[])),ssetH[],algH[],verH[])).
By 21, the attacker may know cvB[].
By 1, the attacker may know plI_2.
Using the function framed the attacker may obtain framed(OT_ATTEST,algH[],issuerId2[],fp(pk(skI2[])),h(authTuple(issuerId2[],fp(pk(skI2[])),ssetH[],algH[],verH[])),cvB[],plI_2).
attacker(framed(OT_ATTEST,algH[],issuerId2[],fp(pk(skI2[])),h(authTuple(issuerId2[],fp(pk(skI2[])),ssetH[],algH[],verH[])),cvB[],plI_2)).

31. By 30, the attacker may know framed(OT_ATTEST,algH[],issuerId2[],fp(pk(skI2[])),h(authTuple(issuerId2[],fp(pk(skI2[])),ssetH[],algH[],verH[])),cvB[],plI_2).
By 4, the attacker may know sign((BYTES,framed(OT_ATTEST,algH[],issuerId2[],fp(pk(skI2[])),h(authTuple(issuerId2[],fp(pk(skI2[])),ssetH[],algH[],verH[])),cvB[],plI_2)),skI2[]).
Using the function 2-tuple the attacker may obtain (framed(OT_ATTEST,algH[],issuerId2[],fp(pk(skI2[])),h(authTuple(issuerId2[],fp(pk(skI2[])),ssetH[],algH[],verH[])),cvB[],plI_2),sign((BYTES,framed(OT_ATTEST,algH[],issuerId2[],fp(pk(skI2[])),h(authTuple(issuerId2[],fp(pk(skI2[])),ssetH[],algH[],verH[])),cvB[],plI_2)),skI2[])).
attacker((framed(OT_ATTEST,algH[],issuerId2[],fp(pk(skI2[])),h(authTuple(issuerId2[],fp(pk(skI2[])),ssetH[],algH[],verH[])),cvB[],plI_2),sign((BYTES,framed(OT_ATTEST,algH[],issuerId2[],fp(pk(skI2[])),h(authTuple(issuerId2[],fp(pk(skI2[])),ssetH[],algH[],verH[])),cvB[],plI_2)),skI2[]))).

32. The attacker has some term cvIw_4.
attacker(cvIw_4).

33. By 32, the attacker may know cvIw_4.
By 31, the attacker may know (framed(OT_ATTEST,algH[],issuerId2[],fp(pk(skI2[])),h(authTuple(issuerId2[],fp(pk(skI2[])),ssetH[],algH[],verH[])),cvB[],plI_2),sign((BYTES,framed(OT_ATTEST,algH[],issuerId2[],fp(pk(skI2[])),h(authTuple(issuerId2[],fp(pk(skI2[])),ssetH[],algH[],verH[])),cvB[],plI_2)),skI2[])).
Using the function wrap the attacker may obtain wrap(cvIw_4,(framed(OT_ATTEST,algH[],issuerId2[],fp(pk(skI2[])),h(authTuple(issuerId2[],fp(pk(skI2[])),ssetH[],algH[],verH[])),cvB[],plI_2),sign((BYTES,framed(OT_ATTEST,algH[],issuerId2[],fp(pk(skI2[])),h(authTuple(issuerId2[],fp(pk(skI2[])),ssetH[],algH[],verH[])),cvB[],plI_2)),skI2[]))).
attacker(wrap(cvIw_4,(framed(OT_ATTEST,algH[],issuerId2[],fp(pk(skI2[])),h(authTuple(issuerId2[],fp(pk(skI2[])),ssetH[],algH[],verH[])),cvB[],plI_2),sign((BYTES,framed(OT_ATTEST,algH[],issuerId2[],fp(pk(skI2[])),h(authTuple(issuerId2[],fp(pk(skI2[])),ssetH[],algH[],verH[])),cvB[],plI_2)),skI2[])))).

34. The attacker initially knows cvA[].
attacker(cvA[]).

35. The message pk(skW2[]) may be sent to the attacker at output {14}.
attacker(pk(skW2[])).

36. By 35, the attacker may know pk(skW2[]).
Using the function fp the attacker may obtain fp(pk(skW2[])).
attacker(fp(pk(skW2[]))).

37. The attacker initially knows idW2[].
attacker(idW2[]).

38. By 37, the attacker may know idW2[].
By 36, the attacker may know fp(pk(skW2[])).
By 23, the attacker may know ssetH[].
By 7, the attacker may know algH[].
By 22, the attacker may know verH[].
Using the function authTuple the attacker may obtain authTuple(idW2[],fp(pk(skW2[])),ssetH[],algH[],verH[]).
attacker(authTuple(idW2[],fp(pk(skW2[])),ssetH[],algH[],verH[])).

39. By 38, the attacker may know authTuple(idW2[],fp(pk(skW2[])),ssetH[],algH[],verH[]).
Using the function h the attacker may obtain h(authTuple(idW2[],fp(pk(skW2[])),ssetH[],algH[],verH[])).
attacker(h(authTuple(idW2[],fp(pk(skW2[])),ssetH[],algH[],verH[]))).

40. Using the function OT_WRAPPER the attacker may obtain OT_WRAPPER.
attacker(OT_WRAPPER).

41. By 40, the attacker may know OT_WRAPPER.
By 7, the attacker may know algH[].
By 37, the attacker may know idW2[].
By 36, the attacker may know fp(pk(skW2[])).
By 39, the attacker may know h(authTuple(idW2[],fp(pk(skW2[])),ssetH[],algH[],verH[])).
By 34, the attacker may know cvA[].
By 33, the attacker may know wrap(cvIw_4,(framed(OT_ATTEST,algH[],issuerId2[],fp(pk(skI2[])),h(authTuple(issuerId2[],fp(pk(skI2[])),ssetH[],algH[],verH[])),cvB[],plI_2),sign((BYTES,framed(OT_ATTEST,algH[],issuerId2[],fp(pk(skI2[])),h(authTuple(issuerId2[],fp(pk(skI2[])),ssetH[],algH[],verH[])),cvB[],plI_2)),skI2[]))).
Using the function framed the attacker may obtain framed(OT_WRAPPER,algH[],idW2[],fp(pk(skW2[])),h(authTuple(idW2[],fp(pk(skW2[])),ssetH[],algH[],verH[])),cvA[],wrap(cvIw_4,(framed(OT_ATTEST,algH[],issuerId2[],fp(pk(skI2[])),h(authTuple(issuerId2[],fp(pk(skI2[])),ssetH[],algH[],verH[])),cvB[],plI_2),sign((BYTES,framed(OT_ATTEST,algH[],issuerId2[],fp(pk(skI2[])),h(authTuple(issuerId2[],fp(pk(skI2[])),ssetH[],algH[],verH[])),cvB[],plI_2)),skI2[])))).
attacker(framed(OT_WRAPPER,algH[],idW2[],fp(pk(skW2[])),h(authTuple(idW2[],fp(pk(skW2[])),ssetH[],algH[],verH[])),cvA[],wrap(cvIw_4,(framed(OT_ATTEST,algH[],issuerId2[],fp(pk(skI2[])),h(authTuple(issuerId2[],fp(pk(skI2[])),ssetH[],algH[],verH[])),cvB[],plI_2),sign((BYTES,framed(OT_ATTEST,algH[],issuerId2[],fp(pk(skI2[])),h(authTuple(issuerId2[],fp(pk(skI2[])),ssetH[],algH[],verH[])),cvB[],plI_2)),skI2[]))))).

42. By 32, the attacker may know cvIw_4.
By 30, the attacker may know framed(OT_ATTEST,algH[],issuerId2[],fp(pk(skI2[])),h(authTuple(issuerId2[],fp(pk(skI2[])),ssetH[],algH[],verH[])),cvB[],plI_2).
By 4, the attacker may know sign((BYTES,framed(OT_ATTEST,algH[],issuerId2[],fp(pk(skI2[])),h(authTuple(issuerId2[],fp(pk(skI2[])),ssetH[],algH[],verH[])),cvB[],plI_2)),skI2[]).
Using the function 3-tuple the attacker may obtain (cvIw_4,framed(OT_ATTEST,algH[],issuerId2[],fp(pk(skI2[])),h(authTuple(issuerId2[],fp(pk(skI2[])),ssetH[],algH[],verH[])),cvB[],plI_2),sign((BYTES,framed(OT_ATTEST,algH[],issuerId2[],fp(pk(skI2[])),h(authTuple(issuerId2[],fp(pk(skI2[])),ssetH[],algH[],verH[])),cvB[],plI_2)),skI2[])).
attacker((cvIw_4,framed(OT_ATTEST,algH[],issuerId2[],fp(pk(skI2[])),h(authTuple(issuerId2[],fp(pk(skI2[])),ssetH[],algH[],verH[])),cvB[],plI_2),sign((BYTES,framed(OT_ATTEST,algH[],issuerId2[],fp(pk(skI2[])),h(authTuple(issuerId2[],fp(pk(skI2[])),ssetH[],algH[],verH[])),cvB[],plI_2)),skI2[]))).

43. The message (cvIw_4,framed(OT_ATTEST,algH[],issuerId2[],fp(pk(skI2[])),h(authTuple(issuerId2[],fp(pk(skI2[])),ssetH[],algH[],verH[])),cvB[],plI_2),sign((BYTES,framed(OT_ATTEST,algH[],issuerId2[],fp(pk(skI2[])),h(authTuple(issuerId2[],fp(pk(skI2[])),ssetH[],algH[],verH[])),cvB[],plI_2)),skI2[])) that the attacker may have by 42 may be received at input {109}.
So the message sign((BYTES,framed(OT_WRAPPER,algH[],idW2[],fp(pk(skW2[])),h(authTuple(idW2[],fp(pk(skW2[])),ssetH[],algH[],verH[])),cvA[],wrap(cvIw_4,(framed(OT_ATTEST,algH[],issuerId2[],fp(pk(skI2[])),h(authTuple(issuerId2[],fp(pk(skI2[])),ssetH[],algH[],verH[])),cvB[],plI_2),sign((BYTES,framed(OT_ATTEST,algH[],issuerId2[],fp(pk(skI2[])),h(authTuple(issuerId2[],fp(pk(skI2[])),ssetH[],algH[],verH[])),cvB[],plI_2)),skI2[]))))),skW2[]) may be sent to the attacker at output {116}.
attacker(sign((BYTES,framed(OT_WRAPPER,algH[],idW2[],fp(pk(skW2[])),h(authTuple(idW2[],fp(pk(skW2[])),ssetH[],algH[],verH[])),cvA[],wrap(cvIw_4,(framed(OT_ATTEST,algH[],issuerId2[],fp(pk(skI2[])),h(authTuple(issuerId2[],fp(pk(skI2[])),ssetH[],algH[],verH[])),cvB[],plI_2),sign((BYTES,framed(OT_ATTEST,algH[],issuerId2[],fp(pk(skI2[])),h(authTuple(issuerId2[],fp(pk(skI2[])),ssetH[],algH[],verH[])),cvB[],plI_2)),skI2[]))))),skW2[])).

44. The attacker has some term sgIn_3.
attacker(sgIn_3).

45. The attacker has some term fbIn_3.
attacker(fbIn_3).

46. The attacker has some term cvIw_5.
attacker(cvIw_5).

47. By 46, the attacker may know cvIw_5.
By 45, the attacker may know fbIn_3.
By 44, the attacker may know sgIn_3.
Using the function 3-tuple the attacker may obtain (cvIw_5,fbIn_3,sgIn_3).
attacker((cvIw_5,fbIn_3,sgIn_3)).

48. The message (cvIw_5,fbIn_3,sgIn_3) that the attacker may have by 47 may be received at input {109}.
So the message sign((POSS,authTuple(idW2[],fp(pk(skW2[])),ssetH[],algH[],verH[])),skW2[]) may be sent to the attacker at output {112}.
attacker(sign((POSS,authTuple(idW2[],fp(pk(skW2[])),ssetH[],algH[],verH[])),skW2[])).

49. By 18, the attacker may know STMT_DIGEST.
By 39, the attacker may know h(authTuple(idW2[],fp(pk(skW2[])),ssetH[],algH[],verH[])).
Using the function 2-tuple the attacker may obtain (STMT_DIGEST,h(authTuple(idW2[],fp(pk(skW2[])),ssetH[],algH[],verH[]))).
attacker((STMT_DIGEST,h(authTuple(idW2[],fp(pk(skW2[])),ssetH[],algH[],verH[])))).

50. By 49, the attacker may know (STMT_DIGEST,h(authTuple(idW2[],fp(pk(skW2[])),ssetH[],algH[],verH[]))).
By 16, the attacker may know skS[].
Using the function sign the attacker may obtain sign((STMT_DIGEST,h(authTuple(idW2[],fp(pk(skW2[])),ssetH[],algH[],verH[]))),skS[]).
attacker(sign((STMT_DIGEST,h(authTuple(idW2[],fp(pk(skW2[])),ssetH[],algH[],verH[]))),skS[])).

51. By 38, the attacker may know authTuple(idW2[],fp(pk(skW2[])),ssetH[],algH[],verH[]).
By 50, the attacker may know sign((STMT_DIGEST,h(authTuple(idW2[],fp(pk(skW2[])),ssetH[],algH[],verH[]))),skS[]).
By 35, the attacker may know pk(skW2[]).
By 48, the attacker may know sign((POSS,authTuple(idW2[],fp(pk(skW2[])),ssetH[],algH[],verH[])),skW2[]).
By 43, the attacker may know sign((BYTES,framed(OT_WRAPPER,algH[],idW2[],fp(pk(skW2[])),h(authTuple(idW2[],fp(pk(skW2[])),ssetH[],algH[],verH[])),cvA[],wrap(cvIw_4,(framed(OT_ATTEST,algH[],issuerId2[],fp(pk(skI2[])),h(authTuple(issuerId2[],fp(pk(skI2[])),ssetH[],algH[],verH[])),cvB[],plI_2),sign((BYTES,framed(OT_ATTEST,algH[],issuerId2[],fp(pk(skI2[])),h(authTuple(issuerId2[],fp(pk(skI2[])),ssetH[],algH[],verH[])),cvB[],plI_2)),skI2[]))))),skW2[]).
By 41, the attacker may know framed(OT_WRAPPER,algH[],idW2[],fp(pk(skW2[])),h(authTuple(idW2[],fp(pk(skW2[])),ssetH[],algH[],verH[])),cvA[],wrap(cvIw_4,(framed(OT_ATTEST,algH[],issuerId2[],fp(pk(skI2[])),h(authTuple(issuerId2[],fp(pk(skI2[])),ssetH[],algH[],verH[])),cvB[],plI_2),sign((BYTES,framed(OT_ATTEST,algH[],issuerId2[],fp(pk(skI2[])),h(authTuple(issuerId2[],fp(pk(skI2[])),ssetH[],algH[],verH[])),cvB[],plI_2)),skI2[])))).
By 11, the attacker may know authTuple(idI_4,kfprI_2,ssI_2,algH[],verI_2).
By 20, the attacker may know sign((STMT_DIGEST,h(authTuple(idI_4,kfprI_2,ssI_2,algH[],verI_2))),skS[]).
By 15, the attacker may know pk(dsks(sign((BYTES,framed(OT_ATTEST,algH[],issuerId2[],fp(pk(skI2[])),h(authTuple(issuerId2[],fp(pk(skI2[])),ssetH[],algH[],verH[])),cvB[],plI_2)),skI2[]),r)).
By 14, the attacker may know sign((POSS,authTuple(idI_4,kfprI_2,ssI_2,algH[],verI_2)),dsks(sign((BYTES,framed(OT_ATTEST,algH[],issuerId2[],fp(pk(skI2[])),h(authTuple(issuerId2[],fp(pk(skI2[])),ssetH[],algH[],verH[])),cvB[],plI_2)),skI2[]),r)).
Using the function 10-tuple the attacker may obtain (authTuple(idW2[],fp(pk(skW2[])),ssetH[],algH[],verH[]),sign((STMT_DIGEST,h(authTuple(idW2[],fp(pk(skW2[])),ssetH[],algH[],verH[]))),skS[]),pk(skW2[]),sign((POSS,authTuple(idW2[],fp(pk(skW2[])),ssetH[],algH[],verH[])),skW2[]),sign((BYTES,framed(OT_WRAPPER,algH[],idW2[],fp(pk(skW2[])),h(authTuple(idW2[],fp(pk(skW2[])),ssetH[],algH[],verH[])),cvA[],wrap(cvIw_4,(framed(OT_ATTEST,algH[],issuerId2[],fp(pk(skI2[])),h(authTuple(issuerId2[],fp(pk(skI2[])),ssetH[],algH[],verH[])),cvB[],plI_2),sign((BYTES,framed(OT_ATTEST,algH[],issuerId2[],fp(pk(skI2[])),h(authTuple(issuerId2[],fp(pk(skI2[])),ssetH[],algH[],verH[])),cvB[],plI_2)),skI2[]))))),skW2[]),framed(OT_WRAPPER,algH[],idW2[],fp(pk(skW2[])),h(authTuple(idW2[],fp(pk(skW2[])),ssetH[],algH[],verH[])),cvA[],wrap(cvIw_4,(framed(OT_ATTEST,algH[],issuerId2[],fp(pk(skI2[])),h(authTuple(issuerId2[],fp(pk(skI2[])),ssetH[],algH[],verH[])),cvB[],plI_2),sign((BYTES,framed(OT_ATTEST,algH[],issuerId2[],fp(pk(skI2[])),h(authTuple(issuerId2[],fp(pk(skI2[])),ssetH[],algH[],verH[])),cvB[],plI_2)),skI2[])))),authTuple(idI_4,kfprI_2,ssI_2,algH[],verI_2),sign((STMT_DIGEST,h(authTuple(idI_4,kfprI_2,ssI_2,algH[],verI_2))),skS[]),pk(dsks(sign((BYTES,framed(OT_ATTEST,algH[],issuerId2[],fp(pk(skI2[])),h(authTuple(issuerId2[],fp(pk(skI2[])),ssetH[],algH[],verH[])),cvB[],plI_2)),skI2[]),r)),sign((POSS,authTuple(idI_4,kfprI_2,ssI_2,algH[],verI_2)),dsks(sign((BYTES,framed(OT_ATTEST,algH[],issuerId2[],fp(pk(skI2[])),h(authTuple(issuerId2[],fp(pk(skI2[])),ssetH[],algH[],verH[])),cvB[],plI_2)),skI2[]),r))).
attacker((authTuple(idW2[],fp(pk(skW2[])),ssetH[],algH[],verH[]),sign((STMT_DIGEST,h(authTuple(idW2[],fp(pk(skW2[])),ssetH[],algH[],verH[]))),skS[]),pk(skW2[]),sign((POSS,authTuple(idW2[],fp(pk(skW2[])),ssetH[],algH[],verH[])),skW2[]),sign((BYTES,framed(OT_WRAPPER,algH[],idW2[],fp(pk(skW2[])),h(authTuple(idW2[],fp(pk(skW2[])),ssetH[],algH[],verH[])),cvA[],wrap(cvIw_4,(framed(OT_ATTEST,algH[],issuerId2[],fp(pk(skI2[])),h(authTuple(issuerId2[],fp(pk(skI2[])),ssetH[],algH[],verH[])),cvB[],plI_2),sign((BYTES,framed(OT_ATTEST,algH[],issuerId2[],fp(pk(skI2[])),h(authTuple(issuerId2[],fp(pk(skI2[])),ssetH[],algH[],verH[])),cvB[],plI_2)),skI2[]))))),skW2[]),framed(OT_WRAPPER,algH[],idW2[],fp(pk(skW2[])),h(authTuple(idW2[],fp(pk(skW2[])),ssetH[],algH[],verH[])),cvA[],wrap(cvIw_4,(framed(OT_ATTEST,algH[],issuerId2[],fp(pk(skI2[])),h(authTuple(issuerId2[],fp(pk(skI2[])),ssetH[],algH[],verH[])),cvB[],plI_2),sign((BYTES,framed(OT_ATTEST,algH[],issuerId2[],fp(pk(skI2[])),h(authTuple(issuerId2[],fp(pk(skI2[])),ssetH[],algH[],verH[])),cvB[],plI_2)),skI2[])))),authTuple(idI_4,kfprI_2,ssI_2,algH[],verI_2),sign((STMT_DIGEST,h(authTuple(idI_4,kfprI_2,ssI_2,algH[],verI_2))),skS[]),pk(dsks(sign((BYTES,framed(OT_ATTEST,algH[],issuerId2[],fp(pk(skI2[])),h(authTuple(issuerId2[],fp(pk(skI2[])),ssetH[],algH[],verH[])),cvB[],plI_2)),skI2[]),r)),sign((POSS,authTuple(idI_4,kfprI_2,ssI_2,algH[],verI_2)),dsks(sign((BYTES,framed(OT_ATTEST,algH[],issuerId2[],fp(pk(skI2[])),h(authTuple(issuerId2[],fp(pk(skI2[])),ssetH[],algH[],verH[])),cvB[],plI_2)),skI2[]),r)))).

52. The message (authTuple(idW2[],fp(pk(skW2[])),ssetH[],algH[],verH[]),sign((STMT_DIGEST,h(authTuple(idW2[],fp(pk(skW2[])),ssetH[],algH[],verH[]))),skS[]),pk(skW2[]),sign((POSS,authTuple(idW2[],fp(pk(skW2[])),ssetH[],algH[],verH[])),skW2[]),sign((BYTES,framed(OT_WRAPPER,algH[],idW2[],fp(pk(skW2[])),h(authTuple(idW2[],fp(pk(skW2[])),ssetH[],algH[],verH[])),cvA[],wrap(cvIw_4,(framed(OT_ATTEST,algH[],issuerId2[],fp(pk(skI2[])),h(authTuple(issuerId2[],fp(pk(skI2[])),ssetH[],algH[],verH[])),cvB[],plI_2),sign((BYTES,framed(OT_ATTEST,algH[],issuerId2[],fp(pk(skI2[])),h(authTuple(issuerId2[],fp(pk(skI2[])),ssetH[],algH[],verH[])),cvB[],plI_2)),skI2[]))))),skW2[]),framed(OT_WRAPPER,algH[],idW2[],fp(pk(skW2[])),h(authTuple(idW2[],fp(pk(skW2[])),ssetH[],algH[],verH[])),cvA[],wrap(cvIw_4,(framed(OT_ATTEST,algH[],issuerId2[],fp(pk(skI2[])),h(authTuple(issuerId2[],fp(pk(skI2[])),ssetH[],algH[],verH[])),cvB[],plI_2),sign((BYTES,framed(OT_ATTEST,algH[],issuerId2[],fp(pk(skI2[])),h(authTuple(issuerId2[],fp(pk(skI2[])),ssetH[],algH[],verH[])),cvB[],plI_2)),skI2[])))),authTuple(idI_4,kfprI_2,ssI_2,algH[],verI_2),sign((STMT_DIGEST,h(authTuple(idI_4,kfprI_2,ssI_2,algH[],verI_2))),skS[]),pk(dsks(sign((BYTES,framed(OT_ATTEST,algH[],issuerId2[],fp(pk(skI2[])),h(authTuple(issuerId2[],fp(pk(skI2[])),ssetH[],algH[],verH[])),cvB[],plI_2)),skI2[]),r)),sign((POSS,authTuple(idI_4,kfprI_2,ssI_2,algH[],verI_2)),dsks(sign((BYTES,framed(OT_ATTEST,algH[],issuerId2[],fp(pk(skI2[])),h(authTuple(issuerId2[],fp(pk(skI2[])),ssetH[],algH[],verH[])),cvB[],plI_2)),skI2[]),r))) that the attacker may have by 51 may be received at input {133}.
So the message (wctx(pk(skW2[]),idW2[],framed(OT_WRAPPER,algH[],idW2[],fp(pk(skW2[])),h(authTuple(idW2[],fp(pk(skW2[])),ssetH[],algH[],verH[])),cvA[],wrap(cvIw_4,(framed(OT_ATTEST,algH[],issuerId2[],fp(pk(skI2[])),h(authTuple(issuerId2[],fp(pk(skI2[])),ssetH[],algH[],verH[])),cvB[],plI_2),sign((BYTES,framed(OT_ATTEST,algH[],issuerId2[],fp(pk(skI2[])),h(authTuple(issuerId2[],fp(pk(skI2[])),ssetH[],algH[],verH[])),cvB[],plI_2)),skI2[]))))),pk(dsks(sign((BYTES,framed(OT_ATTEST,algH[],issuerId2[],fp(pk(skI2[])),h(authTuple(issuerId2[],fp(pk(skI2[])),ssetH[],algH[],verH[])),cvB[],plI_2)),skI2[]),r)),sign((BYTES,framed(OT_ATTEST,algH[],issuerId2[],fp(pk(skI2[])),h(authTuple(issuerId2[],fp(pk(skI2[])),ssetH[],algH[],verH[])),cvB[],plI_2)),skI2[])) may be sent on channel sigCh[] at output {153}.
mess(sigCh[],(wctx(pk(skW2[]),idW2[],framed(OT_WRAPPER,algH[],idW2[],fp(pk(skW2[])),h(authTuple(idW2[],fp(pk(skW2[])),ssetH[],algH[],verH[])),cvA[],wrap(cvIw_4,(framed(OT_ATTEST,algH[],issuerId2[],fp(pk(skI2[])),h(authTuple(issuerId2[],fp(pk(skI2[])),ssetH[],algH[],verH[])),cvB[],plI_2),sign((BYTES,framed(OT_ATTEST,algH[],issuerId2[],fp(pk(skI2[])),h(authTuple(issuerId2[],fp(pk(skI2[])),ssetH[],algH[],verH[])),cvB[],plI_2)),skI2[]))))),pk(dsks(sign((BYTES,framed(OT_ATTEST,algH[],issuerId2[],fp(pk(skI2[])),h(authTuple(issuerId2[],fp(pk(skI2[])),ssetH[],algH[],verH[])),cvB[],plI_2)),skI2[]),r)),sign((BYTES,framed(OT_ATTEST,algH[],issuerId2[],fp(pk(skI2[])),h(authTuple(issuerId2[],fp(pk(skI2[])),ssetH[],algH[],verH[])),cvB[],plI_2)),skI2[]))).

53. The message (pk(skI2[]),sign((BYTES,framed(OT_ATTEST,algH[],issuerId2[],fp(pk(skI2[])),h(authTuple(issuerId2[],fp(pk(skI2[])),ssetH[],algH[],verH[])),cvB[],plI_2)),skI2[])) that may be sent on channel honestSigCh[] by 2 may be received at input {173}.
The message (wctx(pk(skW2[]),idW2[],framed(OT_WRAPPER,algH[],idW2[],fp(pk(skW2[])),h(authTuple(idW2[],fp(pk(skW2[])),ssetH[],algH[],verH[])),cvA[],wrap(cvIw_4,(framed(OT_ATTEST,algH[],issuerId2[],fp(pk(skI2[])),h(authTuple(issuerId2[],fp(pk(skI2[])),ssetH[],algH[],verH[])),cvB[],plI_2),sign((BYTES,framed(OT_ATTEST,algH[],issuerId2[],fp(pk(skI2[])),h(authTuple(issuerId2[],fp(pk(skI2[])),ssetH[],algH[],verH[])),cvB[],plI_2)),skI2[]))))),pk(dsks(sign((BYTES,framed(OT_ATTEST,algH[],issuerId2[],fp(pk(skI2[])),h(authTuple(issuerId2[],fp(pk(skI2[])),ssetH[],algH[],verH[])),cvB[],plI_2)),skI2[]),r)),sign((BYTES,framed(OT_ATTEST,algH[],issuerId2[],fp(pk(skI2[])),h(authTuple(issuerId2[],fp(pk(skI2[])),ssetH[],algH[],verH[])),cvB[],plI_2)),skI2[])) that may be sent on channel sigCh[] by 52 may be received at input {174}.
We have pk(dsks(sign((BYTES,framed(OT_ATTEST,algH[],issuerId2[],fp(pk(skI2[])),h(authTuple(issuerId2[],fp(pk(skI2[])),ssetH[],algH[],verH[])),cvB[],plI_2)),skI2[]),r)) ≠ pk(skI2[]).
So event InnerSigTransplanted(pk(dsks(sign((BYTES,framed(OT_ATTEST,algH[],issuerId2[],fp(pk(skI2[])),h(authTuple(issuerId2[],fp(pk(skI2[])),ssetH[],algH[],verH[])),cvB[],plI_2)),skI2[]),r)),sign((BYTES,framed(OT_ATTEST,algH[],issuerId2[],fp(pk(skI2[])),h(authTuple(issuerId2[],fp(pk(skI2[])),ssetH[],algH[],verH[])),cvB[],plI_2)),skI2[])) may be executed at {176}.
event(InnerSigTransplanted(pk(dsks(sign((BYTES,framed(OT_ATTEST,algH[],issuerId2[],fp(pk(skI2[])),h(authTuple(issuerId2[],fp(pk(skI2[])),ssetH[],algH[],verH[])),cvB[],plI_2)),skI2[]),r)),sign((BYTES,framed(OT_ATTEST,algH[],issuerId2[],fp(pk(skI2[])),h(authTuple(issuerId2[],fp(pk(skI2[])),ssetH[],algH[],verH[])),cvB[],plI_2)),skI2[]))).

54. By 53, event(InnerSigTransplanted(pk(dsks(sign((BYTES,framed(OT_ATTEST,algH[],issuerId2[],fp(pk(skI2[])),h(authTuple(issuerId2[],fp(pk(skI2[])),ssetH[],algH[],verH[])),cvB[],plI_2)),skI2[]),r)),sign((BYTES,framed(OT_ATTEST,algH[],issuerId2[],fp(pk(skI2[])),h(authTuple(issuerId2[],fp(pk(skI2[])),ssetH[],algH[],verH[])),cvB[],plI_2)),skI2[]))).
The goal is reached, represented in the following fact:
event(InnerSigTransplanted(pk(dsks(sign((BYTES,framed(OT_ATTEST,algH[],issuerId2[],fp(pk(skI2[])),h(authTuple(issuerId2[],fp(pk(skI2[])),ssetH[],algH[],verH[])),cvB[],plI_2)),skI2[]),r)),sign((BYTES,framed(OT_ATTEST,algH[],issuerId2[],fp(pk(skI2[])),h(authTuple(issuerId2[],fp(pk(skI2[])),ssetH[],algH[],verH[])),cvB[],plI_2)),skI2[]))).


A more detailed output of the traces is available with
  set traceDisplay = long.

new skS: skey creating skS_5 at {1}

new skI1: skey creating skI1_1 at {2}

new skI2: skey creating skI2_1 at {3}

new skW1: skey creating skW1_1 at {4}

new skW2: skey creating skW2_1 at {5}

out(c, ~M) with ~M = pk(skS_5) at {10}

out(c, ~M_1) with ~M_1 = pk(skI1_1) at {11}

out(c, ~M_2) with ~M_2 = pk(skI2_1) at {12}

out(c, ~M_3) with ~M_3 = pk(skW1_1) at {13}

out(c, ~M_4) with ~M_4 = pk(skW2_1) at {14}

out(c, authTuple(~M_5,~M_6,~M_7,~M_8,~M_9)) with ~M_5 = issuerId, ~M_6 = fp(pk(skI1_1)), ~M_7 = ssetH, ~M_8 = algH, ~M_9 = verH at {15}

out(c, authTuple(~M_10,~M_11,~M_12,~M_13,~M_14)) with ~M_10 = issuerId2, ~M_11 = fp(pk(skI2_1)), ~M_12 = ssetH, ~M_13 = algH, ~M_14 = verH at {16}

out(c, authTuple(~M_15,~M_16,~M_17,~M_18,~M_19)) with ~M_15 = idW1, ~M_16 = fp(pk(skW1_1)), ~M_17 = ssetH, ~M_18 = algH, ~M_19 = verH at {17}

out(c, authTuple(~M_20,~M_21,~M_22,~M_23,~M_24)) with ~M_20 = idW2, ~M_21 = fp(pk(skW2_1)), ~M_22 = ssetH, ~M_23 = algH, ~M_24 = verH at {18}

out(c, ~M_25) with ~M_25 = skS_5 at {19}

in(c, a) at {68} in copy a_1

event IssuerPossession(pk(skI2_1)) at {69} in copy a_1

out(c, ~M_26) with ~M_26 = sign((POSS,authTuple(issuerId2,fp(pk(skI2_1)),ssetH,algH,verH)),skI2_1) at {71} in copy a_1

event IssuerSigned(pk(skI2_1),framed(OT_ATTEST,algH,issuerId2,fp(pk(skI2_1)),h(authTuple(issuerId2,fp(pk(skI2_1)),ssetH,algH,verH)),cvB,a)) at {74} in copy a_1

out(c, ~M_27) with ~M_27 = sign((BYTES,framed(OT_ATTEST,algH,issuerId2,fp(pk(skI2_1)),h(authTuple(issuerId2,fp(pk(skI2_1)),ssetH,algH,verH)),cvB,a)),skI2_1) at {79} in copy a_1

in(c, a) at {68} in copy a_2

event IssuerPossession(pk(skI2_1)) at {69} in copy a_2

out(c, ~M_28) with ~M_28 = sign((POSS,authTuple(issuerId2,fp(pk(skI2_1)),ssetH,algH,verH)),skI2_1) at {71} in copy a_2

event IssuerSigned(pk(skI2_1),framed(OT_ATTEST,algH,issuerId2,fp(pk(skI2_1)),h(authTuple(issuerId2,fp(pk(skI2_1)),ssetH,algH,verH)),cvB,a)) at {74} in copy a_2

out(c, ~M_29) with ~M_29 = sign((BYTES,framed(OT_ATTEST,algH,issuerId2,fp(pk(skI2_1)),h(authTuple(issuerId2,fp(pk(skI2_1)),ssetH,algH,verH)),cvB,a)),skI2_1) at {79} in copy a_2

in(c, (a_3,a_4,a_5)) at {109} in copy a_6

event IssuerPossession(pk(skW2_1)) at {110} in copy a_6

out(c, ~M_30) with ~M_30 = sign((POSS,authTuple(idW2,fp(pk(skW2_1)),ssetH,algH,verH)),skW2_1) at {112} in copy a_6

event IssuerSigned(pk(skW2_1),framed(OT_WRAPPER,algH,idW2,fp(pk(skW2_1)),h(authTuple(idW2,fp(pk(skW2_1)),ssetH,algH,verH)),cvA,wrap(a_3,(a_4,a_5)))) at {114} in copy a_6

out(c, ~M_31) with ~M_31 = sign((BYTES,framed(OT_WRAPPER,algH,idW2,fp(pk(skW2_1)),h(authTuple(idW2,fp(pk(skW2_1)),ssetH,algH,verH)),cvA,wrap(a_3,(a_4,a_5)))),skW2_1) at {116} in copy a_6

in(c, (a_7,framed(OT_ATTEST,algH,issuerId2,fp(~M_2),h(authTuple(issuerId2,fp(~M_2),ssetH,algH,verH)),cvB,a),~M_27)) with fp(~M_2) = fp(pk(skI2_1)), h(authTuple(issuerId2,fp(~M_2),ssetH,algH,verH)) = h(authTuple(issuerId2,fp(pk(skI2_1)),ssetH,algH,verH)), ~M_27 = sign((BYTES,framed(OT_ATTEST,algH,issuerId2,fp(pk(skI2_1)),h(authTuple(issuerId2,fp(pk(skI2_1)),ssetH,algH,verH)),cvB,a)),skI2_1) at {109} in copy a_8

event IssuerPossession(pk(skW2_1)) at {110} in copy a_8

out(c, ~M_32) with ~M_32 = sign((POSS,authTuple(idW2,fp(pk(skW2_1)),ssetH,algH,verH)),skW2_1) at {112} in copy a_8

event IssuerSigned(pk(skW2_1),framed(OT_WRAPPER,algH,idW2,fp(pk(skW2_1)),h(authTuple(idW2,fp(pk(skW2_1)),ssetH,algH,verH)),cvA,wrap(a_7,(framed(OT_ATTEST,algH,issuerId2,fp(pk(skI2_1)),h(authTuple(issuerId2,fp(pk(skI2_1)),ssetH,algH,verH)),cvB,a),sign((BYTES,framed(OT_ATTEST,algH,issuerId2,fp(pk(skI2_1)),h(authTuple(issuerId2,fp(pk(skI2_1)),ssetH,algH,verH)),cvB,a)),skI2_1))))) at {114} in copy a_8

out(c, ~M_33) with ~M_33 = sign((BYTES,framed(OT_WRAPPER,algH,idW2,fp(pk(skW2_1)),h(authTuple(idW2,fp(pk(skW2_1)),ssetH,algH,verH)),cvA,wrap(a_7,(framed(OT_ATTEST,algH,issuerId2,fp(pk(skI2_1)),h(authTuple(issuerId2,fp(pk(skI2_1)),ssetH,algH,verH)),cvB,a),sign((BYTES,framed(OT_ATTEST,algH,issuerId2,fp(pk(skI2_1)),h(authTuple(issuerId2,fp(pk(skI2_1)),ssetH,algH,verH)),cvB,a)),skI2_1))))),skW2_1) at {116} in copy a_8

in(c, (authTuple(idW2,fp(~M_4),ssetH,algH,verH),sign((STMT_DIGEST,h(authTuple(idW2,fp(~M_4),ssetH,algH,verH))),~M_25),~M_4,~M_30,~M_33,framed(OT_WRAPPER,algH,idW2,fp(~M_4),h(authTuple(idW2,fp(~M_4),ssetH,algH,verH)),cvA,wrap(a_7,(framed(OT_ATTEST,algH,issuerId2,fp(~M_2),h(authTuple(issuerId2,fp(~M_2),ssetH,algH,verH)),cvB,a),~M_27))),authTuple(a_9,a_10,a_11,algH,a_12),sign((STMT_DIGEST,h(authTuple(a_9,a_10,a_11,algH,a_12))),~M_25),pk(dsks(~M_27,a_13)),sign((POSS,authTuple(a_9,a_10,a_11,algH,a_12)),dsks(~M_27,a_13)))) with fp(~M_4) = fp(pk(skW2_1)), sign((STMT_DIGEST,h(authTuple(idW2,fp(~M_4),ssetH,algH,verH))),~M_25) = sign((STMT_DIGEST,h(authTuple(idW2,fp(pk(skW2_1)),ssetH,algH,verH))),skS_5), ~M_4 = pk(skW2_1), ~M_30 = sign((POSS,authTuple(idW2,fp(pk(skW2_1)),ssetH,algH,verH)),skW2_1), ~M_33 = sign((BYTES,framed(OT_WRAPPER,algH,idW2,fp(pk(skW2_1)),h(authTuple(idW2,fp(pk(skW2_1)),ssetH,algH,verH)),cvA,wrap(a_7,(framed(OT_ATTEST,algH,issuerId2,fp(pk(skI2_1)),h(authTuple(issuerId2,fp(pk(skI2_1)),ssetH,algH,verH)),cvB,a),sign((BYTES,framed(OT_ATTEST,algH,issuerId2,fp(pk(skI2_1)),h(authTuple(issuerId2,fp(pk(skI2_1)),ssetH,algH,verH)),cvB,a)),skI2_1))))),skW2_1), fp(~M_4) = fp(pk(skW2_1)), h(authTuple(idW2,fp(~M_4),ssetH,algH,verH)) = h(authTuple(idW2,fp(pk(skW2_1)),ssetH,algH,verH)), fp(~M_2) = fp(pk(skI2_1)), h(authTuple(issuerId2,fp(~M_2),ssetH,algH,verH)) = h(authTuple(issuerId2,fp(pk(skI2_1)),ssetH,algH,verH)), ~M_27 = sign((BYTES,framed(OT_ATTEST,algH,issuerId2,fp(pk(skI2_1)),h(authTuple(issuerId2,fp(pk(skI2_1)),ssetH,algH,verH)),cvB,a)),skI2_1), sign((STMT_DIGEST,h(authTuple(a_9,a_10,a_11,algH,a_12))),~M_25) = sign((STMT_DIGEST,h(authTuple(a_9,a_10,a_11,algH,a_12))),skS_5), pk(dsks(~M_27,a_13)) = pk(dsks(sign((BYTES,framed(OT_ATTEST,algH,issuerId2,fp(pk(skI2_1)),h(authTuple(issuerId2,fp(pk(skI2_1)),ssetH,algH,verH)),cvB,a)),skI2_1),a_13)), sign((POSS,authTuple(a_9,a_10,a_11,algH,a_12)),dsks(~M_27,a_13)) = sign((POSS,authTuple(a_9,a_10,a_11,algH,a_12)),dsks(sign((BYTES,framed(OT_ATTEST,algH,issuerId2,fp(pk(skI2_1)),h(authTuple(issuerId2,fp(pk(skI2_1)),ssetH,algH,verH)),cvB,a)),skI2_1),a_13)) at {133} in copy a_14

event AcceptOuter(pk(skW2_1),idW2,framed(OT_WRAPPER,algH,idW2,fp(pk(skW2_1)),h(authTuple(idW2,fp(pk(skW2_1)),ssetH,algH,verH)),cvA,wrap(a_7,(framed(OT_ATTEST,algH,issuerId2,fp(pk(skI2_1)),h(authTuple(issuerId2,fp(pk(skI2_1)),ssetH,algH,verH)),cvB,a),sign((BYTES,framed(OT_ATTEST,algH,issuerId2,fp(pk(skI2_1)),h(authTuple(issuerId2,fp(pk(skI2_1)),ssetH,algH,verH)),cvB,a)),skI2_1))))) at {141} in copy a_14

event AcceptInner(wctx(pk(skW2_1),idW2,framed(OT_WRAPPER,algH,idW2,fp(pk(skW2_1)),h(authTuple(idW2,fp(pk(skW2_1)),ssetH,algH,verH)),cvA,wrap(a_7,(framed(OT_ATTEST,algH,issuerId2,fp(pk(skI2_1)),h(authTuple(issuerId2,fp(pk(skI2_1)),ssetH,algH,verH)),cvB,a),sign((BYTES,framed(OT_ATTEST,algH,issuerId2,fp(pk(skI2_1)),h(authTuple(issuerId2,fp(pk(skI2_1)),ssetH,algH,verH)),cvB,a)),skI2_1))))),pk(dsks(sign((BYTES,framed(OT_ATTEST,algH,issuerId2,fp(pk(skI2_1)),h(authTuple(issuerId2,fp(pk(skI2_1)),ssetH,algH,verH)),cvB,a)),skI2_1),a_13)),a_9,framed(OT_ATTEST,algH,issuerId2,fp(pk(skI2_1)),h(authTuple(issuerId2,fp(pk(skI2_1)),ssetH,algH,verH)),cvB,a)) at {149} in copy a_14

out(honestSigCh, (pk(skI2_1),sign((BYTES,framed(OT_ATTEST,algH,issuerId2,fp(pk(skI2_1)),h(authTuple(issuerId2,fp(pk(skI2_1)),ssetH,algH,verH)),cvB,a)),skI2_1))) at {78} in copy a_1 received at {173} in copy a_15

out(sigCh, (wctx(pk(skW2_1),idW2,framed(OT_WRAPPER,algH,idW2,fp(pk(skW2_1)),h(authTuple(idW2,fp(pk(skW2_1)),ssetH,algH,verH)),cvA,wrap(a_7,(framed(OT_ATTEST,algH,issuerId2,fp(pk(skI2_1)),h(authTuple(issuerId2,fp(pk(skI2_1)),ssetH,algH,verH)),cvB,a),sign((BYTES,framed(OT_ATTEST,algH,issuerId2,fp(pk(skI2_1)),h(authTuple(issuerId2,fp(pk(skI2_1)),ssetH,algH,verH)),cvB,a)),skI2_1))))),pk(dsks(sign((BYTES,framed(OT_ATTEST,algH,issuerId2,fp(pk(skI2_1)),h(authTuple(issuerId2,fp(pk(skI2_1)),ssetH,algH,verH)),cvB,a)),skI2_1),a_13)),sign((BYTES,framed(OT_ATTEST,algH,issuerId2,fp(pk(skI2_1)),h(authTuple(issuerId2,fp(pk(skI2_1)),ssetH,algH,verH)),cvB,a)),skI2_1))) at {153} in copy a_14 received at {174} in copy a_15

event InnerSigTransplanted(pk(dsks(sign((BYTES,framed(OT_ATTEST,algH,issuerId2,fp(pk(skI2_1)),h(authTuple(issuerId2,fp(pk(skI2_1)),ssetH,algH,verH)),cvB,a)),skI2_1),a_13)),sign((BYTES,framed(OT_ATTEST,algH,issuerId2,fp(pk(skI2_1)),h(authTuple(issuerId2,fp(pk(skI2_1)),ssetH,algH,verH)),cvB,a)),skI2_1)) at {176} in copy a_15 (goal)

The event InnerSigTransplanted(pk(dsks(sign((BYTES,framed(OT_ATTEST,algH,issuerId2,fp(pk(skI2_1)),h(authTuple(issuerId2,fp(pk(skI2_1)),ssetH,algH,verH)),cvB,a)),skI2_1),a_13)),sign((BYTES,framed(OT_ATTEST,algH,issuerId2,fp(pk(skI2_1)),h(authTuple(issuerId2,fp(pk(skI2_1)),ssetH,algH,verH)),cvB,a)),skI2_1)) is executed at {176} in copy a_15.
A trace has been found.
RESULT not event(InnerSigTransplanted(kX_1,s)) is false.
-- Query not event(Reattributed(kX_1,kH_3,fb)) in process 1.
Translating the process into Horn clauses...
Completing...
200 rules inserted. Base: 173 rules (77 with conclusion selected). Queue: 66 rules.
400 rules inserted. Base: 246 rules (77 with conclusion selected). Queue: 133 rules.
600 rules inserted. Base: 273 rules (77 with conclusion selected). Queue: 148 rules.
800 rules inserted. Base: 345 rules (81 with conclusion selected). Queue: 228 rules.
1000 rules inserted. Base: 423 rules (86 with conclusion selected). Queue: 285 rules.
1200 rules inserted. Base: 486 rules (92 with conclusion selected). Queue: 409 rules.
1400 rules inserted. Base: 488 rules (92 with conclusion selected). Queue: 426 rules.
1600 rules inserted. Base: 497 rules (92 with conclusion selected). Queue: 402 rules.
1800 rules inserted. Base: 482 rules (92 with conclusion selected). Queue: 404 rules.
2000 rules inserted. Base: 490 rules (94 with conclusion selected). Queue: 401 rules.
2200 rules inserted. Base: 516 rules (94 with conclusion selected). Queue: 375 rules.
2400 rules inserted. Base: 608 rules (96 with conclusion selected). Queue: 365 rules.
2600 rules inserted. Base: 621 rules (96 with conclusion selected). Queue: 377 rules.
2800 rules inserted. Base: 641 rules (96 with conclusion selected). Queue: 345 rules.
3000 rules inserted. Base: 758 rules (111 with conclusion selected). Queue: 254 rules.
3200 rules inserted. Base: 740 rules (123 with conclusion selected). Queue: 202 rules.
3400 rules inserted. Base: 813 rules (147 with conclusion selected). Queue: 89 rules.
Starting query not event(Reattributed(kX_1,kH_3,fb))
goal reachable: k ≠ skI2[] && attacker(k) && attacker(plI_2) -> event(Reattributed(pk(k),pk(skI2[]),framed(OT_ATTEST,algH[],issuerId2[],fp(pk(skI2[])),h(authTuple(issuerId2[],fp(pk(skI2[])),ssetH[],algH[],verH[])),cvB[],plI_2)))

Derivation:

1. We assume as hypothesis that
attacker(plI_2).

2. The message plI_2 that the attacker may have by 1 may be received at input {68}.
So the message (pk(skI2[]),framed(OT_ATTEST,algH[],issuerId2[],fp(pk(skI2[])),h(authTuple(issuerId2[],fp(pk(skI2[])),ssetH[],algH[],verH[])),cvB[],plI_2)) may be sent on channel honestCh[] at output {76}.
mess(honestCh[],(pk(skI2[]),framed(OT_ATTEST,algH[],issuerId2[],fp(pk(skI2[])),h(authTuple(issuerId2[],fp(pk(skI2[])),ssetH[],algH[],verH[])),cvB[],plI_2))).

3. The attacker initially knows cvB[].
attacker(cvB[]).

4. The attacker initially knows verH[].
attacker(verH[]).

5. The attacker initially knows algH[].
attacker(algH[]).

6. The attacker initially knows ssetH[].
attacker(ssetH[]).

7. The message pk(skI2[]) may be sent to the attacker at output {12}.
attacker(pk(skI2[])).

8. By 7, the attacker may know pk(skI2[]).
Using the function fp the attacker may obtain fp(pk(skI2[])).
attacker(fp(pk(skI2[]))).

9. The attacker initially knows issuerId2[].
attacker(issuerId2[]).

10. By 9, the attacker may know issuerId2[].
By 8, the attacker may know fp(pk(skI2[])).
By 6, the attacker may know ssetH[].
By 5, the attacker may know algH[].
By 4, the attacker may know verH[].
Using the function authTuple the attacker may obtain authTuple(issuerId2[],fp(pk(skI2[])),ssetH[],algH[],verH[]).
attacker(authTuple(issuerId2[],fp(pk(skI2[])),ssetH[],algH[],verH[])).

11. By 10, the attacker may know authTuple(issuerId2[],fp(pk(skI2[])),ssetH[],algH[],verH[]).
Using the function h the attacker may obtain h(authTuple(issuerId2[],fp(pk(skI2[])),ssetH[],algH[],verH[])).
attacker(h(authTuple(issuerId2[],fp(pk(skI2[])),ssetH[],algH[],verH[]))).

12. Using the function OT_ATTEST the attacker may obtain OT_ATTEST.
attacker(OT_ATTEST).

13. By 12, the attacker may know OT_ATTEST.
By 5, the attacker may know algH[].
By 9, the attacker may know issuerId2[].
By 8, the attacker may know fp(pk(skI2[])).
By 11, the attacker may know h(authTuple(issuerId2[],fp(pk(skI2[])),ssetH[],algH[],verH[])).
By 3, the attacker may know cvB[].
By 1, the attacker may know plI_2.
Using the function framed the attacker may obtain framed(OT_ATTEST,algH[],issuerId2[],fp(pk(skI2[])),h(authTuple(issuerId2[],fp(pk(skI2[])),ssetH[],algH[],verH[])),cvB[],plI_2).
attacker(framed(OT_ATTEST,algH[],issuerId2[],fp(pk(skI2[])),h(authTuple(issuerId2[],fp(pk(skI2[])),ssetH[],algH[],verH[])),cvB[],plI_2)).

14. We assume as hypothesis that
attacker(k).

15. Using the function BYTES the attacker may obtain BYTES.
attacker(BYTES).

16. By 15, the attacker may know BYTES.
By 13, the attacker may know framed(OT_ATTEST,algH[],issuerId2[],fp(pk(skI2[])),h(authTuple(issuerId2[],fp(pk(skI2[])),ssetH[],algH[],verH[])),cvB[],plI_2).
Using the function 2-tuple the attacker may obtain (BYTES,framed(OT_ATTEST,algH[],issuerId2[],fp(pk(skI2[])),h(authTuple(issuerId2[],fp(pk(skI2[])),ssetH[],algH[],verH[])),cvB[],plI_2)).
attacker((BYTES,framed(OT_ATTEST,algH[],issuerId2[],fp(pk(skI2[])),h(authTuple(issuerId2[],fp(pk(skI2[])),ssetH[],algH[],verH[])),cvB[],plI_2))).

17. By 16, the attacker may know (BYTES,framed(OT_ATTEST,algH[],issuerId2[],fp(pk(skI2[])),h(authTuple(issuerId2[],fp(pk(skI2[])),ssetH[],algH[],verH[])),cvB[],plI_2)).
By 14, the attacker may know k.
Using the function sign the attacker may obtain sign((BYTES,framed(OT_ATTEST,algH[],issuerId2[],fp(pk(skI2[])),h(authTuple(issuerId2[],fp(pk(skI2[])),ssetH[],algH[],verH[])),cvB[],plI_2)),k).
attacker(sign((BYTES,framed(OT_ATTEST,algH[],issuerId2[],fp(pk(skI2[])),h(authTuple(issuerId2[],fp(pk(skI2[])),ssetH[],algH[],verH[])),cvB[],plI_2)),k)).

18. The attacker has some term verI_2.
attacker(verI_2).

19. The attacker has some term ssI_2.
attacker(ssI_2).

20. The attacker has some term kfprI_2.
attacker(kfprI_2).

21. The attacker has some term idX_1.
attacker(idX_1).

22. By 21, the attacker may know idX_1.
By 20, the attacker may know kfprI_2.
By 19, the attacker may know ssI_2.
By 5, the attacker may know algH[].
By 18, the attacker may know verI_2.
Using the function authTuple the attacker may obtain authTuple(idX_1,kfprI_2,ssI_2,algH[],verI_2).
attacker(authTuple(idX_1,kfprI_2,ssI_2,algH[],verI_2)).

23. Using the function POSS the attacker may obtain POSS.
attacker(POSS).

24. By 23, the attacker may know POSS.
By 22, the attacker may know authTuple(idX_1,kfprI_2,ssI_2,algH[],verI_2).
Using the function 2-tuple the attacker may obtain (POSS,authTuple(idX_1,kfprI_2,ssI_2,algH[],verI_2)).
attacker((POSS,authTuple(idX_1,kfprI_2,ssI_2,algH[],verI_2))).

25. By 24, the attacker may know (POSS,authTuple(idX_1,kfprI_2,ssI_2,algH[],verI_2)).
By 14, the attacker may know k.
Using the function sign the attacker may obtain sign((POSS,authTuple(idX_1,kfprI_2,ssI_2,algH[],verI_2)),k).
attacker(sign((POSS,authTuple(idX_1,kfprI_2,ssI_2,algH[],verI_2)),k)).

26. By 14, the attacker may know k.
Using the function pk the attacker may obtain pk(k).
attacker(pk(k)).

27. The message skS[] may be sent to the attacker at output {19}.
attacker(skS[]).

28. By 22, the attacker may know authTuple(idX_1,kfprI_2,ssI_2,algH[],verI_2).
Using the function h the attacker may obtain h(authTuple(idX_1,kfprI_2,ssI_2,algH[],verI_2)).
attacker(h(authTuple(idX_1,kfprI_2,ssI_2,algH[],verI_2))).

29. Using the function STMT_DIGEST the attacker may obtain STMT_DIGEST.
attacker(STMT_DIGEST).

30. By 29, the attacker may know STMT_DIGEST.
By 28, the attacker may know h(authTuple(idX_1,kfprI_2,ssI_2,algH[],verI_2)).
Using the function 2-tuple the attacker may obtain (STMT_DIGEST,h(authTuple(idX_1,kfprI_2,ssI_2,algH[],verI_2))).
attacker((STMT_DIGEST,h(authTuple(idX_1,kfprI_2,ssI_2,algH[],verI_2)))).

31. By 30, the attacker may know (STMT_DIGEST,h(authTuple(idX_1,kfprI_2,ssI_2,algH[],verI_2))).
By 27, the attacker may know skS[].
Using the function sign the attacker may obtain sign((STMT_DIGEST,h(authTuple(idX_1,kfprI_2,ssI_2,algH[],verI_2))),skS[]).
attacker(sign((STMT_DIGEST,h(authTuple(idX_1,kfprI_2,ssI_2,algH[],verI_2))),skS[])).

32. By 22, the attacker may know authTuple(idX_1,kfprI_2,ssI_2,algH[],verI_2).
By 31, the attacker may know sign((STMT_DIGEST,h(authTuple(idX_1,kfprI_2,ssI_2,algH[],verI_2))),skS[]).
By 26, the attacker may know pk(k).
By 25, the attacker may know sign((POSS,authTuple(idX_1,kfprI_2,ssI_2,algH[],verI_2)),k).
By 17, the attacker may know sign((BYTES,framed(OT_ATTEST,algH[],issuerId2[],fp(pk(skI2[])),h(authTuple(issuerId2[],fp(pk(skI2[])),ssetH[],algH[],verH[])),cvB[],plI_2)),k).
By 13, the attacker may know framed(OT_ATTEST,algH[],issuerId2[],fp(pk(skI2[])),h(authTuple(issuerId2[],fp(pk(skI2[])),ssetH[],algH[],verH[])),cvB[],plI_2).
Using the function 6-tuple the attacker may obtain (authTuple(idX_1,kfprI_2,ssI_2,algH[],verI_2),sign((STMT_DIGEST,h(authTuple(idX_1,kfprI_2,ssI_2,algH[],verI_2))),skS[]),pk(k),sign((POSS,authTuple(idX_1,kfprI_2,ssI_2,algH[],verI_2)),k),sign((BYTES,framed(OT_ATTEST,algH[],issuerId2[],fp(pk(skI2[])),h(authTuple(issuerId2[],fp(pk(skI2[])),ssetH[],algH[],verH[])),cvB[],plI_2)),k),framed(OT_ATTEST,algH[],issuerId2[],fp(pk(skI2[])),h(authTuple(issuerId2[],fp(pk(skI2[])),ssetH[],algH[],verH[])),cvB[],plI_2)).
attacker((authTuple(idX_1,kfprI_2,ssI_2,algH[],verI_2),sign((STMT_DIGEST,h(authTuple(idX_1,kfprI_2,ssI_2,algH[],verI_2))),skS[]),pk(k),sign((POSS,authTuple(idX_1,kfprI_2,ssI_2,algH[],verI_2)),k),sign((BYTES,framed(OT_ATTEST,algH[],issuerId2[],fp(pk(skI2[])),h(authTuple(issuerId2[],fp(pk(skI2[])),ssetH[],algH[],verH[])),cvB[],plI_2)),k),framed(OT_ATTEST,algH[],issuerId2[],fp(pk(skI2[])),h(authTuple(issuerId2[],fp(pk(skI2[])),ssetH[],algH[],verH[])),cvB[],plI_2))).

33. The message (authTuple(idX_1,kfprI_2,ssI_2,algH[],verI_2),sign((STMT_DIGEST,h(authTuple(idX_1,kfprI_2,ssI_2,algH[],verI_2))),skS[]),pk(k),sign((POSS,authTuple(idX_1,kfprI_2,ssI_2,algH[],verI_2)),k),sign((BYTES,framed(OT_ATTEST,algH[],issuerId2[],fp(pk(skI2[])),h(authTuple(issuerId2[],fp(pk(skI2[])),ssetH[],algH[],verH[])),cvB[],plI_2)),k),framed(OT_ATTEST,algH[],issuerId2[],fp(pk(skI2[])),h(authTuple(issuerId2[],fp(pk(skI2[])),ssetH[],algH[],verH[])),cvB[],plI_2)) that the attacker may have by 32 may be received at input {119}.
So the message (BASE,pk(k),idX_1,framed(OT_ATTEST,algH[],issuerId2[],fp(pk(skI2[])),h(authTuple(issuerId2[],fp(pk(skI2[])),ssetH[],algH[],verH[])),cvB[],plI_2)) may be sent on channel acceptCh[] at output {128}.
mess(acceptCh[],(BASE,pk(k),idX_1,framed(OT_ATTEST,algH[],issuerId2[],fp(pk(skI2[])),h(authTuple(issuerId2[],fp(pk(skI2[])),ssetH[],algH[],verH[])),cvB[],plI_2))).

34. The message (pk(skI2[]),framed(OT_ATTEST,algH[],issuerId2[],fp(pk(skI2[])),h(authTuple(issuerId2[],fp(pk(skI2[])),ssetH[],algH[],verH[])),cvB[],plI_2)) that may be sent on channel honestCh[] by 2 may be received at input {155}.
The message (BASE,pk(k),idX_1,framed(OT_ATTEST,algH[],issuerId2[],fp(pk(skI2[])),h(authTuple(issuerId2[],fp(pk(skI2[])),ssetH[],algH[],verH[])),cvB[],plI_2)) that may be sent on channel acceptCh[] by 33 may be received at input {156}.
We have pk(k) ≠ pk(skI2[]).
So event Reattributed(pk(k),pk(skI2[]),framed(OT_ATTEST,algH[],issuerId2[],fp(pk(skI2[])),h(authTuple(issuerId2[],fp(pk(skI2[])),ssetH[],algH[],verH[])),cvB[],plI_2)) may be executed at {160}.
event(Reattributed(pk(k),pk(skI2[]),framed(OT_ATTEST,algH[],issuerId2[],fp(pk(skI2[])),h(authTuple(issuerId2[],fp(pk(skI2[])),ssetH[],algH[],verH[])),cvB[],plI_2))).

35. By 34, event(Reattributed(pk(k),pk(skI2[]),framed(OT_ATTEST,algH[],issuerId2[],fp(pk(skI2[])),h(authTuple(issuerId2[],fp(pk(skI2[])),ssetH[],algH[],verH[])),cvB[],plI_2))).
The goal is reached, represented in the following fact:
event(Reattributed(pk(k),pk(skI2[]),framed(OT_ATTEST,algH[],issuerId2[],fp(pk(skI2[])),h(authTuple(issuerId2[],fp(pk(skI2[])),ssetH[],algH[],verH[])),cvB[],plI_2))).


A more detailed output of the traces is available with
  set traceDisplay = long.

new skS: skey creating skS_5 at {1}

new skI1: skey creating skI1_1 at {2}

new skI2: skey creating skI2_1 at {3}

new skW1: skey creating skW1_1 at {4}

new skW2: skey creating skW2_1 at {5}

out(c, ~M) with ~M = pk(skS_5) at {10}

out(c, ~M_1) with ~M_1 = pk(skI1_1) at {11}

out(c, ~M_2) with ~M_2 = pk(skI2_1) at {12}

out(c, ~M_3) with ~M_3 = pk(skW1_1) at {13}

out(c, ~M_4) with ~M_4 = pk(skW2_1) at {14}

out(c, authTuple(~M_5,~M_6,~M_7,~M_8,~M_9)) with ~M_5 = issuerId, ~M_6 = fp(pk(skI1_1)), ~M_7 = ssetH, ~M_8 = algH, ~M_9 = verH at {15}

out(c, authTuple(~M_10,~M_11,~M_12,~M_13,~M_14)) with ~M_10 = issuerId2, ~M_11 = fp(pk(skI2_1)), ~M_12 = ssetH, ~M_13 = algH, ~M_14 = verH at {16}

out(c, authTuple(~M_15,~M_16,~M_17,~M_18,~M_19)) with ~M_15 = idW1, ~M_16 = fp(pk(skW1_1)), ~M_17 = ssetH, ~M_18 = algH, ~M_19 = verH at {17}

out(c, authTuple(~M_20,~M_21,~M_22,~M_23,~M_24)) with ~M_20 = idW2, ~M_21 = fp(pk(skW2_1)), ~M_22 = ssetH, ~M_23 = algH, ~M_24 = verH at {18}

out(c, ~M_25) with ~M_25 = skS_5 at {19}

in(c, a) at {68} in copy a_1

event IssuerPossession(pk(skI2_1)) at {69} in copy a_1

out(c, ~M_26) with ~M_26 = sign((POSS,authTuple(issuerId2,fp(pk(skI2_1)),ssetH,algH,verH)),skI2_1) at {71} in copy a_1

event IssuerSigned(pk(skI2_1),framed(OT_ATTEST,algH,issuerId2,fp(pk(skI2_1)),h(authTuple(issuerId2,fp(pk(skI2_1)),ssetH,algH,verH)),cvB,a)) at {74} in copy a_1

out(c, ~M_27) with ~M_27 = sign((BYTES,framed(OT_ATTEST,algH,issuerId2,fp(pk(skI2_1)),h(authTuple(issuerId2,fp(pk(skI2_1)),ssetH,algH,verH)),cvB,a)),skI2_1) at {79} in copy a_1

in(c, (authTuple(a_2,a_3,a_4,algH,a_5),sign((STMT_DIGEST,h(authTuple(a_2,a_3,a_4,algH,a_5))),~M_25),pk(a_6),sign((POSS,authTuple(a_2,a_3,a_4,algH,a_5)),a_6),sign((BYTES,framed(OT_ATTEST,algH,issuerId2,fp(~M_2),h(authTuple(issuerId2,fp(~M_2),ssetH,algH,verH)),cvB,a)),a_6),framed(OT_ATTEST,algH,issuerId2,fp(~M_2),h(authTuple(issuerId2,fp(~M_2),ssetH,algH,verH)),cvB,a))) with sign((STMT_DIGEST,h(authTuple(a_2,a_3,a_4,algH,a_5))),~M_25) = sign((STMT_DIGEST,h(authTuple(a_2,a_3,a_4,algH,a_5))),skS_5), sign((BYTES,framed(OT_ATTEST,algH,issuerId2,fp(~M_2),h(authTuple(issuerId2,fp(~M_2),ssetH,algH,verH)),cvB,a)),a_6) = sign((BYTES,framed(OT_ATTEST,algH,issuerId2,fp(pk(skI2_1)),h(authTuple(issuerId2,fp(pk(skI2_1)),ssetH,algH,verH)),cvB,a)),a_6), fp(~M_2) = fp(pk(skI2_1)), h(authTuple(issuerId2,fp(~M_2),ssetH,algH,verH)) = h(authTuple(issuerId2,fp(pk(skI2_1)),ssetH,algH,verH)) at {119} in copy a_7

event AcceptInner(BASE,pk(a_6),a_2,framed(OT_ATTEST,algH,issuerId2,fp(pk(skI2_1)),h(authTuple(issuerId2,fp(pk(skI2_1)),ssetH,algH,verH)),cvB,a)) at {126} in copy a_7

out(honestCh, (pk(skI2_1),framed(OT_ATTEST,algH,issuerId2,fp(pk(skI2_1)),h(authTuple(issuerId2,fp(pk(skI2_1)),ssetH,algH,verH)),cvB,a))) at {76} in copy a_1 received at {155} in copy a_8

out(acceptCh, (BASE,pk(a_6),a_2,framed(OT_ATTEST,algH,issuerId2,fp(pk(skI2_1)),h(authTuple(issuerId2,fp(pk(skI2_1)),ssetH,algH,verH)),cvB,a))) at {128} in copy a_7 received at {156} in copy a_8

event Reattributed(pk(a_6),pk(skI2_1),framed(OT_ATTEST,algH,issuerId2,fp(pk(skI2_1)),h(authTuple(issuerId2,fp(pk(skI2_1)),ssetH,algH,verH)),cvB,a)) at {160} in copy a_8 (goal)

The event Reattributed(pk(a_6),pk(skI2_1),framed(OT_ATTEST,algH,issuerId2,fp(pk(skI2_1)),h(authTuple(issuerId2,fp(pk(skI2_1)),ssetH,algH,verH)),cvB,a)) is executed at {160} in copy a_8.
A trace has been found.
RESULT not event(Reattributed(kX_1,kH_3,fb)) is false.
-- Query not event(HonestWrappedAccepted(kH_3,fb,kW_3)) in process 1.
Translating the process into Horn clauses...
Completing...
200 rules inserted. Base: 173 rules (77 with conclusion selected). Queue: 66 rules.
400 rules inserted. Base: 244 rules (77 with conclusion selected). Queue: 133 rules.
600 rules inserted. Base: 273 rules (77 with conclusion selected). Queue: 148 rules.
800 rules inserted. Base: 345 rules (81 with conclusion selected). Queue: 227 rules.
1000 rules inserted. Base: 422 rules (86 with conclusion selected). Queue: 282 rules.
1200 rules inserted. Base: 488 rules (92 with conclusion selected). Queue: 413 rules.
1400 rules inserted. Base: 485 rules (92 with conclusion selected). Queue: 421 rules.
1600 rules inserted. Base: 491 rules (92 with conclusion selected). Queue: 398 rules.
1800 rules inserted. Base: 474 rules (92 with conclusion selected). Queue: 400 rules.
2000 rules inserted. Base: 486 rules (94 with conclusion selected). Queue: 397 rules.
2200 rules inserted. Base: 513 rules (94 with conclusion selected). Queue: 370 rules.
2400 rules inserted. Base: 607 rules (94 with conclusion selected). Queue: 363 rules.
2600 rules inserted. Base: 612 rules (94 with conclusion selected). Queue: 383 rules.
2800 rules inserted. Base: 642 rules (95 with conclusion selected). Queue: 338 rules.
3000 rules inserted. Base: 735 rules (109 with conclusion selected). Queue: 258 rules.
3200 rules inserted. Base: 745 rules (121 with conclusion selected). Queue: 204 rules.
3400 rules inserted. Base: 817 rules (146 with conclusion selected). Queue: 104 rules.
3600 rules inserted. Base: 886 rules (174 with conclusion selected). Queue: 10 rules.
Starting query not event(HonestWrappedAccepted(kH_3,fb,kW_3))
goal reachable: attacker(k) && attacker(plI_2) -> event(HonestWrappedAccepted(pk(skI2[]),framed(OT_ATTEST,algH[],issuerId2[],fp(pk(skI2[])),h(authTuple(issuerId2[],fp(pk(skI2[])),ssetH[],algH[],verH[])),cvB[],plI_2),pk(k)))

Derivation:

1. We assume as hypothesis that
attacker(plI_2).

2. The message plI_2 that the attacker may have by 1 may be received at input {68}.
So the message (pk(skI2[]),issuerId2[],framed(OT_ATTEST,algH[],issuerId2[],fp(pk(skI2[])),h(authTuple(issuerId2[],fp(pk(skI2[])),ssetH[],algH[],verH[])),cvB[],plI_2)) may be sent on channel honestInnerCh[] at output {77}.
mess(honestInnerCh[],(pk(skI2[]),issuerId2[],framed(OT_ATTEST,algH[],issuerId2[],fp(pk(skI2[])),h(authTuple(issuerId2[],fp(pk(skI2[])),ssetH[],algH[],verH[])),cvB[],plI_2))).

3. The attacker has some term payload_3.
attacker(payload_3).

4. The message payload_3 that the attacker may have by 3 may be received at input {68}.
So the message sign((POSS,authTuple(issuerId2[],fp(pk(skI2[])),ssetH[],algH[],verH[])),skI2[]) may be sent to the attacker at output {71}.
attacker(sign((POSS,authTuple(issuerId2[],fp(pk(skI2[])),ssetH[],algH[],verH[])),skI2[])).

5. The message pk(skI2[]) may be sent to the attacker at output {12}.
attacker(pk(skI2[])).

6. The message skS[] may be sent to the attacker at output {19}.
attacker(skS[]).

7. The attacker initially knows verH[].
attacker(verH[]).

8. The attacker initially knows algH[].
attacker(algH[]).

9. The attacker initially knows ssetH[].
attacker(ssetH[]).

10. By 5, the attacker may know pk(skI2[]).
Using the function fp the attacker may obtain fp(pk(skI2[])).
attacker(fp(pk(skI2[]))).

11. The attacker initially knows issuerId2[].
attacker(issuerId2[]).

12. By 11, the attacker may know issuerId2[].
By 10, the attacker may know fp(pk(skI2[])).
By 9, the attacker may know ssetH[].
By 8, the attacker may know algH[].
By 7, the attacker may know verH[].
Using the function authTuple the attacker may obtain authTuple(issuerId2[],fp(pk(skI2[])),ssetH[],algH[],verH[]).
attacker(authTuple(issuerId2[],fp(pk(skI2[])),ssetH[],algH[],verH[])).

13. By 12, the attacker may know authTuple(issuerId2[],fp(pk(skI2[])),ssetH[],algH[],verH[]).
Using the function h the attacker may obtain h(authTuple(issuerId2[],fp(pk(skI2[])),ssetH[],algH[],verH[])).
attacker(h(authTuple(issuerId2[],fp(pk(skI2[])),ssetH[],algH[],verH[]))).

14. Using the function STMT_DIGEST the attacker may obtain STMT_DIGEST.
attacker(STMT_DIGEST).

15. By 14, the attacker may know STMT_DIGEST.
By 13, the attacker may know h(authTuple(issuerId2[],fp(pk(skI2[])),ssetH[],algH[],verH[])).
Using the function 2-tuple the attacker may obtain (STMT_DIGEST,h(authTuple(issuerId2[],fp(pk(skI2[])),ssetH[],algH[],verH[]))).
attacker((STMT_DIGEST,h(authTuple(issuerId2[],fp(pk(skI2[])),ssetH[],algH[],verH[])))).

16. By 15, the attacker may know (STMT_DIGEST,h(authTuple(issuerId2[],fp(pk(skI2[])),ssetH[],algH[],verH[]))).
By 6, the attacker may know skS[].
Using the function sign the attacker may obtain sign((STMT_DIGEST,h(authTuple(issuerId2[],fp(pk(skI2[])),ssetH[],algH[],verH[]))),skS[]).
attacker(sign((STMT_DIGEST,h(authTuple(issuerId2[],fp(pk(skI2[])),ssetH[],algH[],verH[]))),skS[])).

17. The message plI_2 that the attacker may have by 1 may be received at input {68}.
So the message sign((BYTES,framed(OT_ATTEST,algH[],issuerId2[],fp(pk(skI2[])),h(authTuple(issuerId2[],fp(pk(skI2[])),ssetH[],algH[],verH[])),cvB[],plI_2)),skI2[]) may be sent to the attacker at output {79}.
attacker(sign((BYTES,framed(OT_ATTEST,algH[],issuerId2[],fp(pk(skI2[])),h(authTuple(issuerId2[],fp(pk(skI2[])),ssetH[],algH[],verH[])),cvB[],plI_2)),skI2[])).

18. The attacker initially knows cvB[].
attacker(cvB[]).

19. Using the function OT_ATTEST the attacker may obtain OT_ATTEST.
attacker(OT_ATTEST).

20. By 19, the attacker may know OT_ATTEST.
By 8, the attacker may know algH[].
By 11, the attacker may know issuerId2[].
By 10, the attacker may know fp(pk(skI2[])).
By 13, the attacker may know h(authTuple(issuerId2[],fp(pk(skI2[])),ssetH[],algH[],verH[])).
By 18, the attacker may know cvB[].
By 1, the attacker may know plI_2.
Using the function framed the attacker may obtain framed(OT_ATTEST,algH[],issuerId2[],fp(pk(skI2[])),h(authTuple(issuerId2[],fp(pk(skI2[])),ssetH[],algH[],verH[])),cvB[],plI_2).
attacker(framed(OT_ATTEST,algH[],issuerId2[],fp(pk(skI2[])),h(authTuple(issuerId2[],fp(pk(skI2[])),ssetH[],algH[],verH[])),cvB[],plI_2)).

21. By 20, the attacker may know framed(OT_ATTEST,algH[],issuerId2[],fp(pk(skI2[])),h(authTuple(issuerId2[],fp(pk(skI2[])),ssetH[],algH[],verH[])),cvB[],plI_2).
By 17, the attacker may know sign((BYTES,framed(OT_ATTEST,algH[],issuerId2[],fp(pk(skI2[])),h(authTuple(issuerId2[],fp(pk(skI2[])),ssetH[],algH[],verH[])),cvB[],plI_2)),skI2[]).
Using the function 2-tuple the attacker may obtain (framed(OT_ATTEST,algH[],issuerId2[],fp(pk(skI2[])),h(authTuple(issuerId2[],fp(pk(skI2[])),ssetH[],algH[],verH[])),cvB[],plI_2),sign((BYTES,framed(OT_ATTEST,algH[],issuerId2[],fp(pk(skI2[])),h(authTuple(issuerId2[],fp(pk(skI2[])),ssetH[],algH[],verH[])),cvB[],plI_2)),skI2[])).
attacker((framed(OT_ATTEST,algH[],issuerId2[],fp(pk(skI2[])),h(authTuple(issuerId2[],fp(pk(skI2[])),ssetH[],algH[],verH[])),cvB[],plI_2),sign((BYTES,framed(OT_ATTEST,algH[],issuerId2[],fp(pk(skI2[])),h(authTuple(issuerId2[],fp(pk(skI2[])),ssetH[],algH[],verH[])),cvB[],plI_2)),skI2[]))).

22. The attacker has some term cvIw_4.
attacker(cvIw_4).

23. By 22, the attacker may know cvIw_4.
By 21, the attacker may know (framed(OT_ATTEST,algH[],issuerId2[],fp(pk(skI2[])),h(authTuple(issuerId2[],fp(pk(skI2[])),ssetH[],algH[],verH[])),cvB[],plI_2),sign((BYTES,framed(OT_ATTEST,algH[],issuerId2[],fp(pk(skI2[])),h(authTuple(issuerId2[],fp(pk(skI2[])),ssetH[],algH[],verH[])),cvB[],plI_2)),skI2[])).
Using the function wrap the attacker may obtain wrap(cvIw_4,(framed(OT_ATTEST,algH[],issuerId2[],fp(pk(skI2[])),h(authTuple(issuerId2[],fp(pk(skI2[])),ssetH[],algH[],verH[])),cvB[],plI_2),sign((BYTES,framed(OT_ATTEST,algH[],issuerId2[],fp(pk(skI2[])),h(authTuple(issuerId2[],fp(pk(skI2[])),ssetH[],algH[],verH[])),cvB[],plI_2)),skI2[]))).
attacker(wrap(cvIw_4,(framed(OT_ATTEST,algH[],issuerId2[],fp(pk(skI2[])),h(authTuple(issuerId2[],fp(pk(skI2[])),ssetH[],algH[],verH[])),cvB[],plI_2),sign((BYTES,framed(OT_ATTEST,algH[],issuerId2[],fp(pk(skI2[])),h(authTuple(issuerId2[],fp(pk(skI2[])),ssetH[],algH[],verH[])),cvB[],plI_2)),skI2[])))).

24. The attacker has some term cvW_4.
attacker(cvW_4).

25. The attacker has some term verW_1.
attacker(verW_1).

26. The attacker has some term algW_1.
attacker(algW_1).

27. The attacker has some term ssW_1.
attacker(ssW_1).

28. We assume as hypothesis that
attacker(k).

29. By 28, the attacker may know k.
Using the function pk the attacker may obtain pk(k).
attacker(pk(k)).

30. By 29, the attacker may know pk(k).
Using the function fp the attacker may obtain fp(pk(k)).
attacker(fp(pk(k))).

31. The attacker has some term idW_6.
attacker(idW_6).

32. By 31, the attacker may know idW_6.
By 30, the attacker may know fp(pk(k)).
By 27, the attacker may know ssW_1.
By 26, the attacker may know algW_1.
By 25, the attacker may know verW_1.
Using the function authTuple the attacker may obtain authTuple(idW_6,fp(pk(k)),ssW_1,algW_1,verW_1).
attacker(authTuple(idW_6,fp(pk(k)),ssW_1,algW_1,verW_1)).

33. By 32, the attacker may know authTuple(idW_6,fp(pk(k)),ssW_1,algW_1,verW_1).
Using the function h the attacker may obtain h(authTuple(idW_6,fp(pk(k)),ssW_1,algW_1,verW_1)).
attacker(h(authTuple(idW_6,fp(pk(k)),ssW_1,algW_1,verW_1))).

34. Using the function OT_WRAPPER the attacker may obtain OT_WRAPPER.
attacker(OT_WRAPPER).

35. By 34, the attacker may know OT_WRAPPER.
By 26, the attacker may know algW_1.
By 31, the attacker may know idW_6.
By 30, the attacker may know fp(pk(k)).
By 33, the attacker may know h(authTuple(idW_6,fp(pk(k)),ssW_1,algW_1,verW_1)).
By 24, the attacker may know cvW_4.
By 23, the attacker may know wrap(cvIw_4,(framed(OT_ATTEST,algH[],issuerId2[],fp(pk(skI2[])),h(authTuple(issuerId2[],fp(pk(skI2[])),ssetH[],algH[],verH[])),cvB[],plI_2),sign((BYTES,framed(OT_ATTEST,algH[],issuerId2[],fp(pk(skI2[])),h(authTuple(issuerId2[],fp(pk(skI2[])),ssetH[],algH[],verH[])),cvB[],plI_2)),skI2[]))).
Using the function framed the attacker may obtain framed(OT_WRAPPER,algW_1,idW_6,fp(pk(k)),h(authTuple(idW_6,fp(pk(k)),ssW_1,algW_1,verW_1)),cvW_4,wrap(cvIw_4,(framed(OT_ATTEST,algH[],issuerId2[],fp(pk(skI2[])),h(authTuple(issuerId2[],fp(pk(skI2[])),ssetH[],algH[],verH[])),cvB[],plI_2),sign((BYTES,framed(OT_ATTEST,algH[],issuerId2[],fp(pk(skI2[])),h(authTuple(issuerId2[],fp(pk(skI2[])),ssetH[],algH[],verH[])),cvB[],plI_2)),skI2[])))).
attacker(framed(OT_WRAPPER,algW_1,idW_6,fp(pk(k)),h(authTuple(idW_6,fp(pk(k)),ssW_1,algW_1,verW_1)),cvW_4,wrap(cvIw_4,(framed(OT_ATTEST,algH[],issuerId2[],fp(pk(skI2[])),h(authTuple(issuerId2[],fp(pk(skI2[])),ssetH[],algH[],verH[])),cvB[],plI_2),sign((BYTES,framed(OT_ATTEST,algH[],issuerId2[],fp(pk(skI2[])),h(authTuple(issuerId2[],fp(pk(skI2[])),ssetH[],algH[],verH[])),cvB[],plI_2)),skI2[]))))).

36. Using the function BYTES the attacker may obtain BYTES.
attacker(BYTES).

37. By 36, the attacker may know BYTES.
By 35, the attacker may know framed(OT_WRAPPER,algW_1,idW_6,fp(pk(k)),h(authTuple(idW_6,fp(pk(k)),ssW_1,algW_1,verW_1)),cvW_4,wrap(cvIw_4,(framed(OT_ATTEST,algH[],issuerId2[],fp(pk(skI2[])),h(authTuple(issuerId2[],fp(pk(skI2[])),ssetH[],algH[],verH[])),cvB[],plI_2),sign((BYTES,framed(OT_ATTEST,algH[],issuerId2[],fp(pk(skI2[])),h(authTuple(issuerId2[],fp(pk(skI2[])),ssetH[],algH[],verH[])),cvB[],plI_2)),skI2[])))).
Using the function 2-tuple the attacker may obtain (BYTES,framed(OT_WRAPPER,algW_1,idW_6,fp(pk(k)),h(authTuple(idW_6,fp(pk(k)),ssW_1,algW_1,verW_1)),cvW_4,wrap(cvIw_4,(framed(OT_ATTEST,algH[],issuerId2[],fp(pk(skI2[])),h(authTuple(issuerId2[],fp(pk(skI2[])),ssetH[],algH[],verH[])),cvB[],plI_2),sign((BYTES,framed(OT_ATTEST,algH[],issuerId2[],fp(pk(skI2[])),h(authTuple(issuerId2[],fp(pk(skI2[])),ssetH[],algH[],verH[])),cvB[],plI_2)),skI2[]))))).
attacker((BYTES,framed(OT_WRAPPER,algW_1,idW_6,fp(pk(k)),h(authTuple(idW_6,fp(pk(k)),ssW_1,algW_1,verW_1)),cvW_4,wrap(cvIw_4,(framed(OT_ATTEST,algH[],issuerId2[],fp(pk(skI2[])),h(authTuple(issuerId2[],fp(pk(skI2[])),ssetH[],algH[],verH[])),cvB[],plI_2),sign((BYTES,framed(OT_ATTEST,algH[],issuerId2[],fp(pk(skI2[])),h(authTuple(issuerId2[],fp(pk(skI2[])),ssetH[],algH[],verH[])),cvB[],plI_2)),skI2[])))))).

38. By 37, the attacker may know (BYTES,framed(OT_WRAPPER,algW_1,idW_6,fp(pk(k)),h(authTuple(idW_6,fp(pk(k)),ssW_1,algW_1,verW_1)),cvW_4,wrap(cvIw_4,(framed(OT_ATTEST,algH[],issuerId2[],fp(pk(skI2[])),h(authTuple(issuerId2[],fp(pk(skI2[])),ssetH[],algH[],verH[])),cvB[],plI_2),sign((BYTES,framed(OT_ATTEST,algH[],issuerId2[],fp(pk(skI2[])),h(authTuple(issuerId2[],fp(pk(skI2[])),ssetH[],algH[],verH[])),cvB[],plI_2)),skI2[]))))).
By 28, the attacker may know k.
Using the function sign the attacker may obtain sign((BYTES,framed(OT_WRAPPER,algW_1,idW_6,fp(pk(k)),h(authTuple(idW_6,fp(pk(k)),ssW_1,algW_1,verW_1)),cvW_4,wrap(cvIw_4,(framed(OT_ATTEST,algH[],issuerId2[],fp(pk(skI2[])),h(authTuple(issuerId2[],fp(pk(skI2[])),ssetH[],algH[],verH[])),cvB[],plI_2),sign((BYTES,framed(OT_ATTEST,algH[],issuerId2[],fp(pk(skI2[])),h(authTuple(issuerId2[],fp(pk(skI2[])),ssetH[],algH[],verH[])),cvB[],plI_2)),skI2[]))))),k).
attacker(sign((BYTES,framed(OT_WRAPPER,algW_1,idW_6,fp(pk(k)),h(authTuple(idW_6,fp(pk(k)),ssW_1,algW_1,verW_1)),cvW_4,wrap(cvIw_4,(framed(OT_ATTEST,algH[],issuerId2[],fp(pk(skI2[])),h(authTuple(issuerId2[],fp(pk(skI2[])),ssetH[],algH[],verH[])),cvB[],plI_2),sign((BYTES,framed(OT_ATTEST,algH[],issuerId2[],fp(pk(skI2[])),h(authTuple(issuerId2[],fp(pk(skI2[])),ssetH[],algH[],verH[])),cvB[],plI_2)),skI2[]))))),k)).

39. Using the function POSS the attacker may obtain POSS.
attacker(POSS).

40. By 39, the attacker may know POSS.
By 32, the attacker may know authTuple(idW_6,fp(pk(k)),ssW_1,algW_1,verW_1).
Using the function 2-tuple the attacker may obtain (POSS,authTuple(idW_6,fp(pk(k)),ssW_1,algW_1,verW_1)).
attacker((POSS,authTuple(idW_6,fp(pk(k)),ssW_1,algW_1,verW_1))).

41. By 40, the attacker may know (POSS,authTuple(idW_6,fp(pk(k)),ssW_1,algW_1,verW_1)).
By 28, the attacker may know k.
Using the function sign the attacker may obtain sign((POSS,authTuple(idW_6,fp(pk(k)),ssW_1,algW_1,verW_1)),k).
attacker(sign((POSS,authTuple(idW_6,fp(pk(k)),ssW_1,algW_1,verW_1)),k)).

42. By 14, the attacker may know STMT_DIGEST.
By 33, the attacker may know h(authTuple(idW_6,fp(pk(k)),ssW_1,algW_1,verW_1)).
Using the function 2-tuple the attacker may obtain (STMT_DIGEST,h(authTuple(idW_6,fp(pk(k)),ssW_1,algW_1,verW_1))).
attacker((STMT_DIGEST,h(authTuple(idW_6,fp(pk(k)),ssW_1,algW_1,verW_1)))).

43. By 42, the attacker may know (STMT_DIGEST,h(authTuple(idW_6,fp(pk(k)),ssW_1,algW_1,verW_1))).
By 6, the attacker may know skS[].
Using the function sign the attacker may obtain sign((STMT_DIGEST,h(authTuple(idW_6,fp(pk(k)),ssW_1,algW_1,verW_1))),skS[]).
attacker(sign((STMT_DIGEST,h(authTuple(idW_6,fp(pk(k)),ssW_1,algW_1,verW_1))),skS[])).

44. By 32, the attacker may know authTuple(idW_6,fp(pk(k)),ssW_1,algW_1,verW_1).
By 43, the attacker may know sign((STMT_DIGEST,h(authTuple(idW_6,fp(pk(k)),ssW_1,algW_1,verW_1))),skS[]).
By 29, the attacker may know pk(k).
By 41, the attacker may know sign((POSS,authTuple(idW_6,fp(pk(k)),ssW_1,algW_1,verW_1)),k).
By 38, the attacker may know sign((BYTES,framed(OT_WRAPPER,algW_1,idW_6,fp(pk(k)),h(authTuple(idW_6,fp(pk(k)),ssW_1,algW_1,verW_1)),cvW_4,wrap(cvIw_4,(framed(OT_ATTEST,algH[],issuerId2[],fp(pk(skI2[])),h(authTuple(issuerId2[],fp(pk(skI2[])),ssetH[],algH[],verH[])),cvB[],plI_2),sign((BYTES,framed(OT_ATTEST,algH[],issuerId2[],fp(pk(skI2[])),h(authTuple(issuerId2[],fp(pk(skI2[])),ssetH[],algH[],verH[])),cvB[],plI_2)),skI2[]))))),k).
By 35, the attacker may know framed(OT_WRAPPER,algW_1,idW_6,fp(pk(k)),h(authTuple(idW_6,fp(pk(k)),ssW_1,algW_1,verW_1)),cvW_4,wrap(cvIw_4,(framed(OT_ATTEST,algH[],issuerId2[],fp(pk(skI2[])),h(authTuple(issuerId2[],fp(pk(skI2[])),ssetH[],algH[],verH[])),cvB[],plI_2),sign((BYTES,framed(OT_ATTEST,algH[],issuerId2[],fp(pk(skI2[])),h(authTuple(issuerId2[],fp(pk(skI2[])),ssetH[],algH[],verH[])),cvB[],plI_2)),skI2[])))).
By 12, the attacker may know authTuple(issuerId2[],fp(pk(skI2[])),ssetH[],algH[],verH[]).
By 16, the attacker may know sign((STMT_DIGEST,h(authTuple(issuerId2[],fp(pk(skI2[])),ssetH[],algH[],verH[]))),skS[]).
By 5, the attacker may know pk(skI2[]).
By 4, the attacker may know sign((POSS,authTuple(issuerId2[],fp(pk(skI2[])),ssetH[],algH[],verH[])),skI2[]).
Using the function 10-tuple the attacker may obtain (authTuple(idW_6,fp(pk(k)),ssW_1,algW_1,verW_1),sign((STMT_DIGEST,h(authTuple(idW_6,fp(pk(k)),ssW_1,algW_1,verW_1))),skS[]),pk(k),sign((POSS,authTuple(idW_6,fp(pk(k)),ssW_1,algW_1,verW_1)),k),sign((BYTES,framed(OT_WRAPPER,algW_1,idW_6,fp(pk(k)),h(authTuple(idW_6,fp(pk(k)),ssW_1,algW_1,verW_1)),cvW_4,wrap(cvIw_4,(framed(OT_ATTEST,algH[],issuerId2[],fp(pk(skI2[])),h(authTuple(issuerId2[],fp(pk(skI2[])),ssetH[],algH[],verH[])),cvB[],plI_2),sign((BYTES,framed(OT_ATTEST,algH[],issuerId2[],fp(pk(skI2[])),h(authTuple(issuerId2[],fp(pk(skI2[])),ssetH[],algH[],verH[])),cvB[],plI_2)),skI2[]))))),k),framed(OT_WRAPPER,algW_1,idW_6,fp(pk(k)),h(authTuple(idW_6,fp(pk(k)),ssW_1,algW_1,verW_1)),cvW_4,wrap(cvIw_4,(framed(OT_ATTEST,algH[],issuerId2[],fp(pk(skI2[])),h(authTuple(issuerId2[],fp(pk(skI2[])),ssetH[],algH[],verH[])),cvB[],plI_2),sign((BYTES,framed(OT_ATTEST,algH[],issuerId2[],fp(pk(skI2[])),h(authTuple(issuerId2[],fp(pk(skI2[])),ssetH[],algH[],verH[])),cvB[],plI_2)),skI2[])))),authTuple(issuerId2[],fp(pk(skI2[])),ssetH[],algH[],verH[]),sign((STMT_DIGEST,h(authTuple(issuerId2[],fp(pk(skI2[])),ssetH[],algH[],verH[]))),skS[]),pk(skI2[]),sign((POSS,authTuple(issuerId2[],fp(pk(skI2[])),ssetH[],algH[],verH[])),skI2[])).
attacker((authTuple(idW_6,fp(pk(k)),ssW_1,algW_1,verW_1),sign((STMT_DIGEST,h(authTuple(idW_6,fp(pk(k)),ssW_1,algW_1,verW_1))),skS[]),pk(k),sign((POSS,authTuple(idW_6,fp(pk(k)),ssW_1,algW_1,verW_1)),k),sign((BYTES,framed(OT_WRAPPER,algW_1,idW_6,fp(pk(k)),h(authTuple(idW_6,fp(pk(k)),ssW_1,algW_1,verW_1)),cvW_4,wrap(cvIw_4,(framed(OT_ATTEST,algH[],issuerId2[],fp(pk(skI2[])),h(authTuple(issuerId2[],fp(pk(skI2[])),ssetH[],algH[],verH[])),cvB[],plI_2),sign((BYTES,framed(OT_ATTEST,algH[],issuerId2[],fp(pk(skI2[])),h(authTuple(issuerId2[],fp(pk(skI2[])),ssetH[],algH[],verH[])),cvB[],plI_2)),skI2[]))))),k),framed(OT_WRAPPER,algW_1,idW_6,fp(pk(k)),h(authTuple(idW_6,fp(pk(k)),ssW_1,algW_1,verW_1)),cvW_4,wrap(cvIw_4,(framed(OT_ATTEST,algH[],issuerId2[],fp(pk(skI2[])),h(authTuple(issuerId2[],fp(pk(skI2[])),ssetH[],algH[],verH[])),cvB[],plI_2),sign((BYTES,framed(OT_ATTEST,algH[],issuerId2[],fp(pk(skI2[])),h(authTuple(issuerId2[],fp(pk(skI2[])),ssetH[],algH[],verH[])),cvB[],plI_2)),skI2[])))),authTuple(issuerId2[],fp(pk(skI2[])),ssetH[],algH[],verH[]),sign((STMT_DIGEST,h(authTuple(issuerId2[],fp(pk(skI2[])),ssetH[],algH[],verH[]))),skS[]),pk(skI2[]),sign((POSS,authTuple(issuerId2[],fp(pk(skI2[])),ssetH[],algH[],verH[])),skI2[]))).

45. The message (authTuple(idW_6,fp(pk(k)),ssW_1,algW_1,verW_1),sign((STMT_DIGEST,h(authTuple(idW_6,fp(pk(k)),ssW_1,algW_1,verW_1))),skS[]),pk(k),sign((POSS,authTuple(idW_6,fp(pk(k)),ssW_1,algW_1,verW_1)),k),sign((BYTES,framed(OT_WRAPPER,algW_1,idW_6,fp(pk(k)),h(authTuple(idW_6,fp(pk(k)),ssW_1,algW_1,verW_1)),cvW_4,wrap(cvIw_4,(framed(OT_ATTEST,algH[],issuerId2[],fp(pk(skI2[])),h(authTuple(issuerId2[],fp(pk(skI2[])),ssetH[],algH[],verH[])),cvB[],plI_2),sign((BYTES,framed(OT_ATTEST,algH[],issuerId2[],fp(pk(skI2[])),h(authTuple(issuerId2[],fp(pk(skI2[])),ssetH[],algH[],verH[])),cvB[],plI_2)),skI2[]))))),k),framed(OT_WRAPPER,algW_1,idW_6,fp(pk(k)),h(authTuple(idW_6,fp(pk(k)),ssW_1,algW_1,verW_1)),cvW_4,wrap(cvIw_4,(framed(OT_ATTEST,algH[],issuerId2[],fp(pk(skI2[])),h(authTuple(issuerId2[],fp(pk(skI2[])),ssetH[],algH[],verH[])),cvB[],plI_2),sign((BYTES,framed(OT_ATTEST,algH[],issuerId2[],fp(pk(skI2[])),h(authTuple(issuerId2[],fp(pk(skI2[])),ssetH[],algH[],verH[])),cvB[],plI_2)),skI2[])))),authTuple(issuerId2[],fp(pk(skI2[])),ssetH[],algH[],verH[]),sign((STMT_DIGEST,h(authTuple(issuerId2[],fp(pk(skI2[])),ssetH[],algH[],verH[]))),skS[]),pk(skI2[]),sign((POSS,authTuple(issuerId2[],fp(pk(skI2[])),ssetH[],algH[],verH[])),skI2[])) that the attacker may have by 44 may be received at input {133}.
So the message (wctx(pk(k),idW_6,framed(OT_WRAPPER,algW_1,idW_6,fp(pk(k)),h(authTuple(idW_6,fp(pk(k)),ssW_1,algW_1,verW_1)),cvW_4,wrap(cvIw_4,(framed(OT_ATTEST,algH[],issuerId2[],fp(pk(skI2[])),h(authTuple(issuerId2[],fp(pk(skI2[])),ssetH[],algH[],verH[])),cvB[],plI_2),sign((BYTES,framed(OT_ATTEST,algH[],issuerId2[],fp(pk(skI2[])),h(authTuple(issuerId2[],fp(pk(skI2[])),ssetH[],algH[],verH[])),cvB[],plI_2)),skI2[]))))),pk(skI2[]),issuerId2[],framed(OT_ATTEST,algH[],issuerId2[],fp(pk(skI2[])),h(authTuple(issuerId2[],fp(pk(skI2[])),ssetH[],algH[],verH[])),cvB[],plI_2)) may be sent on channel scopeCh[] at output {152}.
mess(scopeCh[],(wctx(pk(k),idW_6,framed(OT_WRAPPER,algW_1,idW_6,fp(pk(k)),h(authTuple(idW_6,fp(pk(k)),ssW_1,algW_1,verW_1)),cvW_4,wrap(cvIw_4,(framed(OT_ATTEST,algH[],issuerId2[],fp(pk(skI2[])),h(authTuple(issuerId2[],fp(pk(skI2[])),ssetH[],algH[],verH[])),cvB[],plI_2),sign((BYTES,framed(OT_ATTEST,algH[],issuerId2[],fp(pk(skI2[])),h(authTuple(issuerId2[],fp(pk(skI2[])),ssetH[],algH[],verH[])),cvB[],plI_2)),skI2[]))))),pk(skI2[]),issuerId2[],framed(OT_ATTEST,algH[],issuerId2[],fp(pk(skI2[])),h(authTuple(issuerId2[],fp(pk(skI2[])),ssetH[],algH[],verH[])),cvB[],plI_2))).

46. The message (pk(skI2[]),issuerId2[],framed(OT_ATTEST,algH[],issuerId2[],fp(pk(skI2[])),h(authTuple(issuerId2[],fp(pk(skI2[])),ssetH[],algH[],verH[])),cvB[],plI_2)) that may be sent on channel honestInnerCh[] by 2 may be received at input {167}.
The message (wctx(pk(k),idW_6,framed(OT_WRAPPER,algW_1,idW_6,fp(pk(k)),h(authTuple(idW_6,fp(pk(k)),ssW_1,algW_1,verW_1)),cvW_4,wrap(cvIw_4,(framed(OT_ATTEST,algH[],issuerId2[],fp(pk(skI2[])),h(authTuple(issuerId2[],fp(pk(skI2[])),ssetH[],algH[],verH[])),cvB[],plI_2),sign((BYTES,framed(OT_ATTEST,algH[],issuerId2[],fp(pk(skI2[])),h(authTuple(issuerId2[],fp(pk(skI2[])),ssetH[],algH[],verH[])),cvB[],plI_2)),skI2[]))))),pk(skI2[]),issuerId2[],framed(OT_ATTEST,algH[],issuerId2[],fp(pk(skI2[])),h(authTuple(issuerId2[],fp(pk(skI2[])),ssetH[],algH[],verH[])),cvB[],plI_2)) that may be sent on channel scopeCh[] by 45 may be received at input {168}.
So event HonestWrappedAccepted(pk(skI2[]),framed(OT_ATTEST,algH[],issuerId2[],fp(pk(skI2[])),h(authTuple(issuerId2[],fp(pk(skI2[])),ssetH[],algH[],verH[])),cvB[],plI_2),pk(k)) may be executed at {170}.
event(HonestWrappedAccepted(pk(skI2[]),framed(OT_ATTEST,algH[],issuerId2[],fp(pk(skI2[])),h(authTuple(issuerId2[],fp(pk(skI2[])),ssetH[],algH[],verH[])),cvB[],plI_2),pk(k))).

47. By 46, event(HonestWrappedAccepted(pk(skI2[]),framed(OT_ATTEST,algH[],issuerId2[],fp(pk(skI2[])),h(authTuple(issuerId2[],fp(pk(skI2[])),ssetH[],algH[],verH[])),cvB[],plI_2),pk(k))).
The goal is reached, represented in the following fact:
event(HonestWrappedAccepted(pk(skI2[]),framed(OT_ATTEST,algH[],issuerId2[],fp(pk(skI2[])),h(authTuple(issuerId2[],fp(pk(skI2[])),ssetH[],algH[],verH[])),cvB[],plI_2),pk(k))).


A more detailed output of the traces is available with
  set traceDisplay = long.

new skS: skey creating skS_5 at {1}

new skI1: skey creating skI1_1 at {2}

new skI2: skey creating skI2_1 at {3}

new skW1: skey creating skW1_1 at {4}

new skW2: skey creating skW2_1 at {5}

out(c, ~M) with ~M = pk(skS_5) at {10}

out(c, ~M_1) with ~M_1 = pk(skI1_1) at {11}

out(c, ~M_2) with ~M_2 = pk(skI2_1) at {12}

out(c, ~M_3) with ~M_3 = pk(skW1_1) at {13}

out(c, ~M_4) with ~M_4 = pk(skW2_1) at {14}

out(c, authTuple(~M_5,~M_6,~M_7,~M_8,~M_9)) with ~M_5 = issuerId, ~M_6 = fp(pk(skI1_1)), ~M_7 = ssetH, ~M_8 = algH, ~M_9 = verH at {15}

out(c, authTuple(~M_10,~M_11,~M_12,~M_13,~M_14)) with ~M_10 = issuerId2, ~M_11 = fp(pk(skI2_1)), ~M_12 = ssetH, ~M_13 = algH, ~M_14 = verH at {16}

out(c, authTuple(~M_15,~M_16,~M_17,~M_18,~M_19)) with ~M_15 = idW1, ~M_16 = fp(pk(skW1_1)), ~M_17 = ssetH, ~M_18 = algH, ~M_19 = verH at {17}

out(c, authTuple(~M_20,~M_21,~M_22,~M_23,~M_24)) with ~M_20 = idW2, ~M_21 = fp(pk(skW2_1)), ~M_22 = ssetH, ~M_23 = algH, ~M_24 = verH at {18}

out(c, ~M_25) with ~M_25 = skS_5 at {19}

in(c, a) at {68} in copy a_1

event IssuerPossession(pk(skI2_1)) at {69} in copy a_1

out(c, ~M_26) with ~M_26 = sign((POSS,authTuple(issuerId2,fp(pk(skI2_1)),ssetH,algH,verH)),skI2_1) at {71} in copy a_1

event IssuerSigned(pk(skI2_1),framed(OT_ATTEST,algH,issuerId2,fp(pk(skI2_1)),h(authTuple(issuerId2,fp(pk(skI2_1)),ssetH,algH,verH)),cvB,a)) at {74} in copy a_1

out(c, ~M_27) with ~M_27 = sign((BYTES,framed(OT_ATTEST,algH,issuerId2,fp(pk(skI2_1)),h(authTuple(issuerId2,fp(pk(skI2_1)),ssetH,algH,verH)),cvB,a)),skI2_1) at {79} in copy a_1

in(c, a_2) at {68} in copy a_3

event IssuerPossession(pk(skI2_1)) at {69} in copy a_3

out(c, ~M_28) with ~M_28 = sign((POSS,authTuple(issuerId2,fp(pk(skI2_1)),ssetH,algH,verH)),skI2_1) at {71} in copy a_3

event IssuerSigned(pk(skI2_1),framed(OT_ATTEST,algH,issuerId2,fp(pk(skI2_1)),h(authTuple(issuerId2,fp(pk(skI2_1)),ssetH,algH,verH)),cvB,a_2)) at {74} in copy a_3

out(c, ~M_29) with ~M_29 = sign((BYTES,framed(OT_ATTEST,algH,issuerId2,fp(pk(skI2_1)),h(authTuple(issuerId2,fp(pk(skI2_1)),ssetH,algH,verH)),cvB,a_2)),skI2_1) at {79} in copy a_3

in(c, a) at {68} in copy a_4

event IssuerPossession(pk(skI2_1)) at {69} in copy a_4

out(c, ~M_30) with ~M_30 = sign((POSS,authTuple(issuerId2,fp(pk(skI2_1)),ssetH,algH,verH)),skI2_1) at {71} in copy a_4

event IssuerSigned(pk(skI2_1),framed(OT_ATTEST,algH,issuerId2,fp(pk(skI2_1)),h(authTuple(issuerId2,fp(pk(skI2_1)),ssetH,algH,verH)),cvB,a)) at {74} in copy a_4

out(c, ~M_31) with ~M_31 = sign((BYTES,framed(OT_ATTEST,algH,issuerId2,fp(pk(skI2_1)),h(authTuple(issuerId2,fp(pk(skI2_1)),ssetH,algH,verH)),cvB,a)),skI2_1) at {79} in copy a_4

in(c, (authTuple(a_5,fp(pk(a_6)),a_7,a_8,a_9),sign((STMT_DIGEST,h(authTuple(a_5,fp(pk(a_6)),a_7,a_8,a_9))),~M_25),pk(a_6),sign((POSS,authTuple(a_5,fp(pk(a_6)),a_7,a_8,a_9)),a_6),sign((BYTES,framed(OT_WRAPPER,a_8,a_5,fp(pk(a_6)),h(authTuple(a_5,fp(pk(a_6)),a_7,a_8,a_9)),a_10,wrap(a_11,(framed(OT_ATTEST,algH,issuerId2,fp(~M_2),h(authTuple(issuerId2,fp(~M_2),ssetH,algH,verH)),cvB,a),~M_27)))),a_6),framed(OT_WRAPPER,a_8,a_5,fp(pk(a_6)),h(authTuple(a_5,fp(pk(a_6)),a_7,a_8,a_9)),a_10,wrap(a_11,(framed(OT_ATTEST,algH,issuerId2,fp(~M_2),h(authTuple(issuerId2,fp(~M_2),ssetH,algH,verH)),cvB,a),~M_27))),authTuple(issuerId2,fp(~M_2),ssetH,algH,verH),sign((STMT_DIGEST,h(authTuple(issuerId2,fp(~M_2),ssetH,algH,verH))),~M_25),~M_2,~M_26)) with sign((STMT_DIGEST,h(authTuple(a_5,fp(pk(a_6)),a_7,a_8,a_9))),~M_25) = sign((STMT_DIGEST,h(authTuple(a_5,fp(pk(a_6)),a_7,a_8,a_9))),skS_5), sign((BYTES,framed(OT_WRAPPER,a_8,a_5,fp(pk(a_6)),h(authTuple(a_5,fp(pk(a_6)),a_7,a_8,a_9)),a_10,wrap(a_11,(framed(OT_ATTEST,algH,issuerId2,fp(~M_2),h(authTuple(issuerId2,fp(~M_2),ssetH,algH,verH)),cvB,a),~M_27)))),a_6) = sign((BYTES,framed(OT_WRAPPER,a_8,a_5,fp(pk(a_6)),h(authTuple(a_5,fp(pk(a_6)),a_7,a_8,a_9)),a_10,wrap(a_11,(framed(OT_ATTEST,algH,issuerId2,fp(pk(skI2_1)),h(authTuple(issuerId2,fp(pk(skI2_1)),ssetH,algH,verH)),cvB,a),sign((BYTES,framed(OT_ATTEST,algH,issuerId2,fp(pk(skI2_1)),h(authTuple(issuerId2,fp(pk(skI2_1)),ssetH,algH,verH)),cvB,a)),skI2_1))))),a_6), fp(~M_2) = fp(pk(skI2_1)), h(authTuple(issuerId2,fp(~M_2),ssetH,algH,verH)) = h(authTuple(issuerId2,fp(pk(skI2_1)),ssetH,algH,verH)), ~M_27 = sign((BYTES,framed(OT_ATTEST,algH,issuerId2,fp(pk(skI2_1)),h(authTuple(issuerId2,fp(pk(skI2_1)),ssetH,algH,verH)),cvB,a)),skI2_1), fp(~M_2) = fp(pk(skI2_1)), sign((STMT_DIGEST,h(authTuple(issuerId2,fp(~M_2),ssetH,algH,verH))),~M_25) = sign((STMT_DIGEST,h(authTuple(issuerId2,fp(pk(skI2_1)),ssetH,algH,verH))),skS_5), ~M_2 = pk(skI2_1), ~M_26 = sign((POSS,authTuple(issuerId2,fp(pk(skI2_1)),ssetH,algH,verH)),skI2_1) at {133} in copy a_12

event AcceptOuter(pk(a_6),a_5,framed(OT_WRAPPER,a_8,a_5,fp(pk(a_6)),h(authTuple(a_5,fp(pk(a_6)),a_7,a_8,a_9)),a_10,wrap(a_11,(framed(OT_ATTEST,algH,issuerId2,fp(pk(skI2_1)),h(authTuple(issuerId2,fp(pk(skI2_1)),ssetH,algH,verH)),cvB,a),sign((BYTES,framed(OT_ATTEST,algH,issuerId2,fp(pk(skI2_1)),h(authTuple(issuerId2,fp(pk(skI2_1)),ssetH,algH,verH)),cvB,a)),skI2_1))))) at {141} in copy a_12

event AcceptInner(wctx(pk(a_6),a_5,framed(OT_WRAPPER,a_8,a_5,fp(pk(a_6)),h(authTuple(a_5,fp(pk(a_6)),a_7,a_8,a_9)),a_10,wrap(a_11,(framed(OT_ATTEST,algH,issuerId2,fp(pk(skI2_1)),h(authTuple(issuerId2,fp(pk(skI2_1)),ssetH,algH,verH)),cvB,a),sign((BYTES,framed(OT_ATTEST,algH,issuerId2,fp(pk(skI2_1)),h(authTuple(issuerId2,fp(pk(skI2_1)),ssetH,algH,verH)),cvB,a)),skI2_1))))),pk(skI2_1),issuerId2,framed(OT_ATTEST,algH,issuerId2,fp(pk(skI2_1)),h(authTuple(issuerId2,fp(pk(skI2_1)),ssetH,algH,verH)),cvB,a)) at {149} in copy a_12

out(honestInnerCh, (pk(skI2_1),issuerId2,framed(OT_ATTEST,algH,issuerId2,fp(pk(skI2_1)),h(authTuple(issuerId2,fp(pk(skI2_1)),ssetH,algH,verH)),cvB,a))) at {77} in copy a_1 received at {167} in copy a_13

out(scopeCh, (wctx(pk(a_6),a_5,framed(OT_WRAPPER,a_8,a_5,fp(pk(a_6)),h(authTuple(a_5,fp(pk(a_6)),a_7,a_8,a_9)),a_10,wrap(a_11,(framed(OT_ATTEST,algH,issuerId2,fp(pk(skI2_1)),h(authTuple(issuerId2,fp(pk(skI2_1)),ssetH,algH,verH)),cvB,a),sign((BYTES,framed(OT_ATTEST,algH,issuerId2,fp(pk(skI2_1)),h(authTuple(issuerId2,fp(pk(skI2_1)),ssetH,algH,verH)),cvB,a)),skI2_1))))),pk(skI2_1),issuerId2,framed(OT_ATTEST,algH,issuerId2,fp(pk(skI2_1)),h(authTuple(issuerId2,fp(pk(skI2_1)),ssetH,algH,verH)),cvB,a))) at {152} in copy a_12 received at {168} in copy a_13

event HonestWrappedAccepted(pk(skI2_1),framed(OT_ATTEST,algH,issuerId2,fp(pk(skI2_1)),h(authTuple(issuerId2,fp(pk(skI2_1)),ssetH,algH,verH)),cvB,a),pk(a_6)) at {170} in copy a_13 (goal)

The event HonestWrappedAccepted(pk(skI2_1),framed(OT_ATTEST,algH,issuerId2,fp(pk(skI2_1)),h(authTuple(issuerId2,fp(pk(skI2_1)),ssetH,algH,verH)),cvB,a),pk(a_6)) is executed at {170} in copy a_13.
A trace has been found.
RESULT not event(HonestWrappedAccepted(kH_3,fb,kW_3)) is false.
-- Query not event(HonestAccepted(k,fb)) in process 1.
Translating the process into Horn clauses...
Completing...
200 rules inserted. Base: 173 rules (77 with conclusion selected). Queue: 66 rules.
400 rules inserted. Base: 244 rules (77 with conclusion selected). Queue: 133 rules.
600 rules inserted. Base: 273 rules (77 with conclusion selected). Queue: 148 rules.
800 rules inserted. Base: 345 rules (81 with conclusion selected). Queue: 228 rules.
1000 rules inserted. Base: 423 rules (86 with conclusion selected). Queue: 285 rules.
1200 rules inserted. Base: 486 rules (92 with conclusion selected). Queue: 409 rules.
1400 rules inserted. Base: 488 rules (92 with conclusion selected). Queue: 426 rules.
1600 rules inserted. Base: 491 rules (92 with conclusion selected). Queue: 400 rules.
1800 rules inserted. Base: 475 rules (92 with conclusion selected). Queue: 402 rules.
2000 rules inserted. Base: 488 rules (96 with conclusion selected). Queue: 397 rules.
2200 rules inserted. Base: 514 rules (96 with conclusion selected). Queue: 371 rules.
2400 rules inserted. Base: 606 rules (96 with conclusion selected). Queue: 363 rules.
2600 rules inserted. Base: 615 rules (96 with conclusion selected). Queue: 381 rules.
2800 rules inserted. Base: 640 rules (96 with conclusion selected). Queue: 339 rules.
3000 rules inserted. Base: 743 rules (111 with conclusion selected). Queue: 251 rules.
3200 rules inserted. Base: 743 rules (123 with conclusion selected). Queue: 190 rules.
3400 rules inserted. Base: 806 rules (147 with conclusion selected). Queue: 72 rules.
Starting query not event(HonestAccepted(k,fb))
goal reachable: attacker(plI_2) -> event(HonestAccepted(pk(skI2[]),framed(OT_ATTEST,algH[],issuerId2[],fp(pk(skI2[])),h(authTuple(issuerId2[],fp(pk(skI2[])),ssetH[],algH[],verH[])),cvB[],plI_2)))

Derivation:

1. We assume as hypothesis that
attacker(plI_2).

2. The message plI_2 that the attacker may have by 1 may be received at input {68}.
So the message (pk(skI2[]),framed(OT_ATTEST,algH[],issuerId2[],fp(pk(skI2[])),h(authTuple(issuerId2[],fp(pk(skI2[])),ssetH[],algH[],verH[])),cvB[],plI_2)) may be sent on channel honestCh[] at output {76}.
mess(honestCh[],(pk(skI2[]),framed(OT_ATTEST,algH[],issuerId2[],fp(pk(skI2[])),h(authTuple(issuerId2[],fp(pk(skI2[])),ssetH[],algH[],verH[])),cvB[],plI_2))).

3. The attacker initially knows cvB[].
attacker(cvB[]).

4. The attacker initially knows verH[].
attacker(verH[]).

5. The attacker initially knows algH[].
attacker(algH[]).

6. The attacker initially knows ssetH[].
attacker(ssetH[]).

7. The message pk(skI2[]) may be sent to the attacker at output {12}.
attacker(pk(skI2[])).

8. By 7, the attacker may know pk(skI2[]).
Using the function fp the attacker may obtain fp(pk(skI2[])).
attacker(fp(pk(skI2[]))).

9. The attacker initially knows issuerId2[].
attacker(issuerId2[]).

10. By 9, the attacker may know issuerId2[].
By 8, the attacker may know fp(pk(skI2[])).
By 6, the attacker may know ssetH[].
By 5, the attacker may know algH[].
By 4, the attacker may know verH[].
Using the function authTuple the attacker may obtain authTuple(issuerId2[],fp(pk(skI2[])),ssetH[],algH[],verH[]).
attacker(authTuple(issuerId2[],fp(pk(skI2[])),ssetH[],algH[],verH[])).

11. By 10, the attacker may know authTuple(issuerId2[],fp(pk(skI2[])),ssetH[],algH[],verH[]).
Using the function h the attacker may obtain h(authTuple(issuerId2[],fp(pk(skI2[])),ssetH[],algH[],verH[])).
attacker(h(authTuple(issuerId2[],fp(pk(skI2[])),ssetH[],algH[],verH[]))).

12. Using the function OT_ATTEST the attacker may obtain OT_ATTEST.
attacker(OT_ATTEST).

13. By 12, the attacker may know OT_ATTEST.
By 5, the attacker may know algH[].
By 9, the attacker may know issuerId2[].
By 8, the attacker may know fp(pk(skI2[])).
By 11, the attacker may know h(authTuple(issuerId2[],fp(pk(skI2[])),ssetH[],algH[],verH[])).
By 3, the attacker may know cvB[].
By 1, the attacker may know plI_2.
Using the function framed the attacker may obtain framed(OT_ATTEST,algH[],issuerId2[],fp(pk(skI2[])),h(authTuple(issuerId2[],fp(pk(skI2[])),ssetH[],algH[],verH[])),cvB[],plI_2).
attacker(framed(OT_ATTEST,algH[],issuerId2[],fp(pk(skI2[])),h(authTuple(issuerId2[],fp(pk(skI2[])),ssetH[],algH[],verH[])),cvB[],plI_2)).

14. The message plI_2 that the attacker may have by 1 may be received at input {68}.
So the message sign((BYTES,framed(OT_ATTEST,algH[],issuerId2[],fp(pk(skI2[])),h(authTuple(issuerId2[],fp(pk(skI2[])),ssetH[],algH[],verH[])),cvB[],plI_2)),skI2[]) may be sent to the attacker at output {79}.
attacker(sign((BYTES,framed(OT_ATTEST,algH[],issuerId2[],fp(pk(skI2[])),h(authTuple(issuerId2[],fp(pk(skI2[])),ssetH[],algH[],verH[])),cvB[],plI_2)),skI2[])).

15. The attacker has some term payload_3.
attacker(payload_3).

16. The message payload_3 that the attacker may have by 15 may be received at input {68}.
So the message sign((POSS,authTuple(issuerId2[],fp(pk(skI2[])),ssetH[],algH[],verH[])),skI2[]) may be sent to the attacker at output {71}.
attacker(sign((POSS,authTuple(issuerId2[],fp(pk(skI2[])),ssetH[],algH[],verH[])),skI2[])).

17. The message skS[] may be sent to the attacker at output {19}.
attacker(skS[]).

18. Using the function STMT_DIGEST the attacker may obtain STMT_DIGEST.
attacker(STMT_DIGEST).

19. By 18, the attacker may know STMT_DIGEST.
By 11, the attacker may know h(authTuple(issuerId2[],fp(pk(skI2[])),ssetH[],algH[],verH[])).
Using the function 2-tuple the attacker may obtain (STMT_DIGEST,h(authTuple(issuerId2[],fp(pk(skI2[])),ssetH[],algH[],verH[]))).
attacker((STMT_DIGEST,h(authTuple(issuerId2[],fp(pk(skI2[])),ssetH[],algH[],verH[])))).

20. By 19, the attacker may know (STMT_DIGEST,h(authTuple(issuerId2[],fp(pk(skI2[])),ssetH[],algH[],verH[]))).
By 17, the attacker may know skS[].
Using the function sign the attacker may obtain sign((STMT_DIGEST,h(authTuple(issuerId2[],fp(pk(skI2[])),ssetH[],algH[],verH[]))),skS[]).
attacker(sign((STMT_DIGEST,h(authTuple(issuerId2[],fp(pk(skI2[])),ssetH[],algH[],verH[]))),skS[])).

21. By 10, the attacker may know authTuple(issuerId2[],fp(pk(skI2[])),ssetH[],algH[],verH[]).
By 20, the attacker may know sign((STMT_DIGEST,h(authTuple(issuerId2[],fp(pk(skI2[])),ssetH[],algH[],verH[]))),skS[]).
By 7, the attacker may know pk(skI2[]).
By 16, the attacker may know sign((POSS,authTuple(issuerId2[],fp(pk(skI2[])),ssetH[],algH[],verH[])),skI2[]).
By 14, the attacker may know sign((BYTES,framed(OT_ATTEST,algH[],issuerId2[],fp(pk(skI2[])),h(authTuple(issuerId2[],fp(pk(skI2[])),ssetH[],algH[],verH[])),cvB[],plI_2)),skI2[]).
By 13, the attacker may know framed(OT_ATTEST,algH[],issuerId2[],fp(pk(skI2[])),h(authTuple(issuerId2[],fp(pk(skI2[])),ssetH[],algH[],verH[])),cvB[],plI_2).
Using the function 6-tuple the attacker may obtain (authTuple(issuerId2[],fp(pk(skI2[])),ssetH[],algH[],verH[]),sign((STMT_DIGEST,h(authTuple(issuerId2[],fp(pk(skI2[])),ssetH[],algH[],verH[]))),skS[]),pk(skI2[]),sign((POSS,authTuple(issuerId2[],fp(pk(skI2[])),ssetH[],algH[],verH[])),skI2[]),sign((BYTES,framed(OT_ATTEST,algH[],issuerId2[],fp(pk(skI2[])),h(authTuple(issuerId2[],fp(pk(skI2[])),ssetH[],algH[],verH[])),cvB[],plI_2)),skI2[]),framed(OT_ATTEST,algH[],issuerId2[],fp(pk(skI2[])),h(authTuple(issuerId2[],fp(pk(skI2[])),ssetH[],algH[],verH[])),cvB[],plI_2)).
attacker((authTuple(issuerId2[],fp(pk(skI2[])),ssetH[],algH[],verH[]),sign((STMT_DIGEST,h(authTuple(issuerId2[],fp(pk(skI2[])),ssetH[],algH[],verH[]))),skS[]),pk(skI2[]),sign((POSS,authTuple(issuerId2[],fp(pk(skI2[])),ssetH[],algH[],verH[])),skI2[]),sign((BYTES,framed(OT_ATTEST,algH[],issuerId2[],fp(pk(skI2[])),h(authTuple(issuerId2[],fp(pk(skI2[])),ssetH[],algH[],verH[])),cvB[],plI_2)),skI2[]),framed(OT_ATTEST,algH[],issuerId2[],fp(pk(skI2[])),h(authTuple(issuerId2[],fp(pk(skI2[])),ssetH[],algH[],verH[])),cvB[],plI_2))).

22. The message (authTuple(issuerId2[],fp(pk(skI2[])),ssetH[],algH[],verH[]),sign((STMT_DIGEST,h(authTuple(issuerId2[],fp(pk(skI2[])),ssetH[],algH[],verH[]))),skS[]),pk(skI2[]),sign((POSS,authTuple(issuerId2[],fp(pk(skI2[])),ssetH[],algH[],verH[])),skI2[]),sign((BYTES,framed(OT_ATTEST,algH[],issuerId2[],fp(pk(skI2[])),h(authTuple(issuerId2[],fp(pk(skI2[])),ssetH[],algH[],verH[])),cvB[],plI_2)),skI2[]),framed(OT_ATTEST,algH[],issuerId2[],fp(pk(skI2[])),h(authTuple(issuerId2[],fp(pk(skI2[])),ssetH[],algH[],verH[])),cvB[],plI_2)) that the attacker may have by 21 may be received at input {119}.
So the message (BASE,pk(skI2[]),issuerId2[],framed(OT_ATTEST,algH[],issuerId2[],fp(pk(skI2[])),h(authTuple(issuerId2[],fp(pk(skI2[])),ssetH[],algH[],verH[])),cvB[],plI_2)) may be sent on channel acceptCh[] at output {128}.
mess(acceptCh[],(BASE,pk(skI2[]),issuerId2[],framed(OT_ATTEST,algH[],issuerId2[],fp(pk(skI2[])),h(authTuple(issuerId2[],fp(pk(skI2[])),ssetH[],algH[],verH[])),cvB[],plI_2))).

23. The message (pk(skI2[]),framed(OT_ATTEST,algH[],issuerId2[],fp(pk(skI2[])),h(authTuple(issuerId2[],fp(pk(skI2[])),ssetH[],algH[],verH[])),cvB[],plI_2)) that may be sent on channel honestCh[] by 2 may be received at input {155}.
The message (BASE,pk(skI2[]),issuerId2[],framed(OT_ATTEST,algH[],issuerId2[],fp(pk(skI2[])),h(authTuple(issuerId2[],fp(pk(skI2[])),ssetH[],algH[],verH[])),cvB[],plI_2)) that may be sent on channel acceptCh[] by 22 may be received at input {156}.
So event HonestAccepted(pk(skI2[]),framed(OT_ATTEST,algH[],issuerId2[],fp(pk(skI2[])),h(authTuple(issuerId2[],fp(pk(skI2[])),ssetH[],algH[],verH[])),cvB[],plI_2)) may be executed at {159}.
event(HonestAccepted(pk(skI2[]),framed(OT_ATTEST,algH[],issuerId2[],fp(pk(skI2[])),h(authTuple(issuerId2[],fp(pk(skI2[])),ssetH[],algH[],verH[])),cvB[],plI_2))).

24. By 23, event(HonestAccepted(pk(skI2[]),framed(OT_ATTEST,algH[],issuerId2[],fp(pk(skI2[])),h(authTuple(issuerId2[],fp(pk(skI2[])),ssetH[],algH[],verH[])),cvB[],plI_2))).
The goal is reached, represented in the following fact:
event(HonestAccepted(pk(skI2[]),framed(OT_ATTEST,algH[],issuerId2[],fp(pk(skI2[])),h(authTuple(issuerId2[],fp(pk(skI2[])),ssetH[],algH[],verH[])),cvB[],plI_2))).


A more detailed output of the traces is available with
  set traceDisplay = long.

new skS: skey creating skS_5 at {1}

new skI1: skey creating skI1_1 at {2}

new skI2: skey creating skI2_1 at {3}

new skW1: skey creating skW1_1 at {4}

new skW2: skey creating skW2_1 at {5}

out(c, ~M) with ~M = pk(skS_5) at {10}

out(c, ~M_1) with ~M_1 = pk(skI1_1) at {11}

out(c, ~M_2) with ~M_2 = pk(skI2_1) at {12}

out(c, ~M_3) with ~M_3 = pk(skW1_1) at {13}

out(c, ~M_4) with ~M_4 = pk(skW2_1) at {14}

out(c, authTuple(~M_5,~M_6,~M_7,~M_8,~M_9)) with ~M_5 = issuerId, ~M_6 = fp(pk(skI1_1)), ~M_7 = ssetH, ~M_8 = algH, ~M_9 = verH at {15}

out(c, authTuple(~M_10,~M_11,~M_12,~M_13,~M_14)) with ~M_10 = issuerId2, ~M_11 = fp(pk(skI2_1)), ~M_12 = ssetH, ~M_13 = algH, ~M_14 = verH at {16}

out(c, authTuple(~M_15,~M_16,~M_17,~M_18,~M_19)) with ~M_15 = idW1, ~M_16 = fp(pk(skW1_1)), ~M_17 = ssetH, ~M_18 = algH, ~M_19 = verH at {17}

out(c, authTuple(~M_20,~M_21,~M_22,~M_23,~M_24)) with ~M_20 = idW2, ~M_21 = fp(pk(skW2_1)), ~M_22 = ssetH, ~M_23 = algH, ~M_24 = verH at {18}

out(c, ~M_25) with ~M_25 = skS_5 at {19}

in(c, a) at {68} in copy a_1

event IssuerPossession(pk(skI2_1)) at {69} in copy a_1

out(c, ~M_26) with ~M_26 = sign((POSS,authTuple(issuerId2,fp(pk(skI2_1)),ssetH,algH,verH)),skI2_1) at {71} in copy a_1

event IssuerSigned(pk(skI2_1),framed(OT_ATTEST,algH,issuerId2,fp(pk(skI2_1)),h(authTuple(issuerId2,fp(pk(skI2_1)),ssetH,algH,verH)),cvB,a)) at {74} in copy a_1

out(c, ~M_27) with ~M_27 = sign((BYTES,framed(OT_ATTEST,algH,issuerId2,fp(pk(skI2_1)),h(authTuple(issuerId2,fp(pk(skI2_1)),ssetH,algH,verH)),cvB,a)),skI2_1) at {79} in copy a_1

in(c, a_2) at {68} in copy a_3

event IssuerPossession(pk(skI2_1)) at {69} in copy a_3

out(c, ~M_28) with ~M_28 = sign((POSS,authTuple(issuerId2,fp(pk(skI2_1)),ssetH,algH,verH)),skI2_1) at {71} in copy a_3

event IssuerSigned(pk(skI2_1),framed(OT_ATTEST,algH,issuerId2,fp(pk(skI2_1)),h(authTuple(issuerId2,fp(pk(skI2_1)),ssetH,algH,verH)),cvB,a_2)) at {74} in copy a_3

out(c, ~M_29) with ~M_29 = sign((BYTES,framed(OT_ATTEST,algH,issuerId2,fp(pk(skI2_1)),h(authTuple(issuerId2,fp(pk(skI2_1)),ssetH,algH,verH)),cvB,a_2)),skI2_1) at {79} in copy a_3

in(c, a_2) at {68} in copy a_4

event IssuerPossession(pk(skI2_1)) at {69} in copy a_4

out(c, ~M_30) with ~M_30 = sign((POSS,authTuple(issuerId2,fp(pk(skI2_1)),ssetH,algH,verH)),skI2_1) at {71} in copy a_4

event IssuerSigned(pk(skI2_1),framed(OT_ATTEST,algH,issuerId2,fp(pk(skI2_1)),h(authTuple(issuerId2,fp(pk(skI2_1)),ssetH,algH,verH)),cvB,a_2)) at {74} in copy a_4

out(c, ~M_31) with ~M_31 = sign((BYTES,framed(OT_ATTEST,algH,issuerId2,fp(pk(skI2_1)),h(authTuple(issuerId2,fp(pk(skI2_1)),ssetH,algH,verH)),cvB,a_2)),skI2_1) at {79} in copy a_4

in(c, (authTuple(issuerId2,fp(~M_2),ssetH,algH,verH),sign((STMT_DIGEST,h(authTuple(issuerId2,fp(~M_2),ssetH,algH,verH))),~M_25),~M_2,~M_26,~M_29,framed(OT_ATTEST,algH,issuerId2,fp(~M_2),h(authTuple(issuerId2,fp(~M_2),ssetH,algH,verH)),cvB,a_2))) with fp(~M_2) = fp(pk(skI2_1)), sign((STMT_DIGEST,h(authTuple(issuerId2,fp(~M_2),ssetH,algH,verH))),~M_25) = sign((STMT_DIGEST,h(authTuple(issuerId2,fp(pk(skI2_1)),ssetH,algH,verH))),skS_5), ~M_2 = pk(skI2_1), ~M_26 = sign((POSS,authTuple(issuerId2,fp(pk(skI2_1)),ssetH,algH,verH)),skI2_1), ~M_29 = sign((BYTES,framed(OT_ATTEST,algH,issuerId2,fp(pk(skI2_1)),h(authTuple(issuerId2,fp(pk(skI2_1)),ssetH,algH,verH)),cvB,a_2)),skI2_1), fp(~M_2) = fp(pk(skI2_1)), h(authTuple(issuerId2,fp(~M_2),ssetH,algH,verH)) = h(authTuple(issuerId2,fp(pk(skI2_1)),ssetH,algH,verH)) at {119} in copy a_5

event AcceptInner(BASE,pk(skI2_1),issuerId2,framed(OT_ATTEST,algH,issuerId2,fp(pk(skI2_1)),h(authTuple(issuerId2,fp(pk(skI2_1)),ssetH,algH,verH)),cvB,a_2)) at {126} in copy a_5

out(honestCh, (pk(skI2_1),framed(OT_ATTEST,algH,issuerId2,fp(pk(skI2_1)),h(authTuple(issuerId2,fp(pk(skI2_1)),ssetH,algH,verH)),cvB,a_2))) at {76} in copy a_3 received at {155} in copy a_6

out(acceptCh, (BASE,pk(skI2_1),issuerId2,framed(OT_ATTEST,algH,issuerId2,fp(pk(skI2_1)),h(authTuple(issuerId2,fp(pk(skI2_1)),ssetH,algH,verH)),cvB,a_2))) at {128} in copy a_5 received at {156} in copy a_6

event HonestAccepted(pk(skI2_1),framed(OT_ATTEST,algH,issuerId2,fp(pk(skI2_1)),h(authTuple(issuerId2,fp(pk(skI2_1)),ssetH,algH,verH)),cvB,a_2)) at {159} in copy a_6 (goal)

The event HonestAccepted(pk(skI2_1),framed(OT_ATTEST,algH,issuerId2,fp(pk(skI2_1)),h(authTuple(issuerId2,fp(pk(skI2_1)),ssetH,algH,verH)),cvB,a_2)) is executed at {159} in copy a_6.
A trace has been found.
RESULT not event(HonestAccepted(k,fb)) is false.

--------------------------------------------------------------
Verification summary:

Query not event(TypeConfused(otS_1,otA_1,fb)) is true.

Query not event(Rescoped(kX_1,idX_1,kH_3,idH_1,fb)) is false.

Query not event(InnerSigTransplanted(kX_1,s)) is false.

Query not event(Reattributed(kX_1,kH_3,fb)) is false.

Query not event(HonestWrappedAccepted(kH_3,fb,kW_3)) is false.

Query not event(HonestAccepted(k,fb)) is false.

--------------------------------------------------------------

