Process 0 (that is, the initial process):
{1}new skD: skey;
{2}new skR: skey;
{3}let m: bitstring = authTuple(issuerId,fp(pk(skH1)),ssetH,algH,verH) in
{4}let m2: bitstring = authTuple(issuerId2,fp(pk(skH2)),ssetH,algH,verH) in
{5}let mAlias: bitstring = authTuple(issuerIdAlias,fp(pk(skH1)),ssetH,algH,verH) in
{6}out(c, pk(skD));
{7}out(c, pk(skR));
{8}out(c, pk(skH1));
{9}out(c, pk(skH2));
{10}out(c, m);
{11}out(c, m2);
{12}out(c, mAlias);
(
    {13}!
    {14}let skD_1: skey = skD in
    {15}event AuthorityPublishedDNS(m);
    {16}out(c, sign((STMT_DIGEST,h(m)),skD_1))
) | (
    {17}!
    {18}let skD_2: skey = skD in
    {19}event AuthorityPublishedDNS(m2);
    {20}out(c, sign((STMT_DIGEST,h(m2)),skD_2))
) | (
    {21}!
    {22}let skD_3: skey = skD in
    {23}event AuthorityPublishedDNS(mAlias);
    {24}out(c, sign((STMT_DIGEST,h(mAlias)),skD_3))
) | (
    {25}!
    {26}let skR_1: skey = skR in
    {27}event AuthorityPublishedRepo(m);
    {28}out(c, sign((STMT_DIGEST,h(m)),skR_1))
) | (
    {29}!
    {30}let skR_2: skey = skR in
    {31}event AuthorityPublishedRepo(m2);
    {32}out(c, sign((STMT_DIGEST,h(m2)),skR_2))
) | (
    {33}!
    {34}let skR_3: skey = skR in
    {35}event AuthorityPublishedRepo(mAlias);
    {36}out(c, sign((STMT_DIGEST,h(mAlias)),skR_3))
) | (
    {37}!
    {38}let skI: skey = skH1 in
    {39}let id: bitstring = issuerId in
    {40}in(c, (p1: bitstring,p2: bitstring));
    {41}new decl1: bitstring;
    {42}new decl2: bitstring;
    {43}new declT: bitstring;
    {44}event IssuerPossession(pk(skI));
    {45}let ppf: bitstring = sign((POSS,m),skI) in
    {46}let fb1: bitstring = framed(OT_ATTEST,algH,id,fp(pk(skI)),h(m),canonVerH,p1) in
    {47}let sg1: bitstring = sign((BYTES,fb1),skI) in
    {48}let core1: bitstring = attemptCore(m,ppf,sg1,decl1) in
    {49}event IssuerSigned(pk(skI),fb1);
    {50}out(c, (core1,fb1));
    {51}let fb2: bitstring = framed(OT_ATTEST,algH,id,fp(pk(skI)),h(m),canonVerH,p2) in
    {52}let sg2: bitstring = sign((BYTES,fb2),skI) in
    {53}let core2: bitstring = attemptCore(m,ppf,sg2,decl2) in
    {54}event IssuerSigned(pk(skI),fb2);
    {55}out(c, (core2,fb2));
    {56}let aid1: bitstring = h(core1) in
    {57}let aid2: bitstring = h(core2) in
    {58}event Designated(pk(skI),aid2);
    {59}let body: bitstring = (lineage2(entry(aid1,DISP_ABANDONED),entry(aid2,DISP_SHIPPED)),TERM_SHIPPED(aid2),declT) in
    (
        {60}out(designCh, (pk(skI),aid2))
    ) | (
        {61}out(c, sign((TLR,body),skI))
    )
) | (
    {62}!
    {63}let skI_1: skey = skH1 in
    {64}let id_1: bitstring = issuerId in
    {65}in(c, (p1_1: bitstring,p2_1: bitstring));
    {66}new decl1_1: bitstring;
    {67}new decl2_1: bitstring;
    {68}new declT_1: bitstring;
    {69}event IssuerPossession(pk(skI_1));
    {70}let ppf_1: bitstring = sign((POSS,m),skI_1) in
    {71}let fb1_1: bitstring = framed(OT_ATTEST,algH,id_1,fp(pk(skI_1)),h(m),canonVerH,p1_1) in
    {72}let sg1_1: bitstring = sign((BYTES,fb1_1),skI_1) in
    {73}let core1_1: bitstring = attemptCore(m,ppf_1,sg1_1,decl1_1) in
    {74}event IssuerSigned(pk(skI_1),fb1_1);
    {75}out(c, (core1_1,fb1_1));
    {76}let fb2_1: bitstring = framed(OT_ATTEST,algH,id_1,fp(pk(skI_1)),h(m),canonVerH,p2_1) in
    {77}let sg2_1: bitstring = sign((BYTES,fb2_1),skI_1) in
    {78}let core2_1: bitstring = attemptCore(m,ppf_1,sg2_1,decl2_1) in
    {79}event IssuerSigned(pk(skI_1),fb2_1);
    {80}out(c, (core2_1,fb2_1));
    {81}let body_1: bitstring = (lineage2(entry(h(core1_1),DISP_ABANDONED),entry(h(core2_1),DISP_ABANDONED)),TERM_REFUSED,declT_1) in
    {82}out(c, sign((TLR,body_1),skI_1))
) | (
    {83}!
    {84}let skI_2: skey = skH2 in
    {85}let id_2: bitstring = issuerId2 in
    {86}in(c, (p1_2: bitstring,p2_2: bitstring));
    {87}new decl1_2: bitstring;
    {88}new decl2_2: bitstring;
    {89}new declT_2: bitstring;
    {90}event IssuerPossession(pk(skI_2));
    {91}let ppf_2: bitstring = sign((POSS,m2),skI_2) in
    {92}let fb1_2: bitstring = framed(OT_ATTEST,algH,id_2,fp(pk(skI_2)),h(m2),canonVerH,p1_2) in
    {93}let sg1_2: bitstring = sign((BYTES,fb1_2),skI_2) in
    {94}let core1_2: bitstring = attemptCore(m2,ppf_2,sg1_2,decl1_2) in
    {95}event IssuerSigned(pk(skI_2),fb1_2);
    {96}out(c, (core1_2,fb1_2));
    {97}let fb2_2: bitstring = framed(OT_ATTEST,algH,id_2,fp(pk(skI_2)),h(m2),canonVerH,p2_2) in
    {98}let sg2_2: bitstring = sign((BYTES,fb2_2),skI_2) in
    {99}let core2_2: bitstring = attemptCore(m2,ppf_2,sg2_2,decl2_2) in
    {100}event IssuerSigned(pk(skI_2),fb2_2);
    {101}out(c, (core2_2,fb2_2));
    {102}let aid1_1: bitstring = h(core1_2) in
    {103}let aid2_1: bitstring = h(core2_2) in
    {104}event Designated(pk(skI_2),aid2_1);
    {105}let body_2: bitstring = (lineage2(entry(aid1_1,DISP_ABANDONED),entry(aid2_1,DISP_SHIPPED)),TERM_SHIPPED(aid2_1),declT_2) in
    (
        {106}out(designCh, (pk(skI_2),aid2_1))
    ) | (
        {107}out(c, sign((TLR,body_2),skI_2))
    )
) | (
    {108}!
    {109}let skI_3: skey = skH2 in
    {110}let id_3: bitstring = issuerId2 in
    {111}in(c, (p1_3: bitstring,p2_3: bitstring));
    {112}new decl1_3: bitstring;
    {113}new decl2_3: bitstring;
    {114}new declT_3: bitstring;
    {115}event IssuerPossession(pk(skI_3));
    {116}let ppf_3: bitstring = sign((POSS,m2),skI_3) in
    {117}let fb1_3: bitstring = framed(OT_ATTEST,algH,id_3,fp(pk(skI_3)),h(m2),canonVerH,p1_3) in
    {118}let sg1_3: bitstring = sign((BYTES,fb1_3),skI_3) in
    {119}let core1_3: bitstring = attemptCore(m2,ppf_3,sg1_3,decl1_3) in
    {120}event IssuerSigned(pk(skI_3),fb1_3);
    {121}out(c, (core1_3,fb1_3));
    {122}let fb2_3: bitstring = framed(OT_ATTEST,algH,id_3,fp(pk(skI_3)),h(m2),canonVerH,p2_3) in
    {123}let sg2_3: bitstring = sign((BYTES,fb2_3),skI_3) in
    {124}let core2_3: bitstring = attemptCore(m2,ppf_3,sg2_3,decl2_3) in
    {125}event IssuerSigned(pk(skI_3),fb2_3);
    {126}out(c, (core2_3,fb2_3));
    {127}let body_3: bitstring = (lineage2(entry(h(core1_3),DISP_ABANDONED),entry(h(core2_3),DISP_ABANDONED)),TERM_REFUSED,declT_3) in
    {128}out(c, sign((TLR,body_3),skI_3))
) | (
    {129}!
    {130}let pkD: pkey = pk(skD) in
    {131}let pkR: pkey = pk(skR) in
    {132}in(c, (t: bitstring,evD: bitstring,evR: bitstring,kX: pkey,core: bitstring,fb: bitstring,se: bitstring));
    {133}let (=STMT_DIGEST,=h(t)) = checksign(evD,pkD) in
    {134}let (=STMT_DIGEST,=h(t)) = checksign(evR,pkR) in
    {135}let authTuple(id_4: bitstring,kfpr: bitstring,ss: bitstring,alg: bitstring,ver: bitstring) = t in
    {136}let aid: bitstring = h(core) in
    {137}if (se = noTLR) then
        {138}event StandingReport(ABSENT,NO_TERMINAL_DISPOSITION_EVIDENCE,kX,t,aid);
        {139}out(reasonCh, (PATH_S3,NO_TERMINAL_DISPOSITION_EVIDENCE))
    else
        {140}let withTLR(kT: pkey,tlrSig: bitstring,ap: bitstring) = se in
        {141}if (fp(kT) = kfpr) then
        (
            {142}if (kT = kX) then
            {143}let (=TLR,(lin: bitstring,terminal: bitstring,declT_4: bitstring)) = checksign(tlrSig,kT) in
            (
                {144}let anchorProof(=h(tlrSig)) = ap in
                (
                    {145}let d: bitstring = lookup2(aid,lin) in
                    (
                        {146}if (terminal = TERM_REFUSED) then
                            {147}event StandingReport(ABSENT,ISSUANCE_REFUSED,kT,t,aid);
                            {148}out(reasonCh, (PATH_S4,ISSUANCE_REFUSED))
                        else
                            {149}let TERM_SHIPPED(shippedId: bitstring) = terminal in
                            (
                                {150}if (shippedId = aid) then
                                (
                                    {151}if (d = DISP_SHIPPED) then
                                        {152}event Established(kT,t,aid);
                                        {153}event StandingReport(ESTABLISHED,TERMINAL_DISPOSITION_SHOWN,kT,t,aid);
                                        (
                                            {154}out(estCh, (kT,t,aid))
                                        ) | (
                                            {155}out(aliasCh, (kT,t,core,aid))
                                        )
                                    else
                                        {156}event StandingReport(UNVERIFIABLE,STANDING_EVIDENCE_MALFORMED,kT,t,aid)
                                )
                                else
                                    {157}event StandingReport(ABSENT,SUPERSEDED,kT,t,aid);
                                    {158}out(reasonCh, (PATH_S2,SUPERSEDED))
                            )
                            else
                                {159}event StandingReport(UNVERIFIABLE,STANDING_EVIDENCE_MALFORMED,kT,t,aid)
                    )
                    else
                        {160}event StandingReport(ABSENT,STANDING_EVIDENCE_MISMATCH,kT,t,aid)
                )
                else
                    {161}event StandingReport(UNVERIFIABLE,STANDING_EVIDENCE_TEMPORAL_MISMATCH,kT,t,aid)
            )
            else
                {162}event StandingReport(UNVERIFIABLE,STANDING_EVIDENCE_SIGNATURE_INVALID,kT,t,aid)
        )
        else
            {163}event StandingReport(UNVERIFIABLE,STANDING_EVIDENCE_SIGNATURE_INVALID,kT,t,aid)
) | (
    {164}!
    {165}let pkD_1: pkey = pk(skD) in
    {166}let pkR_1: pkey = pk(skR) in
    {167}in(c, (t_1: bitstring,evD_1: bitstring,evR_1: bitstring,kX_1: pkey,core_1: bitstring,fb_1: bitstring,se_1: bitstring));
    {168}let (=STMT_DIGEST,=h(t_1)) = checksign(evD_1,pkD_1) in
    {169}let (=STMT_DIGEST,=h(t_1)) = checksign(evR_1,pkR_1) in
    {170}let authTuple(id_5: bitstring,kfpr_1: bitstring,ss_1: bitstring,alg_1: bitstring,ver_1: bitstring) = t_1 in
    {171}if (fp(kX_1) = kfpr_1) then
    {172}let attemptCore(=t_1,ppf_4: bitstring,sg: bitstring,decl: bitstring) = core_1 in
    {173}let (=POSS,=t_1) = checksign(ppf_4,kX_1) in
    {174}let (=BYTES,=fb_1) = checksign(sg,kX_1) in
    {175}let framed(ot: bitstring,=alg_1,=id_5,=fp(kX_1),mh: bitstring,cv: bitstring,pl: bitstring) = fb_1 in
    {176}if (mh = h(t_1)) then
    {177}event Accept(evD_1,evR_1,t_1,kX_1,fb_1)
) | (
    {178}!
    {179}in(estCh, (kX_2: pkey,t_2: bitstring,aid_1: bitstring));
    {180}let authTuple(idJ: bitstring,kfprJ: bitstring,ssJ: bitstring,algJ: bitstring,verJ: bitstring) = t_2 in
    {181}if (fp(kX_2) ≠ kfprJ) then
        {182}event StandingUnentitled(kX_2,t_2)
    else
        {183}in(designCh, (=kX_2,=aid_1));
        {184}event HonestStandingEstablished(kX_2,aid_1)
) | (
    {185}!
    {186}in(reasonCh, (p1_4: bitstring,r1: bitstring));
    {187}in(reasonCh, (p2_4: bitstring,=r1));
    {188}if (p1_4 ≠ p2_4) then
    {189}event ReasonCollapsed(p1_4,p2_4,r1)
) | (
    {190}!
    {191}in(aliasCh, (kXA: pkey,tA: bitstring,coreA: bitstring,aidA: bitstring));
    {192}let attemptCore(tCoreA: bitstring,ppfA: bitstring,sgA: bitstring,declA: bitstring) = coreA in
    {193}if (tA ≠ tCoreA) then
    {194}event Aliased(kXA,tA,tCoreA,aidA)
)

--  Process 1 (that is, process 0, with let moved downwards):
{1}new skD: skey;
{2}new skR: skey;
{6}out(c, pk(skD));
{7}out(c, pk(skR));
{8}out(c, pk(skH1));
{9}out(c, pk(skH2));
{3}let m: bitstring = authTuple(issuerId,fp(pk(skH1)),ssetH,algH,verH) in
{10}out(c, m);
{4}let m2: bitstring = authTuple(issuerId2,fp(pk(skH2)),ssetH,algH,verH) in
{11}out(c, m2);
{5}let mAlias: bitstring = authTuple(issuerIdAlias,fp(pk(skH1)),ssetH,algH,verH) in
{12}out(c, mAlias);
(
    {13}!
    {15}event AuthorityPublishedDNS(m);
    {14}let skD_1: skey = skD in
    {16}out(c, sign((STMT_DIGEST,h(m)),skD_1))
) | (
    {17}!
    {19}event AuthorityPublishedDNS(m2);
    {18}let skD_2: skey = skD in
    {20}out(c, sign((STMT_DIGEST,h(m2)),skD_2))
) | (
    {21}!
    {23}event AuthorityPublishedDNS(mAlias);
    {22}let skD_3: skey = skD in
    {24}out(c, sign((STMT_DIGEST,h(mAlias)),skD_3))
) | (
    {25}!
    {27}event AuthorityPublishedRepo(m);
    {26}let skR_1: skey = skR in
    {28}out(c, sign((STMT_DIGEST,h(m)),skR_1))
) | (
    {29}!
    {31}event AuthorityPublishedRepo(m2);
    {30}let skR_2: skey = skR in
    {32}out(c, sign((STMT_DIGEST,h(m2)),skR_2))
) | (
    {33}!
    {35}event AuthorityPublishedRepo(mAlias);
    {34}let skR_3: skey = skR in
    {36}out(c, sign((STMT_DIGEST,h(mAlias)),skR_3))
) | (
    {37}!
    {40}in(c, (p1: bitstring,p2: bitstring));
    {41}new decl1: bitstring;
    {42}new decl2: bitstring;
    {43}new declT: bitstring;
    {38}let skI: skey = skH1 in
    {44}event IssuerPossession(pk(skI));
    {39}let id: bitstring = issuerId in
    {46}let fb1: bitstring = framed(OT_ATTEST,algH,id,fp(pk(skI)),h(m),canonVerH,p1) in
    {49}event IssuerSigned(pk(skI),fb1);
    {47}let sg1: bitstring = sign((BYTES,fb1),skI) in
    {45}let ppf: bitstring = sign((POSS,m),skI) in
    {48}let core1: bitstring = attemptCore(m,ppf,sg1,decl1) in
    {50}out(c, (core1,fb1));
    {51}let fb2: bitstring = framed(OT_ATTEST,algH,id,fp(pk(skI)),h(m),canonVerH,p2) in
    {54}event IssuerSigned(pk(skI),fb2);
    {52}let sg2: bitstring = sign((BYTES,fb2),skI) in
    {53}let core2: bitstring = attemptCore(m,ppf,sg2,decl2) in
    {55}out(c, (core2,fb2));
    {57}let aid2: bitstring = h(core2) in
    {58}event Designated(pk(skI),aid2);
    (
        {60}out(designCh, (pk(skI),aid2))
    ) | (
        {56}let aid1: bitstring = h(core1) in
        {59}let body: bitstring = (lineage2(entry(aid1,DISP_ABANDONED),entry(aid2,DISP_SHIPPED)),TERM_SHIPPED(aid2),declT) in
        {61}out(c, sign((TLR,body),skI))
    )
) | (
    {62}!
    {65}in(c, (p1_1: bitstring,p2_1: bitstring));
    {66}new decl1_1: bitstring;
    {67}new decl2_1: bitstring;
    {68}new declT_1: bitstring;
    {63}let skI_1: skey = skH1 in
    {69}event IssuerPossession(pk(skI_1));
    {64}let id_1: bitstring = issuerId in
    {71}let fb1_1: bitstring = framed(OT_ATTEST,algH,id_1,fp(pk(skI_1)),h(m),canonVerH,p1_1) in
    {74}event IssuerSigned(pk(skI_1),fb1_1);
    {72}let sg1_1: bitstring = sign((BYTES,fb1_1),skI_1) in
    {70}let ppf_1: bitstring = sign((POSS,m),skI_1) in
    {73}let core1_1: bitstring = attemptCore(m,ppf_1,sg1_1,decl1_1) in
    {75}out(c, (core1_1,fb1_1));
    {76}let fb2_1: bitstring = framed(OT_ATTEST,algH,id_1,fp(pk(skI_1)),h(m),canonVerH,p2_1) in
    {79}event IssuerSigned(pk(skI_1),fb2_1);
    {77}let sg2_1: bitstring = sign((BYTES,fb2_1),skI_1) in
    {78}let core2_1: bitstring = attemptCore(m,ppf_1,sg2_1,decl2_1) in
    {80}out(c, (core2_1,fb2_1));
    {81}let body_1: bitstring = (lineage2(entry(h(core1_1),DISP_ABANDONED),entry(h(core2_1),DISP_ABANDONED)),TERM_REFUSED,declT_1) in
    {82}out(c, sign((TLR,body_1),skI_1))
) | (
    {83}!
    {86}in(c, (p1_2: bitstring,p2_2: bitstring));
    {87}new decl1_2: bitstring;
    {88}new decl2_2: bitstring;
    {89}new declT_2: bitstring;
    {84}let skI_2: skey = skH2 in
    {90}event IssuerPossession(pk(skI_2));
    {85}let id_2: bitstring = issuerId2 in
    {92}let fb1_2: bitstring = framed(OT_ATTEST,algH,id_2,fp(pk(skI_2)),h(m2),canonVerH,p1_2) in
    {95}event IssuerSigned(pk(skI_2),fb1_2);
    {93}let sg1_2: bitstring = sign((BYTES,fb1_2),skI_2) in
    {91}let ppf_2: bitstring = sign((POSS,m2),skI_2) in
    {94}let core1_2: bitstring = attemptCore(m2,ppf_2,sg1_2,decl1_2) in
    {96}out(c, (core1_2,fb1_2));
    {97}let fb2_2: bitstring = framed(OT_ATTEST,algH,id_2,fp(pk(skI_2)),h(m2),canonVerH,p2_2) in
    {100}event IssuerSigned(pk(skI_2),fb2_2);
    {98}let sg2_2: bitstring = sign((BYTES,fb2_2),skI_2) in
    {99}let core2_2: bitstring = attemptCore(m2,ppf_2,sg2_2,decl2_2) in
    {101}out(c, (core2_2,fb2_2));
    {103}let aid2_1: bitstring = h(core2_2) in
    {104}event Designated(pk(skI_2),aid2_1);
    (
        {106}out(designCh, (pk(skI_2),aid2_1))
    ) | (
        {102}let aid1_1: bitstring = h(core1_2) in
        {105}let body_2: bitstring = (lineage2(entry(aid1_1,DISP_ABANDONED),entry(aid2_1,DISP_SHIPPED)),TERM_SHIPPED(aid2_1),declT_2) in
        {107}out(c, sign((TLR,body_2),skI_2))
    )
) | (
    {108}!
    {111}in(c, (p1_3: bitstring,p2_3: bitstring));
    {112}new decl1_3: bitstring;
    {113}new decl2_3: bitstring;
    {114}new declT_3: bitstring;
    {109}let skI_3: skey = skH2 in
    {115}event IssuerPossession(pk(skI_3));
    {110}let id_3: bitstring = issuerId2 in
    {117}let fb1_3: bitstring = framed(OT_ATTEST,algH,id_3,fp(pk(skI_3)),h(m2),canonVerH,p1_3) in
    {120}event IssuerSigned(pk(skI_3),fb1_3);
    {118}let sg1_3: bitstring = sign((BYTES,fb1_3),skI_3) in
    {116}let ppf_3: bitstring = sign((POSS,m2),skI_3) in
    {119}let core1_3: bitstring = attemptCore(m2,ppf_3,sg1_3,decl1_3) in
    {121}out(c, (core1_3,fb1_3));
    {122}let fb2_3: bitstring = framed(OT_ATTEST,algH,id_3,fp(pk(skI_3)),h(m2),canonVerH,p2_3) in
    {125}event IssuerSigned(pk(skI_3),fb2_3);
    {123}let sg2_3: bitstring = sign((BYTES,fb2_3),skI_3) in
    {124}let core2_3: bitstring = attemptCore(m2,ppf_3,sg2_3,decl2_3) in
    {126}out(c, (core2_3,fb2_3));
    {127}let body_3: bitstring = (lineage2(entry(h(core1_3),DISP_ABANDONED),entry(h(core2_3),DISP_ABANDONED)),TERM_REFUSED,declT_3) in
    {128}out(c, sign((TLR,body_3),skI_3))
) | (
    {129}!
    {132}in(c, (t: bitstring,evD: bitstring,evR: bitstring,kX: pkey,core: bitstring,fb: bitstring,se: bitstring));
    {130}let pkD: pkey = pk(skD) in
    {133}let (=STMT_DIGEST,=h(t)) = checksign(evD,pkD) in
    {131}let pkR: pkey = pk(skR) in
    {134}let (=STMT_DIGEST,=h(t)) = checksign(evR,pkR) in
    {135}let authTuple(id_4: bitstring,kfpr: bitstring,ss: bitstring,alg: bitstring,ver: bitstring) = t in
    {136}let aid: bitstring = h(core) in
    {137}if (se = noTLR) then
        {138}event StandingReport(ABSENT,NO_TERMINAL_DISPOSITION_EVIDENCE,kX,t,aid);
        {139}out(reasonCh, (PATH_S3,NO_TERMINAL_DISPOSITION_EVIDENCE))
    else
        {140}let withTLR(kT: pkey,tlrSig: bitstring,ap: bitstring) = se in
        {141}if (fp(kT) = kfpr) then
        (
            {142}if (kT = kX) then
            {143}let (=TLR,(lin: bitstring,terminal: bitstring,declT_4: bitstring)) = checksign(tlrSig,kT) in
            (
                {144}let anchorProof(=h(tlrSig)) = ap in
                (
                    {145}let d: bitstring = lookup2(aid,lin) in
                    (
                        {146}if (terminal = TERM_REFUSED) then
                            {147}event StandingReport(ABSENT,ISSUANCE_REFUSED,kT,t,aid);
                            {148}out(reasonCh, (PATH_S4,ISSUANCE_REFUSED))
                        else
                            {149}let TERM_SHIPPED(shippedId: bitstring) = terminal in
                            (
                                {150}if (shippedId = aid) then
                                (
                                    {151}if (d = DISP_SHIPPED) then
                                        {152}event Established(kT,t,aid);
                                        {153}event StandingReport(ESTABLISHED,TERMINAL_DISPOSITION_SHOWN,kT,t,aid);
                                        (
                                            {154}out(estCh, (kT,t,aid))
                                        ) | (
                                            {155}out(aliasCh, (kT,t,core,aid))
                                        )
                                    else
                                        {156}event StandingReport(UNVERIFIABLE,STANDING_EVIDENCE_MALFORMED,kT,t,aid)
                                )
                                else
                                    {157}event StandingReport(ABSENT,SUPERSEDED,kT,t,aid);
                                    {158}out(reasonCh, (PATH_S2,SUPERSEDED))
                            )
                            else
                                {159}event StandingReport(UNVERIFIABLE,STANDING_EVIDENCE_MALFORMED,kT,t,aid)
                    )
                    else
                        {160}event StandingReport(ABSENT,STANDING_EVIDENCE_MISMATCH,kT,t,aid)
                )
                else
                    {161}event StandingReport(UNVERIFIABLE,STANDING_EVIDENCE_TEMPORAL_MISMATCH,kT,t,aid)
            )
            else
                {162}event StandingReport(UNVERIFIABLE,STANDING_EVIDENCE_SIGNATURE_INVALID,kT,t,aid)
        )
        else
            {163}event StandingReport(UNVERIFIABLE,STANDING_EVIDENCE_SIGNATURE_INVALID,kT,t,aid)
) | (
    {164}!
    {167}in(c, (t_1: bitstring,evD_1: bitstring,evR_1: bitstring,kX_1: pkey,core_1: bitstring,fb_1: bitstring,se_1: bitstring));
    {165}let pkD_1: pkey = pk(skD) in
    {168}let (=STMT_DIGEST,=h(t_1)) = checksign(evD_1,pkD_1) in
    {166}let pkR_1: pkey = pk(skR) in
    {169}let (=STMT_DIGEST,=h(t_1)) = checksign(evR_1,pkR_1) in
    {170}let authTuple(id_5: bitstring,kfpr_1: bitstring,ss_1: bitstring,alg_1: bitstring,ver_1: bitstring) = t_1 in
    {171}if (fp(kX_1) = kfpr_1) then
    {172}let attemptCore(=t_1,ppf_4: bitstring,sg: bitstring,decl: bitstring) = core_1 in
    {173}let (=POSS,=t_1) = checksign(ppf_4,kX_1) in
    {174}let (=BYTES,=fb_1) = checksign(sg,kX_1) in
    {175}let framed(ot: bitstring,=alg_1,=id_5,=fp(kX_1),mh: bitstring,cv: bitstring,pl: bitstring) = fb_1 in
    {176}if (mh = h(t_1)) then
    {177}event Accept(evD_1,evR_1,t_1,kX_1,fb_1)
) | (
    {178}!
    {179}in(estCh, (kX_2: pkey,t_2: bitstring,aid_1: bitstring));
    {180}let authTuple(idJ: bitstring,kfprJ: bitstring,ssJ: bitstring,algJ: bitstring,verJ: bitstring) = t_2 in
    {181}if (fp(kX_2) ≠ kfprJ) then
        {182}event StandingUnentitled(kX_2,t_2)
    else
        {183}in(designCh, (=kX_2,=aid_1));
        {184}event HonestStandingEstablished(kX_2,aid_1)
) | (
    {185}!
    {186}in(reasonCh, (p1_4: bitstring,r1: bitstring));
    {187}in(reasonCh, (p2_4: bitstring,=r1));
    {188}if (p1_4 ≠ p2_4) then
    {189}event ReasonCollapsed(p1_4,p2_4,r1)
) | (
    {190}!
    {191}in(aliasCh, (kXA: pkey,tA: bitstring,coreA: bitstring,aidA: bitstring));
    {192}let attemptCore(tCoreA: bitstring,ppfA: bitstring,sgA: bitstring,declA: bitstring) = coreA in
    {193}if (tA ≠ tCoreA) then
    {194}event Aliased(kXA,tA,tCoreA,aidA)
)

-- Query event(Established(kX_3,t_3,aid_2)) ==> event(Designated(kX_3,aid_2)) in process 1.
Translating the process into Horn clauses...
Completing...
200 rules inserted. Base: 168 rules (95 with conclusion selected). Queue: 46 rules.
400 rules inserted. Base: 211 rules (100 with conclusion selected). Queue: 48 rules.
Starting query event(Established(kX_3,t_3,aid_2)) ==> event(Designated(kX_3,aid_2))
goal reachable: b-event(Designated(pk(skH2[]),h(attemptCore(authTuple(issuerId2[],fp(pk(skH2[])),ssetH[],algH[],verH[]),sign((POSS,authTuple(issuerId2[],fp(pk(skH2[])),ssetH[],algH[],verH[])),skH2[]),sign((BYTES,framed(OT_ATTEST,algH[],issuerId2[],fp(pk(skH2[])),h(authTuple(issuerId2[],fp(pk(skH2[])),ssetH[],algH[],verH[])),canonVerH[],p2_5)),skH2[]),decl2_4)))) && attacker(p1_5) && attacker(p2_5) -> event(Established(pk(skH2[]),authTuple(issuerId2[],fp(pk(skH2[])),ssetH[],algH[],verH[]),h(attemptCore(authTuple(issuerId2[],fp(pk(skH2[])),ssetH[],algH[],verH[]),sign((POSS,authTuple(issuerId2[],fp(pk(skH2[])),ssetH[],algH[],verH[])),skH2[]),sign((BYTES,framed(OT_ATTEST,algH[],issuerId2[],fp(pk(skH2[])),h(authTuple(issuerId2[],fp(pk(skH2[])),ssetH[],algH[],verH[])),canonVerH[],p2_5)),skH2[]),decl2_4))))
Abbreviations:
decl2_4 = decl2_2[p2_2 = p2_5,p1_2 = p1_5,!1 = @sid]
goal reachable: b-event(Designated(pk(skH1[]),h(attemptCore(authTuple(issuerId[],fp(pk(skH1[])),ssetH[],algH[],verH[]),sign((POSS,authTuple(issuerId[],fp(pk(skH1[])),ssetH[],algH[],verH[])),skH1[]),sign((BYTES,framed(OT_ATTEST,algH[],issuerId[],fp(pk(skH1[])),h(authTuple(issuerId[],fp(pk(skH1[])),ssetH[],algH[],verH[])),canonVerH[],p2_5)),skH1[]),decl2_4)))) && attacker(p1_5) && attacker(p2_5) -> event(Established(pk(skH1[]),authTuple(issuerIdAlias[],fp(pk(skH1[])),ssetH[],algH[],verH[]),h(attemptCore(authTuple(issuerId[],fp(pk(skH1[])),ssetH[],algH[],verH[]),sign((POSS,authTuple(issuerId[],fp(pk(skH1[])),ssetH[],algH[],verH[])),skH1[]),sign((BYTES,framed(OT_ATTEST,algH[],issuerId[],fp(pk(skH1[])),h(authTuple(issuerId[],fp(pk(skH1[])),ssetH[],algH[],verH[])),canonVerH[],p2_5)),skH1[]),decl2_4))))
Abbreviations:
decl2_4 = decl2[p2 = p2_5,p1 = p1_5,!1 = @sid]
goal reachable: b-event(Designated(pk(skH1[]),h(attemptCore(authTuple(issuerId[],fp(pk(skH1[])),ssetH[],algH[],verH[]),sign((POSS,authTuple(issuerId[],fp(pk(skH1[])),ssetH[],algH[],verH[])),skH1[]),sign((BYTES,framed(OT_ATTEST,algH[],issuerId[],fp(pk(skH1[])),h(authTuple(issuerId[],fp(pk(skH1[])),ssetH[],algH[],verH[])),canonVerH[],p2_5)),skH1[]),decl2_4)))) && attacker(p1_5) && attacker(p2_5) -> event(Established(pk(skH1[]),authTuple(issuerId[],fp(pk(skH1[])),ssetH[],algH[],verH[]),h(attemptCore(authTuple(issuerId[],fp(pk(skH1[])),ssetH[],algH[],verH[]),sign((POSS,authTuple(issuerId[],fp(pk(skH1[])),ssetH[],algH[],verH[])),skH1[]),sign((BYTES,framed(OT_ATTEST,algH[],issuerId[],fp(pk(skH1[])),h(authTuple(issuerId[],fp(pk(skH1[])),ssetH[],algH[],verH[])),canonVerH[],p2_5)),skH1[]),decl2_4))))
Abbreviations:
decl2_4 = decl2[p2 = p2_5,p1 = p1_5,!1 = @sid]
RESULT event(Established(kX_3,t_3,aid_2)) ==> event(Designated(kX_3,aid_2)) is true.
-- Query event(Established(pk(skH1[]),t_3,aid_2)) ==> event(Designated(pk(skH1[]),aid_2)) in process 1.
Translating the process into Horn clauses...
Completing...
200 rules inserted. Base: 168 rules (95 with conclusion selected). Queue: 46 rules.
400 rules inserted. Base: 211 rules (100 with conclusion selected). Queue: 48 rules.
Starting query event(Established(pk(skH1[]),t_3,aid_2)) ==> event(Designated(pk(skH1[]),aid_2))
goal reachable: b-event(Designated(pk(skH1[]),h(attemptCore(authTuple(issuerId[],fp(pk(skH1[])),ssetH[],algH[],verH[]),sign((POSS,authTuple(issuerId[],fp(pk(skH1[])),ssetH[],algH[],verH[])),skH1[]),sign((BYTES,framed(OT_ATTEST,algH[],issuerId[],fp(pk(skH1[])),h(authTuple(issuerId[],fp(pk(skH1[])),ssetH[],algH[],verH[])),canonVerH[],p2_5)),skH1[]),decl2_4)))) && attacker(p1_5) && attacker(p2_5) -> event(Established(pk(skH1[]),authTuple(issuerIdAlias[],fp(pk(skH1[])),ssetH[],algH[],verH[]),h(attemptCore(authTuple(issuerId[],fp(pk(skH1[])),ssetH[],algH[],verH[]),sign((POSS,authTuple(issuerId[],fp(pk(skH1[])),ssetH[],algH[],verH[])),skH1[]),sign((BYTES,framed(OT_ATTEST,algH[],issuerId[],fp(pk(skH1[])),h(authTuple(issuerId[],fp(pk(skH1[])),ssetH[],algH[],verH[])),canonVerH[],p2_5)),skH1[]),decl2_4))))
Abbreviations:
decl2_4 = decl2[p2 = p2_5,p1 = p1_5,!1 = @sid]
goal reachable: b-event(Designated(pk(skH1[]),h(attemptCore(authTuple(issuerId[],fp(pk(skH1[])),ssetH[],algH[],verH[]),sign((POSS,authTuple(issuerId[],fp(pk(skH1[])),ssetH[],algH[],verH[])),skH1[]),sign((BYTES,framed(OT_ATTEST,algH[],issuerId[],fp(pk(skH1[])),h(authTuple(issuerId[],fp(pk(skH1[])),ssetH[],algH[],verH[])),canonVerH[],p2_5)),skH1[]),decl2_4)))) && attacker(p1_5) && attacker(p2_5) -> event(Established(pk(skH1[]),authTuple(issuerId[],fp(pk(skH1[])),ssetH[],algH[],verH[]),h(attemptCore(authTuple(issuerId[],fp(pk(skH1[])),ssetH[],algH[],verH[]),sign((POSS,authTuple(issuerId[],fp(pk(skH1[])),ssetH[],algH[],verH[])),skH1[]),sign((BYTES,framed(OT_ATTEST,algH[],issuerId[],fp(pk(skH1[])),h(authTuple(issuerId[],fp(pk(skH1[])),ssetH[],algH[],verH[])),canonVerH[],p2_5)),skH1[]),decl2_4))))
Abbreviations:
decl2_4 = decl2[p2 = p2_5,p1 = p1_5,!1 = @sid]
RESULT event(Established(pk(skH1[]),t_3,aid_2)) ==> event(Designated(pk(skH1[]),aid_2)) is true.
-- Query event(Established(pk(skH2[]),t_3,aid_2)) ==> event(Designated(pk(skH2[]),aid_2)) in process 1.
Translating the process into Horn clauses...
Completing...
200 rules inserted. Base: 168 rules (95 with conclusion selected). Queue: 46 rules.
400 rules inserted. Base: 211 rules (100 with conclusion selected). Queue: 48 rules.
Starting query event(Established(pk(skH2[]),t_3,aid_2)) ==> event(Designated(pk(skH2[]),aid_2))
goal reachable: b-event(Designated(pk(skH2[]),h(attemptCore(authTuple(issuerId2[],fp(pk(skH2[])),ssetH[],algH[],verH[]),sign((POSS,authTuple(issuerId2[],fp(pk(skH2[])),ssetH[],algH[],verH[])),skH2[]),sign((BYTES,framed(OT_ATTEST,algH[],issuerId2[],fp(pk(skH2[])),h(authTuple(issuerId2[],fp(pk(skH2[])),ssetH[],algH[],verH[])),canonVerH[],p2_5)),skH2[]),decl2_4)))) && attacker(p1_5) && attacker(p2_5) -> event(Established(pk(skH2[]),authTuple(issuerId2[],fp(pk(skH2[])),ssetH[],algH[],verH[]),h(attemptCore(authTuple(issuerId2[],fp(pk(skH2[])),ssetH[],algH[],verH[]),sign((POSS,authTuple(issuerId2[],fp(pk(skH2[])),ssetH[],algH[],verH[])),skH2[]),sign((BYTES,framed(OT_ATTEST,algH[],issuerId2[],fp(pk(skH2[])),h(authTuple(issuerId2[],fp(pk(skH2[])),ssetH[],algH[],verH[])),canonVerH[],p2_5)),skH2[]),decl2_4))))
Abbreviations:
decl2_4 = decl2_2[p2_2 = p2_5,p1_2 = p1_5,!1 = @sid]
RESULT event(Established(pk(skH2[]),t_3,aid_2)) ==> event(Designated(pk(skH2[]),aid_2)) is true.
-- Query not event(StandingUnentitled(kX_3,t_3)) in process 1.
Translating the process into Horn clauses...
Completing...
200 rules inserted. Base: 168 rules (95 with conclusion selected). Queue: 39 rules.
400 rules inserted. Base: 208 rules (100 with conclusion selected). Queue: 40 rules.
Starting query not event(StandingUnentitled(kX_3,t_3))
RESULT not event(StandingUnentitled(kX_3,t_3)) is true.
-- Query not event(HonestStandingEstablished(k,aid_2)) in process 1.
Translating the process into Horn clauses...
Completing...
200 rules inserted. Base: 168 rules (95 with conclusion selected). Queue: 42 rules.
400 rules inserted. Base: 205 rules (100 with conclusion selected). Queue: 42 rules.
Starting query not event(HonestStandingEstablished(k,aid_2))
goal reachable: attacker(p1_5) && attacker(p2_5) -> event(HonestStandingEstablished(pk(skH2[]),h(attemptCore(authTuple(issuerId2[],fp(pk(skH2[])),ssetH[],algH[],verH[]),sign((POSS,authTuple(issuerId2[],fp(pk(skH2[])),ssetH[],algH[],verH[])),skH2[]),sign((BYTES,framed(OT_ATTEST,algH[],issuerId2[],fp(pk(skH2[])),h(authTuple(issuerId2[],fp(pk(skH2[])),ssetH[],algH[],verH[])),canonVerH[],p2_5)),skH2[]),decl2_4))))
Abbreviations:
decl2_4 = decl2_2[p2_2 = p2_5,p1_2 = p1_5,!1 = @sid]

Derivation:
Abbreviations:
decl2_4 = decl2_2[p2_2 = p2_5,p1_2 = p1_5,!1 = @sid]
decl1_4 = decl1_2[p2_2 = p2_5,p1_2 = p1_5,!1 = @sid]
declT_5 = declT_2[p2_2 = p2_5,p1_2 = p1_5,!1 = @sid]
decl1_5 = decl1_2[p2_2 = p2_6,p1_2 = p1_6,!1 = @sid_1]
decl1_6 = decl1_2[p2_2 = p2_7,p1_2 = p2_5,!1 = @sid_2]

1. We assume as hypothesis that
attacker(p2_5).

2. We assume as hypothesis that
attacker(p1_5).

3. By 2, the attacker may know p1_5.
By 1, the attacker may know p2_5.
Using the function 2-tuple the attacker may obtain (p1_5,p2_5).
attacker((p1_5,p2_5)).

4. The message (p1_5,p2_5) that the attacker may have by 3 may be received at input {86}.
So the message sign((TLR,(lineage2(entry(h(attemptCore(authTuple(issuerId2[],fp(pk(skH2[])),ssetH[],algH[],verH[]),sign((POSS,authTuple(issuerId2[],fp(pk(skH2[])),ssetH[],algH[],verH[])),skH2[]),sign((BYTES,framed(OT_ATTEST,algH[],issuerId2[],fp(pk(skH2[])),h(authTuple(issuerId2[],fp(pk(skH2[])),ssetH[],algH[],verH[])),canonVerH[],p1_5)),skH2[]),decl1_4)),DISP_ABANDONED),entry(h(attemptCore(authTuple(issuerId2[],fp(pk(skH2[])),ssetH[],algH[],verH[]),sign((POSS,authTuple(issuerId2[],fp(pk(skH2[])),ssetH[],algH[],verH[])),skH2[]),sign((BYTES,framed(OT_ATTEST,algH[],issuerId2[],fp(pk(skH2[])),h(authTuple(issuerId2[],fp(pk(skH2[])),ssetH[],algH[],verH[])),canonVerH[],p2_5)),skH2[]),decl2_4)),DISP_SHIPPED)),TERM_SHIPPED(h(attemptCore(authTuple(issuerId2[],fp(pk(skH2[])),ssetH[],algH[],verH[]),sign((POSS,authTuple(issuerId2[],fp(pk(skH2[])),ssetH[],algH[],verH[])),skH2[]),sign((BYTES,framed(OT_ATTEST,algH[],issuerId2[],fp(pk(skH2[])),h(authTuple(issuerId2[],fp(pk(skH2[])),ssetH[],algH[],verH[])),canonVerH[],p2_5)),skH2[]),decl2_4))),declT_5)),skH2[]) may be sent to the attacker at output {107}.
attacker(sign((TLR,(lineage2(entry(h(attemptCore(authTuple(issuerId2[],fp(pk(skH2[])),ssetH[],algH[],verH[]),sign((POSS,authTuple(issuerId2[],fp(pk(skH2[])),ssetH[],algH[],verH[])),skH2[]),sign((BYTES,framed(OT_ATTEST,algH[],issuerId2[],fp(pk(skH2[])),h(authTuple(issuerId2[],fp(pk(skH2[])),ssetH[],algH[],verH[])),canonVerH[],p1_5)),skH2[]),decl1_4)),DISP_ABANDONED),entry(h(attemptCore(authTuple(issuerId2[],fp(pk(skH2[])),ssetH[],algH[],verH[]),sign((POSS,authTuple(issuerId2[],fp(pk(skH2[])),ssetH[],algH[],verH[])),skH2[]),sign((BYTES,framed(OT_ATTEST,algH[],issuerId2[],fp(pk(skH2[])),h(authTuple(issuerId2[],fp(pk(skH2[])),ssetH[],algH[],verH[])),canonVerH[],p2_5)),skH2[]),decl2_4)),DISP_SHIPPED)),TERM_SHIPPED(h(attemptCore(authTuple(issuerId2[],fp(pk(skH2[])),ssetH[],algH[],verH[]),sign((POSS,authTuple(issuerId2[],fp(pk(skH2[])),ssetH[],algH[],verH[])),skH2[]),sign((BYTES,framed(OT_ATTEST,algH[],issuerId2[],fp(pk(skH2[])),h(authTuple(issuerId2[],fp(pk(skH2[])),ssetH[],algH[],verH[])),canonVerH[],p2_5)),skH2[]),decl2_4))),declT_5)),skH2[])).

5. By 4, the attacker may know sign((TLR,(lineage2(entry(h(attemptCore(authTuple(issuerId2[],fp(pk(skH2[])),ssetH[],algH[],verH[]),sign((POSS,authTuple(issuerId2[],fp(pk(skH2[])),ssetH[],algH[],verH[])),skH2[]),sign((BYTES,framed(OT_ATTEST,algH[],issuerId2[],fp(pk(skH2[])),h(authTuple(issuerId2[],fp(pk(skH2[])),ssetH[],algH[],verH[])),canonVerH[],p1_5)),skH2[]),decl1_4)),DISP_ABANDONED),entry(h(attemptCore(authTuple(issuerId2[],fp(pk(skH2[])),ssetH[],algH[],verH[]),sign((POSS,authTuple(issuerId2[],fp(pk(skH2[])),ssetH[],algH[],verH[])),skH2[]),sign((BYTES,framed(OT_ATTEST,algH[],issuerId2[],fp(pk(skH2[])),h(authTuple(issuerId2[],fp(pk(skH2[])),ssetH[],algH[],verH[])),canonVerH[],p2_5)),skH2[]),decl2_4)),DISP_SHIPPED)),TERM_SHIPPED(h(attemptCore(authTuple(issuerId2[],fp(pk(skH2[])),ssetH[],algH[],verH[]),sign((POSS,authTuple(issuerId2[],fp(pk(skH2[])),ssetH[],algH[],verH[])),skH2[]),sign((BYTES,framed(OT_ATTEST,algH[],issuerId2[],fp(pk(skH2[])),h(authTuple(issuerId2[],fp(pk(skH2[])),ssetH[],algH[],verH[])),canonVerH[],p2_5)),skH2[]),decl2_4))),declT_5)),skH2[]).
Using the function h the attacker may obtain h(sign((TLR,(lineage2(entry(h(attemptCore(authTuple(issuerId2[],fp(pk(skH2[])),ssetH[],algH[],verH[]),sign((POSS,authTuple(issuerId2[],fp(pk(skH2[])),ssetH[],algH[],verH[])),skH2[]),sign((BYTES,framed(OT_ATTEST,algH[],issuerId2[],fp(pk(skH2[])),h(authTuple(issuerId2[],fp(pk(skH2[])),ssetH[],algH[],verH[])),canonVerH[],p1_5)),skH2[]),decl1_4)),DISP_ABANDONED),entry(h(attemptCore(authTuple(issuerId2[],fp(pk(skH2[])),ssetH[],algH[],verH[]),sign((POSS,authTuple(issuerId2[],fp(pk(skH2[])),ssetH[],algH[],verH[])),skH2[]),sign((BYTES,framed(OT_ATTEST,algH[],issuerId2[],fp(pk(skH2[])),h(authTuple(issuerId2[],fp(pk(skH2[])),ssetH[],algH[],verH[])),canonVerH[],p2_5)),skH2[]),decl2_4)),DISP_SHIPPED)),TERM_SHIPPED(h(attemptCore(authTuple(issuerId2[],fp(pk(skH2[])),ssetH[],algH[],verH[]),sign((POSS,authTuple(issuerId2[],fp(pk(skH2[])),ssetH[],algH[],verH[])),skH2[]),sign((BYTES,framed(OT_ATTEST,algH[],issuerId2[],fp(pk(skH2[])),h(authTuple(issuerId2[],fp(pk(skH2[])),ssetH[],algH[],verH[])),canonVerH[],p2_5)),skH2[]),decl2_4))),declT_5)),skH2[])).
attacker(h(sign((TLR,(lineage2(entry(h(attemptCore(authTuple(issuerId2[],fp(pk(skH2[])),ssetH[],algH[],verH[]),sign((POSS,authTuple(issuerId2[],fp(pk(skH2[])),ssetH[],algH[],verH[])),skH2[]),sign((BYTES,framed(OT_ATTEST,algH[],issuerId2[],fp(pk(skH2[])),h(authTuple(issuerId2[],fp(pk(skH2[])),ssetH[],algH[],verH[])),canonVerH[],p1_5)),skH2[]),decl1_4)),DISP_ABANDONED),entry(h(attemptCore(authTuple(issuerId2[],fp(pk(skH2[])),ssetH[],algH[],verH[]),sign((POSS,authTuple(issuerId2[],fp(pk(skH2[])),ssetH[],algH[],verH[])),skH2[]),sign((BYTES,framed(OT_ATTEST,algH[],issuerId2[],fp(pk(skH2[])),h(authTuple(issuerId2[],fp(pk(skH2[])),ssetH[],algH[],verH[])),canonVerH[],p2_5)),skH2[]),decl2_4)),DISP_SHIPPED)),TERM_SHIPPED(h(attemptCore(authTuple(issuerId2[],fp(pk(skH2[])),ssetH[],algH[],verH[]),sign((POSS,authTuple(issuerId2[],fp(pk(skH2[])),ssetH[],algH[],verH[])),skH2[]),sign((BYTES,framed(OT_ATTEST,algH[],issuerId2[],fp(pk(skH2[])),h(authTuple(issuerId2[],fp(pk(skH2[])),ssetH[],algH[],verH[])),canonVerH[],p2_5)),skH2[]),decl2_4))),declT_5)),skH2[]))).

6. By 5, the attacker may know h(sign((TLR,(lineage2(entry(h(attemptCore(authTuple(issuerId2[],fp(pk(skH2[])),ssetH[],algH[],verH[]),sign((POSS,authTuple(issuerId2[],fp(pk(skH2[])),ssetH[],algH[],verH[])),skH2[]),sign((BYTES,framed(OT_ATTEST,algH[],issuerId2[],fp(pk(skH2[])),h(authTuple(issuerId2[],fp(pk(skH2[])),ssetH[],algH[],verH[])),canonVerH[],p1_5)),skH2[]),decl1_4)),DISP_ABANDONED),entry(h(attemptCore(authTuple(issuerId2[],fp(pk(skH2[])),ssetH[],algH[],verH[]),sign((POSS,authTuple(issuerId2[],fp(pk(skH2[])),ssetH[],algH[],verH[])),skH2[]),sign((BYTES,framed(OT_ATTEST,algH[],issuerId2[],fp(pk(skH2[])),h(authTuple(issuerId2[],fp(pk(skH2[])),ssetH[],algH[],verH[])),canonVerH[],p2_5)),skH2[]),decl2_4)),DISP_SHIPPED)),TERM_SHIPPED(h(attemptCore(authTuple(issuerId2[],fp(pk(skH2[])),ssetH[],algH[],verH[]),sign((POSS,authTuple(issuerId2[],fp(pk(skH2[])),ssetH[],algH[],verH[])),skH2[]),sign((BYTES,framed(OT_ATTEST,algH[],issuerId2[],fp(pk(skH2[])),h(authTuple(issuerId2[],fp(pk(skH2[])),ssetH[],algH[],verH[])),canonVerH[],p2_5)),skH2[]),decl2_4))),declT_5)),skH2[])).
Using the function anchorProof the attacker may obtain anchorProof(h(sign((TLR,(lineage2(entry(h(attemptCore(authTuple(issuerId2[],fp(pk(skH2[])),ssetH[],algH[],verH[]),sign((POSS,authTuple(issuerId2[],fp(pk(skH2[])),ssetH[],algH[],verH[])),skH2[]),sign((BYTES,framed(OT_ATTEST,algH[],issuerId2[],fp(pk(skH2[])),h(authTuple(issuerId2[],fp(pk(skH2[])),ssetH[],algH[],verH[])),canonVerH[],p1_5)),skH2[]),decl1_4)),DISP_ABANDONED),entry(h(attemptCore(authTuple(issuerId2[],fp(pk(skH2[])),ssetH[],algH[],verH[]),sign((POSS,authTuple(issuerId2[],fp(pk(skH2[])),ssetH[],algH[],verH[])),skH2[]),sign((BYTES,framed(OT_ATTEST,algH[],issuerId2[],fp(pk(skH2[])),h(authTuple(issuerId2[],fp(pk(skH2[])),ssetH[],algH[],verH[])),canonVerH[],p2_5)),skH2[]),decl2_4)),DISP_SHIPPED)),TERM_SHIPPED(h(attemptCore(authTuple(issuerId2[],fp(pk(skH2[])),ssetH[],algH[],verH[]),sign((POSS,authTuple(issuerId2[],fp(pk(skH2[])),ssetH[],algH[],verH[])),skH2[]),sign((BYTES,framed(OT_ATTEST,algH[],issuerId2[],fp(pk(skH2[])),h(authTuple(issuerId2[],fp(pk(skH2[])),ssetH[],algH[],verH[])),canonVerH[],p2_5)),skH2[]),decl2_4))),declT_5)),skH2[]))).
attacker(anchorProof(h(sign((TLR,(lineage2(entry(h(attemptCore(authTuple(issuerId2[],fp(pk(skH2[])),ssetH[],algH[],verH[]),sign((POSS,authTuple(issuerId2[],fp(pk(skH2[])),ssetH[],algH[],verH[])),skH2[]),sign((BYTES,framed(OT_ATTEST,algH[],issuerId2[],fp(pk(skH2[])),h(authTuple(issuerId2[],fp(pk(skH2[])),ssetH[],algH[],verH[])),canonVerH[],p1_5)),skH2[]),decl1_4)),DISP_ABANDONED),entry(h(attemptCore(authTuple(issuerId2[],fp(pk(skH2[])),ssetH[],algH[],verH[]),sign((POSS,authTuple(issuerId2[],fp(pk(skH2[])),ssetH[],algH[],verH[])),skH2[]),sign((BYTES,framed(OT_ATTEST,algH[],issuerId2[],fp(pk(skH2[])),h(authTuple(issuerId2[],fp(pk(skH2[])),ssetH[],algH[],verH[])),canonVerH[],p2_5)),skH2[]),decl2_4)),DISP_SHIPPED)),TERM_SHIPPED(h(attemptCore(authTuple(issuerId2[],fp(pk(skH2[])),ssetH[],algH[],verH[]),sign((POSS,authTuple(issuerId2[],fp(pk(skH2[])),ssetH[],algH[],verH[])),skH2[]),sign((BYTES,framed(OT_ATTEST,algH[],issuerId2[],fp(pk(skH2[])),h(authTuple(issuerId2[],fp(pk(skH2[])),ssetH[],algH[],verH[])),canonVerH[],p2_5)),skH2[]),decl2_4))),declT_5)),skH2[])))).

7. The message pk(skH2[]) may be sent to the attacker at output {9}.
attacker(pk(skH2[])).

8. By 7, the attacker may know pk(skH2[]).
By 4, the attacker may know sign((TLR,(lineage2(entry(h(attemptCore(authTuple(issuerId2[],fp(pk(skH2[])),ssetH[],algH[],verH[]),sign((POSS,authTuple(issuerId2[],fp(pk(skH2[])),ssetH[],algH[],verH[])),skH2[]),sign((BYTES,framed(OT_ATTEST,algH[],issuerId2[],fp(pk(skH2[])),h(authTuple(issuerId2[],fp(pk(skH2[])),ssetH[],algH[],verH[])),canonVerH[],p1_5)),skH2[]),decl1_4)),DISP_ABANDONED),entry(h(attemptCore(authTuple(issuerId2[],fp(pk(skH2[])),ssetH[],algH[],verH[]),sign((POSS,authTuple(issuerId2[],fp(pk(skH2[])),ssetH[],algH[],verH[])),skH2[]),sign((BYTES,framed(OT_ATTEST,algH[],issuerId2[],fp(pk(skH2[])),h(authTuple(issuerId2[],fp(pk(skH2[])),ssetH[],algH[],verH[])),canonVerH[],p2_5)),skH2[]),decl2_4)),DISP_SHIPPED)),TERM_SHIPPED(h(attemptCore(authTuple(issuerId2[],fp(pk(skH2[])),ssetH[],algH[],verH[]),sign((POSS,authTuple(issuerId2[],fp(pk(skH2[])),ssetH[],algH[],verH[])),skH2[]),sign((BYTES,framed(OT_ATTEST,algH[],issuerId2[],fp(pk(skH2[])),h(authTuple(issuerId2[],fp(pk(skH2[])),ssetH[],algH[],verH[])),canonVerH[],p2_5)),skH2[]),decl2_4))),declT_5)),skH2[]).
By 6, the attacker may know anchorProof(h(sign((TLR,(lineage2(entry(h(attemptCore(authTuple(issuerId2[],fp(pk(skH2[])),ssetH[],algH[],verH[]),sign((POSS,authTuple(issuerId2[],fp(pk(skH2[])),ssetH[],algH[],verH[])),skH2[]),sign((BYTES,framed(OT_ATTEST,algH[],issuerId2[],fp(pk(skH2[])),h(authTuple(issuerId2[],fp(pk(skH2[])),ssetH[],algH[],verH[])),canonVerH[],p1_5)),skH2[]),decl1_4)),DISP_ABANDONED),entry(h(attemptCore(authTuple(issuerId2[],fp(pk(skH2[])),ssetH[],algH[],verH[]),sign((POSS,authTuple(issuerId2[],fp(pk(skH2[])),ssetH[],algH[],verH[])),skH2[]),sign((BYTES,framed(OT_ATTEST,algH[],issuerId2[],fp(pk(skH2[])),h(authTuple(issuerId2[],fp(pk(skH2[])),ssetH[],algH[],verH[])),canonVerH[],p2_5)),skH2[]),decl2_4)),DISP_SHIPPED)),TERM_SHIPPED(h(attemptCore(authTuple(issuerId2[],fp(pk(skH2[])),ssetH[],algH[],verH[]),sign((POSS,authTuple(issuerId2[],fp(pk(skH2[])),ssetH[],algH[],verH[])),skH2[]),sign((BYTES,framed(OT_ATTEST,algH[],issuerId2[],fp(pk(skH2[])),h(authTuple(issuerId2[],fp(pk(skH2[])),ssetH[],algH[],verH[])),canonVerH[],p2_5)),skH2[]),decl2_4))),declT_5)),skH2[]))).
Using the function withTLR the attacker may obtain withTLR(pk(skH2[]),sign((TLR,(lineage2(entry(h(attemptCore(authTuple(issuerId2[],fp(pk(skH2[])),ssetH[],algH[],verH[]),sign((POSS,authTuple(issuerId2[],fp(pk(skH2[])),ssetH[],algH[],verH[])),skH2[]),sign((BYTES,framed(OT_ATTEST,algH[],issuerId2[],fp(pk(skH2[])),h(authTuple(issuerId2[],fp(pk(skH2[])),ssetH[],algH[],verH[])),canonVerH[],p1_5)),skH2[]),decl1_4)),DISP_ABANDONED),entry(h(attemptCore(authTuple(issuerId2[],fp(pk(skH2[])),ssetH[],algH[],verH[]),sign((POSS,authTuple(issuerId2[],fp(pk(skH2[])),ssetH[],algH[],verH[])),skH2[]),sign((BYTES,framed(OT_ATTEST,algH[],issuerId2[],fp(pk(skH2[])),h(authTuple(issuerId2[],fp(pk(skH2[])),ssetH[],algH[],verH[])),canonVerH[],p2_5)),skH2[]),decl2_4)),DISP_SHIPPED)),TERM_SHIPPED(h(attemptCore(authTuple(issuerId2[],fp(pk(skH2[])),ssetH[],algH[],verH[]),sign((POSS,authTuple(issuerId2[],fp(pk(skH2[])),ssetH[],algH[],verH[])),skH2[]),sign((BYTES,framed(OT_ATTEST,algH[],issuerId2[],fp(pk(skH2[])),h(authTuple(issuerId2[],fp(pk(skH2[])),ssetH[],algH[],verH[])),canonVerH[],p2_5)),skH2[]),decl2_4))),declT_5)),skH2[]),anchorProof(h(sign((TLR,(lineage2(entry(h(attemptCore(authTuple(issuerId2[],fp(pk(skH2[])),ssetH[],algH[],verH[]),sign((POSS,authTuple(issuerId2[],fp(pk(skH2[])),ssetH[],algH[],verH[])),skH2[]),sign((BYTES,framed(OT_ATTEST,algH[],issuerId2[],fp(pk(skH2[])),h(authTuple(issuerId2[],fp(pk(skH2[])),ssetH[],algH[],verH[])),canonVerH[],p1_5)),skH2[]),decl1_4)),DISP_ABANDONED),entry(h(attemptCore(authTuple(issuerId2[],fp(pk(skH2[])),ssetH[],algH[],verH[]),sign((POSS,authTuple(issuerId2[],fp(pk(skH2[])),ssetH[],algH[],verH[])),skH2[]),sign((BYTES,framed(OT_ATTEST,algH[],issuerId2[],fp(pk(skH2[])),h(authTuple(issuerId2[],fp(pk(skH2[])),ssetH[],algH[],verH[])),canonVerH[],p2_5)),skH2[]),decl2_4)),DISP_SHIPPED)),TERM_SHIPPED(h(attemptCore(authTuple(issuerId2[],fp(pk(skH2[])),ssetH[],algH[],verH[]),sign((POSS,authTuple(issuerId2[],fp(pk(skH2[])),ssetH[],algH[],verH[])),skH2[]),sign((BYTES,framed(OT_ATTEST,algH[],issuerId2[],fp(pk(skH2[])),h(authTuple(issuerId2[],fp(pk(skH2[])),ssetH[],algH[],verH[])),canonVerH[],p2_5)),skH2[]),decl2_4))),declT_5)),skH2[])))).
attacker(withTLR(pk(skH2[]),sign((TLR,(lineage2(entry(h(attemptCore(authTuple(issuerId2[],fp(pk(skH2[])),ssetH[],algH[],verH[]),sign((POSS,authTuple(issuerId2[],fp(pk(skH2[])),ssetH[],algH[],verH[])),skH2[]),sign((BYTES,framed(OT_ATTEST,algH[],issuerId2[],fp(pk(skH2[])),h(authTuple(issuerId2[],fp(pk(skH2[])),ssetH[],algH[],verH[])),canonVerH[],p1_5)),skH2[]),decl1_4)),DISP_ABANDONED),entry(h(attemptCore(authTuple(issuerId2[],fp(pk(skH2[])),ssetH[],algH[],verH[]),sign((POSS,authTuple(issuerId2[],fp(pk(skH2[])),ssetH[],algH[],verH[])),skH2[]),sign((BYTES,framed(OT_ATTEST,algH[],issuerId2[],fp(pk(skH2[])),h(authTuple(issuerId2[],fp(pk(skH2[])),ssetH[],algH[],verH[])),canonVerH[],p2_5)),skH2[]),decl2_4)),DISP_SHIPPED)),TERM_SHIPPED(h(attemptCore(authTuple(issuerId2[],fp(pk(skH2[])),ssetH[],algH[],verH[]),sign((POSS,authTuple(issuerId2[],fp(pk(skH2[])),ssetH[],algH[],verH[])),skH2[]),sign((BYTES,framed(OT_ATTEST,algH[],issuerId2[],fp(pk(skH2[])),h(authTuple(issuerId2[],fp(pk(skH2[])),ssetH[],algH[],verH[])),canonVerH[],p2_5)),skH2[]),decl2_4))),declT_5)),skH2[]),anchorProof(h(sign((TLR,(lineage2(entry(h(attemptCore(authTuple(issuerId2[],fp(pk(skH2[])),ssetH[],algH[],verH[]),sign((POSS,authTuple(issuerId2[],fp(pk(skH2[])),ssetH[],algH[],verH[])),skH2[]),sign((BYTES,framed(OT_ATTEST,algH[],issuerId2[],fp(pk(skH2[])),h(authTuple(issuerId2[],fp(pk(skH2[])),ssetH[],algH[],verH[])),canonVerH[],p1_5)),skH2[]),decl1_4)),DISP_ABANDONED),entry(h(attemptCore(authTuple(issuerId2[],fp(pk(skH2[])),ssetH[],algH[],verH[]),sign((POSS,authTuple(issuerId2[],fp(pk(skH2[])),ssetH[],algH[],verH[])),skH2[]),sign((BYTES,framed(OT_ATTEST,algH[],issuerId2[],fp(pk(skH2[])),h(authTuple(issuerId2[],fp(pk(skH2[])),ssetH[],algH[],verH[])),canonVerH[],p2_5)),skH2[]),decl2_4)),DISP_SHIPPED)),TERM_SHIPPED(h(attemptCore(authTuple(issuerId2[],fp(pk(skH2[])),ssetH[],algH[],verH[]),sign((POSS,authTuple(issuerId2[],fp(pk(skH2[])),ssetH[],algH[],verH[])),skH2[]),sign((BYTES,framed(OT_ATTEST,algH[],issuerId2[],fp(pk(skH2[])),h(authTuple(issuerId2[],fp(pk(skH2[])),ssetH[],algH[],verH[])),canonVerH[],p2_5)),skH2[]),decl2_4))),declT_5)),skH2[]))))).

9. The attacker has some term fb_2.
attacker(fb_2).

10. The message (p1_5,p2_5) that the attacker may have by 3 may be received at input {86}.
So the message (attemptCore(authTuple(issuerId2[],fp(pk(skH2[])),ssetH[],algH[],verH[]),sign((POSS,authTuple(issuerId2[],fp(pk(skH2[])),ssetH[],algH[],verH[])),skH2[]),sign((BYTES,framed(OT_ATTEST,algH[],issuerId2[],fp(pk(skH2[])),h(authTuple(issuerId2[],fp(pk(skH2[])),ssetH[],algH[],verH[])),canonVerH[],p2_5)),skH2[]),decl2_4),framed(OT_ATTEST,algH[],issuerId2[],fp(pk(skH2[])),h(authTuple(issuerId2[],fp(pk(skH2[])),ssetH[],algH[],verH[])),canonVerH[],p2_5)) may be sent to the attacker at output {101}.
attacker((attemptCore(authTuple(issuerId2[],fp(pk(skH2[])),ssetH[],algH[],verH[]),sign((POSS,authTuple(issuerId2[],fp(pk(skH2[])),ssetH[],algH[],verH[])),skH2[]),sign((BYTES,framed(OT_ATTEST,algH[],issuerId2[],fp(pk(skH2[])),h(authTuple(issuerId2[],fp(pk(skH2[])),ssetH[],algH[],verH[])),canonVerH[],p2_5)),skH2[]),decl2_4),framed(OT_ATTEST,algH[],issuerId2[],fp(pk(skH2[])),h(authTuple(issuerId2[],fp(pk(skH2[])),ssetH[],algH[],verH[])),canonVerH[],p2_5))).

11. By 10, the attacker may know (attemptCore(authTuple(issuerId2[],fp(pk(skH2[])),ssetH[],algH[],verH[]),sign((POSS,authTuple(issuerId2[],fp(pk(skH2[])),ssetH[],algH[],verH[])),skH2[]),sign((BYTES,framed(OT_ATTEST,algH[],issuerId2[],fp(pk(skH2[])),h(authTuple(issuerId2[],fp(pk(skH2[])),ssetH[],algH[],verH[])),canonVerH[],p2_5)),skH2[]),decl2_4),framed(OT_ATTEST,algH[],issuerId2[],fp(pk(skH2[])),h(authTuple(issuerId2[],fp(pk(skH2[])),ssetH[],algH[],verH[])),canonVerH[],p2_5)).
Using the function 1-proj-2-tuple the attacker may obtain attemptCore(authTuple(issuerId2[],fp(pk(skH2[])),ssetH[],algH[],verH[]),sign((POSS,authTuple(issuerId2[],fp(pk(skH2[])),ssetH[],algH[],verH[])),skH2[]),sign((BYTES,framed(OT_ATTEST,algH[],issuerId2[],fp(pk(skH2[])),h(authTuple(issuerId2[],fp(pk(skH2[])),ssetH[],algH[],verH[])),canonVerH[],p2_5)),skH2[]),decl2_4).
attacker(attemptCore(authTuple(issuerId2[],fp(pk(skH2[])),ssetH[],algH[],verH[]),sign((POSS,authTuple(issuerId2[],fp(pk(skH2[])),ssetH[],algH[],verH[])),skH2[]),sign((BYTES,framed(OT_ATTEST,algH[],issuerId2[],fp(pk(skH2[])),h(authTuple(issuerId2[],fp(pk(skH2[])),ssetH[],algH[],verH[])),canonVerH[],p2_5)),skH2[]),decl2_4)).

12. By 11, the attacker may know attemptCore(authTuple(issuerId2[],fp(pk(skH2[])),ssetH[],algH[],verH[]),sign((POSS,authTuple(issuerId2[],fp(pk(skH2[])),ssetH[],algH[],verH[])),skH2[]),sign((BYTES,framed(OT_ATTEST,algH[],issuerId2[],fp(pk(skH2[])),h(authTuple(issuerId2[],fp(pk(skH2[])),ssetH[],algH[],verH[])),canonVerH[],p2_5)),skH2[]),decl2_4).
Using the function 4-proj-attemptCore the attacker may obtain decl2_4.
attacker(decl2_4).

13. The attacker has some term p2_7.
attacker(p2_7).

14. By 1, the attacker may know p2_5.
By 13, the attacker may know p2_7.
Using the function 2-tuple the attacker may obtain (p2_5,p2_7).
attacker((p2_5,p2_7)).

15. The message (p2_5,p2_7) that the attacker may have by 14 may be received at input {86}.
So the message (attemptCore(authTuple(issuerId2[],fp(pk(skH2[])),ssetH[],algH[],verH[]),sign((POSS,authTuple(issuerId2[],fp(pk(skH2[])),ssetH[],algH[],verH[])),skH2[]),sign((BYTES,framed(OT_ATTEST,algH[],issuerId2[],fp(pk(skH2[])),h(authTuple(issuerId2[],fp(pk(skH2[])),ssetH[],algH[],verH[])),canonVerH[],p2_5)),skH2[]),decl1_6),framed(OT_ATTEST,algH[],issuerId2[],fp(pk(skH2[])),h(authTuple(issuerId2[],fp(pk(skH2[])),ssetH[],algH[],verH[])),canonVerH[],p2_5)) may be sent to the attacker at output {96}.
attacker((attemptCore(authTuple(issuerId2[],fp(pk(skH2[])),ssetH[],algH[],verH[]),sign((POSS,authTuple(issuerId2[],fp(pk(skH2[])),ssetH[],algH[],verH[])),skH2[]),sign((BYTES,framed(OT_ATTEST,algH[],issuerId2[],fp(pk(skH2[])),h(authTuple(issuerId2[],fp(pk(skH2[])),ssetH[],algH[],verH[])),canonVerH[],p2_5)),skH2[]),decl1_6),framed(OT_ATTEST,algH[],issuerId2[],fp(pk(skH2[])),h(authTuple(issuerId2[],fp(pk(skH2[])),ssetH[],algH[],verH[])),canonVerH[],p2_5))).

16. By 15, the attacker may know (attemptCore(authTuple(issuerId2[],fp(pk(skH2[])),ssetH[],algH[],verH[]),sign((POSS,authTuple(issuerId2[],fp(pk(skH2[])),ssetH[],algH[],verH[])),skH2[]),sign((BYTES,framed(OT_ATTEST,algH[],issuerId2[],fp(pk(skH2[])),h(authTuple(issuerId2[],fp(pk(skH2[])),ssetH[],algH[],verH[])),canonVerH[],p2_5)),skH2[]),decl1_6),framed(OT_ATTEST,algH[],issuerId2[],fp(pk(skH2[])),h(authTuple(issuerId2[],fp(pk(skH2[])),ssetH[],algH[],verH[])),canonVerH[],p2_5)).
Using the function 1-proj-2-tuple the attacker may obtain attemptCore(authTuple(issuerId2[],fp(pk(skH2[])),ssetH[],algH[],verH[]),sign((POSS,authTuple(issuerId2[],fp(pk(skH2[])),ssetH[],algH[],verH[])),skH2[]),sign((BYTES,framed(OT_ATTEST,algH[],issuerId2[],fp(pk(skH2[])),h(authTuple(issuerId2[],fp(pk(skH2[])),ssetH[],algH[],verH[])),canonVerH[],p2_5)),skH2[]),decl1_6).
attacker(attemptCore(authTuple(issuerId2[],fp(pk(skH2[])),ssetH[],algH[],verH[]),sign((POSS,authTuple(issuerId2[],fp(pk(skH2[])),ssetH[],algH[],verH[])),skH2[]),sign((BYTES,framed(OT_ATTEST,algH[],issuerId2[],fp(pk(skH2[])),h(authTuple(issuerId2[],fp(pk(skH2[])),ssetH[],algH[],verH[])),canonVerH[],p2_5)),skH2[]),decl1_6)).

17. By 16, the attacker may know attemptCore(authTuple(issuerId2[],fp(pk(skH2[])),ssetH[],algH[],verH[]),sign((POSS,authTuple(issuerId2[],fp(pk(skH2[])),ssetH[],algH[],verH[])),skH2[]),sign((BYTES,framed(OT_ATTEST,algH[],issuerId2[],fp(pk(skH2[])),h(authTuple(issuerId2[],fp(pk(skH2[])),ssetH[],algH[],verH[])),canonVerH[],p2_5)),skH2[]),decl1_6).
Using the function 3-proj-attemptCore the attacker may obtain sign((BYTES,framed(OT_ATTEST,algH[],issuerId2[],fp(pk(skH2[])),h(authTuple(issuerId2[],fp(pk(skH2[])),ssetH[],algH[],verH[])),canonVerH[],p2_5)),skH2[]).
attacker(sign((BYTES,framed(OT_ATTEST,algH[],issuerId2[],fp(pk(skH2[])),h(authTuple(issuerId2[],fp(pk(skH2[])),ssetH[],algH[],verH[])),canonVerH[],p2_5)),skH2[])).

18. The attacker has some term p2_6.
attacker(p2_6).

19. The attacker has some term p1_6.
attacker(p1_6).

20. By 19, the attacker may know p1_6.
By 18, the attacker may know p2_6.
Using the function 2-tuple the attacker may obtain (p1_6,p2_6).
attacker((p1_6,p2_6)).

21. The message (p1_6,p2_6) that the attacker may have by 20 may be received at input {86}.
So the message (attemptCore(authTuple(issuerId2[],fp(pk(skH2[])),ssetH[],algH[],verH[]),sign((POSS,authTuple(issuerId2[],fp(pk(skH2[])),ssetH[],algH[],verH[])),skH2[]),sign((BYTES,framed(OT_ATTEST,algH[],issuerId2[],fp(pk(skH2[])),h(authTuple(issuerId2[],fp(pk(skH2[])),ssetH[],algH[],verH[])),canonVerH[],p1_6)),skH2[]),decl1_5),framed(OT_ATTEST,algH[],issuerId2[],fp(pk(skH2[])),h(authTuple(issuerId2[],fp(pk(skH2[])),ssetH[],algH[],verH[])),canonVerH[],p1_6)) may be sent to the attacker at output {96}.
attacker((attemptCore(authTuple(issuerId2[],fp(pk(skH2[])),ssetH[],algH[],verH[]),sign((POSS,authTuple(issuerId2[],fp(pk(skH2[])),ssetH[],algH[],verH[])),skH2[]),sign((BYTES,framed(OT_ATTEST,algH[],issuerId2[],fp(pk(skH2[])),h(authTuple(issuerId2[],fp(pk(skH2[])),ssetH[],algH[],verH[])),canonVerH[],p1_6)),skH2[]),decl1_5),framed(OT_ATTEST,algH[],issuerId2[],fp(pk(skH2[])),h(authTuple(issuerId2[],fp(pk(skH2[])),ssetH[],algH[],verH[])),canonVerH[],p1_6))).

22. By 21, the attacker may know (attemptCore(authTuple(issuerId2[],fp(pk(skH2[])),ssetH[],algH[],verH[]),sign((POSS,authTuple(issuerId2[],fp(pk(skH2[])),ssetH[],algH[],verH[])),skH2[]),sign((BYTES,framed(OT_ATTEST,algH[],issuerId2[],fp(pk(skH2[])),h(authTuple(issuerId2[],fp(pk(skH2[])),ssetH[],algH[],verH[])),canonVerH[],p1_6)),skH2[]),decl1_5),framed(OT_ATTEST,algH[],issuerId2[],fp(pk(skH2[])),h(authTuple(issuerId2[],fp(pk(skH2[])),ssetH[],algH[],verH[])),canonVerH[],p1_6)).
Using the function 1-proj-2-tuple the attacker may obtain attemptCore(authTuple(issuerId2[],fp(pk(skH2[])),ssetH[],algH[],verH[]),sign((POSS,authTuple(issuerId2[],fp(pk(skH2[])),ssetH[],algH[],verH[])),skH2[]),sign((BYTES,framed(OT_ATTEST,algH[],issuerId2[],fp(pk(skH2[])),h(authTuple(issuerId2[],fp(pk(skH2[])),ssetH[],algH[],verH[])),canonVerH[],p1_6)),skH2[]),decl1_5).
attacker(attemptCore(authTuple(issuerId2[],fp(pk(skH2[])),ssetH[],algH[],verH[]),sign((POSS,authTuple(issuerId2[],fp(pk(skH2[])),ssetH[],algH[],verH[])),skH2[]),sign((BYTES,framed(OT_ATTEST,algH[],issuerId2[],fp(pk(skH2[])),h(authTuple(issuerId2[],fp(pk(skH2[])),ssetH[],algH[],verH[])),canonVerH[],p1_6)),skH2[]),decl1_5)).

23. By 22, the attacker may know attemptCore(authTuple(issuerId2[],fp(pk(skH2[])),ssetH[],algH[],verH[]),sign((POSS,authTuple(issuerId2[],fp(pk(skH2[])),ssetH[],algH[],verH[])),skH2[]),sign((BYTES,framed(OT_ATTEST,algH[],issuerId2[],fp(pk(skH2[])),h(authTuple(issuerId2[],fp(pk(skH2[])),ssetH[],algH[],verH[])),canonVerH[],p1_6)),skH2[]),decl1_5).
Using the function 2-proj-attemptCore the attacker may obtain sign((POSS,authTuple(issuerId2[],fp(pk(skH2[])),ssetH[],algH[],verH[])),skH2[]).
attacker(sign((POSS,authTuple(issuerId2[],fp(pk(skH2[])),ssetH[],algH[],verH[])),skH2[])).

24. The attacker initially knows verH[].
attacker(verH[]).

25. The attacker initially knows algH[].
attacker(algH[]).

26. The attacker initially knows ssetH[].
attacker(ssetH[]).

27. By 7, the attacker may know pk(skH2[]).
Using the function fp the attacker may obtain fp(pk(skH2[])).
attacker(fp(pk(skH2[]))).

28. The attacker initially knows issuerId2[].
attacker(issuerId2[]).

29. By 28, the attacker may know issuerId2[].
By 27, the attacker may know fp(pk(skH2[])).
By 26, the attacker may know ssetH[].
By 25, the attacker may know algH[].
By 24, the attacker may know verH[].
Using the function authTuple the attacker may obtain authTuple(issuerId2[],fp(pk(skH2[])),ssetH[],algH[],verH[]).
attacker(authTuple(issuerId2[],fp(pk(skH2[])),ssetH[],algH[],verH[])).

30. By 29, the attacker may know authTuple(issuerId2[],fp(pk(skH2[])),ssetH[],algH[],verH[]).
By 23, the attacker may know sign((POSS,authTuple(issuerId2[],fp(pk(skH2[])),ssetH[],algH[],verH[])),skH2[]).
By 17, the attacker may know sign((BYTES,framed(OT_ATTEST,algH[],issuerId2[],fp(pk(skH2[])),h(authTuple(issuerId2[],fp(pk(skH2[])),ssetH[],algH[],verH[])),canonVerH[],p2_5)),skH2[]).
By 12, the attacker may know decl2_4.
Using the function attemptCore the attacker may obtain attemptCore(authTuple(issuerId2[],fp(pk(skH2[])),ssetH[],algH[],verH[]),sign((POSS,authTuple(issuerId2[],fp(pk(skH2[])),ssetH[],algH[],verH[])),skH2[]),sign((BYTES,framed(OT_ATTEST,algH[],issuerId2[],fp(pk(skH2[])),h(authTuple(issuerId2[],fp(pk(skH2[])),ssetH[],algH[],verH[])),canonVerH[],p2_5)),skH2[]),decl2_4).
attacker(attemptCore(authTuple(issuerId2[],fp(pk(skH2[])),ssetH[],algH[],verH[]),sign((POSS,authTuple(issuerId2[],fp(pk(skH2[])),ssetH[],algH[],verH[])),skH2[]),sign((BYTES,framed(OT_ATTEST,algH[],issuerId2[],fp(pk(skH2[])),h(authTuple(issuerId2[],fp(pk(skH2[])),ssetH[],algH[],verH[])),canonVerH[],p2_5)),skH2[]),decl2_4)).

31. The message sign((STMT_DIGEST,h(authTuple(issuerId2[],fp(pk(skH2[])),ssetH[],algH[],verH[]))),skR[]) may be sent to the attacker at output {32}.
attacker(sign((STMT_DIGEST,h(authTuple(issuerId2[],fp(pk(skH2[])),ssetH[],algH[],verH[]))),skR[])).

32. The message sign((STMT_DIGEST,h(authTuple(issuerId2[],fp(pk(skH2[])),ssetH[],algH[],verH[]))),skD[]) may be sent to the attacker at output {20}.
attacker(sign((STMT_DIGEST,h(authTuple(issuerId2[],fp(pk(skH2[])),ssetH[],algH[],verH[]))),skD[])).

33. By 29, the attacker may know authTuple(issuerId2[],fp(pk(skH2[])),ssetH[],algH[],verH[]).
By 32, the attacker may know sign((STMT_DIGEST,h(authTuple(issuerId2[],fp(pk(skH2[])),ssetH[],algH[],verH[]))),skD[]).
By 31, the attacker may know sign((STMT_DIGEST,h(authTuple(issuerId2[],fp(pk(skH2[])),ssetH[],algH[],verH[]))),skR[]).
By 7, the attacker may know pk(skH2[]).
By 30, the attacker may know attemptCore(authTuple(issuerId2[],fp(pk(skH2[])),ssetH[],algH[],verH[]),sign((POSS,authTuple(issuerId2[],fp(pk(skH2[])),ssetH[],algH[],verH[])),skH2[]),sign((BYTES,framed(OT_ATTEST,algH[],issuerId2[],fp(pk(skH2[])),h(authTuple(issuerId2[],fp(pk(skH2[])),ssetH[],algH[],verH[])),canonVerH[],p2_5)),skH2[]),decl2_4).
By 9, the attacker may know fb_2.
By 8, the attacker may know withTLR(pk(skH2[]),sign((TLR,(lineage2(entry(h(attemptCore(authTuple(issuerId2[],fp(pk(skH2[])),ssetH[],algH[],verH[]),sign((POSS,authTuple(issuerId2[],fp(pk(skH2[])),ssetH[],algH[],verH[])),skH2[]),sign((BYTES,framed(OT_ATTEST,algH[],issuerId2[],fp(pk(skH2[])),h(authTuple(issuerId2[],fp(pk(skH2[])),ssetH[],algH[],verH[])),canonVerH[],p1_5)),skH2[]),decl1_4)),DISP_ABANDONED),entry(h(attemptCore(authTuple(issuerId2[],fp(pk(skH2[])),ssetH[],algH[],verH[]),sign((POSS,authTuple(issuerId2[],fp(pk(skH2[])),ssetH[],algH[],verH[])),skH2[]),sign((BYTES,framed(OT_ATTEST,algH[],issuerId2[],fp(pk(skH2[])),h(authTuple(issuerId2[],fp(pk(skH2[])),ssetH[],algH[],verH[])),canonVerH[],p2_5)),skH2[]),decl2_4)),DISP_SHIPPED)),TERM_SHIPPED(h(attemptCore(authTuple(issuerId2[],fp(pk(skH2[])),ssetH[],algH[],verH[]),sign((POSS,authTuple(issuerId2[],fp(pk(skH2[])),ssetH[],algH[],verH[])),skH2[]),sign((BYTES,framed(OT_ATTEST,algH[],issuerId2[],fp(pk(skH2[])),h(authTuple(issuerId2[],fp(pk(skH2[])),ssetH[],algH[],verH[])),canonVerH[],p2_5)),skH2[]),decl2_4))),declT_5)),skH2[]),anchorProof(h(sign((TLR,(lineage2(entry(h(attemptCore(authTuple(issuerId2[],fp(pk(skH2[])),ssetH[],algH[],verH[]),sign((POSS,authTuple(issuerId2[],fp(pk(skH2[])),ssetH[],algH[],verH[])),skH2[]),sign((BYTES,framed(OT_ATTEST,algH[],issuerId2[],fp(pk(skH2[])),h(authTuple(issuerId2[],fp(pk(skH2[])),ssetH[],algH[],verH[])),canonVerH[],p1_5)),skH2[]),decl1_4)),DISP_ABANDONED),entry(h(attemptCore(authTuple(issuerId2[],fp(pk(skH2[])),ssetH[],algH[],verH[]),sign((POSS,authTuple(issuerId2[],fp(pk(skH2[])),ssetH[],algH[],verH[])),skH2[]),sign((BYTES,framed(OT_ATTEST,algH[],issuerId2[],fp(pk(skH2[])),h(authTuple(issuerId2[],fp(pk(skH2[])),ssetH[],algH[],verH[])),canonVerH[],p2_5)),skH2[]),decl2_4)),DISP_SHIPPED)),TERM_SHIPPED(h(attemptCore(authTuple(issuerId2[],fp(pk(skH2[])),ssetH[],algH[],verH[]),sign((POSS,authTuple(issuerId2[],fp(pk(skH2[])),ssetH[],algH[],verH[])),skH2[]),sign((BYTES,framed(OT_ATTEST,algH[],issuerId2[],fp(pk(skH2[])),h(authTuple(issuerId2[],fp(pk(skH2[])),ssetH[],algH[],verH[])),canonVerH[],p2_5)),skH2[]),decl2_4))),declT_5)),skH2[])))).
Using the function 7-tuple the attacker may obtain (authTuple(issuerId2[],fp(pk(skH2[])),ssetH[],algH[],verH[]),sign((STMT_DIGEST,h(authTuple(issuerId2[],fp(pk(skH2[])),ssetH[],algH[],verH[]))),skD[]),sign((STMT_DIGEST,h(authTuple(issuerId2[],fp(pk(skH2[])),ssetH[],algH[],verH[]))),skR[]),pk(skH2[]),attemptCore(authTuple(issuerId2[],fp(pk(skH2[])),ssetH[],algH[],verH[]),sign((POSS,authTuple(issuerId2[],fp(pk(skH2[])),ssetH[],algH[],verH[])),skH2[]),sign((BYTES,framed(OT_ATTEST,algH[],issuerId2[],fp(pk(skH2[])),h(authTuple(issuerId2[],fp(pk(skH2[])),ssetH[],algH[],verH[])),canonVerH[],p2_5)),skH2[]),decl2_4),fb_2,withTLR(pk(skH2[]),sign((TLR,(lineage2(entry(h(attemptCore(authTuple(issuerId2[],fp(pk(skH2[])),ssetH[],algH[],verH[]),sign((POSS,authTuple(issuerId2[],fp(pk(skH2[])),ssetH[],algH[],verH[])),skH2[]),sign((BYTES,framed(OT_ATTEST,algH[],issuerId2[],fp(pk(skH2[])),h(authTuple(issuerId2[],fp(pk(skH2[])),ssetH[],algH[],verH[])),canonVerH[],p1_5)),skH2[]),decl1_4)),DISP_ABANDONED),entry(h(attemptCore(authTuple(issuerId2[],fp(pk(skH2[])),ssetH[],algH[],verH[]),sign((POSS,authTuple(issuerId2[],fp(pk(skH2[])),ssetH[],algH[],verH[])),skH2[]),sign((BYTES,framed(OT_ATTEST,algH[],issuerId2[],fp(pk(skH2[])),h(authTuple(issuerId2[],fp(pk(skH2[])),ssetH[],algH[],verH[])),canonVerH[],p2_5)),skH2[]),decl2_4)),DISP_SHIPPED)),TERM_SHIPPED(h(attemptCore(authTuple(issuerId2[],fp(pk(skH2[])),ssetH[],algH[],verH[]),sign((POSS,authTuple(issuerId2[],fp(pk(skH2[])),ssetH[],algH[],verH[])),skH2[]),sign((BYTES,framed(OT_ATTEST,algH[],issuerId2[],fp(pk(skH2[])),h(authTuple(issuerId2[],fp(pk(skH2[])),ssetH[],algH[],verH[])),canonVerH[],p2_5)),skH2[]),decl2_4))),declT_5)),skH2[]),anchorProof(h(sign((TLR,(lineage2(entry(h(attemptCore(authTuple(issuerId2[],fp(pk(skH2[])),ssetH[],algH[],verH[]),sign((POSS,authTuple(issuerId2[],fp(pk(skH2[])),ssetH[],algH[],verH[])),skH2[]),sign((BYTES,framed(OT_ATTEST,algH[],issuerId2[],fp(pk(skH2[])),h(authTuple(issuerId2[],fp(pk(skH2[])),ssetH[],algH[],verH[])),canonVerH[],p1_5)),skH2[]),decl1_4)),DISP_ABANDONED),entry(h(attemptCore(authTuple(issuerId2[],fp(pk(skH2[])),ssetH[],algH[],verH[]),sign((POSS,authTuple(issuerId2[],fp(pk(skH2[])),ssetH[],algH[],verH[])),skH2[]),sign((BYTES,framed(OT_ATTEST,algH[],issuerId2[],fp(pk(skH2[])),h(authTuple(issuerId2[],fp(pk(skH2[])),ssetH[],algH[],verH[])),canonVerH[],p2_5)),skH2[]),decl2_4)),DISP_SHIPPED)),TERM_SHIPPED(h(attemptCore(authTuple(issuerId2[],fp(pk(skH2[])),ssetH[],algH[],verH[]),sign((POSS,authTuple(issuerId2[],fp(pk(skH2[])),ssetH[],algH[],verH[])),skH2[]),sign((BYTES,framed(OT_ATTEST,algH[],issuerId2[],fp(pk(skH2[])),h(authTuple(issuerId2[],fp(pk(skH2[])),ssetH[],algH[],verH[])),canonVerH[],p2_5)),skH2[]),decl2_4))),declT_5)),skH2[]))))).
attacker((authTuple(issuerId2[],fp(pk(skH2[])),ssetH[],algH[],verH[]),sign((STMT_DIGEST,h(authTuple(issuerId2[],fp(pk(skH2[])),ssetH[],algH[],verH[]))),skD[]),sign((STMT_DIGEST,h(authTuple(issuerId2[],fp(pk(skH2[])),ssetH[],algH[],verH[]))),skR[]),pk(skH2[]),attemptCore(authTuple(issuerId2[],fp(pk(skH2[])),ssetH[],algH[],verH[]),sign((POSS,authTuple(issuerId2[],fp(pk(skH2[])),ssetH[],algH[],verH[])),skH2[]),sign((BYTES,framed(OT_ATTEST,algH[],issuerId2[],fp(pk(skH2[])),h(authTuple(issuerId2[],fp(pk(skH2[])),ssetH[],algH[],verH[])),canonVerH[],p2_5)),skH2[]),decl2_4),fb_2,withTLR(pk(skH2[]),sign((TLR,(lineage2(entry(h(attemptCore(authTuple(issuerId2[],fp(pk(skH2[])),ssetH[],algH[],verH[]),sign((POSS,authTuple(issuerId2[],fp(pk(skH2[])),ssetH[],algH[],verH[])),skH2[]),sign((BYTES,framed(OT_ATTEST,algH[],issuerId2[],fp(pk(skH2[])),h(authTuple(issuerId2[],fp(pk(skH2[])),ssetH[],algH[],verH[])),canonVerH[],p1_5)),skH2[]),decl1_4)),DISP_ABANDONED),entry(h(attemptCore(authTuple(issuerId2[],fp(pk(skH2[])),ssetH[],algH[],verH[]),sign((POSS,authTuple(issuerId2[],fp(pk(skH2[])),ssetH[],algH[],verH[])),skH2[]),sign((BYTES,framed(OT_ATTEST,algH[],issuerId2[],fp(pk(skH2[])),h(authTuple(issuerId2[],fp(pk(skH2[])),ssetH[],algH[],verH[])),canonVerH[],p2_5)),skH2[]),decl2_4)),DISP_SHIPPED)),TERM_SHIPPED(h(attemptCore(authTuple(issuerId2[],fp(pk(skH2[])),ssetH[],algH[],verH[]),sign((POSS,authTuple(issuerId2[],fp(pk(skH2[])),ssetH[],algH[],verH[])),skH2[]),sign((BYTES,framed(OT_ATTEST,algH[],issuerId2[],fp(pk(skH2[])),h(authTuple(issuerId2[],fp(pk(skH2[])),ssetH[],algH[],verH[])),canonVerH[],p2_5)),skH2[]),decl2_4))),declT_5)),skH2[]),anchorProof(h(sign((TLR,(lineage2(entry(h(attemptCore(authTuple(issuerId2[],fp(pk(skH2[])),ssetH[],algH[],verH[]),sign((POSS,authTuple(issuerId2[],fp(pk(skH2[])),ssetH[],algH[],verH[])),skH2[]),sign((BYTES,framed(OT_ATTEST,algH[],issuerId2[],fp(pk(skH2[])),h(authTuple(issuerId2[],fp(pk(skH2[])),ssetH[],algH[],verH[])),canonVerH[],p1_5)),skH2[]),decl1_4)),DISP_ABANDONED),entry(h(attemptCore(authTuple(issuerId2[],fp(pk(skH2[])),ssetH[],algH[],verH[]),sign((POSS,authTuple(issuerId2[],fp(pk(skH2[])),ssetH[],algH[],verH[])),skH2[]),sign((BYTES,framed(OT_ATTEST,algH[],issuerId2[],fp(pk(skH2[])),h(authTuple(issuerId2[],fp(pk(skH2[])),ssetH[],algH[],verH[])),canonVerH[],p2_5)),skH2[]),decl2_4)),DISP_SHIPPED)),TERM_SHIPPED(h(attemptCore(authTuple(issuerId2[],fp(pk(skH2[])),ssetH[],algH[],verH[]),sign((POSS,authTuple(issuerId2[],fp(pk(skH2[])),ssetH[],algH[],verH[])),skH2[]),sign((BYTES,framed(OT_ATTEST,algH[],issuerId2[],fp(pk(skH2[])),h(authTuple(issuerId2[],fp(pk(skH2[])),ssetH[],algH[],verH[])),canonVerH[],p2_5)),skH2[]),decl2_4))),declT_5)),skH2[])))))).

34. The message (authTuple(issuerId2[],fp(pk(skH2[])),ssetH[],algH[],verH[]),sign((STMT_DIGEST,h(authTuple(issuerId2[],fp(pk(skH2[])),ssetH[],algH[],verH[]))),skD[]),sign((STMT_DIGEST,h(authTuple(issuerId2[],fp(pk(skH2[])),ssetH[],algH[],verH[]))),skR[]),pk(skH2[]),attemptCore(authTuple(issuerId2[],fp(pk(skH2[])),ssetH[],algH[],verH[]),sign((POSS,authTuple(issuerId2[],fp(pk(skH2[])),ssetH[],algH[],verH[])),skH2[]),sign((BYTES,framed(OT_ATTEST,algH[],issuerId2[],fp(pk(skH2[])),h(authTuple(issuerId2[],fp(pk(skH2[])),ssetH[],algH[],verH[])),canonVerH[],p2_5)),skH2[]),decl2_4),fb_2,withTLR(pk(skH2[]),sign((TLR,(lineage2(entry(h(attemptCore(authTuple(issuerId2[],fp(pk(skH2[])),ssetH[],algH[],verH[]),sign((POSS,authTuple(issuerId2[],fp(pk(skH2[])),ssetH[],algH[],verH[])),skH2[]),sign((BYTES,framed(OT_ATTEST,algH[],issuerId2[],fp(pk(skH2[])),h(authTuple(issuerId2[],fp(pk(skH2[])),ssetH[],algH[],verH[])),canonVerH[],p1_5)),skH2[]),decl1_4)),DISP_ABANDONED),entry(h(attemptCore(authTuple(issuerId2[],fp(pk(skH2[])),ssetH[],algH[],verH[]),sign((POSS,authTuple(issuerId2[],fp(pk(skH2[])),ssetH[],algH[],verH[])),skH2[]),sign((BYTES,framed(OT_ATTEST,algH[],issuerId2[],fp(pk(skH2[])),h(authTuple(issuerId2[],fp(pk(skH2[])),ssetH[],algH[],verH[])),canonVerH[],p2_5)),skH2[]),decl2_4)),DISP_SHIPPED)),TERM_SHIPPED(h(attemptCore(authTuple(issuerId2[],fp(pk(skH2[])),ssetH[],algH[],verH[]),sign((POSS,authTuple(issuerId2[],fp(pk(skH2[])),ssetH[],algH[],verH[])),skH2[]),sign((BYTES,framed(OT_ATTEST,algH[],issuerId2[],fp(pk(skH2[])),h(authTuple(issuerId2[],fp(pk(skH2[])),ssetH[],algH[],verH[])),canonVerH[],p2_5)),skH2[]),decl2_4))),declT_5)),skH2[]),anchorProof(h(sign((TLR,(lineage2(entry(h(attemptCore(authTuple(issuerId2[],fp(pk(skH2[])),ssetH[],algH[],verH[]),sign((POSS,authTuple(issuerId2[],fp(pk(skH2[])),ssetH[],algH[],verH[])),skH2[]),sign((BYTES,framed(OT_ATTEST,algH[],issuerId2[],fp(pk(skH2[])),h(authTuple(issuerId2[],fp(pk(skH2[])),ssetH[],algH[],verH[])),canonVerH[],p1_5)),skH2[]),decl1_4)),DISP_ABANDONED),entry(h(attemptCore(authTuple(issuerId2[],fp(pk(skH2[])),ssetH[],algH[],verH[]),sign((POSS,authTuple(issuerId2[],fp(pk(skH2[])),ssetH[],algH[],verH[])),skH2[]),sign((BYTES,framed(OT_ATTEST,algH[],issuerId2[],fp(pk(skH2[])),h(authTuple(issuerId2[],fp(pk(skH2[])),ssetH[],algH[],verH[])),canonVerH[],p2_5)),skH2[]),decl2_4)),DISP_SHIPPED)),TERM_SHIPPED(h(attemptCore(authTuple(issuerId2[],fp(pk(skH2[])),ssetH[],algH[],verH[]),sign((POSS,authTuple(issuerId2[],fp(pk(skH2[])),ssetH[],algH[],verH[])),skH2[]),sign((BYTES,framed(OT_ATTEST,algH[],issuerId2[],fp(pk(skH2[])),h(authTuple(issuerId2[],fp(pk(skH2[])),ssetH[],algH[],verH[])),canonVerH[],p2_5)),skH2[]),decl2_4))),declT_5)),skH2[]))))) that the attacker may have by 33 may be received at input {132}.
We have h(attemptCore(authTuple(issuerId2[],fp(pk(skH2[])),ssetH[],algH[],verH[]),sign((POSS,authTuple(issuerId2[],fp(pk(skH2[])),ssetH[],algH[],verH[])),skH2[]),sign((BYTES,framed(OT_ATTEST,algH[],issuerId2[],fp(pk(skH2[])),h(authTuple(issuerId2[],fp(pk(skH2[])),ssetH[],algH[],verH[])),canonVerH[],p1_5)),skH2[]),decl1_4)) ≠ h(attemptCore(authTuple(issuerId2[],fp(pk(skH2[])),ssetH[],algH[],verH[]),sign((POSS,authTuple(issuerId2[],fp(pk(skH2[])),ssetH[],algH[],verH[])),skH2[]),sign((BYTES,framed(OT_ATTEST,algH[],issuerId2[],fp(pk(skH2[])),h(authTuple(issuerId2[],fp(pk(skH2[])),ssetH[],algH[],verH[])),canonVerH[],p2_5)),skH2[]),decl2_4)).
So the message (pk(skH2[]),authTuple(issuerId2[],fp(pk(skH2[])),ssetH[],algH[],verH[]),h(attemptCore(authTuple(issuerId2[],fp(pk(skH2[])),ssetH[],algH[],verH[]),sign((POSS,authTuple(issuerId2[],fp(pk(skH2[])),ssetH[],algH[],verH[])),skH2[]),sign((BYTES,framed(OT_ATTEST,algH[],issuerId2[],fp(pk(skH2[])),h(authTuple(issuerId2[],fp(pk(skH2[])),ssetH[],algH[],verH[])),canonVerH[],p2_5)),skH2[]),decl2_4))) may be sent on channel estCh[] at output {154}.
mess(estCh[],(pk(skH2[]),authTuple(issuerId2[],fp(pk(skH2[])),ssetH[],algH[],verH[]),h(attemptCore(authTuple(issuerId2[],fp(pk(skH2[])),ssetH[],algH[],verH[]),sign((POSS,authTuple(issuerId2[],fp(pk(skH2[])),ssetH[],algH[],verH[])),skH2[]),sign((BYTES,framed(OT_ATTEST,algH[],issuerId2[],fp(pk(skH2[])),h(authTuple(issuerId2[],fp(pk(skH2[])),ssetH[],algH[],verH[])),canonVerH[],p2_5)),skH2[]),decl2_4)))).

35. The message (p1_5,p2_5) that the attacker may have by 3 may be received at input {86}.
So the message (pk(skH2[]),h(attemptCore(authTuple(issuerId2[],fp(pk(skH2[])),ssetH[],algH[],verH[]),sign((POSS,authTuple(issuerId2[],fp(pk(skH2[])),ssetH[],algH[],verH[])),skH2[]),sign((BYTES,framed(OT_ATTEST,algH[],issuerId2[],fp(pk(skH2[])),h(authTuple(issuerId2[],fp(pk(skH2[])),ssetH[],algH[],verH[])),canonVerH[],p2_5)),skH2[]),decl2_4))) may be sent on channel designCh[] at output {106}.
mess(designCh[],(pk(skH2[]),h(attemptCore(authTuple(issuerId2[],fp(pk(skH2[])),ssetH[],algH[],verH[]),sign((POSS,authTuple(issuerId2[],fp(pk(skH2[])),ssetH[],algH[],verH[])),skH2[]),sign((BYTES,framed(OT_ATTEST,algH[],issuerId2[],fp(pk(skH2[])),h(authTuple(issuerId2[],fp(pk(skH2[])),ssetH[],algH[],verH[])),canonVerH[],p2_5)),skH2[]),decl2_4)))).

36. The message (pk(skH2[]),authTuple(issuerId2[],fp(pk(skH2[])),ssetH[],algH[],verH[]),h(attemptCore(authTuple(issuerId2[],fp(pk(skH2[])),ssetH[],algH[],verH[]),sign((POSS,authTuple(issuerId2[],fp(pk(skH2[])),ssetH[],algH[],verH[])),skH2[]),sign((BYTES,framed(OT_ATTEST,algH[],issuerId2[],fp(pk(skH2[])),h(authTuple(issuerId2[],fp(pk(skH2[])),ssetH[],algH[],verH[])),canonVerH[],p2_5)),skH2[]),decl2_4))) that may be sent on channel estCh[] by 34 may be received at input {179}.
The message (pk(skH2[]),h(attemptCore(authTuple(issuerId2[],fp(pk(skH2[])),ssetH[],algH[],verH[]),sign((POSS,authTuple(issuerId2[],fp(pk(skH2[])),ssetH[],algH[],verH[])),skH2[]),sign((BYTES,framed(OT_ATTEST,algH[],issuerId2[],fp(pk(skH2[])),h(authTuple(issuerId2[],fp(pk(skH2[])),ssetH[],algH[],verH[])),canonVerH[],p2_5)),skH2[]),decl2_4))) that may be sent on channel designCh[] by 35 may be received at input {183}.
So event HonestStandingEstablished(pk(skH2[]),h(attemptCore(authTuple(issuerId2[],fp(pk(skH2[])),ssetH[],algH[],verH[]),sign((POSS,authTuple(issuerId2[],fp(pk(skH2[])),ssetH[],algH[],verH[])),skH2[]),sign((BYTES,framed(OT_ATTEST,algH[],issuerId2[],fp(pk(skH2[])),h(authTuple(issuerId2[],fp(pk(skH2[])),ssetH[],algH[],verH[])),canonVerH[],p2_5)),skH2[]),decl2_4))) may be executed at {184}.
event(HonestStandingEstablished(pk(skH2[]),h(attemptCore(authTuple(issuerId2[],fp(pk(skH2[])),ssetH[],algH[],verH[]),sign((POSS,authTuple(issuerId2[],fp(pk(skH2[])),ssetH[],algH[],verH[])),skH2[]),sign((BYTES,framed(OT_ATTEST,algH[],issuerId2[],fp(pk(skH2[])),h(authTuple(issuerId2[],fp(pk(skH2[])),ssetH[],algH[],verH[])),canonVerH[],p2_5)),skH2[]),decl2_4)))).

37. By 36, event(HonestStandingEstablished(pk(skH2[]),h(attemptCore(authTuple(issuerId2[],fp(pk(skH2[])),ssetH[],algH[],verH[]),sign((POSS,authTuple(issuerId2[],fp(pk(skH2[])),ssetH[],algH[],verH[])),skH2[]),sign((BYTES,framed(OT_ATTEST,algH[],issuerId2[],fp(pk(skH2[])),h(authTuple(issuerId2[],fp(pk(skH2[])),ssetH[],algH[],verH[])),canonVerH[],p2_5)),skH2[]),decl2_4)))).
The goal is reached, represented in the following fact:
event(HonestStandingEstablished(pk(skH2[]),h(attemptCore(authTuple(issuerId2[],fp(pk(skH2[])),ssetH[],algH[],verH[]),sign((POSS,authTuple(issuerId2[],fp(pk(skH2[])),ssetH[],algH[],verH[])),skH2[]),sign((BYTES,framed(OT_ATTEST,algH[],issuerId2[],fp(pk(skH2[])),h(authTuple(issuerId2[],fp(pk(skH2[])),ssetH[],algH[],verH[])),canonVerH[],p2_5)),skH2[]),decl2_4)))).


A more detailed output of the traces is available with
  set traceDisplay = long.

new skD: skey creating skD_4 at {1}

new skR: skey creating skR_4 at {2}

out(c, ~M) with ~M = pk(skD_4) at {6}

out(c, ~M_1) with ~M_1 = pk(skR_4) at {7}

out(c, ~M_2) with ~M_2 = pk(skH1) at {8}

out(c, ~M_3) with ~M_3 = pk(skH2) at {9}

out(c, authTuple(~M_4,~M_5,~M_6,~M_7,~M_8)) with ~M_4 = issuerId, ~M_5 = fp(pk(skH1)), ~M_6 = ssetH, ~M_7 = algH, ~M_8 = verH at {10}

out(c, authTuple(~M_9,~M_10,~M_11,~M_12,~M_13)) with ~M_9 = issuerId2, ~M_10 = fp(pk(skH2)), ~M_11 = ssetH, ~M_12 = algH, ~M_13 = verH at {11}

out(c, authTuple(~M_14,~M_15,~M_16,~M_17,~M_18)) with ~M_14 = issuerIdAlias, ~M_15 = fp(pk(skH1)), ~M_16 = ssetH, ~M_17 = algH, ~M_18 = verH at {12}

event AuthorityPublishedRepo(authTuple(issuerId2,fp(pk(skH2)),ssetH,algH,verH)) at {31} in copy a

out(c, ~M_19) with ~M_19 = sign((STMT_DIGEST,h(authTuple(issuerId2,fp(pk(skH2)),ssetH,algH,verH))),skR_4) at {32} in copy a

event AuthorityPublishedDNS(authTuple(issuerId2,fp(pk(skH2)),ssetH,algH,verH)) at {19} in copy a_1

out(c, ~M_20) with ~M_20 = sign((STMT_DIGEST,h(authTuple(issuerId2,fp(pk(skH2)),ssetH,algH,verH))),skD_4) at {20} in copy a_1

in(c, (a_2,a_3)) at {86} in copy a_4

new decl1_2: bitstring creating decl1_7 at {87} in copy a_4

new decl2_2: bitstring creating decl2_5 at {88} in copy a_4

new declT_2: bitstring creating declT_6 at {89} in copy a_4

event IssuerPossession(pk(skH2)) at {90} in copy a_4

event IssuerSigned(pk(skH2),framed(OT_ATTEST,algH,issuerId2,fp(pk(skH2)),h(authTuple(issuerId2,fp(pk(skH2)),ssetH,algH,verH)),canonVerH,a_2)) at {95} in copy a_4

out(c, (attemptCore(authTuple(~M_21,~M_22,~M_23,~M_24,~M_25),~M_26,~M_27,~M_28),framed(~M_29,~M_30,~M_31,~M_32,~M_33,~M_34,~M_35))) with ~M_21 = issuerId2, ~M_22 = fp(pk(skH2)), ~M_23 = ssetH, ~M_24 = algH, ~M_25 = verH, ~M_26 = sign((POSS,authTuple(issuerId2,fp(pk(skH2)),ssetH,algH,verH)),skH2), ~M_27 = sign((BYTES,framed(OT_ATTEST,algH,issuerId2,fp(pk(skH2)),h(authTuple(issuerId2,fp(pk(skH2)),ssetH,algH,verH)),canonVerH,a_2)),skH2), ~M_28 = decl1_7, ~M_29 = OT_ATTEST, ~M_30 = algH, ~M_31 = issuerId2, ~M_32 = fp(pk(skH2)), ~M_33 = h(authTuple(issuerId2,fp(pk(skH2)),ssetH,algH,verH)), ~M_34 = canonVerH, ~M_35 = a_2 at {96} in copy a_4

event IssuerSigned(pk(skH2),framed(OT_ATTEST,algH,issuerId2,fp(pk(skH2)),h(authTuple(issuerId2,fp(pk(skH2)),ssetH,algH,verH)),canonVerH,a_3)) at {100} in copy a_4

out(c, (attemptCore(authTuple(~M_36,~M_37,~M_38,~M_39,~M_40),~M_41,~M_42,~M_43),framed(~M_44,~M_45,~M_46,~M_47,~M_48,~M_49,~M_50))) with ~M_36 = issuerId2, ~M_37 = fp(pk(skH2)), ~M_38 = ssetH, ~M_39 = algH, ~M_40 = verH, ~M_41 = sign((POSS,authTuple(issuerId2,fp(pk(skH2)),ssetH,algH,verH)),skH2), ~M_42 = sign((BYTES,framed(OT_ATTEST,algH,issuerId2,fp(pk(skH2)),h(authTuple(issuerId2,fp(pk(skH2)),ssetH,algH,verH)),canonVerH,a_3)),skH2), ~M_43 = decl2_5, ~M_44 = OT_ATTEST, ~M_45 = algH, ~M_46 = issuerId2, ~M_47 = fp(pk(skH2)), ~M_48 = h(authTuple(issuerId2,fp(pk(skH2)),ssetH,algH,verH)), ~M_49 = canonVerH, ~M_50 = a_3 at {101} in copy a_4

event Designated(pk(skH2),h(attemptCore(authTuple(issuerId2,fp(pk(skH2)),ssetH,algH,verH),sign((POSS,authTuple(issuerId2,fp(pk(skH2)),ssetH,algH,verH)),skH2),sign((BYTES,framed(OT_ATTEST,algH,issuerId2,fp(pk(skH2)),h(authTuple(issuerId2,fp(pk(skH2)),ssetH,algH,verH)),canonVerH,a_3)),skH2),decl2_5))) at {104} in copy a_4

out(c, ~M_51) with ~M_51 = sign((TLR,(lineage2(entry(h(attemptCore(authTuple(issuerId2,fp(pk(skH2)),ssetH,algH,verH),sign((POSS,authTuple(issuerId2,fp(pk(skH2)),ssetH,algH,verH)),skH2),sign((BYTES,framed(OT_ATTEST,algH,issuerId2,fp(pk(skH2)),h(authTuple(issuerId2,fp(pk(skH2)),ssetH,algH,verH)),canonVerH,a_2)),skH2),decl1_7)),DISP_ABANDONED),entry(h(attemptCore(authTuple(issuerId2,fp(pk(skH2)),ssetH,algH,verH),sign((POSS,authTuple(issuerId2,fp(pk(skH2)),ssetH,algH,verH)),skH2),sign((BYTES,framed(OT_ATTEST,algH,issuerId2,fp(pk(skH2)),h(authTuple(issuerId2,fp(pk(skH2)),ssetH,algH,verH)),canonVerH,a_3)),skH2),decl2_5)),DISP_SHIPPED)),TERM_SHIPPED(h(attemptCore(authTuple(issuerId2,fp(pk(skH2)),ssetH,algH,verH),sign((POSS,authTuple(issuerId2,fp(pk(skH2)),ssetH,algH,verH)),skH2),sign((BYTES,framed(OT_ATTEST,algH,issuerId2,fp(pk(skH2)),h(authTuple(issuerId2,fp(pk(skH2)),ssetH,algH,verH)),canonVerH,a_3)),skH2),decl2_5))),declT_6)),skH2) at {107} in copy a_4

in(c, (a_5,a_6)) at {86} in copy a_7

new decl1_2: bitstring creating decl1_8 at {87} in copy a_7

new decl2_2: bitstring creating decl2_6 at {88} in copy a_7

new declT_2: bitstring creating declT_7 at {89} in copy a_7

event IssuerPossession(pk(skH2)) at {90} in copy a_7

event IssuerSigned(pk(skH2),framed(OT_ATTEST,algH,issuerId2,fp(pk(skH2)),h(authTuple(issuerId2,fp(pk(skH2)),ssetH,algH,verH)),canonVerH,a_5)) at {95} in copy a_7

out(c, (attemptCore(authTuple(~M_52,~M_53,~M_54,~M_55,~M_56),~M_57,~M_58,~M_59),framed(~M_60,~M_61,~M_62,~M_63,~M_64,~M_65,~M_66))) with ~M_52 = issuerId2, ~M_53 = fp(pk(skH2)), ~M_54 = ssetH, ~M_55 = algH, ~M_56 = verH, ~M_57 = sign((POSS,authTuple(issuerId2,fp(pk(skH2)),ssetH,algH,verH)),skH2), ~M_58 = sign((BYTES,framed(OT_ATTEST,algH,issuerId2,fp(pk(skH2)),h(authTuple(issuerId2,fp(pk(skH2)),ssetH,algH,verH)),canonVerH,a_5)),skH2), ~M_59 = decl1_8, ~M_60 = OT_ATTEST, ~M_61 = algH, ~M_62 = issuerId2, ~M_63 = fp(pk(skH2)), ~M_64 = h(authTuple(issuerId2,fp(pk(skH2)),ssetH,algH,verH)), ~M_65 = canonVerH, ~M_66 = a_5 at {96} in copy a_7

event IssuerSigned(pk(skH2),framed(OT_ATTEST,algH,issuerId2,fp(pk(skH2)),h(authTuple(issuerId2,fp(pk(skH2)),ssetH,algH,verH)),canonVerH,a_6)) at {100} in copy a_7

out(c, (attemptCore(authTuple(~M_67,~M_68,~M_69,~M_70,~M_71),~M_72,~M_73,~M_74),framed(~M_75,~M_76,~M_77,~M_78,~M_79,~M_80,~M_81))) with ~M_67 = issuerId2, ~M_68 = fp(pk(skH2)), ~M_69 = ssetH, ~M_70 = algH, ~M_71 = verH, ~M_72 = sign((POSS,authTuple(issuerId2,fp(pk(skH2)),ssetH,algH,verH)),skH2), ~M_73 = sign((BYTES,framed(OT_ATTEST,algH,issuerId2,fp(pk(skH2)),h(authTuple(issuerId2,fp(pk(skH2)),ssetH,algH,verH)),canonVerH,a_6)),skH2), ~M_74 = decl2_6, ~M_75 = OT_ATTEST, ~M_76 = algH, ~M_77 = issuerId2, ~M_78 = fp(pk(skH2)), ~M_79 = h(authTuple(issuerId2,fp(pk(skH2)),ssetH,algH,verH)), ~M_80 = canonVerH, ~M_81 = a_6 at {101} in copy a_7

event Designated(pk(skH2),h(attemptCore(authTuple(issuerId2,fp(pk(skH2)),ssetH,algH,verH),sign((POSS,authTuple(issuerId2,fp(pk(skH2)),ssetH,algH,verH)),skH2),sign((BYTES,framed(OT_ATTEST,algH,issuerId2,fp(pk(skH2)),h(authTuple(issuerId2,fp(pk(skH2)),ssetH,algH,verH)),canonVerH,a_6)),skH2),decl2_6))) at {104} in copy a_7

out(c, ~M_82) with ~M_82 = sign((TLR,(lineage2(entry(h(attemptCore(authTuple(issuerId2,fp(pk(skH2)),ssetH,algH,verH),sign((POSS,authTuple(issuerId2,fp(pk(skH2)),ssetH,algH,verH)),skH2),sign((BYTES,framed(OT_ATTEST,algH,issuerId2,fp(pk(skH2)),h(authTuple(issuerId2,fp(pk(skH2)),ssetH,algH,verH)),canonVerH,a_5)),skH2),decl1_8)),DISP_ABANDONED),entry(h(attemptCore(authTuple(issuerId2,fp(pk(skH2)),ssetH,algH,verH),sign((POSS,authTuple(issuerId2,fp(pk(skH2)),ssetH,algH,verH)),skH2),sign((BYTES,framed(OT_ATTEST,algH,issuerId2,fp(pk(skH2)),h(authTuple(issuerId2,fp(pk(skH2)),ssetH,algH,verH)),canonVerH,a_6)),skH2),decl2_6)),DISP_SHIPPED)),TERM_SHIPPED(h(attemptCore(authTuple(issuerId2,fp(pk(skH2)),ssetH,algH,verH),sign((POSS,authTuple(issuerId2,fp(pk(skH2)),ssetH,algH,verH)),skH2),sign((BYTES,framed(OT_ATTEST,algH,issuerId2,fp(pk(skH2)),h(authTuple(issuerId2,fp(pk(skH2)),ssetH,algH,verH)),canonVerH,a_6)),skH2),decl2_6))),declT_7)),skH2) at {107} in copy a_7

in(c, (a_8,a_5)) at {86} in copy a_9

new decl1_2: bitstring creating decl1_9 at {87} in copy a_9

new decl2_2: bitstring creating decl2_7 at {88} in copy a_9

new declT_2: bitstring creating declT_8 at {89} in copy a_9

event IssuerPossession(pk(skH2)) at {90} in copy a_9

event IssuerSigned(pk(skH2),framed(OT_ATTEST,algH,issuerId2,fp(pk(skH2)),h(authTuple(issuerId2,fp(pk(skH2)),ssetH,algH,verH)),canonVerH,a_8)) at {95} in copy a_9

out(c, (attemptCore(authTuple(~M_83,~M_84,~M_85,~M_86,~M_87),~M_88,~M_89,~M_90),framed(~M_91,~M_92,~M_93,~M_94,~M_95,~M_96,~M_97))) with ~M_83 = issuerId2, ~M_84 = fp(pk(skH2)), ~M_85 = ssetH, ~M_86 = algH, ~M_87 = verH, ~M_88 = sign((POSS,authTuple(issuerId2,fp(pk(skH2)),ssetH,algH,verH)),skH2), ~M_89 = sign((BYTES,framed(OT_ATTEST,algH,issuerId2,fp(pk(skH2)),h(authTuple(issuerId2,fp(pk(skH2)),ssetH,algH,verH)),canonVerH,a_8)),skH2), ~M_90 = decl1_9, ~M_91 = OT_ATTEST, ~M_92 = algH, ~M_93 = issuerId2, ~M_94 = fp(pk(skH2)), ~M_95 = h(authTuple(issuerId2,fp(pk(skH2)),ssetH,algH,verH)), ~M_96 = canonVerH, ~M_97 = a_8 at {96} in copy a_9

event IssuerSigned(pk(skH2),framed(OT_ATTEST,algH,issuerId2,fp(pk(skH2)),h(authTuple(issuerId2,fp(pk(skH2)),ssetH,algH,verH)),canonVerH,a_5)) at {100} in copy a_9

out(c, (attemptCore(authTuple(~M_98,~M_99,~M_100,~M_101,~M_102),~M_103,~M_104,~M_105),framed(~M_106,~M_107,~M_108,~M_109,~M_110,~M_111,~M_112))) with ~M_98 = issuerId2, ~M_99 = fp(pk(skH2)), ~M_100 = ssetH, ~M_101 = algH, ~M_102 = verH, ~M_103 = sign((POSS,authTuple(issuerId2,fp(pk(skH2)),ssetH,algH,verH)),skH2), ~M_104 = sign((BYTES,framed(OT_ATTEST,algH,issuerId2,fp(pk(skH2)),h(authTuple(issuerId2,fp(pk(skH2)),ssetH,algH,verH)),canonVerH,a_5)),skH2), ~M_105 = decl2_7, ~M_106 = OT_ATTEST, ~M_107 = algH, ~M_108 = issuerId2, ~M_109 = fp(pk(skH2)), ~M_110 = h(authTuple(issuerId2,fp(pk(skH2)),ssetH,algH,verH)), ~M_111 = canonVerH, ~M_112 = a_5 at {101} in copy a_9

event Designated(pk(skH2),h(attemptCore(authTuple(issuerId2,fp(pk(skH2)),ssetH,algH,verH),sign((POSS,authTuple(issuerId2,fp(pk(skH2)),ssetH,algH,verH)),skH2),sign((BYTES,framed(OT_ATTEST,algH,issuerId2,fp(pk(skH2)),h(authTuple(issuerId2,fp(pk(skH2)),ssetH,algH,verH)),canonVerH,a_5)),skH2),decl2_7))) at {104} in copy a_9

out(c, ~M_113) with ~M_113 = sign((TLR,(lineage2(entry(h(attemptCore(authTuple(issuerId2,fp(pk(skH2)),ssetH,algH,verH),sign((POSS,authTuple(issuerId2,fp(pk(skH2)),ssetH,algH,verH)),skH2),sign((BYTES,framed(OT_ATTEST,algH,issuerId2,fp(pk(skH2)),h(authTuple(issuerId2,fp(pk(skH2)),ssetH,algH,verH)),canonVerH,a_8)),skH2),decl1_9)),DISP_ABANDONED),entry(h(attemptCore(authTuple(issuerId2,fp(pk(skH2)),ssetH,algH,verH),sign((POSS,authTuple(issuerId2,fp(pk(skH2)),ssetH,algH,verH)),skH2),sign((BYTES,framed(OT_ATTEST,algH,issuerId2,fp(pk(skH2)),h(authTuple(issuerId2,fp(pk(skH2)),ssetH,algH,verH)),canonVerH,a_5)),skH2),decl2_7)),DISP_SHIPPED)),TERM_SHIPPED(h(attemptCore(authTuple(issuerId2,fp(pk(skH2)),ssetH,algH,verH),sign((POSS,authTuple(issuerId2,fp(pk(skH2)),ssetH,algH,verH)),skH2),sign((BYTES,framed(OT_ATTEST,algH,issuerId2,fp(pk(skH2)),h(authTuple(issuerId2,fp(pk(skH2)),ssetH,algH,verH)),canonVerH,a_5)),skH2),decl2_7))),declT_8)),skH2) at {107} in copy a_9

in(c, (authTuple(issuerId2,fp(~M_3),ssetH,algH,verH),~M_20,~M_19,~M_3,attemptCore(authTuple(issuerId2,fp(~M_3),ssetH,algH,verH),~M_26,~M_58,~M_105),a_10,withTLR(~M_3,~M_113,anchorProof(h(~M_113))))) with fp(~M_3) = fp(pk(skH2)), ~M_20 = sign((STMT_DIGEST,h(authTuple(issuerId2,fp(pk(skH2)),ssetH,algH,verH))),skD_4), ~M_19 = sign((STMT_DIGEST,h(authTuple(issuerId2,fp(pk(skH2)),ssetH,algH,verH))),skR_4), ~M_3 = pk(skH2), fp(~M_3) = fp(pk(skH2)), ~M_26 = sign((POSS,authTuple(issuerId2,fp(pk(skH2)),ssetH,algH,verH)),skH2), ~M_58 = sign((BYTES,framed(OT_ATTEST,algH,issuerId2,fp(pk(skH2)),h(authTuple(issuerId2,fp(pk(skH2)),ssetH,algH,verH)),canonVerH,a_5)),skH2), ~M_105 = decl2_7, ~M_3 = pk(skH2), ~M_113 = sign((TLR,(lineage2(entry(h(attemptCore(authTuple(issuerId2,fp(pk(skH2)),ssetH,algH,verH),sign((POSS,authTuple(issuerId2,fp(pk(skH2)),ssetH,algH,verH)),skH2),sign((BYTES,framed(OT_ATTEST,algH,issuerId2,fp(pk(skH2)),h(authTuple(issuerId2,fp(pk(skH2)),ssetH,algH,verH)),canonVerH,a_8)),skH2),decl1_9)),DISP_ABANDONED),entry(h(attemptCore(authTuple(issuerId2,fp(pk(skH2)),ssetH,algH,verH),sign((POSS,authTuple(issuerId2,fp(pk(skH2)),ssetH,algH,verH)),skH2),sign((BYTES,framed(OT_ATTEST,algH,issuerId2,fp(pk(skH2)),h(authTuple(issuerId2,fp(pk(skH2)),ssetH,algH,verH)),canonVerH,a_5)),skH2),decl2_7)),DISP_SHIPPED)),TERM_SHIPPED(h(attemptCore(authTuple(issuerId2,fp(pk(skH2)),ssetH,algH,verH),sign((POSS,authTuple(issuerId2,fp(pk(skH2)),ssetH,algH,verH)),skH2),sign((BYTES,framed(OT_ATTEST,algH,issuerId2,fp(pk(skH2)),h(authTuple(issuerId2,fp(pk(skH2)),ssetH,algH,verH)),canonVerH,a_5)),skH2),decl2_7))),declT_8)),skH2), h(~M_113) = h(sign((TLR,(lineage2(entry(h(attemptCore(authTuple(issuerId2,fp(pk(skH2)),ssetH,algH,verH),sign((POSS,authTuple(issuerId2,fp(pk(skH2)),ssetH,algH,verH)),skH2),sign((BYTES,framed(OT_ATTEST,algH,issuerId2,fp(pk(skH2)),h(authTuple(issuerId2,fp(pk(skH2)),ssetH,algH,verH)),canonVerH,a_8)),skH2),decl1_9)),DISP_ABANDONED),entry(h(attemptCore(authTuple(issuerId2,fp(pk(skH2)),ssetH,algH,verH),sign((POSS,authTuple(issuerId2,fp(pk(skH2)),ssetH,algH,verH)),skH2),sign((BYTES,framed(OT_ATTEST,algH,issuerId2,fp(pk(skH2)),h(authTuple(issuerId2,fp(pk(skH2)),ssetH,algH,verH)),canonVerH,a_5)),skH2),decl2_7)),DISP_SHIPPED)),TERM_SHIPPED(h(attemptCore(authTuple(issuerId2,fp(pk(skH2)),ssetH,algH,verH),sign((POSS,authTuple(issuerId2,fp(pk(skH2)),ssetH,algH,verH)),skH2),sign((BYTES,framed(OT_ATTEST,algH,issuerId2,fp(pk(skH2)),h(authTuple(issuerId2,fp(pk(skH2)),ssetH,algH,verH)),canonVerH,a_5)),skH2),decl2_7))),declT_8)),skH2)) at {132} in copy a_11

event Established(pk(skH2),authTuple(issuerId2,fp(pk(skH2)),ssetH,algH,verH),h(attemptCore(authTuple(issuerId2,fp(pk(skH2)),ssetH,algH,verH),sign((POSS,authTuple(issuerId2,fp(pk(skH2)),ssetH,algH,verH)),skH2),sign((BYTES,framed(OT_ATTEST,algH,issuerId2,fp(pk(skH2)),h(authTuple(issuerId2,fp(pk(skH2)),ssetH,algH,verH)),canonVerH,a_5)),skH2),decl2_7))) at {152} in copy a_11

event StandingReport(ESTABLISHED,TERMINAL_DISPOSITION_SHOWN,pk(skH2),authTuple(issuerId2,fp(pk(skH2)),ssetH,algH,verH),h(attemptCore(authTuple(issuerId2,fp(pk(skH2)),ssetH,algH,verH),sign((POSS,authTuple(issuerId2,fp(pk(skH2)),ssetH,algH,verH)),skH2),sign((BYTES,framed(OT_ATTEST,algH,issuerId2,fp(pk(skH2)),h(authTuple(issuerId2,fp(pk(skH2)),ssetH,algH,verH)),canonVerH,a_5)),skH2),decl2_7))) at {153} in copy a_11

out(estCh, (pk(skH2),authTuple(issuerId2,fp(pk(skH2)),ssetH,algH,verH),h(attemptCore(authTuple(issuerId2,fp(pk(skH2)),ssetH,algH,verH),sign((POSS,authTuple(issuerId2,fp(pk(skH2)),ssetH,algH,verH)),skH2),sign((BYTES,framed(OT_ATTEST,algH,issuerId2,fp(pk(skH2)),h(authTuple(issuerId2,fp(pk(skH2)),ssetH,algH,verH)),canonVerH,a_5)),skH2),decl2_7)))) at {154} in copy a_11 received at {179} in copy a_12

out(designCh, (pk(skH2),h(attemptCore(authTuple(issuerId2,fp(pk(skH2)),ssetH,algH,verH),sign((POSS,authTuple(issuerId2,fp(pk(skH2)),ssetH,algH,verH)),skH2),sign((BYTES,framed(OT_ATTEST,algH,issuerId2,fp(pk(skH2)),h(authTuple(issuerId2,fp(pk(skH2)),ssetH,algH,verH)),canonVerH,a_5)),skH2),decl2_7)))) at {106} in copy a_9 received at {183} in copy a_12

event HonestStandingEstablished(pk(skH2),h(attemptCore(authTuple(issuerId2,fp(pk(skH2)),ssetH,algH,verH),sign((POSS,authTuple(issuerId2,fp(pk(skH2)),ssetH,algH,verH)),skH2),sign((BYTES,framed(OT_ATTEST,algH,issuerId2,fp(pk(skH2)),h(authTuple(issuerId2,fp(pk(skH2)),ssetH,algH,verH)),canonVerH,a_5)),skH2),decl2_7))) at {184} in copy a_12 (goal)

The event HonestStandingEstablished(pk(skH2),h(attemptCore(authTuple(issuerId2,fp(pk(skH2)),ssetH,algH,verH),sign((POSS,authTuple(issuerId2,fp(pk(skH2)),ssetH,algH,verH)),skH2),sign((BYTES,framed(OT_ATTEST,algH,issuerId2,fp(pk(skH2)),h(authTuple(issuerId2,fp(pk(skH2)),ssetH,algH,verH)),canonVerH,a_5)),skH2),decl2_7))) is executed at {184} in copy a_12.
A trace has been found.
RESULT not event(HonestStandingEstablished(k,aid_2)) is false.
-- Query not event(StandingReport(ESTABLISHED,TERMINAL_DISPOSITION_SHOWN,k,t_3,a)) in process 1.
Translating the process into Horn clauses...
Completing...
200 rules inserted. Base: 167 rules (95 with conclusion selected). Queue: 76 rules.
400 rules inserted. Base: 234 rules (99 with conclusion selected). Queue: 99 rules.
600 rules inserted. Base: 309 rules (109 with conclusion selected). Queue: 107 rules.
800 rules inserted. Base: 368 rules (115 with conclusion selected). Queue: 82 rules.
Starting query not event(StandingReport(ESTABLISHED,TERMINAL_DISPOSITION_SHOWN,k,t_3,a))
goal reachable: attacker(p1_5) && attacker(p2_5) -> event(StandingReport(ESTABLISHED,TERMINAL_DISPOSITION_SHOWN,pk(skH2[]),authTuple(issuerId2[],fp(pk(skH2[])),ssetH[],algH[],verH[]),h(attemptCore(authTuple(issuerId2[],fp(pk(skH2[])),ssetH[],algH[],verH[]),sign((POSS,authTuple(issuerId2[],fp(pk(skH2[])),ssetH[],algH[],verH[])),skH2[]),sign((BYTES,framed(OT_ATTEST,algH[],issuerId2[],fp(pk(skH2[])),h(authTuple(issuerId2[],fp(pk(skH2[])),ssetH[],algH[],verH[])),canonVerH[],p2_5)),skH2[]),decl2_4))))
Abbreviations:
decl2_4 = decl2_2[p2_2 = p2_5,p1_2 = p1_5,!1 = @sid]

Derivation:
Abbreviations:
decl2_4 = decl2_2[p2_2 = p2_5,p1_2 = p1_5,!1 = @sid]
decl1_4 = decl1_2[p2_2 = p2_5,p1_2 = p1_5,!1 = @sid]
declT_5 = declT_2[p2_2 = p2_5,p1_2 = p1_5,!1 = @sid]
decl1_5 = decl1_2[p2_2 = p2_6,p1_2 = p1_6,!1 = @sid_1]
decl1_6 = decl1_2[p2_2 = p2_7,p1_2 = p2_5,!1 = @sid_2]

1. We assume as hypothesis that
attacker(p2_5).

2. We assume as hypothesis that
attacker(p1_5).

3. By 2, the attacker may know p1_5.
By 1, the attacker may know p2_5.
Using the function 2-tuple the attacker may obtain (p1_5,p2_5).
attacker((p1_5,p2_5)).

4. The message (p1_5,p2_5) that the attacker may have by 3 may be received at input {86}.
So the message sign((TLR,(lineage2(entry(h(attemptCore(authTuple(issuerId2[],fp(pk(skH2[])),ssetH[],algH[],verH[]),sign((POSS,authTuple(issuerId2[],fp(pk(skH2[])),ssetH[],algH[],verH[])),skH2[]),sign((BYTES,framed(OT_ATTEST,algH[],issuerId2[],fp(pk(skH2[])),h(authTuple(issuerId2[],fp(pk(skH2[])),ssetH[],algH[],verH[])),canonVerH[],p1_5)),skH2[]),decl1_4)),DISP_ABANDONED),entry(h(attemptCore(authTuple(issuerId2[],fp(pk(skH2[])),ssetH[],algH[],verH[]),sign((POSS,authTuple(issuerId2[],fp(pk(skH2[])),ssetH[],algH[],verH[])),skH2[]),sign((BYTES,framed(OT_ATTEST,algH[],issuerId2[],fp(pk(skH2[])),h(authTuple(issuerId2[],fp(pk(skH2[])),ssetH[],algH[],verH[])),canonVerH[],p2_5)),skH2[]),decl2_4)),DISP_SHIPPED)),TERM_SHIPPED(h(attemptCore(authTuple(issuerId2[],fp(pk(skH2[])),ssetH[],algH[],verH[]),sign((POSS,authTuple(issuerId2[],fp(pk(skH2[])),ssetH[],algH[],verH[])),skH2[]),sign((BYTES,framed(OT_ATTEST,algH[],issuerId2[],fp(pk(skH2[])),h(authTuple(issuerId2[],fp(pk(skH2[])),ssetH[],algH[],verH[])),canonVerH[],p2_5)),skH2[]),decl2_4))),declT_5)),skH2[]) may be sent to the attacker at output {107}.
attacker(sign((TLR,(lineage2(entry(h(attemptCore(authTuple(issuerId2[],fp(pk(skH2[])),ssetH[],algH[],verH[]),sign((POSS,authTuple(issuerId2[],fp(pk(skH2[])),ssetH[],algH[],verH[])),skH2[]),sign((BYTES,framed(OT_ATTEST,algH[],issuerId2[],fp(pk(skH2[])),h(authTuple(issuerId2[],fp(pk(skH2[])),ssetH[],algH[],verH[])),canonVerH[],p1_5)),skH2[]),decl1_4)),DISP_ABANDONED),entry(h(attemptCore(authTuple(issuerId2[],fp(pk(skH2[])),ssetH[],algH[],verH[]),sign((POSS,authTuple(issuerId2[],fp(pk(skH2[])),ssetH[],algH[],verH[])),skH2[]),sign((BYTES,framed(OT_ATTEST,algH[],issuerId2[],fp(pk(skH2[])),h(authTuple(issuerId2[],fp(pk(skH2[])),ssetH[],algH[],verH[])),canonVerH[],p2_5)),skH2[]),decl2_4)),DISP_SHIPPED)),TERM_SHIPPED(h(attemptCore(authTuple(issuerId2[],fp(pk(skH2[])),ssetH[],algH[],verH[]),sign((POSS,authTuple(issuerId2[],fp(pk(skH2[])),ssetH[],algH[],verH[])),skH2[]),sign((BYTES,framed(OT_ATTEST,algH[],issuerId2[],fp(pk(skH2[])),h(authTuple(issuerId2[],fp(pk(skH2[])),ssetH[],algH[],verH[])),canonVerH[],p2_5)),skH2[]),decl2_4))),declT_5)),skH2[])).

5. By 4, the attacker may know sign((TLR,(lineage2(entry(h(attemptCore(authTuple(issuerId2[],fp(pk(skH2[])),ssetH[],algH[],verH[]),sign((POSS,authTuple(issuerId2[],fp(pk(skH2[])),ssetH[],algH[],verH[])),skH2[]),sign((BYTES,framed(OT_ATTEST,algH[],issuerId2[],fp(pk(skH2[])),h(authTuple(issuerId2[],fp(pk(skH2[])),ssetH[],algH[],verH[])),canonVerH[],p1_5)),skH2[]),decl1_4)),DISP_ABANDONED),entry(h(attemptCore(authTuple(issuerId2[],fp(pk(skH2[])),ssetH[],algH[],verH[]),sign((POSS,authTuple(issuerId2[],fp(pk(skH2[])),ssetH[],algH[],verH[])),skH2[]),sign((BYTES,framed(OT_ATTEST,algH[],issuerId2[],fp(pk(skH2[])),h(authTuple(issuerId2[],fp(pk(skH2[])),ssetH[],algH[],verH[])),canonVerH[],p2_5)),skH2[]),decl2_4)),DISP_SHIPPED)),TERM_SHIPPED(h(attemptCore(authTuple(issuerId2[],fp(pk(skH2[])),ssetH[],algH[],verH[]),sign((POSS,authTuple(issuerId2[],fp(pk(skH2[])),ssetH[],algH[],verH[])),skH2[]),sign((BYTES,framed(OT_ATTEST,algH[],issuerId2[],fp(pk(skH2[])),h(authTuple(issuerId2[],fp(pk(skH2[])),ssetH[],algH[],verH[])),canonVerH[],p2_5)),skH2[]),decl2_4))),declT_5)),skH2[]).
Using the function h the attacker may obtain h(sign((TLR,(lineage2(entry(h(attemptCore(authTuple(issuerId2[],fp(pk(skH2[])),ssetH[],algH[],verH[]),sign((POSS,authTuple(issuerId2[],fp(pk(skH2[])),ssetH[],algH[],verH[])),skH2[]),sign((BYTES,framed(OT_ATTEST,algH[],issuerId2[],fp(pk(skH2[])),h(authTuple(issuerId2[],fp(pk(skH2[])),ssetH[],algH[],verH[])),canonVerH[],p1_5)),skH2[]),decl1_4)),DISP_ABANDONED),entry(h(attemptCore(authTuple(issuerId2[],fp(pk(skH2[])),ssetH[],algH[],verH[]),sign((POSS,authTuple(issuerId2[],fp(pk(skH2[])),ssetH[],algH[],verH[])),skH2[]),sign((BYTES,framed(OT_ATTEST,algH[],issuerId2[],fp(pk(skH2[])),h(authTuple(issuerId2[],fp(pk(skH2[])),ssetH[],algH[],verH[])),canonVerH[],p2_5)),skH2[]),decl2_4)),DISP_SHIPPED)),TERM_SHIPPED(h(attemptCore(authTuple(issuerId2[],fp(pk(skH2[])),ssetH[],algH[],verH[]),sign((POSS,authTuple(issuerId2[],fp(pk(skH2[])),ssetH[],algH[],verH[])),skH2[]),sign((BYTES,framed(OT_ATTEST,algH[],issuerId2[],fp(pk(skH2[])),h(authTuple(issuerId2[],fp(pk(skH2[])),ssetH[],algH[],verH[])),canonVerH[],p2_5)),skH2[]),decl2_4))),declT_5)),skH2[])).
attacker(h(sign((TLR,(lineage2(entry(h(attemptCore(authTuple(issuerId2[],fp(pk(skH2[])),ssetH[],algH[],verH[]),sign((POSS,authTuple(issuerId2[],fp(pk(skH2[])),ssetH[],algH[],verH[])),skH2[]),sign((BYTES,framed(OT_ATTEST,algH[],issuerId2[],fp(pk(skH2[])),h(authTuple(issuerId2[],fp(pk(skH2[])),ssetH[],algH[],verH[])),canonVerH[],p1_5)),skH2[]),decl1_4)),DISP_ABANDONED),entry(h(attemptCore(authTuple(issuerId2[],fp(pk(skH2[])),ssetH[],algH[],verH[]),sign((POSS,authTuple(issuerId2[],fp(pk(skH2[])),ssetH[],algH[],verH[])),skH2[]),sign((BYTES,framed(OT_ATTEST,algH[],issuerId2[],fp(pk(skH2[])),h(authTuple(issuerId2[],fp(pk(skH2[])),ssetH[],algH[],verH[])),canonVerH[],p2_5)),skH2[]),decl2_4)),DISP_SHIPPED)),TERM_SHIPPED(h(attemptCore(authTuple(issuerId2[],fp(pk(skH2[])),ssetH[],algH[],verH[]),sign((POSS,authTuple(issuerId2[],fp(pk(skH2[])),ssetH[],algH[],verH[])),skH2[]),sign((BYTES,framed(OT_ATTEST,algH[],issuerId2[],fp(pk(skH2[])),h(authTuple(issuerId2[],fp(pk(skH2[])),ssetH[],algH[],verH[])),canonVerH[],p2_5)),skH2[]),decl2_4))),declT_5)),skH2[]))).

6. By 5, the attacker may know h(sign((TLR,(lineage2(entry(h(attemptCore(authTuple(issuerId2[],fp(pk(skH2[])),ssetH[],algH[],verH[]),sign((POSS,authTuple(issuerId2[],fp(pk(skH2[])),ssetH[],algH[],verH[])),skH2[]),sign((BYTES,framed(OT_ATTEST,algH[],issuerId2[],fp(pk(skH2[])),h(authTuple(issuerId2[],fp(pk(skH2[])),ssetH[],algH[],verH[])),canonVerH[],p1_5)),skH2[]),decl1_4)),DISP_ABANDONED),entry(h(attemptCore(authTuple(issuerId2[],fp(pk(skH2[])),ssetH[],algH[],verH[]),sign((POSS,authTuple(issuerId2[],fp(pk(skH2[])),ssetH[],algH[],verH[])),skH2[]),sign((BYTES,framed(OT_ATTEST,algH[],issuerId2[],fp(pk(skH2[])),h(authTuple(issuerId2[],fp(pk(skH2[])),ssetH[],algH[],verH[])),canonVerH[],p2_5)),skH2[]),decl2_4)),DISP_SHIPPED)),TERM_SHIPPED(h(attemptCore(authTuple(issuerId2[],fp(pk(skH2[])),ssetH[],algH[],verH[]),sign((POSS,authTuple(issuerId2[],fp(pk(skH2[])),ssetH[],algH[],verH[])),skH2[]),sign((BYTES,framed(OT_ATTEST,algH[],issuerId2[],fp(pk(skH2[])),h(authTuple(issuerId2[],fp(pk(skH2[])),ssetH[],algH[],verH[])),canonVerH[],p2_5)),skH2[]),decl2_4))),declT_5)),skH2[])).
Using the function anchorProof the attacker may obtain anchorProof(h(sign((TLR,(lineage2(entry(h(attemptCore(authTuple(issuerId2[],fp(pk(skH2[])),ssetH[],algH[],verH[]),sign((POSS,authTuple(issuerId2[],fp(pk(skH2[])),ssetH[],algH[],verH[])),skH2[]),sign((BYTES,framed(OT_ATTEST,algH[],issuerId2[],fp(pk(skH2[])),h(authTuple(issuerId2[],fp(pk(skH2[])),ssetH[],algH[],verH[])),canonVerH[],p1_5)),skH2[]),decl1_4)),DISP_ABANDONED),entry(h(attemptCore(authTuple(issuerId2[],fp(pk(skH2[])),ssetH[],algH[],verH[]),sign((POSS,authTuple(issuerId2[],fp(pk(skH2[])),ssetH[],algH[],verH[])),skH2[]),sign((BYTES,framed(OT_ATTEST,algH[],issuerId2[],fp(pk(skH2[])),h(authTuple(issuerId2[],fp(pk(skH2[])),ssetH[],algH[],verH[])),canonVerH[],p2_5)),skH2[]),decl2_4)),DISP_SHIPPED)),TERM_SHIPPED(h(attemptCore(authTuple(issuerId2[],fp(pk(skH2[])),ssetH[],algH[],verH[]),sign((POSS,authTuple(issuerId2[],fp(pk(skH2[])),ssetH[],algH[],verH[])),skH2[]),sign((BYTES,framed(OT_ATTEST,algH[],issuerId2[],fp(pk(skH2[])),h(authTuple(issuerId2[],fp(pk(skH2[])),ssetH[],algH[],verH[])),canonVerH[],p2_5)),skH2[]),decl2_4))),declT_5)),skH2[]))).
attacker(anchorProof(h(sign((TLR,(lineage2(entry(h(attemptCore(authTuple(issuerId2[],fp(pk(skH2[])),ssetH[],algH[],verH[]),sign((POSS,authTuple(issuerId2[],fp(pk(skH2[])),ssetH[],algH[],verH[])),skH2[]),sign((BYTES,framed(OT_ATTEST,algH[],issuerId2[],fp(pk(skH2[])),h(authTuple(issuerId2[],fp(pk(skH2[])),ssetH[],algH[],verH[])),canonVerH[],p1_5)),skH2[]),decl1_4)),DISP_ABANDONED),entry(h(attemptCore(authTuple(issuerId2[],fp(pk(skH2[])),ssetH[],algH[],verH[]),sign((POSS,authTuple(issuerId2[],fp(pk(skH2[])),ssetH[],algH[],verH[])),skH2[]),sign((BYTES,framed(OT_ATTEST,algH[],issuerId2[],fp(pk(skH2[])),h(authTuple(issuerId2[],fp(pk(skH2[])),ssetH[],algH[],verH[])),canonVerH[],p2_5)),skH2[]),decl2_4)),DISP_SHIPPED)),TERM_SHIPPED(h(attemptCore(authTuple(issuerId2[],fp(pk(skH2[])),ssetH[],algH[],verH[]),sign((POSS,authTuple(issuerId2[],fp(pk(skH2[])),ssetH[],algH[],verH[])),skH2[]),sign((BYTES,framed(OT_ATTEST,algH[],issuerId2[],fp(pk(skH2[])),h(authTuple(issuerId2[],fp(pk(skH2[])),ssetH[],algH[],verH[])),canonVerH[],p2_5)),skH2[]),decl2_4))),declT_5)),skH2[])))).

7. The message pk(skH2[]) may be sent to the attacker at output {9}.
attacker(pk(skH2[])).

8. By 7, the attacker may know pk(skH2[]).
By 4, the attacker may know sign((TLR,(lineage2(entry(h(attemptCore(authTuple(issuerId2[],fp(pk(skH2[])),ssetH[],algH[],verH[]),sign((POSS,authTuple(issuerId2[],fp(pk(skH2[])),ssetH[],algH[],verH[])),skH2[]),sign((BYTES,framed(OT_ATTEST,algH[],issuerId2[],fp(pk(skH2[])),h(authTuple(issuerId2[],fp(pk(skH2[])),ssetH[],algH[],verH[])),canonVerH[],p1_5)),skH2[]),decl1_4)),DISP_ABANDONED),entry(h(attemptCore(authTuple(issuerId2[],fp(pk(skH2[])),ssetH[],algH[],verH[]),sign((POSS,authTuple(issuerId2[],fp(pk(skH2[])),ssetH[],algH[],verH[])),skH2[]),sign((BYTES,framed(OT_ATTEST,algH[],issuerId2[],fp(pk(skH2[])),h(authTuple(issuerId2[],fp(pk(skH2[])),ssetH[],algH[],verH[])),canonVerH[],p2_5)),skH2[]),decl2_4)),DISP_SHIPPED)),TERM_SHIPPED(h(attemptCore(authTuple(issuerId2[],fp(pk(skH2[])),ssetH[],algH[],verH[]),sign((POSS,authTuple(issuerId2[],fp(pk(skH2[])),ssetH[],algH[],verH[])),skH2[]),sign((BYTES,framed(OT_ATTEST,algH[],issuerId2[],fp(pk(skH2[])),h(authTuple(issuerId2[],fp(pk(skH2[])),ssetH[],algH[],verH[])),canonVerH[],p2_5)),skH2[]),decl2_4))),declT_5)),skH2[]).
By 6, the attacker may know anchorProof(h(sign((TLR,(lineage2(entry(h(attemptCore(authTuple(issuerId2[],fp(pk(skH2[])),ssetH[],algH[],verH[]),sign((POSS,authTuple(issuerId2[],fp(pk(skH2[])),ssetH[],algH[],verH[])),skH2[]),sign((BYTES,framed(OT_ATTEST,algH[],issuerId2[],fp(pk(skH2[])),h(authTuple(issuerId2[],fp(pk(skH2[])),ssetH[],algH[],verH[])),canonVerH[],p1_5)),skH2[]),decl1_4)),DISP_ABANDONED),entry(h(attemptCore(authTuple(issuerId2[],fp(pk(skH2[])),ssetH[],algH[],verH[]),sign((POSS,authTuple(issuerId2[],fp(pk(skH2[])),ssetH[],algH[],verH[])),skH2[]),sign((BYTES,framed(OT_ATTEST,algH[],issuerId2[],fp(pk(skH2[])),h(authTuple(issuerId2[],fp(pk(skH2[])),ssetH[],algH[],verH[])),canonVerH[],p2_5)),skH2[]),decl2_4)),DISP_SHIPPED)),TERM_SHIPPED(h(attemptCore(authTuple(issuerId2[],fp(pk(skH2[])),ssetH[],algH[],verH[]),sign((POSS,authTuple(issuerId2[],fp(pk(skH2[])),ssetH[],algH[],verH[])),skH2[]),sign((BYTES,framed(OT_ATTEST,algH[],issuerId2[],fp(pk(skH2[])),h(authTuple(issuerId2[],fp(pk(skH2[])),ssetH[],algH[],verH[])),canonVerH[],p2_5)),skH2[]),decl2_4))),declT_5)),skH2[]))).
Using the function withTLR the attacker may obtain withTLR(pk(skH2[]),sign((TLR,(lineage2(entry(h(attemptCore(authTuple(issuerId2[],fp(pk(skH2[])),ssetH[],algH[],verH[]),sign((POSS,authTuple(issuerId2[],fp(pk(skH2[])),ssetH[],algH[],verH[])),skH2[]),sign((BYTES,framed(OT_ATTEST,algH[],issuerId2[],fp(pk(skH2[])),h(authTuple(issuerId2[],fp(pk(skH2[])),ssetH[],algH[],verH[])),canonVerH[],p1_5)),skH2[]),decl1_4)),DISP_ABANDONED),entry(h(attemptCore(authTuple(issuerId2[],fp(pk(skH2[])),ssetH[],algH[],verH[]),sign((POSS,authTuple(issuerId2[],fp(pk(skH2[])),ssetH[],algH[],verH[])),skH2[]),sign((BYTES,framed(OT_ATTEST,algH[],issuerId2[],fp(pk(skH2[])),h(authTuple(issuerId2[],fp(pk(skH2[])),ssetH[],algH[],verH[])),canonVerH[],p2_5)),skH2[]),decl2_4)),DISP_SHIPPED)),TERM_SHIPPED(h(attemptCore(authTuple(issuerId2[],fp(pk(skH2[])),ssetH[],algH[],verH[]),sign((POSS,authTuple(issuerId2[],fp(pk(skH2[])),ssetH[],algH[],verH[])),skH2[]),sign((BYTES,framed(OT_ATTEST,algH[],issuerId2[],fp(pk(skH2[])),h(authTuple(issuerId2[],fp(pk(skH2[])),ssetH[],algH[],verH[])),canonVerH[],p2_5)),skH2[]),decl2_4))),declT_5)),skH2[]),anchorProof(h(sign((TLR,(lineage2(entry(h(attemptCore(authTuple(issuerId2[],fp(pk(skH2[])),ssetH[],algH[],verH[]),sign((POSS,authTuple(issuerId2[],fp(pk(skH2[])),ssetH[],algH[],verH[])),skH2[]),sign((BYTES,framed(OT_ATTEST,algH[],issuerId2[],fp(pk(skH2[])),h(authTuple(issuerId2[],fp(pk(skH2[])),ssetH[],algH[],verH[])),canonVerH[],p1_5)),skH2[]),decl1_4)),DISP_ABANDONED),entry(h(attemptCore(authTuple(issuerId2[],fp(pk(skH2[])),ssetH[],algH[],verH[]),sign((POSS,authTuple(issuerId2[],fp(pk(skH2[])),ssetH[],algH[],verH[])),skH2[]),sign((BYTES,framed(OT_ATTEST,algH[],issuerId2[],fp(pk(skH2[])),h(authTuple(issuerId2[],fp(pk(skH2[])),ssetH[],algH[],verH[])),canonVerH[],p2_5)),skH2[]),decl2_4)),DISP_SHIPPED)),TERM_SHIPPED(h(attemptCore(authTuple(issuerId2[],fp(pk(skH2[])),ssetH[],algH[],verH[]),sign((POSS,authTuple(issuerId2[],fp(pk(skH2[])),ssetH[],algH[],verH[])),skH2[]),sign((BYTES,framed(OT_ATTEST,algH[],issuerId2[],fp(pk(skH2[])),h(authTuple(issuerId2[],fp(pk(skH2[])),ssetH[],algH[],verH[])),canonVerH[],p2_5)),skH2[]),decl2_4))),declT_5)),skH2[])))).
attacker(withTLR(pk(skH2[]),sign((TLR,(lineage2(entry(h(attemptCore(authTuple(issuerId2[],fp(pk(skH2[])),ssetH[],algH[],verH[]),sign((POSS,authTuple(issuerId2[],fp(pk(skH2[])),ssetH[],algH[],verH[])),skH2[]),sign((BYTES,framed(OT_ATTEST,algH[],issuerId2[],fp(pk(skH2[])),h(authTuple(issuerId2[],fp(pk(skH2[])),ssetH[],algH[],verH[])),canonVerH[],p1_5)),skH2[]),decl1_4)),DISP_ABANDONED),entry(h(attemptCore(authTuple(issuerId2[],fp(pk(skH2[])),ssetH[],algH[],verH[]),sign((POSS,authTuple(issuerId2[],fp(pk(skH2[])),ssetH[],algH[],verH[])),skH2[]),sign((BYTES,framed(OT_ATTEST,algH[],issuerId2[],fp(pk(skH2[])),h(authTuple(issuerId2[],fp(pk(skH2[])),ssetH[],algH[],verH[])),canonVerH[],p2_5)),skH2[]),decl2_4)),DISP_SHIPPED)),TERM_SHIPPED(h(attemptCore(authTuple(issuerId2[],fp(pk(skH2[])),ssetH[],algH[],verH[]),sign((POSS,authTuple(issuerId2[],fp(pk(skH2[])),ssetH[],algH[],verH[])),skH2[]),sign((BYTES,framed(OT_ATTEST,algH[],issuerId2[],fp(pk(skH2[])),h(authTuple(issuerId2[],fp(pk(skH2[])),ssetH[],algH[],verH[])),canonVerH[],p2_5)),skH2[]),decl2_4))),declT_5)),skH2[]),anchorProof(h(sign((TLR,(lineage2(entry(h(attemptCore(authTuple(issuerId2[],fp(pk(skH2[])),ssetH[],algH[],verH[]),sign((POSS,authTuple(issuerId2[],fp(pk(skH2[])),ssetH[],algH[],verH[])),skH2[]),sign((BYTES,framed(OT_ATTEST,algH[],issuerId2[],fp(pk(skH2[])),h(authTuple(issuerId2[],fp(pk(skH2[])),ssetH[],algH[],verH[])),canonVerH[],p1_5)),skH2[]),decl1_4)),DISP_ABANDONED),entry(h(attemptCore(authTuple(issuerId2[],fp(pk(skH2[])),ssetH[],algH[],verH[]),sign((POSS,authTuple(issuerId2[],fp(pk(skH2[])),ssetH[],algH[],verH[])),skH2[]),sign((BYTES,framed(OT_ATTEST,algH[],issuerId2[],fp(pk(skH2[])),h(authTuple(issuerId2[],fp(pk(skH2[])),ssetH[],algH[],verH[])),canonVerH[],p2_5)),skH2[]),decl2_4)),DISP_SHIPPED)),TERM_SHIPPED(h(attemptCore(authTuple(issuerId2[],fp(pk(skH2[])),ssetH[],algH[],verH[]),sign((POSS,authTuple(issuerId2[],fp(pk(skH2[])),ssetH[],algH[],verH[])),skH2[]),sign((BYTES,framed(OT_ATTEST,algH[],issuerId2[],fp(pk(skH2[])),h(authTuple(issuerId2[],fp(pk(skH2[])),ssetH[],algH[],verH[])),canonVerH[],p2_5)),skH2[]),decl2_4))),declT_5)),skH2[]))))).

9. The attacker has some term fb_2.
attacker(fb_2).

10. The message (p1_5,p2_5) that the attacker may have by 3 may be received at input {86}.
So the message (attemptCore(authTuple(issuerId2[],fp(pk(skH2[])),ssetH[],algH[],verH[]),sign((POSS,authTuple(issuerId2[],fp(pk(skH2[])),ssetH[],algH[],verH[])),skH2[]),sign((BYTES,framed(OT_ATTEST,algH[],issuerId2[],fp(pk(skH2[])),h(authTuple(issuerId2[],fp(pk(skH2[])),ssetH[],algH[],verH[])),canonVerH[],p2_5)),skH2[]),decl2_4),framed(OT_ATTEST,algH[],issuerId2[],fp(pk(skH2[])),h(authTuple(issuerId2[],fp(pk(skH2[])),ssetH[],algH[],verH[])),canonVerH[],p2_5)) may be sent to the attacker at output {101}.
attacker((attemptCore(authTuple(issuerId2[],fp(pk(skH2[])),ssetH[],algH[],verH[]),sign((POSS,authTuple(issuerId2[],fp(pk(skH2[])),ssetH[],algH[],verH[])),skH2[]),sign((BYTES,framed(OT_ATTEST,algH[],issuerId2[],fp(pk(skH2[])),h(authTuple(issuerId2[],fp(pk(skH2[])),ssetH[],algH[],verH[])),canonVerH[],p2_5)),skH2[]),decl2_4),framed(OT_ATTEST,algH[],issuerId2[],fp(pk(skH2[])),h(authTuple(issuerId2[],fp(pk(skH2[])),ssetH[],algH[],verH[])),canonVerH[],p2_5))).

11. By 10, the attacker may know (attemptCore(authTuple(issuerId2[],fp(pk(skH2[])),ssetH[],algH[],verH[]),sign((POSS,authTuple(issuerId2[],fp(pk(skH2[])),ssetH[],algH[],verH[])),skH2[]),sign((BYTES,framed(OT_ATTEST,algH[],issuerId2[],fp(pk(skH2[])),h(authTuple(issuerId2[],fp(pk(skH2[])),ssetH[],algH[],verH[])),canonVerH[],p2_5)),skH2[]),decl2_4),framed(OT_ATTEST,algH[],issuerId2[],fp(pk(skH2[])),h(authTuple(issuerId2[],fp(pk(skH2[])),ssetH[],algH[],verH[])),canonVerH[],p2_5)).
Using the function 1-proj-2-tuple the attacker may obtain attemptCore(authTuple(issuerId2[],fp(pk(skH2[])),ssetH[],algH[],verH[]),sign((POSS,authTuple(issuerId2[],fp(pk(skH2[])),ssetH[],algH[],verH[])),skH2[]),sign((BYTES,framed(OT_ATTEST,algH[],issuerId2[],fp(pk(skH2[])),h(authTuple(issuerId2[],fp(pk(skH2[])),ssetH[],algH[],verH[])),canonVerH[],p2_5)),skH2[]),decl2_4).
attacker(attemptCore(authTuple(issuerId2[],fp(pk(skH2[])),ssetH[],algH[],verH[]),sign((POSS,authTuple(issuerId2[],fp(pk(skH2[])),ssetH[],algH[],verH[])),skH2[]),sign((BYTES,framed(OT_ATTEST,algH[],issuerId2[],fp(pk(skH2[])),h(authTuple(issuerId2[],fp(pk(skH2[])),ssetH[],algH[],verH[])),canonVerH[],p2_5)),skH2[]),decl2_4)).

12. By 11, the attacker may know attemptCore(authTuple(issuerId2[],fp(pk(skH2[])),ssetH[],algH[],verH[]),sign((POSS,authTuple(issuerId2[],fp(pk(skH2[])),ssetH[],algH[],verH[])),skH2[]),sign((BYTES,framed(OT_ATTEST,algH[],issuerId2[],fp(pk(skH2[])),h(authTuple(issuerId2[],fp(pk(skH2[])),ssetH[],algH[],verH[])),canonVerH[],p2_5)),skH2[]),decl2_4).
Using the function 4-proj-attemptCore the attacker may obtain decl2_4.
attacker(decl2_4).

13. The attacker has some term p2_7.
attacker(p2_7).

14. By 1, the attacker may know p2_5.
By 13, the attacker may know p2_7.
Using the function 2-tuple the attacker may obtain (p2_5,p2_7).
attacker((p2_5,p2_7)).

15. The message (p2_5,p2_7) that the attacker may have by 14 may be received at input {86}.
So the message (attemptCore(authTuple(issuerId2[],fp(pk(skH2[])),ssetH[],algH[],verH[]),sign((POSS,authTuple(issuerId2[],fp(pk(skH2[])),ssetH[],algH[],verH[])),skH2[]),sign((BYTES,framed(OT_ATTEST,algH[],issuerId2[],fp(pk(skH2[])),h(authTuple(issuerId2[],fp(pk(skH2[])),ssetH[],algH[],verH[])),canonVerH[],p2_5)),skH2[]),decl1_6),framed(OT_ATTEST,algH[],issuerId2[],fp(pk(skH2[])),h(authTuple(issuerId2[],fp(pk(skH2[])),ssetH[],algH[],verH[])),canonVerH[],p2_5)) may be sent to the attacker at output {96}.
attacker((attemptCore(authTuple(issuerId2[],fp(pk(skH2[])),ssetH[],algH[],verH[]),sign((POSS,authTuple(issuerId2[],fp(pk(skH2[])),ssetH[],algH[],verH[])),skH2[]),sign((BYTES,framed(OT_ATTEST,algH[],issuerId2[],fp(pk(skH2[])),h(authTuple(issuerId2[],fp(pk(skH2[])),ssetH[],algH[],verH[])),canonVerH[],p2_5)),skH2[]),decl1_6),framed(OT_ATTEST,algH[],issuerId2[],fp(pk(skH2[])),h(authTuple(issuerId2[],fp(pk(skH2[])),ssetH[],algH[],verH[])),canonVerH[],p2_5))).

16. By 15, the attacker may know (attemptCore(authTuple(issuerId2[],fp(pk(skH2[])),ssetH[],algH[],verH[]),sign((POSS,authTuple(issuerId2[],fp(pk(skH2[])),ssetH[],algH[],verH[])),skH2[]),sign((BYTES,framed(OT_ATTEST,algH[],issuerId2[],fp(pk(skH2[])),h(authTuple(issuerId2[],fp(pk(skH2[])),ssetH[],algH[],verH[])),canonVerH[],p2_5)),skH2[]),decl1_6),framed(OT_ATTEST,algH[],issuerId2[],fp(pk(skH2[])),h(authTuple(issuerId2[],fp(pk(skH2[])),ssetH[],algH[],verH[])),canonVerH[],p2_5)).
Using the function 1-proj-2-tuple the attacker may obtain attemptCore(authTuple(issuerId2[],fp(pk(skH2[])),ssetH[],algH[],verH[]),sign((POSS,authTuple(issuerId2[],fp(pk(skH2[])),ssetH[],algH[],verH[])),skH2[]),sign((BYTES,framed(OT_ATTEST,algH[],issuerId2[],fp(pk(skH2[])),h(authTuple(issuerId2[],fp(pk(skH2[])),ssetH[],algH[],verH[])),canonVerH[],p2_5)),skH2[]),decl1_6).
attacker(attemptCore(authTuple(issuerId2[],fp(pk(skH2[])),ssetH[],algH[],verH[]),sign((POSS,authTuple(issuerId2[],fp(pk(skH2[])),ssetH[],algH[],verH[])),skH2[]),sign((BYTES,framed(OT_ATTEST,algH[],issuerId2[],fp(pk(skH2[])),h(authTuple(issuerId2[],fp(pk(skH2[])),ssetH[],algH[],verH[])),canonVerH[],p2_5)),skH2[]),decl1_6)).

17. By 16, the attacker may know attemptCore(authTuple(issuerId2[],fp(pk(skH2[])),ssetH[],algH[],verH[]),sign((POSS,authTuple(issuerId2[],fp(pk(skH2[])),ssetH[],algH[],verH[])),skH2[]),sign((BYTES,framed(OT_ATTEST,algH[],issuerId2[],fp(pk(skH2[])),h(authTuple(issuerId2[],fp(pk(skH2[])),ssetH[],algH[],verH[])),canonVerH[],p2_5)),skH2[]),decl1_6).
Using the function 3-proj-attemptCore the attacker may obtain sign((BYTES,framed(OT_ATTEST,algH[],issuerId2[],fp(pk(skH2[])),h(authTuple(issuerId2[],fp(pk(skH2[])),ssetH[],algH[],verH[])),canonVerH[],p2_5)),skH2[]).
attacker(sign((BYTES,framed(OT_ATTEST,algH[],issuerId2[],fp(pk(skH2[])),h(authTuple(issuerId2[],fp(pk(skH2[])),ssetH[],algH[],verH[])),canonVerH[],p2_5)),skH2[])).

18. The attacker has some term p2_6.
attacker(p2_6).

19. The attacker has some term p1_6.
attacker(p1_6).

20. By 19, the attacker may know p1_6.
By 18, the attacker may know p2_6.
Using the function 2-tuple the attacker may obtain (p1_6,p2_6).
attacker((p1_6,p2_6)).

21. The message (p1_6,p2_6) that the attacker may have by 20 may be received at input {86}.
So the message (attemptCore(authTuple(issuerId2[],fp(pk(skH2[])),ssetH[],algH[],verH[]),sign((POSS,authTuple(issuerId2[],fp(pk(skH2[])),ssetH[],algH[],verH[])),skH2[]),sign((BYTES,framed(OT_ATTEST,algH[],issuerId2[],fp(pk(skH2[])),h(authTuple(issuerId2[],fp(pk(skH2[])),ssetH[],algH[],verH[])),canonVerH[],p1_6)),skH2[]),decl1_5),framed(OT_ATTEST,algH[],issuerId2[],fp(pk(skH2[])),h(authTuple(issuerId2[],fp(pk(skH2[])),ssetH[],algH[],verH[])),canonVerH[],p1_6)) may be sent to the attacker at output {96}.
attacker((attemptCore(authTuple(issuerId2[],fp(pk(skH2[])),ssetH[],algH[],verH[]),sign((POSS,authTuple(issuerId2[],fp(pk(skH2[])),ssetH[],algH[],verH[])),skH2[]),sign((BYTES,framed(OT_ATTEST,algH[],issuerId2[],fp(pk(skH2[])),h(authTuple(issuerId2[],fp(pk(skH2[])),ssetH[],algH[],verH[])),canonVerH[],p1_6)),skH2[]),decl1_5),framed(OT_ATTEST,algH[],issuerId2[],fp(pk(skH2[])),h(authTuple(issuerId2[],fp(pk(skH2[])),ssetH[],algH[],verH[])),canonVerH[],p1_6))).

22. By 21, the attacker may know (attemptCore(authTuple(issuerId2[],fp(pk(skH2[])),ssetH[],algH[],verH[]),sign((POSS,authTuple(issuerId2[],fp(pk(skH2[])),ssetH[],algH[],verH[])),skH2[]),sign((BYTES,framed(OT_ATTEST,algH[],issuerId2[],fp(pk(skH2[])),h(authTuple(issuerId2[],fp(pk(skH2[])),ssetH[],algH[],verH[])),canonVerH[],p1_6)),skH2[]),decl1_5),framed(OT_ATTEST,algH[],issuerId2[],fp(pk(skH2[])),h(authTuple(issuerId2[],fp(pk(skH2[])),ssetH[],algH[],verH[])),canonVerH[],p1_6)).
Using the function 1-proj-2-tuple the attacker may obtain attemptCore(authTuple(issuerId2[],fp(pk(skH2[])),ssetH[],algH[],verH[]),sign((POSS,authTuple(issuerId2[],fp(pk(skH2[])),ssetH[],algH[],verH[])),skH2[]),sign((BYTES,framed(OT_ATTEST,algH[],issuerId2[],fp(pk(skH2[])),h(authTuple(issuerId2[],fp(pk(skH2[])),ssetH[],algH[],verH[])),canonVerH[],p1_6)),skH2[]),decl1_5).
attacker(attemptCore(authTuple(issuerId2[],fp(pk(skH2[])),ssetH[],algH[],verH[]),sign((POSS,authTuple(issuerId2[],fp(pk(skH2[])),ssetH[],algH[],verH[])),skH2[]),sign((BYTES,framed(OT_ATTEST,algH[],issuerId2[],fp(pk(skH2[])),h(authTuple(issuerId2[],fp(pk(skH2[])),ssetH[],algH[],verH[])),canonVerH[],p1_6)),skH2[]),decl1_5)).

23. By 22, the attacker may know attemptCore(authTuple(issuerId2[],fp(pk(skH2[])),ssetH[],algH[],verH[]),sign((POSS,authTuple(issuerId2[],fp(pk(skH2[])),ssetH[],algH[],verH[])),skH2[]),sign((BYTES,framed(OT_ATTEST,algH[],issuerId2[],fp(pk(skH2[])),h(authTuple(issuerId2[],fp(pk(skH2[])),ssetH[],algH[],verH[])),canonVerH[],p1_6)),skH2[]),decl1_5).
Using the function 2-proj-attemptCore the attacker may obtain sign((POSS,authTuple(issuerId2[],fp(pk(skH2[])),ssetH[],algH[],verH[])),skH2[]).
attacker(sign((POSS,authTuple(issuerId2[],fp(pk(skH2[])),ssetH[],algH[],verH[])),skH2[])).

24. The attacker initially knows verH[].
attacker(verH[]).

25. The attacker initially knows algH[].
attacker(algH[]).

26. The attacker initially knows ssetH[].
attacker(ssetH[]).

27. By 7, the attacker may know pk(skH2[]).
Using the function fp the attacker may obtain fp(pk(skH2[])).
attacker(fp(pk(skH2[]))).

28. The attacker initially knows issuerId2[].
attacker(issuerId2[]).

29. By 28, the attacker may know issuerId2[].
By 27, the attacker may know fp(pk(skH2[])).
By 26, the attacker may know ssetH[].
By 25, the attacker may know algH[].
By 24, the attacker may know verH[].
Using the function authTuple the attacker may obtain authTuple(issuerId2[],fp(pk(skH2[])),ssetH[],algH[],verH[]).
attacker(authTuple(issuerId2[],fp(pk(skH2[])),ssetH[],algH[],verH[])).

30. By 29, the attacker may know authTuple(issuerId2[],fp(pk(skH2[])),ssetH[],algH[],verH[]).
By 23, the attacker may know sign((POSS,authTuple(issuerId2[],fp(pk(skH2[])),ssetH[],algH[],verH[])),skH2[]).
By 17, the attacker may know sign((BYTES,framed(OT_ATTEST,algH[],issuerId2[],fp(pk(skH2[])),h(authTuple(issuerId2[],fp(pk(skH2[])),ssetH[],algH[],verH[])),canonVerH[],p2_5)),skH2[]).
By 12, the attacker may know decl2_4.
Using the function attemptCore the attacker may obtain attemptCore(authTuple(issuerId2[],fp(pk(skH2[])),ssetH[],algH[],verH[]),sign((POSS,authTuple(issuerId2[],fp(pk(skH2[])),ssetH[],algH[],verH[])),skH2[]),sign((BYTES,framed(OT_ATTEST,algH[],issuerId2[],fp(pk(skH2[])),h(authTuple(issuerId2[],fp(pk(skH2[])),ssetH[],algH[],verH[])),canonVerH[],p2_5)),skH2[]),decl2_4).
attacker(attemptCore(authTuple(issuerId2[],fp(pk(skH2[])),ssetH[],algH[],verH[]),sign((POSS,authTuple(issuerId2[],fp(pk(skH2[])),ssetH[],algH[],verH[])),skH2[]),sign((BYTES,framed(OT_ATTEST,algH[],issuerId2[],fp(pk(skH2[])),h(authTuple(issuerId2[],fp(pk(skH2[])),ssetH[],algH[],verH[])),canonVerH[],p2_5)),skH2[]),decl2_4)).

31. The message sign((STMT_DIGEST,h(authTuple(issuerId2[],fp(pk(skH2[])),ssetH[],algH[],verH[]))),skR[]) may be sent to the attacker at output {32}.
attacker(sign((STMT_DIGEST,h(authTuple(issuerId2[],fp(pk(skH2[])),ssetH[],algH[],verH[]))),skR[])).

32. The message sign((STMT_DIGEST,h(authTuple(issuerId2[],fp(pk(skH2[])),ssetH[],algH[],verH[]))),skD[]) may be sent to the attacker at output {20}.
attacker(sign((STMT_DIGEST,h(authTuple(issuerId2[],fp(pk(skH2[])),ssetH[],algH[],verH[]))),skD[])).

33. By 29, the attacker may know authTuple(issuerId2[],fp(pk(skH2[])),ssetH[],algH[],verH[]).
By 32, the attacker may know sign((STMT_DIGEST,h(authTuple(issuerId2[],fp(pk(skH2[])),ssetH[],algH[],verH[]))),skD[]).
By 31, the attacker may know sign((STMT_DIGEST,h(authTuple(issuerId2[],fp(pk(skH2[])),ssetH[],algH[],verH[]))),skR[]).
By 7, the attacker may know pk(skH2[]).
By 30, the attacker may know attemptCore(authTuple(issuerId2[],fp(pk(skH2[])),ssetH[],algH[],verH[]),sign((POSS,authTuple(issuerId2[],fp(pk(skH2[])),ssetH[],algH[],verH[])),skH2[]),sign((BYTES,framed(OT_ATTEST,algH[],issuerId2[],fp(pk(skH2[])),h(authTuple(issuerId2[],fp(pk(skH2[])),ssetH[],algH[],verH[])),canonVerH[],p2_5)),skH2[]),decl2_4).
By 9, the attacker may know fb_2.
By 8, the attacker may know withTLR(pk(skH2[]),sign((TLR,(lineage2(entry(h(attemptCore(authTuple(issuerId2[],fp(pk(skH2[])),ssetH[],algH[],verH[]),sign((POSS,authTuple(issuerId2[],fp(pk(skH2[])),ssetH[],algH[],verH[])),skH2[]),sign((BYTES,framed(OT_ATTEST,algH[],issuerId2[],fp(pk(skH2[])),h(authTuple(issuerId2[],fp(pk(skH2[])),ssetH[],algH[],verH[])),canonVerH[],p1_5)),skH2[]),decl1_4)),DISP_ABANDONED),entry(h(attemptCore(authTuple(issuerId2[],fp(pk(skH2[])),ssetH[],algH[],verH[]),sign((POSS,authTuple(issuerId2[],fp(pk(skH2[])),ssetH[],algH[],verH[])),skH2[]),sign((BYTES,framed(OT_ATTEST,algH[],issuerId2[],fp(pk(skH2[])),h(authTuple(issuerId2[],fp(pk(skH2[])),ssetH[],algH[],verH[])),canonVerH[],p2_5)),skH2[]),decl2_4)),DISP_SHIPPED)),TERM_SHIPPED(h(attemptCore(authTuple(issuerId2[],fp(pk(skH2[])),ssetH[],algH[],verH[]),sign((POSS,authTuple(issuerId2[],fp(pk(skH2[])),ssetH[],algH[],verH[])),skH2[]),sign((BYTES,framed(OT_ATTEST,algH[],issuerId2[],fp(pk(skH2[])),h(authTuple(issuerId2[],fp(pk(skH2[])),ssetH[],algH[],verH[])),canonVerH[],p2_5)),skH2[]),decl2_4))),declT_5)),skH2[]),anchorProof(h(sign((TLR,(lineage2(entry(h(attemptCore(authTuple(issuerId2[],fp(pk(skH2[])),ssetH[],algH[],verH[]),sign((POSS,authTuple(issuerId2[],fp(pk(skH2[])),ssetH[],algH[],verH[])),skH2[]),sign((BYTES,framed(OT_ATTEST,algH[],issuerId2[],fp(pk(skH2[])),h(authTuple(issuerId2[],fp(pk(skH2[])),ssetH[],algH[],verH[])),canonVerH[],p1_5)),skH2[]),decl1_4)),DISP_ABANDONED),entry(h(attemptCore(authTuple(issuerId2[],fp(pk(skH2[])),ssetH[],algH[],verH[]),sign((POSS,authTuple(issuerId2[],fp(pk(skH2[])),ssetH[],algH[],verH[])),skH2[]),sign((BYTES,framed(OT_ATTEST,algH[],issuerId2[],fp(pk(skH2[])),h(authTuple(issuerId2[],fp(pk(skH2[])),ssetH[],algH[],verH[])),canonVerH[],p2_5)),skH2[]),decl2_4)),DISP_SHIPPED)),TERM_SHIPPED(h(attemptCore(authTuple(issuerId2[],fp(pk(skH2[])),ssetH[],algH[],verH[]),sign((POSS,authTuple(issuerId2[],fp(pk(skH2[])),ssetH[],algH[],verH[])),skH2[]),sign((BYTES,framed(OT_ATTEST,algH[],issuerId2[],fp(pk(skH2[])),h(authTuple(issuerId2[],fp(pk(skH2[])),ssetH[],algH[],verH[])),canonVerH[],p2_5)),skH2[]),decl2_4))),declT_5)),skH2[])))).
Using the function 7-tuple the attacker may obtain (authTuple(issuerId2[],fp(pk(skH2[])),ssetH[],algH[],verH[]),sign((STMT_DIGEST,h(authTuple(issuerId2[],fp(pk(skH2[])),ssetH[],algH[],verH[]))),skD[]),sign((STMT_DIGEST,h(authTuple(issuerId2[],fp(pk(skH2[])),ssetH[],algH[],verH[]))),skR[]),pk(skH2[]),attemptCore(authTuple(issuerId2[],fp(pk(skH2[])),ssetH[],algH[],verH[]),sign((POSS,authTuple(issuerId2[],fp(pk(skH2[])),ssetH[],algH[],verH[])),skH2[]),sign((BYTES,framed(OT_ATTEST,algH[],issuerId2[],fp(pk(skH2[])),h(authTuple(issuerId2[],fp(pk(skH2[])),ssetH[],algH[],verH[])),canonVerH[],p2_5)),skH2[]),decl2_4),fb_2,withTLR(pk(skH2[]),sign((TLR,(lineage2(entry(h(attemptCore(authTuple(issuerId2[],fp(pk(skH2[])),ssetH[],algH[],verH[]),sign((POSS,authTuple(issuerId2[],fp(pk(skH2[])),ssetH[],algH[],verH[])),skH2[]),sign((BYTES,framed(OT_ATTEST,algH[],issuerId2[],fp(pk(skH2[])),h(authTuple(issuerId2[],fp(pk(skH2[])),ssetH[],algH[],verH[])),canonVerH[],p1_5)),skH2[]),decl1_4)),DISP_ABANDONED),entry(h(attemptCore(authTuple(issuerId2[],fp(pk(skH2[])),ssetH[],algH[],verH[]),sign((POSS,authTuple(issuerId2[],fp(pk(skH2[])),ssetH[],algH[],verH[])),skH2[]),sign((BYTES,framed(OT_ATTEST,algH[],issuerId2[],fp(pk(skH2[])),h(authTuple(issuerId2[],fp(pk(skH2[])),ssetH[],algH[],verH[])),canonVerH[],p2_5)),skH2[]),decl2_4)),DISP_SHIPPED)),TERM_SHIPPED(h(attemptCore(authTuple(issuerId2[],fp(pk(skH2[])),ssetH[],algH[],verH[]),sign((POSS,authTuple(issuerId2[],fp(pk(skH2[])),ssetH[],algH[],verH[])),skH2[]),sign((BYTES,framed(OT_ATTEST,algH[],issuerId2[],fp(pk(skH2[])),h(authTuple(issuerId2[],fp(pk(skH2[])),ssetH[],algH[],verH[])),canonVerH[],p2_5)),skH2[]),decl2_4))),declT_5)),skH2[]),anchorProof(h(sign((TLR,(lineage2(entry(h(attemptCore(authTuple(issuerId2[],fp(pk(skH2[])),ssetH[],algH[],verH[]),sign((POSS,authTuple(issuerId2[],fp(pk(skH2[])),ssetH[],algH[],verH[])),skH2[]),sign((BYTES,framed(OT_ATTEST,algH[],issuerId2[],fp(pk(skH2[])),h(authTuple(issuerId2[],fp(pk(skH2[])),ssetH[],algH[],verH[])),canonVerH[],p1_5)),skH2[]),decl1_4)),DISP_ABANDONED),entry(h(attemptCore(authTuple(issuerId2[],fp(pk(skH2[])),ssetH[],algH[],verH[]),sign((POSS,authTuple(issuerId2[],fp(pk(skH2[])),ssetH[],algH[],verH[])),skH2[]),sign((BYTES,framed(OT_ATTEST,algH[],issuerId2[],fp(pk(skH2[])),h(authTuple(issuerId2[],fp(pk(skH2[])),ssetH[],algH[],verH[])),canonVerH[],p2_5)),skH2[]),decl2_4)),DISP_SHIPPED)),TERM_SHIPPED(h(attemptCore(authTuple(issuerId2[],fp(pk(skH2[])),ssetH[],algH[],verH[]),sign((POSS,authTuple(issuerId2[],fp(pk(skH2[])),ssetH[],algH[],verH[])),skH2[]),sign((BYTES,framed(OT_ATTEST,algH[],issuerId2[],fp(pk(skH2[])),h(authTuple(issuerId2[],fp(pk(skH2[])),ssetH[],algH[],verH[])),canonVerH[],p2_5)),skH2[]),decl2_4))),declT_5)),skH2[]))))).
attacker((authTuple(issuerId2[],fp(pk(skH2[])),ssetH[],algH[],verH[]),sign((STMT_DIGEST,h(authTuple(issuerId2[],fp(pk(skH2[])),ssetH[],algH[],verH[]))),skD[]),sign((STMT_DIGEST,h(authTuple(issuerId2[],fp(pk(skH2[])),ssetH[],algH[],verH[]))),skR[]),pk(skH2[]),attemptCore(authTuple(issuerId2[],fp(pk(skH2[])),ssetH[],algH[],verH[]),sign((POSS,authTuple(issuerId2[],fp(pk(skH2[])),ssetH[],algH[],verH[])),skH2[]),sign((BYTES,framed(OT_ATTEST,algH[],issuerId2[],fp(pk(skH2[])),h(authTuple(issuerId2[],fp(pk(skH2[])),ssetH[],algH[],verH[])),canonVerH[],p2_5)),skH2[]),decl2_4),fb_2,withTLR(pk(skH2[]),sign((TLR,(lineage2(entry(h(attemptCore(authTuple(issuerId2[],fp(pk(skH2[])),ssetH[],algH[],verH[]),sign((POSS,authTuple(issuerId2[],fp(pk(skH2[])),ssetH[],algH[],verH[])),skH2[]),sign((BYTES,framed(OT_ATTEST,algH[],issuerId2[],fp(pk(skH2[])),h(authTuple(issuerId2[],fp(pk(skH2[])),ssetH[],algH[],verH[])),canonVerH[],p1_5)),skH2[]),decl1_4)),DISP_ABANDONED),entry(h(attemptCore(authTuple(issuerId2[],fp(pk(skH2[])),ssetH[],algH[],verH[]),sign((POSS,authTuple(issuerId2[],fp(pk(skH2[])),ssetH[],algH[],verH[])),skH2[]),sign((BYTES,framed(OT_ATTEST,algH[],issuerId2[],fp(pk(skH2[])),h(authTuple(issuerId2[],fp(pk(skH2[])),ssetH[],algH[],verH[])),canonVerH[],p2_5)),skH2[]),decl2_4)),DISP_SHIPPED)),TERM_SHIPPED(h(attemptCore(authTuple(issuerId2[],fp(pk(skH2[])),ssetH[],algH[],verH[]),sign((POSS,authTuple(issuerId2[],fp(pk(skH2[])),ssetH[],algH[],verH[])),skH2[]),sign((BYTES,framed(OT_ATTEST,algH[],issuerId2[],fp(pk(skH2[])),h(authTuple(issuerId2[],fp(pk(skH2[])),ssetH[],algH[],verH[])),canonVerH[],p2_5)),skH2[]),decl2_4))),declT_5)),skH2[]),anchorProof(h(sign((TLR,(lineage2(entry(h(attemptCore(authTuple(issuerId2[],fp(pk(skH2[])),ssetH[],algH[],verH[]),sign((POSS,authTuple(issuerId2[],fp(pk(skH2[])),ssetH[],algH[],verH[])),skH2[]),sign((BYTES,framed(OT_ATTEST,algH[],issuerId2[],fp(pk(skH2[])),h(authTuple(issuerId2[],fp(pk(skH2[])),ssetH[],algH[],verH[])),canonVerH[],p1_5)),skH2[]),decl1_4)),DISP_ABANDONED),entry(h(attemptCore(authTuple(issuerId2[],fp(pk(skH2[])),ssetH[],algH[],verH[]),sign((POSS,authTuple(issuerId2[],fp(pk(skH2[])),ssetH[],algH[],verH[])),skH2[]),sign((BYTES,framed(OT_ATTEST,algH[],issuerId2[],fp(pk(skH2[])),h(authTuple(issuerId2[],fp(pk(skH2[])),ssetH[],algH[],verH[])),canonVerH[],p2_5)),skH2[]),decl2_4)),DISP_SHIPPED)),TERM_SHIPPED(h(attemptCore(authTuple(issuerId2[],fp(pk(skH2[])),ssetH[],algH[],verH[]),sign((POSS,authTuple(issuerId2[],fp(pk(skH2[])),ssetH[],algH[],verH[])),skH2[]),sign((BYTES,framed(OT_ATTEST,algH[],issuerId2[],fp(pk(skH2[])),h(authTuple(issuerId2[],fp(pk(skH2[])),ssetH[],algH[],verH[])),canonVerH[],p2_5)),skH2[]),decl2_4))),declT_5)),skH2[])))))).

34. The message (authTuple(issuerId2[],fp(pk(skH2[])),ssetH[],algH[],verH[]),sign((STMT_DIGEST,h(authTuple(issuerId2[],fp(pk(skH2[])),ssetH[],algH[],verH[]))),skD[]),sign((STMT_DIGEST,h(authTuple(issuerId2[],fp(pk(skH2[])),ssetH[],algH[],verH[]))),skR[]),pk(skH2[]),attemptCore(authTuple(issuerId2[],fp(pk(skH2[])),ssetH[],algH[],verH[]),sign((POSS,authTuple(issuerId2[],fp(pk(skH2[])),ssetH[],algH[],verH[])),skH2[]),sign((BYTES,framed(OT_ATTEST,algH[],issuerId2[],fp(pk(skH2[])),h(authTuple(issuerId2[],fp(pk(skH2[])),ssetH[],algH[],verH[])),canonVerH[],p2_5)),skH2[]),decl2_4),fb_2,withTLR(pk(skH2[]),sign((TLR,(lineage2(entry(h(attemptCore(authTuple(issuerId2[],fp(pk(skH2[])),ssetH[],algH[],verH[]),sign((POSS,authTuple(issuerId2[],fp(pk(skH2[])),ssetH[],algH[],verH[])),skH2[]),sign((BYTES,framed(OT_ATTEST,algH[],issuerId2[],fp(pk(skH2[])),h(authTuple(issuerId2[],fp(pk(skH2[])),ssetH[],algH[],verH[])),canonVerH[],p1_5)),skH2[]),decl1_4)),DISP_ABANDONED),entry(h(attemptCore(authTuple(issuerId2[],fp(pk(skH2[])),ssetH[],algH[],verH[]),sign((POSS,authTuple(issuerId2[],fp(pk(skH2[])),ssetH[],algH[],verH[])),skH2[]),sign((BYTES,framed(OT_ATTEST,algH[],issuerId2[],fp(pk(skH2[])),h(authTuple(issuerId2[],fp(pk(skH2[])),ssetH[],algH[],verH[])),canonVerH[],p2_5)),skH2[]),decl2_4)),DISP_SHIPPED)),TERM_SHIPPED(h(attemptCore(authTuple(issuerId2[],fp(pk(skH2[])),ssetH[],algH[],verH[]),sign((POSS,authTuple(issuerId2[],fp(pk(skH2[])),ssetH[],algH[],verH[])),skH2[]),sign((BYTES,framed(OT_ATTEST,algH[],issuerId2[],fp(pk(skH2[])),h(authTuple(issuerId2[],fp(pk(skH2[])),ssetH[],algH[],verH[])),canonVerH[],p2_5)),skH2[]),decl2_4))),declT_5)),skH2[]),anchorProof(h(sign((TLR,(lineage2(entry(h(attemptCore(authTuple(issuerId2[],fp(pk(skH2[])),ssetH[],algH[],verH[]),sign((POSS,authTuple(issuerId2[],fp(pk(skH2[])),ssetH[],algH[],verH[])),skH2[]),sign((BYTES,framed(OT_ATTEST,algH[],issuerId2[],fp(pk(skH2[])),h(authTuple(issuerId2[],fp(pk(skH2[])),ssetH[],algH[],verH[])),canonVerH[],p1_5)),skH2[]),decl1_4)),DISP_ABANDONED),entry(h(attemptCore(authTuple(issuerId2[],fp(pk(skH2[])),ssetH[],algH[],verH[]),sign((POSS,authTuple(issuerId2[],fp(pk(skH2[])),ssetH[],algH[],verH[])),skH2[]),sign((BYTES,framed(OT_ATTEST,algH[],issuerId2[],fp(pk(skH2[])),h(authTuple(issuerId2[],fp(pk(skH2[])),ssetH[],algH[],verH[])),canonVerH[],p2_5)),skH2[]),decl2_4)),DISP_SHIPPED)),TERM_SHIPPED(h(attemptCore(authTuple(issuerId2[],fp(pk(skH2[])),ssetH[],algH[],verH[]),sign((POSS,authTuple(issuerId2[],fp(pk(skH2[])),ssetH[],algH[],verH[])),skH2[]),sign((BYTES,framed(OT_ATTEST,algH[],issuerId2[],fp(pk(skH2[])),h(authTuple(issuerId2[],fp(pk(skH2[])),ssetH[],algH[],verH[])),canonVerH[],p2_5)),skH2[]),decl2_4))),declT_5)),skH2[]))))) that the attacker may have by 33 may be received at input {132}.
We have h(attemptCore(authTuple(issuerId2[],fp(pk(skH2[])),ssetH[],algH[],verH[]),sign((POSS,authTuple(issuerId2[],fp(pk(skH2[])),ssetH[],algH[],verH[])),skH2[]),sign((BYTES,framed(OT_ATTEST,algH[],issuerId2[],fp(pk(skH2[])),h(authTuple(issuerId2[],fp(pk(skH2[])),ssetH[],algH[],verH[])),canonVerH[],p1_5)),skH2[]),decl1_4)) ≠ h(attemptCore(authTuple(issuerId2[],fp(pk(skH2[])),ssetH[],algH[],verH[]),sign((POSS,authTuple(issuerId2[],fp(pk(skH2[])),ssetH[],algH[],verH[])),skH2[]),sign((BYTES,framed(OT_ATTEST,algH[],issuerId2[],fp(pk(skH2[])),h(authTuple(issuerId2[],fp(pk(skH2[])),ssetH[],algH[],verH[])),canonVerH[],p2_5)),skH2[]),decl2_4)).
So event StandingReport(ESTABLISHED,TERMINAL_DISPOSITION_SHOWN,pk(skH2[]),authTuple(issuerId2[],fp(pk(skH2[])),ssetH[],algH[],verH[]),h(attemptCore(authTuple(issuerId2[],fp(pk(skH2[])),ssetH[],algH[],verH[]),sign((POSS,authTuple(issuerId2[],fp(pk(skH2[])),ssetH[],algH[],verH[])),skH2[]),sign((BYTES,framed(OT_ATTEST,algH[],issuerId2[],fp(pk(skH2[])),h(authTuple(issuerId2[],fp(pk(skH2[])),ssetH[],algH[],verH[])),canonVerH[],p2_5)),skH2[]),decl2_4))) may be executed at {153}.
event(StandingReport(ESTABLISHED,TERMINAL_DISPOSITION_SHOWN,pk(skH2[]),authTuple(issuerId2[],fp(pk(skH2[])),ssetH[],algH[],verH[]),h(attemptCore(authTuple(issuerId2[],fp(pk(skH2[])),ssetH[],algH[],verH[]),sign((POSS,authTuple(issuerId2[],fp(pk(skH2[])),ssetH[],algH[],verH[])),skH2[]),sign((BYTES,framed(OT_ATTEST,algH[],issuerId2[],fp(pk(skH2[])),h(authTuple(issuerId2[],fp(pk(skH2[])),ssetH[],algH[],verH[])),canonVerH[],p2_5)),skH2[]),decl2_4)))).

35. By 34, event(StandingReport(ESTABLISHED,TERMINAL_DISPOSITION_SHOWN,pk(skH2[]),authTuple(issuerId2[],fp(pk(skH2[])),ssetH[],algH[],verH[]),h(attemptCore(authTuple(issuerId2[],fp(pk(skH2[])),ssetH[],algH[],verH[]),sign((POSS,authTuple(issuerId2[],fp(pk(skH2[])),ssetH[],algH[],verH[])),skH2[]),sign((BYTES,framed(OT_ATTEST,algH[],issuerId2[],fp(pk(skH2[])),h(authTuple(issuerId2[],fp(pk(skH2[])),ssetH[],algH[],verH[])),canonVerH[],p2_5)),skH2[]),decl2_4)))).
The goal is reached, represented in the following fact:
event(StandingReport(ESTABLISHED,TERMINAL_DISPOSITION_SHOWN,pk(skH2[]),authTuple(issuerId2[],fp(pk(skH2[])),ssetH[],algH[],verH[]),h(attemptCore(authTuple(issuerId2[],fp(pk(skH2[])),ssetH[],algH[],verH[]),sign((POSS,authTuple(issuerId2[],fp(pk(skH2[])),ssetH[],algH[],verH[])),skH2[]),sign((BYTES,framed(OT_ATTEST,algH[],issuerId2[],fp(pk(skH2[])),h(authTuple(issuerId2[],fp(pk(skH2[])),ssetH[],algH[],verH[])),canonVerH[],p2_5)),skH2[]),decl2_4)))).


A more detailed output of the traces is available with
  set traceDisplay = long.

new skD: skey creating skD_4 at {1}

new skR: skey creating skR_4 at {2}

out(c, ~M) with ~M = pk(skD_4) at {6}

out(c, ~M_1) with ~M_1 = pk(skR_4) at {7}

out(c, ~M_2) with ~M_2 = pk(skH1) at {8}

out(c, ~M_3) with ~M_3 = pk(skH2) at {9}

out(c, authTuple(~M_4,~M_5,~M_6,~M_7,~M_8)) with ~M_4 = issuerId, ~M_5 = fp(pk(skH1)), ~M_6 = ssetH, ~M_7 = algH, ~M_8 = verH at {10}

out(c, authTuple(~M_9,~M_10,~M_11,~M_12,~M_13)) with ~M_9 = issuerId2, ~M_10 = fp(pk(skH2)), ~M_11 = ssetH, ~M_12 = algH, ~M_13 = verH at {11}

out(c, authTuple(~M_14,~M_15,~M_16,~M_17,~M_18)) with ~M_14 = issuerIdAlias, ~M_15 = fp(pk(skH1)), ~M_16 = ssetH, ~M_17 = algH, ~M_18 = verH at {12}

event AuthorityPublishedRepo(authTuple(issuerId2,fp(pk(skH2)),ssetH,algH,verH)) at {31} in copy a

out(c, ~M_19) with ~M_19 = sign((STMT_DIGEST,h(authTuple(issuerId2,fp(pk(skH2)),ssetH,algH,verH))),skR_4) at {32} in copy a

event AuthorityPublishedDNS(authTuple(issuerId2,fp(pk(skH2)),ssetH,algH,verH)) at {19} in copy a_1

out(c, ~M_20) with ~M_20 = sign((STMT_DIGEST,h(authTuple(issuerId2,fp(pk(skH2)),ssetH,algH,verH))),skD_4) at {20} in copy a_1

in(c, (a_2,a_3)) at {86} in copy a_4

new decl1_2: bitstring creating decl1_7 at {87} in copy a_4

new decl2_2: bitstring creating decl2_5 at {88} in copy a_4

new declT_2: bitstring creating declT_6 at {89} in copy a_4

event IssuerPossession(pk(skH2)) at {90} in copy a_4

event IssuerSigned(pk(skH2),framed(OT_ATTEST,algH,issuerId2,fp(pk(skH2)),h(authTuple(issuerId2,fp(pk(skH2)),ssetH,algH,verH)),canonVerH,a_2)) at {95} in copy a_4

out(c, (attemptCore(authTuple(~M_21,~M_22,~M_23,~M_24,~M_25),~M_26,~M_27,~M_28),framed(~M_29,~M_30,~M_31,~M_32,~M_33,~M_34,~M_35))) with ~M_21 = issuerId2, ~M_22 = fp(pk(skH2)), ~M_23 = ssetH, ~M_24 = algH, ~M_25 = verH, ~M_26 = sign((POSS,authTuple(issuerId2,fp(pk(skH2)),ssetH,algH,verH)),skH2), ~M_27 = sign((BYTES,framed(OT_ATTEST,algH,issuerId2,fp(pk(skH2)),h(authTuple(issuerId2,fp(pk(skH2)),ssetH,algH,verH)),canonVerH,a_2)),skH2), ~M_28 = decl1_7, ~M_29 = OT_ATTEST, ~M_30 = algH, ~M_31 = issuerId2, ~M_32 = fp(pk(skH2)), ~M_33 = h(authTuple(issuerId2,fp(pk(skH2)),ssetH,algH,verH)), ~M_34 = canonVerH, ~M_35 = a_2 at {96} in copy a_4

event IssuerSigned(pk(skH2),framed(OT_ATTEST,algH,issuerId2,fp(pk(skH2)),h(authTuple(issuerId2,fp(pk(skH2)),ssetH,algH,verH)),canonVerH,a_3)) at {100} in copy a_4

out(c, (attemptCore(authTuple(~M_36,~M_37,~M_38,~M_39,~M_40),~M_41,~M_42,~M_43),framed(~M_44,~M_45,~M_46,~M_47,~M_48,~M_49,~M_50))) with ~M_36 = issuerId2, ~M_37 = fp(pk(skH2)), ~M_38 = ssetH, ~M_39 = algH, ~M_40 = verH, ~M_41 = sign((POSS,authTuple(issuerId2,fp(pk(skH2)),ssetH,algH,verH)),skH2), ~M_42 = sign((BYTES,framed(OT_ATTEST,algH,issuerId2,fp(pk(skH2)),h(authTuple(issuerId2,fp(pk(skH2)),ssetH,algH,verH)),canonVerH,a_3)),skH2), ~M_43 = decl2_5, ~M_44 = OT_ATTEST, ~M_45 = algH, ~M_46 = issuerId2, ~M_47 = fp(pk(skH2)), ~M_48 = h(authTuple(issuerId2,fp(pk(skH2)),ssetH,algH,verH)), ~M_49 = canonVerH, ~M_50 = a_3 at {101} in copy a_4

event Designated(pk(skH2),h(attemptCore(authTuple(issuerId2,fp(pk(skH2)),ssetH,algH,verH),sign((POSS,authTuple(issuerId2,fp(pk(skH2)),ssetH,algH,verH)),skH2),sign((BYTES,framed(OT_ATTEST,algH,issuerId2,fp(pk(skH2)),h(authTuple(issuerId2,fp(pk(skH2)),ssetH,algH,verH)),canonVerH,a_3)),skH2),decl2_5))) at {104} in copy a_4

out(c, ~M_51) with ~M_51 = sign((TLR,(lineage2(entry(h(attemptCore(authTuple(issuerId2,fp(pk(skH2)),ssetH,algH,verH),sign((POSS,authTuple(issuerId2,fp(pk(skH2)),ssetH,algH,verH)),skH2),sign((BYTES,framed(OT_ATTEST,algH,issuerId2,fp(pk(skH2)),h(authTuple(issuerId2,fp(pk(skH2)),ssetH,algH,verH)),canonVerH,a_2)),skH2),decl1_7)),DISP_ABANDONED),entry(h(attemptCore(authTuple(issuerId2,fp(pk(skH2)),ssetH,algH,verH),sign((POSS,authTuple(issuerId2,fp(pk(skH2)),ssetH,algH,verH)),skH2),sign((BYTES,framed(OT_ATTEST,algH,issuerId2,fp(pk(skH2)),h(authTuple(issuerId2,fp(pk(skH2)),ssetH,algH,verH)),canonVerH,a_3)),skH2),decl2_5)),DISP_SHIPPED)),TERM_SHIPPED(h(attemptCore(authTuple(issuerId2,fp(pk(skH2)),ssetH,algH,verH),sign((POSS,authTuple(issuerId2,fp(pk(skH2)),ssetH,algH,verH)),skH2),sign((BYTES,framed(OT_ATTEST,algH,issuerId2,fp(pk(skH2)),h(authTuple(issuerId2,fp(pk(skH2)),ssetH,algH,verH)),canonVerH,a_3)),skH2),decl2_5))),declT_6)),skH2) at {107} in copy a_4

in(c, (a_5,a_6)) at {86} in copy a_7

new decl1_2: bitstring creating decl1_8 at {87} in copy a_7

new decl2_2: bitstring creating decl2_6 at {88} in copy a_7

new declT_2: bitstring creating declT_7 at {89} in copy a_7

event IssuerPossession(pk(skH2)) at {90} in copy a_7

event IssuerSigned(pk(skH2),framed(OT_ATTEST,algH,issuerId2,fp(pk(skH2)),h(authTuple(issuerId2,fp(pk(skH2)),ssetH,algH,verH)),canonVerH,a_5)) at {95} in copy a_7

out(c, (attemptCore(authTuple(~M_52,~M_53,~M_54,~M_55,~M_56),~M_57,~M_58,~M_59),framed(~M_60,~M_61,~M_62,~M_63,~M_64,~M_65,~M_66))) with ~M_52 = issuerId2, ~M_53 = fp(pk(skH2)), ~M_54 = ssetH, ~M_55 = algH, ~M_56 = verH, ~M_57 = sign((POSS,authTuple(issuerId2,fp(pk(skH2)),ssetH,algH,verH)),skH2), ~M_58 = sign((BYTES,framed(OT_ATTEST,algH,issuerId2,fp(pk(skH2)),h(authTuple(issuerId2,fp(pk(skH2)),ssetH,algH,verH)),canonVerH,a_5)),skH2), ~M_59 = decl1_8, ~M_60 = OT_ATTEST, ~M_61 = algH, ~M_62 = issuerId2, ~M_63 = fp(pk(skH2)), ~M_64 = h(authTuple(issuerId2,fp(pk(skH2)),ssetH,algH,verH)), ~M_65 = canonVerH, ~M_66 = a_5 at {96} in copy a_7

event IssuerSigned(pk(skH2),framed(OT_ATTEST,algH,issuerId2,fp(pk(skH2)),h(authTuple(issuerId2,fp(pk(skH2)),ssetH,algH,verH)),canonVerH,a_6)) at {100} in copy a_7

out(c, (attemptCore(authTuple(~M_67,~M_68,~M_69,~M_70,~M_71),~M_72,~M_73,~M_74),framed(~M_75,~M_76,~M_77,~M_78,~M_79,~M_80,~M_81))) with ~M_67 = issuerId2, ~M_68 = fp(pk(skH2)), ~M_69 = ssetH, ~M_70 = algH, ~M_71 = verH, ~M_72 = sign((POSS,authTuple(issuerId2,fp(pk(skH2)),ssetH,algH,verH)),skH2), ~M_73 = sign((BYTES,framed(OT_ATTEST,algH,issuerId2,fp(pk(skH2)),h(authTuple(issuerId2,fp(pk(skH2)),ssetH,algH,verH)),canonVerH,a_6)),skH2), ~M_74 = decl2_6, ~M_75 = OT_ATTEST, ~M_76 = algH, ~M_77 = issuerId2, ~M_78 = fp(pk(skH2)), ~M_79 = h(authTuple(issuerId2,fp(pk(skH2)),ssetH,algH,verH)), ~M_80 = canonVerH, ~M_81 = a_6 at {101} in copy a_7

event Designated(pk(skH2),h(attemptCore(authTuple(issuerId2,fp(pk(skH2)),ssetH,algH,verH),sign((POSS,authTuple(issuerId2,fp(pk(skH2)),ssetH,algH,verH)),skH2),sign((BYTES,framed(OT_ATTEST,algH,issuerId2,fp(pk(skH2)),h(authTuple(issuerId2,fp(pk(skH2)),ssetH,algH,verH)),canonVerH,a_6)),skH2),decl2_6))) at {104} in copy a_7

out(c, ~M_82) with ~M_82 = sign((TLR,(lineage2(entry(h(attemptCore(authTuple(issuerId2,fp(pk(skH2)),ssetH,algH,verH),sign((POSS,authTuple(issuerId2,fp(pk(skH2)),ssetH,algH,verH)),skH2),sign((BYTES,framed(OT_ATTEST,algH,issuerId2,fp(pk(skH2)),h(authTuple(issuerId2,fp(pk(skH2)),ssetH,algH,verH)),canonVerH,a_5)),skH2),decl1_8)),DISP_ABANDONED),entry(h(attemptCore(authTuple(issuerId2,fp(pk(skH2)),ssetH,algH,verH),sign((POSS,authTuple(issuerId2,fp(pk(skH2)),ssetH,algH,verH)),skH2),sign((BYTES,framed(OT_ATTEST,algH,issuerId2,fp(pk(skH2)),h(authTuple(issuerId2,fp(pk(skH2)),ssetH,algH,verH)),canonVerH,a_6)),skH2),decl2_6)),DISP_SHIPPED)),TERM_SHIPPED(h(attemptCore(authTuple(issuerId2,fp(pk(skH2)),ssetH,algH,verH),sign((POSS,authTuple(issuerId2,fp(pk(skH2)),ssetH,algH,verH)),skH2),sign((BYTES,framed(OT_ATTEST,algH,issuerId2,fp(pk(skH2)),h(authTuple(issuerId2,fp(pk(skH2)),ssetH,algH,verH)),canonVerH,a_6)),skH2),decl2_6))),declT_7)),skH2) at {107} in copy a_7

in(c, (a_8,a_5)) at {86} in copy a_9

new decl1_2: bitstring creating decl1_9 at {87} in copy a_9

new decl2_2: bitstring creating decl2_7 at {88} in copy a_9

new declT_2: bitstring creating declT_8 at {89} in copy a_9

event IssuerPossession(pk(skH2)) at {90} in copy a_9

event IssuerSigned(pk(skH2),framed(OT_ATTEST,algH,issuerId2,fp(pk(skH2)),h(authTuple(issuerId2,fp(pk(skH2)),ssetH,algH,verH)),canonVerH,a_8)) at {95} in copy a_9

out(c, (attemptCore(authTuple(~M_83,~M_84,~M_85,~M_86,~M_87),~M_88,~M_89,~M_90),framed(~M_91,~M_92,~M_93,~M_94,~M_95,~M_96,~M_97))) with ~M_83 = issuerId2, ~M_84 = fp(pk(skH2)), ~M_85 = ssetH, ~M_86 = algH, ~M_87 = verH, ~M_88 = sign((POSS,authTuple(issuerId2,fp(pk(skH2)),ssetH,algH,verH)),skH2), ~M_89 = sign((BYTES,framed(OT_ATTEST,algH,issuerId2,fp(pk(skH2)),h(authTuple(issuerId2,fp(pk(skH2)),ssetH,algH,verH)),canonVerH,a_8)),skH2), ~M_90 = decl1_9, ~M_91 = OT_ATTEST, ~M_92 = algH, ~M_93 = issuerId2, ~M_94 = fp(pk(skH2)), ~M_95 = h(authTuple(issuerId2,fp(pk(skH2)),ssetH,algH,verH)), ~M_96 = canonVerH, ~M_97 = a_8 at {96} in copy a_9

event IssuerSigned(pk(skH2),framed(OT_ATTEST,algH,issuerId2,fp(pk(skH2)),h(authTuple(issuerId2,fp(pk(skH2)),ssetH,algH,verH)),canonVerH,a_5)) at {100} in copy a_9

out(c, (attemptCore(authTuple(~M_98,~M_99,~M_100,~M_101,~M_102),~M_103,~M_104,~M_105),framed(~M_106,~M_107,~M_108,~M_109,~M_110,~M_111,~M_112))) with ~M_98 = issuerId2, ~M_99 = fp(pk(skH2)), ~M_100 = ssetH, ~M_101 = algH, ~M_102 = verH, ~M_103 = sign((POSS,authTuple(issuerId2,fp(pk(skH2)),ssetH,algH,verH)),skH2), ~M_104 = sign((BYTES,framed(OT_ATTEST,algH,issuerId2,fp(pk(skH2)),h(authTuple(issuerId2,fp(pk(skH2)),ssetH,algH,verH)),canonVerH,a_5)),skH2), ~M_105 = decl2_7, ~M_106 = OT_ATTEST, ~M_107 = algH, ~M_108 = issuerId2, ~M_109 = fp(pk(skH2)), ~M_110 = h(authTuple(issuerId2,fp(pk(skH2)),ssetH,algH,verH)), ~M_111 = canonVerH, ~M_112 = a_5 at {101} in copy a_9

event Designated(pk(skH2),h(attemptCore(authTuple(issuerId2,fp(pk(skH2)),ssetH,algH,verH),sign((POSS,authTuple(issuerId2,fp(pk(skH2)),ssetH,algH,verH)),skH2),sign((BYTES,framed(OT_ATTEST,algH,issuerId2,fp(pk(skH2)),h(authTuple(issuerId2,fp(pk(skH2)),ssetH,algH,verH)),canonVerH,a_5)),skH2),decl2_7))) at {104} in copy a_9

out(c, ~M_113) with ~M_113 = sign((TLR,(lineage2(entry(h(attemptCore(authTuple(issuerId2,fp(pk(skH2)),ssetH,algH,verH),sign((POSS,authTuple(issuerId2,fp(pk(skH2)),ssetH,algH,verH)),skH2),sign((BYTES,framed(OT_ATTEST,algH,issuerId2,fp(pk(skH2)),h(authTuple(issuerId2,fp(pk(skH2)),ssetH,algH,verH)),canonVerH,a_8)),skH2),decl1_9)),DISP_ABANDONED),entry(h(attemptCore(authTuple(issuerId2,fp(pk(skH2)),ssetH,algH,verH),sign((POSS,authTuple(issuerId2,fp(pk(skH2)),ssetH,algH,verH)),skH2),sign((BYTES,framed(OT_ATTEST,algH,issuerId2,fp(pk(skH2)),h(authTuple(issuerId2,fp(pk(skH2)),ssetH,algH,verH)),canonVerH,a_5)),skH2),decl2_7)),DISP_SHIPPED)),TERM_SHIPPED(h(attemptCore(authTuple(issuerId2,fp(pk(skH2)),ssetH,algH,verH),sign((POSS,authTuple(issuerId2,fp(pk(skH2)),ssetH,algH,verH)),skH2),sign((BYTES,framed(OT_ATTEST,algH,issuerId2,fp(pk(skH2)),h(authTuple(issuerId2,fp(pk(skH2)),ssetH,algH,verH)),canonVerH,a_5)),skH2),decl2_7))),declT_8)),skH2) at {107} in copy a_9

in(c, (authTuple(issuerId2,fp(~M_3),ssetH,algH,verH),~M_20,~M_19,~M_3,attemptCore(authTuple(issuerId2,fp(~M_3),ssetH,algH,verH),~M_26,~M_58,~M_105),a_10,withTLR(~M_3,~M_113,anchorProof(h(~M_113))))) with fp(~M_3) = fp(pk(skH2)), ~M_20 = sign((STMT_DIGEST,h(authTuple(issuerId2,fp(pk(skH2)),ssetH,algH,verH))),skD_4), ~M_19 = sign((STMT_DIGEST,h(authTuple(issuerId2,fp(pk(skH2)),ssetH,algH,verH))),skR_4), ~M_3 = pk(skH2), fp(~M_3) = fp(pk(skH2)), ~M_26 = sign((POSS,authTuple(issuerId2,fp(pk(skH2)),ssetH,algH,verH)),skH2), ~M_58 = sign((BYTES,framed(OT_ATTEST,algH,issuerId2,fp(pk(skH2)),h(authTuple(issuerId2,fp(pk(skH2)),ssetH,algH,verH)),canonVerH,a_5)),skH2), ~M_105 = decl2_7, ~M_3 = pk(skH2), ~M_113 = sign((TLR,(lineage2(entry(h(attemptCore(authTuple(issuerId2,fp(pk(skH2)),ssetH,algH,verH),sign((POSS,authTuple(issuerId2,fp(pk(skH2)),ssetH,algH,verH)),skH2),sign((BYTES,framed(OT_ATTEST,algH,issuerId2,fp(pk(skH2)),h(authTuple(issuerId2,fp(pk(skH2)),ssetH,algH,verH)),canonVerH,a_8)),skH2),decl1_9)),DISP_ABANDONED),entry(h(attemptCore(authTuple(issuerId2,fp(pk(skH2)),ssetH,algH,verH),sign((POSS,authTuple(issuerId2,fp(pk(skH2)),ssetH,algH,verH)),skH2),sign((BYTES,framed(OT_ATTEST,algH,issuerId2,fp(pk(skH2)),h(authTuple(issuerId2,fp(pk(skH2)),ssetH,algH,verH)),canonVerH,a_5)),skH2),decl2_7)),DISP_SHIPPED)),TERM_SHIPPED(h(attemptCore(authTuple(issuerId2,fp(pk(skH2)),ssetH,algH,verH),sign((POSS,authTuple(issuerId2,fp(pk(skH2)),ssetH,algH,verH)),skH2),sign((BYTES,framed(OT_ATTEST,algH,issuerId2,fp(pk(skH2)),h(authTuple(issuerId2,fp(pk(skH2)),ssetH,algH,verH)),canonVerH,a_5)),skH2),decl2_7))),declT_8)),skH2), h(~M_113) = h(sign((TLR,(lineage2(entry(h(attemptCore(authTuple(issuerId2,fp(pk(skH2)),ssetH,algH,verH),sign((POSS,authTuple(issuerId2,fp(pk(skH2)),ssetH,algH,verH)),skH2),sign((BYTES,framed(OT_ATTEST,algH,issuerId2,fp(pk(skH2)),h(authTuple(issuerId2,fp(pk(skH2)),ssetH,algH,verH)),canonVerH,a_8)),skH2),decl1_9)),DISP_ABANDONED),entry(h(attemptCore(authTuple(issuerId2,fp(pk(skH2)),ssetH,algH,verH),sign((POSS,authTuple(issuerId2,fp(pk(skH2)),ssetH,algH,verH)),skH2),sign((BYTES,framed(OT_ATTEST,algH,issuerId2,fp(pk(skH2)),h(authTuple(issuerId2,fp(pk(skH2)),ssetH,algH,verH)),canonVerH,a_5)),skH2),decl2_7)),DISP_SHIPPED)),TERM_SHIPPED(h(attemptCore(authTuple(issuerId2,fp(pk(skH2)),ssetH,algH,verH),sign((POSS,authTuple(issuerId2,fp(pk(skH2)),ssetH,algH,verH)),skH2),sign((BYTES,framed(OT_ATTEST,algH,issuerId2,fp(pk(skH2)),h(authTuple(issuerId2,fp(pk(skH2)),ssetH,algH,verH)),canonVerH,a_5)),skH2),decl2_7))),declT_8)),skH2)) at {132} in copy a_11

event Established(pk(skH2),authTuple(issuerId2,fp(pk(skH2)),ssetH,algH,verH),h(attemptCore(authTuple(issuerId2,fp(pk(skH2)),ssetH,algH,verH),sign((POSS,authTuple(issuerId2,fp(pk(skH2)),ssetH,algH,verH)),skH2),sign((BYTES,framed(OT_ATTEST,algH,issuerId2,fp(pk(skH2)),h(authTuple(issuerId2,fp(pk(skH2)),ssetH,algH,verH)),canonVerH,a_5)),skH2),decl2_7))) at {152} in copy a_11

event StandingReport(ESTABLISHED,TERMINAL_DISPOSITION_SHOWN,pk(skH2),authTuple(issuerId2,fp(pk(skH2)),ssetH,algH,verH),h(attemptCore(authTuple(issuerId2,fp(pk(skH2)),ssetH,algH,verH),sign((POSS,authTuple(issuerId2,fp(pk(skH2)),ssetH,algH,verH)),skH2),sign((BYTES,framed(OT_ATTEST,algH,issuerId2,fp(pk(skH2)),h(authTuple(issuerId2,fp(pk(skH2)),ssetH,algH,verH)),canonVerH,a_5)),skH2),decl2_7))) at {153} in copy a_11 (goal)

The event StandingReport(ESTABLISHED,TERMINAL_DISPOSITION_SHOWN,pk(skH2),authTuple(issuerId2,fp(pk(skH2)),ssetH,algH,verH),h(attemptCore(authTuple(issuerId2,fp(pk(skH2)),ssetH,algH,verH),sign((POSS,authTuple(issuerId2,fp(pk(skH2)),ssetH,algH,verH)),skH2),sign((BYTES,framed(OT_ATTEST,algH,issuerId2,fp(pk(skH2)),h(authTuple(issuerId2,fp(pk(skH2)),ssetH,algH,verH)),canonVerH,a_5)),skH2),decl2_7))) is executed at {153} in copy a_11.
A trace has been found.
RESULT not event(StandingReport(ESTABLISHED,TERMINAL_DISPOSITION_SHOWN,k,t_3,a)) is false.
-- Query not event(StandingReport(ABSENT,SUPERSEDED,k,t_3,a)) in process 1.
Translating the process into Horn clauses...
Completing...
200 rules inserted. Base: 167 rules (95 with conclusion selected). Queue: 76 rules.
400 rules inserted. Base: 234 rules (99 with conclusion selected). Queue: 99 rules.
600 rules inserted. Base: 309 rules (109 with conclusion selected). Queue: 107 rules.
800 rules inserted. Base: 368 rules (115 with conclusion selected). Queue: 82 rules.
Starting query not event(StandingReport(ABSENT,SUPERSEDED,k,t_3,a))
goal reachable: attacker(p1_5) && attacker(p2_5) -> event(StandingReport(ABSENT,SUPERSEDED,pk(skH2[]),authTuple(issuerId2[],fp(pk(skH2[])),ssetH[],algH[],verH[]),h(attemptCore(authTuple(issuerId2[],fp(pk(skH2[])),ssetH[],algH[],verH[]),sign((POSS,authTuple(issuerId2[],fp(pk(skH2[])),ssetH[],algH[],verH[])),skH2[]),sign((BYTES,framed(OT_ATTEST,algH[],issuerId2[],fp(pk(skH2[])),h(authTuple(issuerId2[],fp(pk(skH2[])),ssetH[],algH[],verH[])),canonVerH[],p1_5)),skH2[]),decl1_4))))
Abbreviations:
decl1_4 = decl1_2[p2_2 = p2_5,p1_2 = p1_5,!1 = @sid]

Derivation:
Abbreviations:
decl1_4 = decl1_2[p2_2 = p2_5,p1_2 = p1_5,!1 = @sid]
decl2_4 = decl2_2[p2_2 = p2_5,p1_2 = p1_5,!1 = @sid]
declT_5 = declT_2[p2_2 = p2_5,p1_2 = p1_5,!1 = @sid]
decl1_5 = decl1_2[p2_2 = p2_6,p1_2 = p1_6,!1 = @sid_1]
decl1_6 = decl1_2[p2_2 = p2_7,p1_2 = p1_5,!1 = @sid_2]

1. We assume as hypothesis that
attacker(p2_5).

2. We assume as hypothesis that
attacker(p1_5).

3. By 2, the attacker may know p1_5.
By 1, the attacker may know p2_5.
Using the function 2-tuple the attacker may obtain (p1_5,p2_5).
attacker((p1_5,p2_5)).

4. The message (p1_5,p2_5) that the attacker may have by 3 may be received at input {86}.
So the message sign((TLR,(lineage2(entry(h(attemptCore(authTuple(issuerId2[],fp(pk(skH2[])),ssetH[],algH[],verH[]),sign((POSS,authTuple(issuerId2[],fp(pk(skH2[])),ssetH[],algH[],verH[])),skH2[]),sign((BYTES,framed(OT_ATTEST,algH[],issuerId2[],fp(pk(skH2[])),h(authTuple(issuerId2[],fp(pk(skH2[])),ssetH[],algH[],verH[])),canonVerH[],p1_5)),skH2[]),decl1_4)),DISP_ABANDONED),entry(h(attemptCore(authTuple(issuerId2[],fp(pk(skH2[])),ssetH[],algH[],verH[]),sign((POSS,authTuple(issuerId2[],fp(pk(skH2[])),ssetH[],algH[],verH[])),skH2[]),sign((BYTES,framed(OT_ATTEST,algH[],issuerId2[],fp(pk(skH2[])),h(authTuple(issuerId2[],fp(pk(skH2[])),ssetH[],algH[],verH[])),canonVerH[],p2_5)),skH2[]),decl2_4)),DISP_SHIPPED)),TERM_SHIPPED(h(attemptCore(authTuple(issuerId2[],fp(pk(skH2[])),ssetH[],algH[],verH[]),sign((POSS,authTuple(issuerId2[],fp(pk(skH2[])),ssetH[],algH[],verH[])),skH2[]),sign((BYTES,framed(OT_ATTEST,algH[],issuerId2[],fp(pk(skH2[])),h(authTuple(issuerId2[],fp(pk(skH2[])),ssetH[],algH[],verH[])),canonVerH[],p2_5)),skH2[]),decl2_4))),declT_5)),skH2[]) may be sent to the attacker at output {107}.
attacker(sign((TLR,(lineage2(entry(h(attemptCore(authTuple(issuerId2[],fp(pk(skH2[])),ssetH[],algH[],verH[]),sign((POSS,authTuple(issuerId2[],fp(pk(skH2[])),ssetH[],algH[],verH[])),skH2[]),sign((BYTES,framed(OT_ATTEST,algH[],issuerId2[],fp(pk(skH2[])),h(authTuple(issuerId2[],fp(pk(skH2[])),ssetH[],algH[],verH[])),canonVerH[],p1_5)),skH2[]),decl1_4)),DISP_ABANDONED),entry(h(attemptCore(authTuple(issuerId2[],fp(pk(skH2[])),ssetH[],algH[],verH[]),sign((POSS,authTuple(issuerId2[],fp(pk(skH2[])),ssetH[],algH[],verH[])),skH2[]),sign((BYTES,framed(OT_ATTEST,algH[],issuerId2[],fp(pk(skH2[])),h(authTuple(issuerId2[],fp(pk(skH2[])),ssetH[],algH[],verH[])),canonVerH[],p2_5)),skH2[]),decl2_4)),DISP_SHIPPED)),TERM_SHIPPED(h(attemptCore(authTuple(issuerId2[],fp(pk(skH2[])),ssetH[],algH[],verH[]),sign((POSS,authTuple(issuerId2[],fp(pk(skH2[])),ssetH[],algH[],verH[])),skH2[]),sign((BYTES,framed(OT_ATTEST,algH[],issuerId2[],fp(pk(skH2[])),h(authTuple(issuerId2[],fp(pk(skH2[])),ssetH[],algH[],verH[])),canonVerH[],p2_5)),skH2[]),decl2_4))),declT_5)),skH2[])).

5. By 4, the attacker may know sign((TLR,(lineage2(entry(h(attemptCore(authTuple(issuerId2[],fp(pk(skH2[])),ssetH[],algH[],verH[]),sign((POSS,authTuple(issuerId2[],fp(pk(skH2[])),ssetH[],algH[],verH[])),skH2[]),sign((BYTES,framed(OT_ATTEST,algH[],issuerId2[],fp(pk(skH2[])),h(authTuple(issuerId2[],fp(pk(skH2[])),ssetH[],algH[],verH[])),canonVerH[],p1_5)),skH2[]),decl1_4)),DISP_ABANDONED),entry(h(attemptCore(authTuple(issuerId2[],fp(pk(skH2[])),ssetH[],algH[],verH[]),sign((POSS,authTuple(issuerId2[],fp(pk(skH2[])),ssetH[],algH[],verH[])),skH2[]),sign((BYTES,framed(OT_ATTEST,algH[],issuerId2[],fp(pk(skH2[])),h(authTuple(issuerId2[],fp(pk(skH2[])),ssetH[],algH[],verH[])),canonVerH[],p2_5)),skH2[]),decl2_4)),DISP_SHIPPED)),TERM_SHIPPED(h(attemptCore(authTuple(issuerId2[],fp(pk(skH2[])),ssetH[],algH[],verH[]),sign((POSS,authTuple(issuerId2[],fp(pk(skH2[])),ssetH[],algH[],verH[])),skH2[]),sign((BYTES,framed(OT_ATTEST,algH[],issuerId2[],fp(pk(skH2[])),h(authTuple(issuerId2[],fp(pk(skH2[])),ssetH[],algH[],verH[])),canonVerH[],p2_5)),skH2[]),decl2_4))),declT_5)),skH2[]).
Using the function h the attacker may obtain h(sign((TLR,(lineage2(entry(h(attemptCore(authTuple(issuerId2[],fp(pk(skH2[])),ssetH[],algH[],verH[]),sign((POSS,authTuple(issuerId2[],fp(pk(skH2[])),ssetH[],algH[],verH[])),skH2[]),sign((BYTES,framed(OT_ATTEST,algH[],issuerId2[],fp(pk(skH2[])),h(authTuple(issuerId2[],fp(pk(skH2[])),ssetH[],algH[],verH[])),canonVerH[],p1_5)),skH2[]),decl1_4)),DISP_ABANDONED),entry(h(attemptCore(authTuple(issuerId2[],fp(pk(skH2[])),ssetH[],algH[],verH[]),sign((POSS,authTuple(issuerId2[],fp(pk(skH2[])),ssetH[],algH[],verH[])),skH2[]),sign((BYTES,framed(OT_ATTEST,algH[],issuerId2[],fp(pk(skH2[])),h(authTuple(issuerId2[],fp(pk(skH2[])),ssetH[],algH[],verH[])),canonVerH[],p2_5)),skH2[]),decl2_4)),DISP_SHIPPED)),TERM_SHIPPED(h(attemptCore(authTuple(issuerId2[],fp(pk(skH2[])),ssetH[],algH[],verH[]),sign((POSS,authTuple(issuerId2[],fp(pk(skH2[])),ssetH[],algH[],verH[])),skH2[]),sign((BYTES,framed(OT_ATTEST,algH[],issuerId2[],fp(pk(skH2[])),h(authTuple(issuerId2[],fp(pk(skH2[])),ssetH[],algH[],verH[])),canonVerH[],p2_5)),skH2[]),decl2_4))),declT_5)),skH2[])).
attacker(h(sign((TLR,(lineage2(entry(h(attemptCore(authTuple(issuerId2[],fp(pk(skH2[])),ssetH[],algH[],verH[]),sign((POSS,authTuple(issuerId2[],fp(pk(skH2[])),ssetH[],algH[],verH[])),skH2[]),sign((BYTES,framed(OT_ATTEST,algH[],issuerId2[],fp(pk(skH2[])),h(authTuple(issuerId2[],fp(pk(skH2[])),ssetH[],algH[],verH[])),canonVerH[],p1_5)),skH2[]),decl1_4)),DISP_ABANDONED),entry(h(attemptCore(authTuple(issuerId2[],fp(pk(skH2[])),ssetH[],algH[],verH[]),sign((POSS,authTuple(issuerId2[],fp(pk(skH2[])),ssetH[],algH[],verH[])),skH2[]),sign((BYTES,framed(OT_ATTEST,algH[],issuerId2[],fp(pk(skH2[])),h(authTuple(issuerId2[],fp(pk(skH2[])),ssetH[],algH[],verH[])),canonVerH[],p2_5)),skH2[]),decl2_4)),DISP_SHIPPED)),TERM_SHIPPED(h(attemptCore(authTuple(issuerId2[],fp(pk(skH2[])),ssetH[],algH[],verH[]),sign((POSS,authTuple(issuerId2[],fp(pk(skH2[])),ssetH[],algH[],verH[])),skH2[]),sign((BYTES,framed(OT_ATTEST,algH[],issuerId2[],fp(pk(skH2[])),h(authTuple(issuerId2[],fp(pk(skH2[])),ssetH[],algH[],verH[])),canonVerH[],p2_5)),skH2[]),decl2_4))),declT_5)),skH2[]))).

6. By 5, the attacker may know h(sign((TLR,(lineage2(entry(h(attemptCore(authTuple(issuerId2[],fp(pk(skH2[])),ssetH[],algH[],verH[]),sign((POSS,authTuple(issuerId2[],fp(pk(skH2[])),ssetH[],algH[],verH[])),skH2[]),sign((BYTES,framed(OT_ATTEST,algH[],issuerId2[],fp(pk(skH2[])),h(authTuple(issuerId2[],fp(pk(skH2[])),ssetH[],algH[],verH[])),canonVerH[],p1_5)),skH2[]),decl1_4)),DISP_ABANDONED),entry(h(attemptCore(authTuple(issuerId2[],fp(pk(skH2[])),ssetH[],algH[],verH[]),sign((POSS,authTuple(issuerId2[],fp(pk(skH2[])),ssetH[],algH[],verH[])),skH2[]),sign((BYTES,framed(OT_ATTEST,algH[],issuerId2[],fp(pk(skH2[])),h(authTuple(issuerId2[],fp(pk(skH2[])),ssetH[],algH[],verH[])),canonVerH[],p2_5)),skH2[]),decl2_4)),DISP_SHIPPED)),TERM_SHIPPED(h(attemptCore(authTuple(issuerId2[],fp(pk(skH2[])),ssetH[],algH[],verH[]),sign((POSS,authTuple(issuerId2[],fp(pk(skH2[])),ssetH[],algH[],verH[])),skH2[]),sign((BYTES,framed(OT_ATTEST,algH[],issuerId2[],fp(pk(skH2[])),h(authTuple(issuerId2[],fp(pk(skH2[])),ssetH[],algH[],verH[])),canonVerH[],p2_5)),skH2[]),decl2_4))),declT_5)),skH2[])).
Using the function anchorProof the attacker may obtain anchorProof(h(sign((TLR,(lineage2(entry(h(attemptCore(authTuple(issuerId2[],fp(pk(skH2[])),ssetH[],algH[],verH[]),sign((POSS,authTuple(issuerId2[],fp(pk(skH2[])),ssetH[],algH[],verH[])),skH2[]),sign((BYTES,framed(OT_ATTEST,algH[],issuerId2[],fp(pk(skH2[])),h(authTuple(issuerId2[],fp(pk(skH2[])),ssetH[],algH[],verH[])),canonVerH[],p1_5)),skH2[]),decl1_4)),DISP_ABANDONED),entry(h(attemptCore(authTuple(issuerId2[],fp(pk(skH2[])),ssetH[],algH[],verH[]),sign((POSS,authTuple(issuerId2[],fp(pk(skH2[])),ssetH[],algH[],verH[])),skH2[]),sign((BYTES,framed(OT_ATTEST,algH[],issuerId2[],fp(pk(skH2[])),h(authTuple(issuerId2[],fp(pk(skH2[])),ssetH[],algH[],verH[])),canonVerH[],p2_5)),skH2[]),decl2_4)),DISP_SHIPPED)),TERM_SHIPPED(h(attemptCore(authTuple(issuerId2[],fp(pk(skH2[])),ssetH[],algH[],verH[]),sign((POSS,authTuple(issuerId2[],fp(pk(skH2[])),ssetH[],algH[],verH[])),skH2[]),sign((BYTES,framed(OT_ATTEST,algH[],issuerId2[],fp(pk(skH2[])),h(authTuple(issuerId2[],fp(pk(skH2[])),ssetH[],algH[],verH[])),canonVerH[],p2_5)),skH2[]),decl2_4))),declT_5)),skH2[]))).
attacker(anchorProof(h(sign((TLR,(lineage2(entry(h(attemptCore(authTuple(issuerId2[],fp(pk(skH2[])),ssetH[],algH[],verH[]),sign((POSS,authTuple(issuerId2[],fp(pk(skH2[])),ssetH[],algH[],verH[])),skH2[]),sign((BYTES,framed(OT_ATTEST,algH[],issuerId2[],fp(pk(skH2[])),h(authTuple(issuerId2[],fp(pk(skH2[])),ssetH[],algH[],verH[])),canonVerH[],p1_5)),skH2[]),decl1_4)),DISP_ABANDONED),entry(h(attemptCore(authTuple(issuerId2[],fp(pk(skH2[])),ssetH[],algH[],verH[]),sign((POSS,authTuple(issuerId2[],fp(pk(skH2[])),ssetH[],algH[],verH[])),skH2[]),sign((BYTES,framed(OT_ATTEST,algH[],issuerId2[],fp(pk(skH2[])),h(authTuple(issuerId2[],fp(pk(skH2[])),ssetH[],algH[],verH[])),canonVerH[],p2_5)),skH2[]),decl2_4)),DISP_SHIPPED)),TERM_SHIPPED(h(attemptCore(authTuple(issuerId2[],fp(pk(skH2[])),ssetH[],algH[],verH[]),sign((POSS,authTuple(issuerId2[],fp(pk(skH2[])),ssetH[],algH[],verH[])),skH2[]),sign((BYTES,framed(OT_ATTEST,algH[],issuerId2[],fp(pk(skH2[])),h(authTuple(issuerId2[],fp(pk(skH2[])),ssetH[],algH[],verH[])),canonVerH[],p2_5)),skH2[]),decl2_4))),declT_5)),skH2[])))).

7. The message pk(skH2[]) may be sent to the attacker at output {9}.
attacker(pk(skH2[])).

8. By 7, the attacker may know pk(skH2[]).
By 4, the attacker may know sign((TLR,(lineage2(entry(h(attemptCore(authTuple(issuerId2[],fp(pk(skH2[])),ssetH[],algH[],verH[]),sign((POSS,authTuple(issuerId2[],fp(pk(skH2[])),ssetH[],algH[],verH[])),skH2[]),sign((BYTES,framed(OT_ATTEST,algH[],issuerId2[],fp(pk(skH2[])),h(authTuple(issuerId2[],fp(pk(skH2[])),ssetH[],algH[],verH[])),canonVerH[],p1_5)),skH2[]),decl1_4)),DISP_ABANDONED),entry(h(attemptCore(authTuple(issuerId2[],fp(pk(skH2[])),ssetH[],algH[],verH[]),sign((POSS,authTuple(issuerId2[],fp(pk(skH2[])),ssetH[],algH[],verH[])),skH2[]),sign((BYTES,framed(OT_ATTEST,algH[],issuerId2[],fp(pk(skH2[])),h(authTuple(issuerId2[],fp(pk(skH2[])),ssetH[],algH[],verH[])),canonVerH[],p2_5)),skH2[]),decl2_4)),DISP_SHIPPED)),TERM_SHIPPED(h(attemptCore(authTuple(issuerId2[],fp(pk(skH2[])),ssetH[],algH[],verH[]),sign((POSS,authTuple(issuerId2[],fp(pk(skH2[])),ssetH[],algH[],verH[])),skH2[]),sign((BYTES,framed(OT_ATTEST,algH[],issuerId2[],fp(pk(skH2[])),h(authTuple(issuerId2[],fp(pk(skH2[])),ssetH[],algH[],verH[])),canonVerH[],p2_5)),skH2[]),decl2_4))),declT_5)),skH2[]).
By 6, the attacker may know anchorProof(h(sign((TLR,(lineage2(entry(h(attemptCore(authTuple(issuerId2[],fp(pk(skH2[])),ssetH[],algH[],verH[]),sign((POSS,authTuple(issuerId2[],fp(pk(skH2[])),ssetH[],algH[],verH[])),skH2[]),sign((BYTES,framed(OT_ATTEST,algH[],issuerId2[],fp(pk(skH2[])),h(authTuple(issuerId2[],fp(pk(skH2[])),ssetH[],algH[],verH[])),canonVerH[],p1_5)),skH2[]),decl1_4)),DISP_ABANDONED),entry(h(attemptCore(authTuple(issuerId2[],fp(pk(skH2[])),ssetH[],algH[],verH[]),sign((POSS,authTuple(issuerId2[],fp(pk(skH2[])),ssetH[],algH[],verH[])),skH2[]),sign((BYTES,framed(OT_ATTEST,algH[],issuerId2[],fp(pk(skH2[])),h(authTuple(issuerId2[],fp(pk(skH2[])),ssetH[],algH[],verH[])),canonVerH[],p2_5)),skH2[]),decl2_4)),DISP_SHIPPED)),TERM_SHIPPED(h(attemptCore(authTuple(issuerId2[],fp(pk(skH2[])),ssetH[],algH[],verH[]),sign((POSS,authTuple(issuerId2[],fp(pk(skH2[])),ssetH[],algH[],verH[])),skH2[]),sign((BYTES,framed(OT_ATTEST,algH[],issuerId2[],fp(pk(skH2[])),h(authTuple(issuerId2[],fp(pk(skH2[])),ssetH[],algH[],verH[])),canonVerH[],p2_5)),skH2[]),decl2_4))),declT_5)),skH2[]))).
Using the function withTLR the attacker may obtain withTLR(pk(skH2[]),sign((TLR,(lineage2(entry(h(attemptCore(authTuple(issuerId2[],fp(pk(skH2[])),ssetH[],algH[],verH[]),sign((POSS,authTuple(issuerId2[],fp(pk(skH2[])),ssetH[],algH[],verH[])),skH2[]),sign((BYTES,framed(OT_ATTEST,algH[],issuerId2[],fp(pk(skH2[])),h(authTuple(issuerId2[],fp(pk(skH2[])),ssetH[],algH[],verH[])),canonVerH[],p1_5)),skH2[]),decl1_4)),DISP_ABANDONED),entry(h(attemptCore(authTuple(issuerId2[],fp(pk(skH2[])),ssetH[],algH[],verH[]),sign((POSS,authTuple(issuerId2[],fp(pk(skH2[])),ssetH[],algH[],verH[])),skH2[]),sign((BYTES,framed(OT_ATTEST,algH[],issuerId2[],fp(pk(skH2[])),h(authTuple(issuerId2[],fp(pk(skH2[])),ssetH[],algH[],verH[])),canonVerH[],p2_5)),skH2[]),decl2_4)),DISP_SHIPPED)),TERM_SHIPPED(h(attemptCore(authTuple(issuerId2[],fp(pk(skH2[])),ssetH[],algH[],verH[]),sign((POSS,authTuple(issuerId2[],fp(pk(skH2[])),ssetH[],algH[],verH[])),skH2[]),sign((BYTES,framed(OT_ATTEST,algH[],issuerId2[],fp(pk(skH2[])),h(authTuple(issuerId2[],fp(pk(skH2[])),ssetH[],algH[],verH[])),canonVerH[],p2_5)),skH2[]),decl2_4))),declT_5)),skH2[]),anchorProof(h(sign((TLR,(lineage2(entry(h(attemptCore(authTuple(issuerId2[],fp(pk(skH2[])),ssetH[],algH[],verH[]),sign((POSS,authTuple(issuerId2[],fp(pk(skH2[])),ssetH[],algH[],verH[])),skH2[]),sign((BYTES,framed(OT_ATTEST,algH[],issuerId2[],fp(pk(skH2[])),h(authTuple(issuerId2[],fp(pk(skH2[])),ssetH[],algH[],verH[])),canonVerH[],p1_5)),skH2[]),decl1_4)),DISP_ABANDONED),entry(h(attemptCore(authTuple(issuerId2[],fp(pk(skH2[])),ssetH[],algH[],verH[]),sign((POSS,authTuple(issuerId2[],fp(pk(skH2[])),ssetH[],algH[],verH[])),skH2[]),sign((BYTES,framed(OT_ATTEST,algH[],issuerId2[],fp(pk(skH2[])),h(authTuple(issuerId2[],fp(pk(skH2[])),ssetH[],algH[],verH[])),canonVerH[],p2_5)),skH2[]),decl2_4)),DISP_SHIPPED)),TERM_SHIPPED(h(attemptCore(authTuple(issuerId2[],fp(pk(skH2[])),ssetH[],algH[],verH[]),sign((POSS,authTuple(issuerId2[],fp(pk(skH2[])),ssetH[],algH[],verH[])),skH2[]),sign((BYTES,framed(OT_ATTEST,algH[],issuerId2[],fp(pk(skH2[])),h(authTuple(issuerId2[],fp(pk(skH2[])),ssetH[],algH[],verH[])),canonVerH[],p2_5)),skH2[]),decl2_4))),declT_5)),skH2[])))).
attacker(withTLR(pk(skH2[]),sign((TLR,(lineage2(entry(h(attemptCore(authTuple(issuerId2[],fp(pk(skH2[])),ssetH[],algH[],verH[]),sign((POSS,authTuple(issuerId2[],fp(pk(skH2[])),ssetH[],algH[],verH[])),skH2[]),sign((BYTES,framed(OT_ATTEST,algH[],issuerId2[],fp(pk(skH2[])),h(authTuple(issuerId2[],fp(pk(skH2[])),ssetH[],algH[],verH[])),canonVerH[],p1_5)),skH2[]),decl1_4)),DISP_ABANDONED),entry(h(attemptCore(authTuple(issuerId2[],fp(pk(skH2[])),ssetH[],algH[],verH[]),sign((POSS,authTuple(issuerId2[],fp(pk(skH2[])),ssetH[],algH[],verH[])),skH2[]),sign((BYTES,framed(OT_ATTEST,algH[],issuerId2[],fp(pk(skH2[])),h(authTuple(issuerId2[],fp(pk(skH2[])),ssetH[],algH[],verH[])),canonVerH[],p2_5)),skH2[]),decl2_4)),DISP_SHIPPED)),TERM_SHIPPED(h(attemptCore(authTuple(issuerId2[],fp(pk(skH2[])),ssetH[],algH[],verH[]),sign((POSS,authTuple(issuerId2[],fp(pk(skH2[])),ssetH[],algH[],verH[])),skH2[]),sign((BYTES,framed(OT_ATTEST,algH[],issuerId2[],fp(pk(skH2[])),h(authTuple(issuerId2[],fp(pk(skH2[])),ssetH[],algH[],verH[])),canonVerH[],p2_5)),skH2[]),decl2_4))),declT_5)),skH2[]),anchorProof(h(sign((TLR,(lineage2(entry(h(attemptCore(authTuple(issuerId2[],fp(pk(skH2[])),ssetH[],algH[],verH[]),sign((POSS,authTuple(issuerId2[],fp(pk(skH2[])),ssetH[],algH[],verH[])),skH2[]),sign((BYTES,framed(OT_ATTEST,algH[],issuerId2[],fp(pk(skH2[])),h(authTuple(issuerId2[],fp(pk(skH2[])),ssetH[],algH[],verH[])),canonVerH[],p1_5)),skH2[]),decl1_4)),DISP_ABANDONED),entry(h(attemptCore(authTuple(issuerId2[],fp(pk(skH2[])),ssetH[],algH[],verH[]),sign((POSS,authTuple(issuerId2[],fp(pk(skH2[])),ssetH[],algH[],verH[])),skH2[]),sign((BYTES,framed(OT_ATTEST,algH[],issuerId2[],fp(pk(skH2[])),h(authTuple(issuerId2[],fp(pk(skH2[])),ssetH[],algH[],verH[])),canonVerH[],p2_5)),skH2[]),decl2_4)),DISP_SHIPPED)),TERM_SHIPPED(h(attemptCore(authTuple(issuerId2[],fp(pk(skH2[])),ssetH[],algH[],verH[]),sign((POSS,authTuple(issuerId2[],fp(pk(skH2[])),ssetH[],algH[],verH[])),skH2[]),sign((BYTES,framed(OT_ATTEST,algH[],issuerId2[],fp(pk(skH2[])),h(authTuple(issuerId2[],fp(pk(skH2[])),ssetH[],algH[],verH[])),canonVerH[],p2_5)),skH2[]),decl2_4))),declT_5)),skH2[]))))).

9. The attacker has some term fb_2.
attacker(fb_2).

10. The message (p1_5,p2_5) that the attacker may have by 3 may be received at input {86}.
So the message (attemptCore(authTuple(issuerId2[],fp(pk(skH2[])),ssetH[],algH[],verH[]),sign((POSS,authTuple(issuerId2[],fp(pk(skH2[])),ssetH[],algH[],verH[])),skH2[]),sign((BYTES,framed(OT_ATTEST,algH[],issuerId2[],fp(pk(skH2[])),h(authTuple(issuerId2[],fp(pk(skH2[])),ssetH[],algH[],verH[])),canonVerH[],p1_5)),skH2[]),decl1_4),framed(OT_ATTEST,algH[],issuerId2[],fp(pk(skH2[])),h(authTuple(issuerId2[],fp(pk(skH2[])),ssetH[],algH[],verH[])),canonVerH[],p1_5)) may be sent to the attacker at output {96}.
attacker((attemptCore(authTuple(issuerId2[],fp(pk(skH2[])),ssetH[],algH[],verH[]),sign((POSS,authTuple(issuerId2[],fp(pk(skH2[])),ssetH[],algH[],verH[])),skH2[]),sign((BYTES,framed(OT_ATTEST,algH[],issuerId2[],fp(pk(skH2[])),h(authTuple(issuerId2[],fp(pk(skH2[])),ssetH[],algH[],verH[])),canonVerH[],p1_5)),skH2[]),decl1_4),framed(OT_ATTEST,algH[],issuerId2[],fp(pk(skH2[])),h(authTuple(issuerId2[],fp(pk(skH2[])),ssetH[],algH[],verH[])),canonVerH[],p1_5))).

11. By 10, the attacker may know (attemptCore(authTuple(issuerId2[],fp(pk(skH2[])),ssetH[],algH[],verH[]),sign((POSS,authTuple(issuerId2[],fp(pk(skH2[])),ssetH[],algH[],verH[])),skH2[]),sign((BYTES,framed(OT_ATTEST,algH[],issuerId2[],fp(pk(skH2[])),h(authTuple(issuerId2[],fp(pk(skH2[])),ssetH[],algH[],verH[])),canonVerH[],p1_5)),skH2[]),decl1_4),framed(OT_ATTEST,algH[],issuerId2[],fp(pk(skH2[])),h(authTuple(issuerId2[],fp(pk(skH2[])),ssetH[],algH[],verH[])),canonVerH[],p1_5)).
Using the function 1-proj-2-tuple the attacker may obtain attemptCore(authTuple(issuerId2[],fp(pk(skH2[])),ssetH[],algH[],verH[]),sign((POSS,authTuple(issuerId2[],fp(pk(skH2[])),ssetH[],algH[],verH[])),skH2[]),sign((BYTES,framed(OT_ATTEST,algH[],issuerId2[],fp(pk(skH2[])),h(authTuple(issuerId2[],fp(pk(skH2[])),ssetH[],algH[],verH[])),canonVerH[],p1_5)),skH2[]),decl1_4).
attacker(attemptCore(authTuple(issuerId2[],fp(pk(skH2[])),ssetH[],algH[],verH[]),sign((POSS,authTuple(issuerId2[],fp(pk(skH2[])),ssetH[],algH[],verH[])),skH2[]),sign((BYTES,framed(OT_ATTEST,algH[],issuerId2[],fp(pk(skH2[])),h(authTuple(issuerId2[],fp(pk(skH2[])),ssetH[],algH[],verH[])),canonVerH[],p1_5)),skH2[]),decl1_4)).

12. By 11, the attacker may know attemptCore(authTuple(issuerId2[],fp(pk(skH2[])),ssetH[],algH[],verH[]),sign((POSS,authTuple(issuerId2[],fp(pk(skH2[])),ssetH[],algH[],verH[])),skH2[]),sign((BYTES,framed(OT_ATTEST,algH[],issuerId2[],fp(pk(skH2[])),h(authTuple(issuerId2[],fp(pk(skH2[])),ssetH[],algH[],verH[])),canonVerH[],p1_5)),skH2[]),decl1_4).
Using the function 4-proj-attemptCore the attacker may obtain decl1_4.
attacker(decl1_4).

13. The attacker has some term p2_7.
attacker(p2_7).

14. By 2, the attacker may know p1_5.
By 13, the attacker may know p2_7.
Using the function 2-tuple the attacker may obtain (p1_5,p2_7).
attacker((p1_5,p2_7)).

15. The message (p1_5,p2_7) that the attacker may have by 14 may be received at input {86}.
So the message (attemptCore(authTuple(issuerId2[],fp(pk(skH2[])),ssetH[],algH[],verH[]),sign((POSS,authTuple(issuerId2[],fp(pk(skH2[])),ssetH[],algH[],verH[])),skH2[]),sign((BYTES,framed(OT_ATTEST,algH[],issuerId2[],fp(pk(skH2[])),h(authTuple(issuerId2[],fp(pk(skH2[])),ssetH[],algH[],verH[])),canonVerH[],p1_5)),skH2[]),decl1_6),framed(OT_ATTEST,algH[],issuerId2[],fp(pk(skH2[])),h(authTuple(issuerId2[],fp(pk(skH2[])),ssetH[],algH[],verH[])),canonVerH[],p1_5)) may be sent to the attacker at output {96}.
attacker((attemptCore(authTuple(issuerId2[],fp(pk(skH2[])),ssetH[],algH[],verH[]),sign((POSS,authTuple(issuerId2[],fp(pk(skH2[])),ssetH[],algH[],verH[])),skH2[]),sign((BYTES,framed(OT_ATTEST,algH[],issuerId2[],fp(pk(skH2[])),h(authTuple(issuerId2[],fp(pk(skH2[])),ssetH[],algH[],verH[])),canonVerH[],p1_5)),skH2[]),decl1_6),framed(OT_ATTEST,algH[],issuerId2[],fp(pk(skH2[])),h(authTuple(issuerId2[],fp(pk(skH2[])),ssetH[],algH[],verH[])),canonVerH[],p1_5))).

16. By 15, the attacker may know (attemptCore(authTuple(issuerId2[],fp(pk(skH2[])),ssetH[],algH[],verH[]),sign((POSS,authTuple(issuerId2[],fp(pk(skH2[])),ssetH[],algH[],verH[])),skH2[]),sign((BYTES,framed(OT_ATTEST,algH[],issuerId2[],fp(pk(skH2[])),h(authTuple(issuerId2[],fp(pk(skH2[])),ssetH[],algH[],verH[])),canonVerH[],p1_5)),skH2[]),decl1_6),framed(OT_ATTEST,algH[],issuerId2[],fp(pk(skH2[])),h(authTuple(issuerId2[],fp(pk(skH2[])),ssetH[],algH[],verH[])),canonVerH[],p1_5)).
Using the function 1-proj-2-tuple the attacker may obtain attemptCore(authTuple(issuerId2[],fp(pk(skH2[])),ssetH[],algH[],verH[]),sign((POSS,authTuple(issuerId2[],fp(pk(skH2[])),ssetH[],algH[],verH[])),skH2[]),sign((BYTES,framed(OT_ATTEST,algH[],issuerId2[],fp(pk(skH2[])),h(authTuple(issuerId2[],fp(pk(skH2[])),ssetH[],algH[],verH[])),canonVerH[],p1_5)),skH2[]),decl1_6).
attacker(attemptCore(authTuple(issuerId2[],fp(pk(skH2[])),ssetH[],algH[],verH[]),sign((POSS,authTuple(issuerId2[],fp(pk(skH2[])),ssetH[],algH[],verH[])),skH2[]),sign((BYTES,framed(OT_ATTEST,algH[],issuerId2[],fp(pk(skH2[])),h(authTuple(issuerId2[],fp(pk(skH2[])),ssetH[],algH[],verH[])),canonVerH[],p1_5)),skH2[]),decl1_6)).

17. By 16, the attacker may know attemptCore(authTuple(issuerId2[],fp(pk(skH2[])),ssetH[],algH[],verH[]),sign((POSS,authTuple(issuerId2[],fp(pk(skH2[])),ssetH[],algH[],verH[])),skH2[]),sign((BYTES,framed(OT_ATTEST,algH[],issuerId2[],fp(pk(skH2[])),h(authTuple(issuerId2[],fp(pk(skH2[])),ssetH[],algH[],verH[])),canonVerH[],p1_5)),skH2[]),decl1_6).
Using the function 3-proj-attemptCore the attacker may obtain sign((BYTES,framed(OT_ATTEST,algH[],issuerId2[],fp(pk(skH2[])),h(authTuple(issuerId2[],fp(pk(skH2[])),ssetH[],algH[],verH[])),canonVerH[],p1_5)),skH2[]).
attacker(sign((BYTES,framed(OT_ATTEST,algH[],issuerId2[],fp(pk(skH2[])),h(authTuple(issuerId2[],fp(pk(skH2[])),ssetH[],algH[],verH[])),canonVerH[],p1_5)),skH2[])).

18. The attacker has some term p2_6.
attacker(p2_6).

19. The attacker has some term p1_6.
attacker(p1_6).

20. By 19, the attacker may know p1_6.
By 18, the attacker may know p2_6.
Using the function 2-tuple the attacker may obtain (p1_6,p2_6).
attacker((p1_6,p2_6)).

21. The message (p1_6,p2_6) that the attacker may have by 20 may be received at input {86}.
So the message (attemptCore(authTuple(issuerId2[],fp(pk(skH2[])),ssetH[],algH[],verH[]),sign((POSS,authTuple(issuerId2[],fp(pk(skH2[])),ssetH[],algH[],verH[])),skH2[]),sign((BYTES,framed(OT_ATTEST,algH[],issuerId2[],fp(pk(skH2[])),h(authTuple(issuerId2[],fp(pk(skH2[])),ssetH[],algH[],verH[])),canonVerH[],p1_6)),skH2[]),decl1_5),framed(OT_ATTEST,algH[],issuerId2[],fp(pk(skH2[])),h(authTuple(issuerId2[],fp(pk(skH2[])),ssetH[],algH[],verH[])),canonVerH[],p1_6)) may be sent to the attacker at output {96}.
attacker((attemptCore(authTuple(issuerId2[],fp(pk(skH2[])),ssetH[],algH[],verH[]),sign((POSS,authTuple(issuerId2[],fp(pk(skH2[])),ssetH[],algH[],verH[])),skH2[]),sign((BYTES,framed(OT_ATTEST,algH[],issuerId2[],fp(pk(skH2[])),h(authTuple(issuerId2[],fp(pk(skH2[])),ssetH[],algH[],verH[])),canonVerH[],p1_6)),skH2[]),decl1_5),framed(OT_ATTEST,algH[],issuerId2[],fp(pk(skH2[])),h(authTuple(issuerId2[],fp(pk(skH2[])),ssetH[],algH[],verH[])),canonVerH[],p1_6))).

22. By 21, the attacker may know (attemptCore(authTuple(issuerId2[],fp(pk(skH2[])),ssetH[],algH[],verH[]),sign((POSS,authTuple(issuerId2[],fp(pk(skH2[])),ssetH[],algH[],verH[])),skH2[]),sign((BYTES,framed(OT_ATTEST,algH[],issuerId2[],fp(pk(skH2[])),h(authTuple(issuerId2[],fp(pk(skH2[])),ssetH[],algH[],verH[])),canonVerH[],p1_6)),skH2[]),decl1_5),framed(OT_ATTEST,algH[],issuerId2[],fp(pk(skH2[])),h(authTuple(issuerId2[],fp(pk(skH2[])),ssetH[],algH[],verH[])),canonVerH[],p1_6)).
Using the function 1-proj-2-tuple the attacker may obtain attemptCore(authTuple(issuerId2[],fp(pk(skH2[])),ssetH[],algH[],verH[]),sign((POSS,authTuple(issuerId2[],fp(pk(skH2[])),ssetH[],algH[],verH[])),skH2[]),sign((BYTES,framed(OT_ATTEST,algH[],issuerId2[],fp(pk(skH2[])),h(authTuple(issuerId2[],fp(pk(skH2[])),ssetH[],algH[],verH[])),canonVerH[],p1_6)),skH2[]),decl1_5).
attacker(attemptCore(authTuple(issuerId2[],fp(pk(skH2[])),ssetH[],algH[],verH[]),sign((POSS,authTuple(issuerId2[],fp(pk(skH2[])),ssetH[],algH[],verH[])),skH2[]),sign((BYTES,framed(OT_ATTEST,algH[],issuerId2[],fp(pk(skH2[])),h(authTuple(issuerId2[],fp(pk(skH2[])),ssetH[],algH[],verH[])),canonVerH[],p1_6)),skH2[]),decl1_5)).

23. By 22, the attacker may know attemptCore(authTuple(issuerId2[],fp(pk(skH2[])),ssetH[],algH[],verH[]),sign((POSS,authTuple(issuerId2[],fp(pk(skH2[])),ssetH[],algH[],verH[])),skH2[]),sign((BYTES,framed(OT_ATTEST,algH[],issuerId2[],fp(pk(skH2[])),h(authTuple(issuerId2[],fp(pk(skH2[])),ssetH[],algH[],verH[])),canonVerH[],p1_6)),skH2[]),decl1_5).
Using the function 2-proj-attemptCore the attacker may obtain sign((POSS,authTuple(issuerId2[],fp(pk(skH2[])),ssetH[],algH[],verH[])),skH2[]).
attacker(sign((POSS,authTuple(issuerId2[],fp(pk(skH2[])),ssetH[],algH[],verH[])),skH2[])).

24. The attacker initially knows verH[].
attacker(verH[]).

25. The attacker initially knows algH[].
attacker(algH[]).

26. The attacker initially knows ssetH[].
attacker(ssetH[]).

27. By 7, the attacker may know pk(skH2[]).
Using the function fp the attacker may obtain fp(pk(skH2[])).
attacker(fp(pk(skH2[]))).

28. The attacker initially knows issuerId2[].
attacker(issuerId2[]).

29. By 28, the attacker may know issuerId2[].
By 27, the attacker may know fp(pk(skH2[])).
By 26, the attacker may know ssetH[].
By 25, the attacker may know algH[].
By 24, the attacker may know verH[].
Using the function authTuple the attacker may obtain authTuple(issuerId2[],fp(pk(skH2[])),ssetH[],algH[],verH[]).
attacker(authTuple(issuerId2[],fp(pk(skH2[])),ssetH[],algH[],verH[])).

30. By 29, the attacker may know authTuple(issuerId2[],fp(pk(skH2[])),ssetH[],algH[],verH[]).
By 23, the attacker may know sign((POSS,authTuple(issuerId2[],fp(pk(skH2[])),ssetH[],algH[],verH[])),skH2[]).
By 17, the attacker may know sign((BYTES,framed(OT_ATTEST,algH[],issuerId2[],fp(pk(skH2[])),h(authTuple(issuerId2[],fp(pk(skH2[])),ssetH[],algH[],verH[])),canonVerH[],p1_5)),skH2[]).
By 12, the attacker may know decl1_4.
Using the function attemptCore the attacker may obtain attemptCore(authTuple(issuerId2[],fp(pk(skH2[])),ssetH[],algH[],verH[]),sign((POSS,authTuple(issuerId2[],fp(pk(skH2[])),ssetH[],algH[],verH[])),skH2[]),sign((BYTES,framed(OT_ATTEST,algH[],issuerId2[],fp(pk(skH2[])),h(authTuple(issuerId2[],fp(pk(skH2[])),ssetH[],algH[],verH[])),canonVerH[],p1_5)),skH2[]),decl1_4).
attacker(attemptCore(authTuple(issuerId2[],fp(pk(skH2[])),ssetH[],algH[],verH[]),sign((POSS,authTuple(issuerId2[],fp(pk(skH2[])),ssetH[],algH[],verH[])),skH2[]),sign((BYTES,framed(OT_ATTEST,algH[],issuerId2[],fp(pk(skH2[])),h(authTuple(issuerId2[],fp(pk(skH2[])),ssetH[],algH[],verH[])),canonVerH[],p1_5)),skH2[]),decl1_4)).

31. The message sign((STMT_DIGEST,h(authTuple(issuerId2[],fp(pk(skH2[])),ssetH[],algH[],verH[]))),skR[]) may be sent to the attacker at output {32}.
attacker(sign((STMT_DIGEST,h(authTuple(issuerId2[],fp(pk(skH2[])),ssetH[],algH[],verH[]))),skR[])).

32. The message sign((STMT_DIGEST,h(authTuple(issuerId2[],fp(pk(skH2[])),ssetH[],algH[],verH[]))),skD[]) may be sent to the attacker at output {20}.
attacker(sign((STMT_DIGEST,h(authTuple(issuerId2[],fp(pk(skH2[])),ssetH[],algH[],verH[]))),skD[])).

33. By 29, the attacker may know authTuple(issuerId2[],fp(pk(skH2[])),ssetH[],algH[],verH[]).
By 32, the attacker may know sign((STMT_DIGEST,h(authTuple(issuerId2[],fp(pk(skH2[])),ssetH[],algH[],verH[]))),skD[]).
By 31, the attacker may know sign((STMT_DIGEST,h(authTuple(issuerId2[],fp(pk(skH2[])),ssetH[],algH[],verH[]))),skR[]).
By 7, the attacker may know pk(skH2[]).
By 30, the attacker may know attemptCore(authTuple(issuerId2[],fp(pk(skH2[])),ssetH[],algH[],verH[]),sign((POSS,authTuple(issuerId2[],fp(pk(skH2[])),ssetH[],algH[],verH[])),skH2[]),sign((BYTES,framed(OT_ATTEST,algH[],issuerId2[],fp(pk(skH2[])),h(authTuple(issuerId2[],fp(pk(skH2[])),ssetH[],algH[],verH[])),canonVerH[],p1_5)),skH2[]),decl1_4).
By 9, the attacker may know fb_2.
By 8, the attacker may know withTLR(pk(skH2[]),sign((TLR,(lineage2(entry(h(attemptCore(authTuple(issuerId2[],fp(pk(skH2[])),ssetH[],algH[],verH[]),sign((POSS,authTuple(issuerId2[],fp(pk(skH2[])),ssetH[],algH[],verH[])),skH2[]),sign((BYTES,framed(OT_ATTEST,algH[],issuerId2[],fp(pk(skH2[])),h(authTuple(issuerId2[],fp(pk(skH2[])),ssetH[],algH[],verH[])),canonVerH[],p1_5)),skH2[]),decl1_4)),DISP_ABANDONED),entry(h(attemptCore(authTuple(issuerId2[],fp(pk(skH2[])),ssetH[],algH[],verH[]),sign((POSS,authTuple(issuerId2[],fp(pk(skH2[])),ssetH[],algH[],verH[])),skH2[]),sign((BYTES,framed(OT_ATTEST,algH[],issuerId2[],fp(pk(skH2[])),h(authTuple(issuerId2[],fp(pk(skH2[])),ssetH[],algH[],verH[])),canonVerH[],p2_5)),skH2[]),decl2_4)),DISP_SHIPPED)),TERM_SHIPPED(h(attemptCore(authTuple(issuerId2[],fp(pk(skH2[])),ssetH[],algH[],verH[]),sign((POSS,authTuple(issuerId2[],fp(pk(skH2[])),ssetH[],algH[],verH[])),skH2[]),sign((BYTES,framed(OT_ATTEST,algH[],issuerId2[],fp(pk(skH2[])),h(authTuple(issuerId2[],fp(pk(skH2[])),ssetH[],algH[],verH[])),canonVerH[],p2_5)),skH2[]),decl2_4))),declT_5)),skH2[]),anchorProof(h(sign((TLR,(lineage2(entry(h(attemptCore(authTuple(issuerId2[],fp(pk(skH2[])),ssetH[],algH[],verH[]),sign((POSS,authTuple(issuerId2[],fp(pk(skH2[])),ssetH[],algH[],verH[])),skH2[]),sign((BYTES,framed(OT_ATTEST,algH[],issuerId2[],fp(pk(skH2[])),h(authTuple(issuerId2[],fp(pk(skH2[])),ssetH[],algH[],verH[])),canonVerH[],p1_5)),skH2[]),decl1_4)),DISP_ABANDONED),entry(h(attemptCore(authTuple(issuerId2[],fp(pk(skH2[])),ssetH[],algH[],verH[]),sign((POSS,authTuple(issuerId2[],fp(pk(skH2[])),ssetH[],algH[],verH[])),skH2[]),sign((BYTES,framed(OT_ATTEST,algH[],issuerId2[],fp(pk(skH2[])),h(authTuple(issuerId2[],fp(pk(skH2[])),ssetH[],algH[],verH[])),canonVerH[],p2_5)),skH2[]),decl2_4)),DISP_SHIPPED)),TERM_SHIPPED(h(attemptCore(authTuple(issuerId2[],fp(pk(skH2[])),ssetH[],algH[],verH[]),sign((POSS,authTuple(issuerId2[],fp(pk(skH2[])),ssetH[],algH[],verH[])),skH2[]),sign((BYTES,framed(OT_ATTEST,algH[],issuerId2[],fp(pk(skH2[])),h(authTuple(issuerId2[],fp(pk(skH2[])),ssetH[],algH[],verH[])),canonVerH[],p2_5)),skH2[]),decl2_4))),declT_5)),skH2[])))).
Using the function 7-tuple the attacker may obtain (authTuple(issuerId2[],fp(pk(skH2[])),ssetH[],algH[],verH[]),sign((STMT_DIGEST,h(authTuple(issuerId2[],fp(pk(skH2[])),ssetH[],algH[],verH[]))),skD[]),sign((STMT_DIGEST,h(authTuple(issuerId2[],fp(pk(skH2[])),ssetH[],algH[],verH[]))),skR[]),pk(skH2[]),attemptCore(authTuple(issuerId2[],fp(pk(skH2[])),ssetH[],algH[],verH[]),sign((POSS,authTuple(issuerId2[],fp(pk(skH2[])),ssetH[],algH[],verH[])),skH2[]),sign((BYTES,framed(OT_ATTEST,algH[],issuerId2[],fp(pk(skH2[])),h(authTuple(issuerId2[],fp(pk(skH2[])),ssetH[],algH[],verH[])),canonVerH[],p1_5)),skH2[]),decl1_4),fb_2,withTLR(pk(skH2[]),sign((TLR,(lineage2(entry(h(attemptCore(authTuple(issuerId2[],fp(pk(skH2[])),ssetH[],algH[],verH[]),sign((POSS,authTuple(issuerId2[],fp(pk(skH2[])),ssetH[],algH[],verH[])),skH2[]),sign((BYTES,framed(OT_ATTEST,algH[],issuerId2[],fp(pk(skH2[])),h(authTuple(issuerId2[],fp(pk(skH2[])),ssetH[],algH[],verH[])),canonVerH[],p1_5)),skH2[]),decl1_4)),DISP_ABANDONED),entry(h(attemptCore(authTuple(issuerId2[],fp(pk(skH2[])),ssetH[],algH[],verH[]),sign((POSS,authTuple(issuerId2[],fp(pk(skH2[])),ssetH[],algH[],verH[])),skH2[]),sign((BYTES,framed(OT_ATTEST,algH[],issuerId2[],fp(pk(skH2[])),h(authTuple(issuerId2[],fp(pk(skH2[])),ssetH[],algH[],verH[])),canonVerH[],p2_5)),skH2[]),decl2_4)),DISP_SHIPPED)),TERM_SHIPPED(h(attemptCore(authTuple(issuerId2[],fp(pk(skH2[])),ssetH[],algH[],verH[]),sign((POSS,authTuple(issuerId2[],fp(pk(skH2[])),ssetH[],algH[],verH[])),skH2[]),sign((BYTES,framed(OT_ATTEST,algH[],issuerId2[],fp(pk(skH2[])),h(authTuple(issuerId2[],fp(pk(skH2[])),ssetH[],algH[],verH[])),canonVerH[],p2_5)),skH2[]),decl2_4))),declT_5)),skH2[]),anchorProof(h(sign((TLR,(lineage2(entry(h(attemptCore(authTuple(issuerId2[],fp(pk(skH2[])),ssetH[],algH[],verH[]),sign((POSS,authTuple(issuerId2[],fp(pk(skH2[])),ssetH[],algH[],verH[])),skH2[]),sign((BYTES,framed(OT_ATTEST,algH[],issuerId2[],fp(pk(skH2[])),h(authTuple(issuerId2[],fp(pk(skH2[])),ssetH[],algH[],verH[])),canonVerH[],p1_5)),skH2[]),decl1_4)),DISP_ABANDONED),entry(h(attemptCore(authTuple(issuerId2[],fp(pk(skH2[])),ssetH[],algH[],verH[]),sign((POSS,authTuple(issuerId2[],fp(pk(skH2[])),ssetH[],algH[],verH[])),skH2[]),sign((BYTES,framed(OT_ATTEST,algH[],issuerId2[],fp(pk(skH2[])),h(authTuple(issuerId2[],fp(pk(skH2[])),ssetH[],algH[],verH[])),canonVerH[],p2_5)),skH2[]),decl2_4)),DISP_SHIPPED)),TERM_SHIPPED(h(attemptCore(authTuple(issuerId2[],fp(pk(skH2[])),ssetH[],algH[],verH[]),sign((POSS,authTuple(issuerId2[],fp(pk(skH2[])),ssetH[],algH[],verH[])),skH2[]),sign((BYTES,framed(OT_ATTEST,algH[],issuerId2[],fp(pk(skH2[])),h(authTuple(issuerId2[],fp(pk(skH2[])),ssetH[],algH[],verH[])),canonVerH[],p2_5)),skH2[]),decl2_4))),declT_5)),skH2[]))))).
attacker((authTuple(issuerId2[],fp(pk(skH2[])),ssetH[],algH[],verH[]),sign((STMT_DIGEST,h(authTuple(issuerId2[],fp(pk(skH2[])),ssetH[],algH[],verH[]))),skD[]),sign((STMT_DIGEST,h(authTuple(issuerId2[],fp(pk(skH2[])),ssetH[],algH[],verH[]))),skR[]),pk(skH2[]),attemptCore(authTuple(issuerId2[],fp(pk(skH2[])),ssetH[],algH[],verH[]),sign((POSS,authTuple(issuerId2[],fp(pk(skH2[])),ssetH[],algH[],verH[])),skH2[]),sign((BYTES,framed(OT_ATTEST,algH[],issuerId2[],fp(pk(skH2[])),h(authTuple(issuerId2[],fp(pk(skH2[])),ssetH[],algH[],verH[])),canonVerH[],p1_5)),skH2[]),decl1_4),fb_2,withTLR(pk(skH2[]),sign((TLR,(lineage2(entry(h(attemptCore(authTuple(issuerId2[],fp(pk(skH2[])),ssetH[],algH[],verH[]),sign((POSS,authTuple(issuerId2[],fp(pk(skH2[])),ssetH[],algH[],verH[])),skH2[]),sign((BYTES,framed(OT_ATTEST,algH[],issuerId2[],fp(pk(skH2[])),h(authTuple(issuerId2[],fp(pk(skH2[])),ssetH[],algH[],verH[])),canonVerH[],p1_5)),skH2[]),decl1_4)),DISP_ABANDONED),entry(h(attemptCore(authTuple(issuerId2[],fp(pk(skH2[])),ssetH[],algH[],verH[]),sign((POSS,authTuple(issuerId2[],fp(pk(skH2[])),ssetH[],algH[],verH[])),skH2[]),sign((BYTES,framed(OT_ATTEST,algH[],issuerId2[],fp(pk(skH2[])),h(authTuple(issuerId2[],fp(pk(skH2[])),ssetH[],algH[],verH[])),canonVerH[],p2_5)),skH2[]),decl2_4)),DISP_SHIPPED)),TERM_SHIPPED(h(attemptCore(authTuple(issuerId2[],fp(pk(skH2[])),ssetH[],algH[],verH[]),sign((POSS,authTuple(issuerId2[],fp(pk(skH2[])),ssetH[],algH[],verH[])),skH2[]),sign((BYTES,framed(OT_ATTEST,algH[],issuerId2[],fp(pk(skH2[])),h(authTuple(issuerId2[],fp(pk(skH2[])),ssetH[],algH[],verH[])),canonVerH[],p2_5)),skH2[]),decl2_4))),declT_5)),skH2[]),anchorProof(h(sign((TLR,(lineage2(entry(h(attemptCore(authTuple(issuerId2[],fp(pk(skH2[])),ssetH[],algH[],verH[]),sign((POSS,authTuple(issuerId2[],fp(pk(skH2[])),ssetH[],algH[],verH[])),skH2[]),sign((BYTES,framed(OT_ATTEST,algH[],issuerId2[],fp(pk(skH2[])),h(authTuple(issuerId2[],fp(pk(skH2[])),ssetH[],algH[],verH[])),canonVerH[],p1_5)),skH2[]),decl1_4)),DISP_ABANDONED),entry(h(attemptCore(authTuple(issuerId2[],fp(pk(skH2[])),ssetH[],algH[],verH[]),sign((POSS,authTuple(issuerId2[],fp(pk(skH2[])),ssetH[],algH[],verH[])),skH2[]),sign((BYTES,framed(OT_ATTEST,algH[],issuerId2[],fp(pk(skH2[])),h(authTuple(issuerId2[],fp(pk(skH2[])),ssetH[],algH[],verH[])),canonVerH[],p2_5)),skH2[]),decl2_4)),DISP_SHIPPED)),TERM_SHIPPED(h(attemptCore(authTuple(issuerId2[],fp(pk(skH2[])),ssetH[],algH[],verH[]),sign((POSS,authTuple(issuerId2[],fp(pk(skH2[])),ssetH[],algH[],verH[])),skH2[]),sign((BYTES,framed(OT_ATTEST,algH[],issuerId2[],fp(pk(skH2[])),h(authTuple(issuerId2[],fp(pk(skH2[])),ssetH[],algH[],verH[])),canonVerH[],p2_5)),skH2[]),decl2_4))),declT_5)),skH2[])))))).

34. The message (authTuple(issuerId2[],fp(pk(skH2[])),ssetH[],algH[],verH[]),sign((STMT_DIGEST,h(authTuple(issuerId2[],fp(pk(skH2[])),ssetH[],algH[],verH[]))),skD[]),sign((STMT_DIGEST,h(authTuple(issuerId2[],fp(pk(skH2[])),ssetH[],algH[],verH[]))),skR[]),pk(skH2[]),attemptCore(authTuple(issuerId2[],fp(pk(skH2[])),ssetH[],algH[],verH[]),sign((POSS,authTuple(issuerId2[],fp(pk(skH2[])),ssetH[],algH[],verH[])),skH2[]),sign((BYTES,framed(OT_ATTEST,algH[],issuerId2[],fp(pk(skH2[])),h(authTuple(issuerId2[],fp(pk(skH2[])),ssetH[],algH[],verH[])),canonVerH[],p1_5)),skH2[]),decl1_4),fb_2,withTLR(pk(skH2[]),sign((TLR,(lineage2(entry(h(attemptCore(authTuple(issuerId2[],fp(pk(skH2[])),ssetH[],algH[],verH[]),sign((POSS,authTuple(issuerId2[],fp(pk(skH2[])),ssetH[],algH[],verH[])),skH2[]),sign((BYTES,framed(OT_ATTEST,algH[],issuerId2[],fp(pk(skH2[])),h(authTuple(issuerId2[],fp(pk(skH2[])),ssetH[],algH[],verH[])),canonVerH[],p1_5)),skH2[]),decl1_4)),DISP_ABANDONED),entry(h(attemptCore(authTuple(issuerId2[],fp(pk(skH2[])),ssetH[],algH[],verH[]),sign((POSS,authTuple(issuerId2[],fp(pk(skH2[])),ssetH[],algH[],verH[])),skH2[]),sign((BYTES,framed(OT_ATTEST,algH[],issuerId2[],fp(pk(skH2[])),h(authTuple(issuerId2[],fp(pk(skH2[])),ssetH[],algH[],verH[])),canonVerH[],p2_5)),skH2[]),decl2_4)),DISP_SHIPPED)),TERM_SHIPPED(h(attemptCore(authTuple(issuerId2[],fp(pk(skH2[])),ssetH[],algH[],verH[]),sign((POSS,authTuple(issuerId2[],fp(pk(skH2[])),ssetH[],algH[],verH[])),skH2[]),sign((BYTES,framed(OT_ATTEST,algH[],issuerId2[],fp(pk(skH2[])),h(authTuple(issuerId2[],fp(pk(skH2[])),ssetH[],algH[],verH[])),canonVerH[],p2_5)),skH2[]),decl2_4))),declT_5)),skH2[]),anchorProof(h(sign((TLR,(lineage2(entry(h(attemptCore(authTuple(issuerId2[],fp(pk(skH2[])),ssetH[],algH[],verH[]),sign((POSS,authTuple(issuerId2[],fp(pk(skH2[])),ssetH[],algH[],verH[])),skH2[]),sign((BYTES,framed(OT_ATTEST,algH[],issuerId2[],fp(pk(skH2[])),h(authTuple(issuerId2[],fp(pk(skH2[])),ssetH[],algH[],verH[])),canonVerH[],p1_5)),skH2[]),decl1_4)),DISP_ABANDONED),entry(h(attemptCore(authTuple(issuerId2[],fp(pk(skH2[])),ssetH[],algH[],verH[]),sign((POSS,authTuple(issuerId2[],fp(pk(skH2[])),ssetH[],algH[],verH[])),skH2[]),sign((BYTES,framed(OT_ATTEST,algH[],issuerId2[],fp(pk(skH2[])),h(authTuple(issuerId2[],fp(pk(skH2[])),ssetH[],algH[],verH[])),canonVerH[],p2_5)),skH2[]),decl2_4)),DISP_SHIPPED)),TERM_SHIPPED(h(attemptCore(authTuple(issuerId2[],fp(pk(skH2[])),ssetH[],algH[],verH[]),sign((POSS,authTuple(issuerId2[],fp(pk(skH2[])),ssetH[],algH[],verH[])),skH2[]),sign((BYTES,framed(OT_ATTEST,algH[],issuerId2[],fp(pk(skH2[])),h(authTuple(issuerId2[],fp(pk(skH2[])),ssetH[],algH[],verH[])),canonVerH[],p2_5)),skH2[]),decl2_4))),declT_5)),skH2[]))))) that the attacker may have by 33 may be received at input {132}.
We have h(attemptCore(authTuple(issuerId2[],fp(pk(skH2[])),ssetH[],algH[],verH[]),sign((POSS,authTuple(issuerId2[],fp(pk(skH2[])),ssetH[],algH[],verH[])),skH2[]),sign((BYTES,framed(OT_ATTEST,algH[],issuerId2[],fp(pk(skH2[])),h(authTuple(issuerId2[],fp(pk(skH2[])),ssetH[],algH[],verH[])),canonVerH[],p2_5)),skH2[]),decl2_4)) ≠ h(attemptCore(authTuple(issuerId2[],fp(pk(skH2[])),ssetH[],algH[],verH[]),sign((POSS,authTuple(issuerId2[],fp(pk(skH2[])),ssetH[],algH[],verH[])),skH2[]),sign((BYTES,framed(OT_ATTEST,algH[],issuerId2[],fp(pk(skH2[])),h(authTuple(issuerId2[],fp(pk(skH2[])),ssetH[],algH[],verH[])),canonVerH[],p1_5)),skH2[]),decl1_4)).
So event StandingReport(ABSENT,SUPERSEDED,pk(skH2[]),authTuple(issuerId2[],fp(pk(skH2[])),ssetH[],algH[],verH[]),h(attemptCore(authTuple(issuerId2[],fp(pk(skH2[])),ssetH[],algH[],verH[]),sign((POSS,authTuple(issuerId2[],fp(pk(skH2[])),ssetH[],algH[],verH[])),skH2[]),sign((BYTES,framed(OT_ATTEST,algH[],issuerId2[],fp(pk(skH2[])),h(authTuple(issuerId2[],fp(pk(skH2[])),ssetH[],algH[],verH[])),canonVerH[],p1_5)),skH2[]),decl1_4))) may be executed at {157}.
event(StandingReport(ABSENT,SUPERSEDED,pk(skH2[]),authTuple(issuerId2[],fp(pk(skH2[])),ssetH[],algH[],verH[]),h(attemptCore(authTuple(issuerId2[],fp(pk(skH2[])),ssetH[],algH[],verH[]),sign((POSS,authTuple(issuerId2[],fp(pk(skH2[])),ssetH[],algH[],verH[])),skH2[]),sign((BYTES,framed(OT_ATTEST,algH[],issuerId2[],fp(pk(skH2[])),h(authTuple(issuerId2[],fp(pk(skH2[])),ssetH[],algH[],verH[])),canonVerH[],p1_5)),skH2[]),decl1_4)))).

35. By 34, event(StandingReport(ABSENT,SUPERSEDED,pk(skH2[]),authTuple(issuerId2[],fp(pk(skH2[])),ssetH[],algH[],verH[]),h(attemptCore(authTuple(issuerId2[],fp(pk(skH2[])),ssetH[],algH[],verH[]),sign((POSS,authTuple(issuerId2[],fp(pk(skH2[])),ssetH[],algH[],verH[])),skH2[]),sign((BYTES,framed(OT_ATTEST,algH[],issuerId2[],fp(pk(skH2[])),h(authTuple(issuerId2[],fp(pk(skH2[])),ssetH[],algH[],verH[])),canonVerH[],p1_5)),skH2[]),decl1_4)))).
The goal is reached, represented in the following fact:
event(StandingReport(ABSENT,SUPERSEDED,pk(skH2[]),authTuple(issuerId2[],fp(pk(skH2[])),ssetH[],algH[],verH[]),h(attemptCore(authTuple(issuerId2[],fp(pk(skH2[])),ssetH[],algH[],verH[]),sign((POSS,authTuple(issuerId2[],fp(pk(skH2[])),ssetH[],algH[],verH[])),skH2[]),sign((BYTES,framed(OT_ATTEST,algH[],issuerId2[],fp(pk(skH2[])),h(authTuple(issuerId2[],fp(pk(skH2[])),ssetH[],algH[],verH[])),canonVerH[],p1_5)),skH2[]),decl1_4)))).


A more detailed output of the traces is available with
  set traceDisplay = long.

new skD: skey creating skD_4 at {1}

new skR: skey creating skR_4 at {2}

out(c, ~M) with ~M = pk(skD_4) at {6}

out(c, ~M_1) with ~M_1 = pk(skR_4) at {7}

out(c, ~M_2) with ~M_2 = pk(skH1) at {8}

out(c, ~M_3) with ~M_3 = pk(skH2) at {9}

out(c, authTuple(~M_4,~M_5,~M_6,~M_7,~M_8)) with ~M_4 = issuerId, ~M_5 = fp(pk(skH1)), ~M_6 = ssetH, ~M_7 = algH, ~M_8 = verH at {10}

out(c, authTuple(~M_9,~M_10,~M_11,~M_12,~M_13)) with ~M_9 = issuerId2, ~M_10 = fp(pk(skH2)), ~M_11 = ssetH, ~M_12 = algH, ~M_13 = verH at {11}

out(c, authTuple(~M_14,~M_15,~M_16,~M_17,~M_18)) with ~M_14 = issuerIdAlias, ~M_15 = fp(pk(skH1)), ~M_16 = ssetH, ~M_17 = algH, ~M_18 = verH at {12}

event AuthorityPublishedRepo(authTuple(issuerId2,fp(pk(skH2)),ssetH,algH,verH)) at {31} in copy a

out(c, ~M_19) with ~M_19 = sign((STMT_DIGEST,h(authTuple(issuerId2,fp(pk(skH2)),ssetH,algH,verH))),skR_4) at {32} in copy a

event AuthorityPublishedDNS(authTuple(issuerId2,fp(pk(skH2)),ssetH,algH,verH)) at {19} in copy a_1

out(c, ~M_20) with ~M_20 = sign((STMT_DIGEST,h(authTuple(issuerId2,fp(pk(skH2)),ssetH,algH,verH))),skD_4) at {20} in copy a_1

in(c, (a_2,a_3)) at {86} in copy a_4

new decl1_2: bitstring creating decl1_7 at {87} in copy a_4

new decl2_2: bitstring creating decl2_5 at {88} in copy a_4

new declT_2: bitstring creating declT_6 at {89} in copy a_4

event IssuerPossession(pk(skH2)) at {90} in copy a_4

event IssuerSigned(pk(skH2),framed(OT_ATTEST,algH,issuerId2,fp(pk(skH2)),h(authTuple(issuerId2,fp(pk(skH2)),ssetH,algH,verH)),canonVerH,a_2)) at {95} in copy a_4

out(c, (attemptCore(authTuple(~M_21,~M_22,~M_23,~M_24,~M_25),~M_26,~M_27,~M_28),framed(~M_29,~M_30,~M_31,~M_32,~M_33,~M_34,~M_35))) with ~M_21 = issuerId2, ~M_22 = fp(pk(skH2)), ~M_23 = ssetH, ~M_24 = algH, ~M_25 = verH, ~M_26 = sign((POSS,authTuple(issuerId2,fp(pk(skH2)),ssetH,algH,verH)),skH2), ~M_27 = sign((BYTES,framed(OT_ATTEST,algH,issuerId2,fp(pk(skH2)),h(authTuple(issuerId2,fp(pk(skH2)),ssetH,algH,verH)),canonVerH,a_2)),skH2), ~M_28 = decl1_7, ~M_29 = OT_ATTEST, ~M_30 = algH, ~M_31 = issuerId2, ~M_32 = fp(pk(skH2)), ~M_33 = h(authTuple(issuerId2,fp(pk(skH2)),ssetH,algH,verH)), ~M_34 = canonVerH, ~M_35 = a_2 at {96} in copy a_4

event IssuerSigned(pk(skH2),framed(OT_ATTEST,algH,issuerId2,fp(pk(skH2)),h(authTuple(issuerId2,fp(pk(skH2)),ssetH,algH,verH)),canonVerH,a_3)) at {100} in copy a_4

out(c, (attemptCore(authTuple(~M_36,~M_37,~M_38,~M_39,~M_40),~M_41,~M_42,~M_43),framed(~M_44,~M_45,~M_46,~M_47,~M_48,~M_49,~M_50))) with ~M_36 = issuerId2, ~M_37 = fp(pk(skH2)), ~M_38 = ssetH, ~M_39 = algH, ~M_40 = verH, ~M_41 = sign((POSS,authTuple(issuerId2,fp(pk(skH2)),ssetH,algH,verH)),skH2), ~M_42 = sign((BYTES,framed(OT_ATTEST,algH,issuerId2,fp(pk(skH2)),h(authTuple(issuerId2,fp(pk(skH2)),ssetH,algH,verH)),canonVerH,a_3)),skH2), ~M_43 = decl2_5, ~M_44 = OT_ATTEST, ~M_45 = algH, ~M_46 = issuerId2, ~M_47 = fp(pk(skH2)), ~M_48 = h(authTuple(issuerId2,fp(pk(skH2)),ssetH,algH,verH)), ~M_49 = canonVerH, ~M_50 = a_3 at {101} in copy a_4

event Designated(pk(skH2),h(attemptCore(authTuple(issuerId2,fp(pk(skH2)),ssetH,algH,verH),sign((POSS,authTuple(issuerId2,fp(pk(skH2)),ssetH,algH,verH)),skH2),sign((BYTES,framed(OT_ATTEST,algH,issuerId2,fp(pk(skH2)),h(authTuple(issuerId2,fp(pk(skH2)),ssetH,algH,verH)),canonVerH,a_3)),skH2),decl2_5))) at {104} in copy a_4

out(c, ~M_51) with ~M_51 = sign((TLR,(lineage2(entry(h(attemptCore(authTuple(issuerId2,fp(pk(skH2)),ssetH,algH,verH),sign((POSS,authTuple(issuerId2,fp(pk(skH2)),ssetH,algH,verH)),skH2),sign((BYTES,framed(OT_ATTEST,algH,issuerId2,fp(pk(skH2)),h(authTuple(issuerId2,fp(pk(skH2)),ssetH,algH,verH)),canonVerH,a_2)),skH2),decl1_7)),DISP_ABANDONED),entry(h(attemptCore(authTuple(issuerId2,fp(pk(skH2)),ssetH,algH,verH),sign((POSS,authTuple(issuerId2,fp(pk(skH2)),ssetH,algH,verH)),skH2),sign((BYTES,framed(OT_ATTEST,algH,issuerId2,fp(pk(skH2)),h(authTuple(issuerId2,fp(pk(skH2)),ssetH,algH,verH)),canonVerH,a_3)),skH2),decl2_5)),DISP_SHIPPED)),TERM_SHIPPED(h(attemptCore(authTuple(issuerId2,fp(pk(skH2)),ssetH,algH,verH),sign((POSS,authTuple(issuerId2,fp(pk(skH2)),ssetH,algH,verH)),skH2),sign((BYTES,framed(OT_ATTEST,algH,issuerId2,fp(pk(skH2)),h(authTuple(issuerId2,fp(pk(skH2)),ssetH,algH,verH)),canonVerH,a_3)),skH2),decl2_5))),declT_6)),skH2) at {107} in copy a_4

in(c, (a_5,a_6)) at {86} in copy a_7

new decl1_2: bitstring creating decl1_8 at {87} in copy a_7

new decl2_2: bitstring creating decl2_6 at {88} in copy a_7

new declT_2: bitstring creating declT_7 at {89} in copy a_7

event IssuerPossession(pk(skH2)) at {90} in copy a_7

event IssuerSigned(pk(skH2),framed(OT_ATTEST,algH,issuerId2,fp(pk(skH2)),h(authTuple(issuerId2,fp(pk(skH2)),ssetH,algH,verH)),canonVerH,a_5)) at {95} in copy a_7

out(c, (attemptCore(authTuple(~M_52,~M_53,~M_54,~M_55,~M_56),~M_57,~M_58,~M_59),framed(~M_60,~M_61,~M_62,~M_63,~M_64,~M_65,~M_66))) with ~M_52 = issuerId2, ~M_53 = fp(pk(skH2)), ~M_54 = ssetH, ~M_55 = algH, ~M_56 = verH, ~M_57 = sign((POSS,authTuple(issuerId2,fp(pk(skH2)),ssetH,algH,verH)),skH2), ~M_58 = sign((BYTES,framed(OT_ATTEST,algH,issuerId2,fp(pk(skH2)),h(authTuple(issuerId2,fp(pk(skH2)),ssetH,algH,verH)),canonVerH,a_5)),skH2), ~M_59 = decl1_8, ~M_60 = OT_ATTEST, ~M_61 = algH, ~M_62 = issuerId2, ~M_63 = fp(pk(skH2)), ~M_64 = h(authTuple(issuerId2,fp(pk(skH2)),ssetH,algH,verH)), ~M_65 = canonVerH, ~M_66 = a_5 at {96} in copy a_7

event IssuerSigned(pk(skH2),framed(OT_ATTEST,algH,issuerId2,fp(pk(skH2)),h(authTuple(issuerId2,fp(pk(skH2)),ssetH,algH,verH)),canonVerH,a_6)) at {100} in copy a_7

out(c, (attemptCore(authTuple(~M_67,~M_68,~M_69,~M_70,~M_71),~M_72,~M_73,~M_74),framed(~M_75,~M_76,~M_77,~M_78,~M_79,~M_80,~M_81))) with ~M_67 = issuerId2, ~M_68 = fp(pk(skH2)), ~M_69 = ssetH, ~M_70 = algH, ~M_71 = verH, ~M_72 = sign((POSS,authTuple(issuerId2,fp(pk(skH2)),ssetH,algH,verH)),skH2), ~M_73 = sign((BYTES,framed(OT_ATTEST,algH,issuerId2,fp(pk(skH2)),h(authTuple(issuerId2,fp(pk(skH2)),ssetH,algH,verH)),canonVerH,a_6)),skH2), ~M_74 = decl2_6, ~M_75 = OT_ATTEST, ~M_76 = algH, ~M_77 = issuerId2, ~M_78 = fp(pk(skH2)), ~M_79 = h(authTuple(issuerId2,fp(pk(skH2)),ssetH,algH,verH)), ~M_80 = canonVerH, ~M_81 = a_6 at {101} in copy a_7

event Designated(pk(skH2),h(attemptCore(authTuple(issuerId2,fp(pk(skH2)),ssetH,algH,verH),sign((POSS,authTuple(issuerId2,fp(pk(skH2)),ssetH,algH,verH)),skH2),sign((BYTES,framed(OT_ATTEST,algH,issuerId2,fp(pk(skH2)),h(authTuple(issuerId2,fp(pk(skH2)),ssetH,algH,verH)),canonVerH,a_6)),skH2),decl2_6))) at {104} in copy a_7

out(c, ~M_82) with ~M_82 = sign((TLR,(lineage2(entry(h(attemptCore(authTuple(issuerId2,fp(pk(skH2)),ssetH,algH,verH),sign((POSS,authTuple(issuerId2,fp(pk(skH2)),ssetH,algH,verH)),skH2),sign((BYTES,framed(OT_ATTEST,algH,issuerId2,fp(pk(skH2)),h(authTuple(issuerId2,fp(pk(skH2)),ssetH,algH,verH)),canonVerH,a_5)),skH2),decl1_8)),DISP_ABANDONED),entry(h(attemptCore(authTuple(issuerId2,fp(pk(skH2)),ssetH,algH,verH),sign((POSS,authTuple(issuerId2,fp(pk(skH2)),ssetH,algH,verH)),skH2),sign((BYTES,framed(OT_ATTEST,algH,issuerId2,fp(pk(skH2)),h(authTuple(issuerId2,fp(pk(skH2)),ssetH,algH,verH)),canonVerH,a_6)),skH2),decl2_6)),DISP_SHIPPED)),TERM_SHIPPED(h(attemptCore(authTuple(issuerId2,fp(pk(skH2)),ssetH,algH,verH),sign((POSS,authTuple(issuerId2,fp(pk(skH2)),ssetH,algH,verH)),skH2),sign((BYTES,framed(OT_ATTEST,algH,issuerId2,fp(pk(skH2)),h(authTuple(issuerId2,fp(pk(skH2)),ssetH,algH,verH)),canonVerH,a_6)),skH2),decl2_6))),declT_7)),skH2) at {107} in copy a_7

in(c, (a_5,a_8)) at {86} in copy a_9

new decl1_2: bitstring creating decl1_9 at {87} in copy a_9

new decl2_2: bitstring creating decl2_7 at {88} in copy a_9

new declT_2: bitstring creating declT_8 at {89} in copy a_9

event IssuerPossession(pk(skH2)) at {90} in copy a_9

event IssuerSigned(pk(skH2),framed(OT_ATTEST,algH,issuerId2,fp(pk(skH2)),h(authTuple(issuerId2,fp(pk(skH2)),ssetH,algH,verH)),canonVerH,a_5)) at {95} in copy a_9

out(c, (attemptCore(authTuple(~M_83,~M_84,~M_85,~M_86,~M_87),~M_88,~M_89,~M_90),framed(~M_91,~M_92,~M_93,~M_94,~M_95,~M_96,~M_97))) with ~M_83 = issuerId2, ~M_84 = fp(pk(skH2)), ~M_85 = ssetH, ~M_86 = algH, ~M_87 = verH, ~M_88 = sign((POSS,authTuple(issuerId2,fp(pk(skH2)),ssetH,algH,verH)),skH2), ~M_89 = sign((BYTES,framed(OT_ATTEST,algH,issuerId2,fp(pk(skH2)),h(authTuple(issuerId2,fp(pk(skH2)),ssetH,algH,verH)),canonVerH,a_5)),skH2), ~M_90 = decl1_9, ~M_91 = OT_ATTEST, ~M_92 = algH, ~M_93 = issuerId2, ~M_94 = fp(pk(skH2)), ~M_95 = h(authTuple(issuerId2,fp(pk(skH2)),ssetH,algH,verH)), ~M_96 = canonVerH, ~M_97 = a_5 at {96} in copy a_9

event IssuerSigned(pk(skH2),framed(OT_ATTEST,algH,issuerId2,fp(pk(skH2)),h(authTuple(issuerId2,fp(pk(skH2)),ssetH,algH,verH)),canonVerH,a_8)) at {100} in copy a_9

out(c, (attemptCore(authTuple(~M_98,~M_99,~M_100,~M_101,~M_102),~M_103,~M_104,~M_105),framed(~M_106,~M_107,~M_108,~M_109,~M_110,~M_111,~M_112))) with ~M_98 = issuerId2, ~M_99 = fp(pk(skH2)), ~M_100 = ssetH, ~M_101 = algH, ~M_102 = verH, ~M_103 = sign((POSS,authTuple(issuerId2,fp(pk(skH2)),ssetH,algH,verH)),skH2), ~M_104 = sign((BYTES,framed(OT_ATTEST,algH,issuerId2,fp(pk(skH2)),h(authTuple(issuerId2,fp(pk(skH2)),ssetH,algH,verH)),canonVerH,a_8)),skH2), ~M_105 = decl2_7, ~M_106 = OT_ATTEST, ~M_107 = algH, ~M_108 = issuerId2, ~M_109 = fp(pk(skH2)), ~M_110 = h(authTuple(issuerId2,fp(pk(skH2)),ssetH,algH,verH)), ~M_111 = canonVerH, ~M_112 = a_8 at {101} in copy a_9

event Designated(pk(skH2),h(attemptCore(authTuple(issuerId2,fp(pk(skH2)),ssetH,algH,verH),sign((POSS,authTuple(issuerId2,fp(pk(skH2)),ssetH,algH,verH)),skH2),sign((BYTES,framed(OT_ATTEST,algH,issuerId2,fp(pk(skH2)),h(authTuple(issuerId2,fp(pk(skH2)),ssetH,algH,verH)),canonVerH,a_8)),skH2),decl2_7))) at {104} in copy a_9

out(c, ~M_113) with ~M_113 = sign((TLR,(lineage2(entry(h(attemptCore(authTuple(issuerId2,fp(pk(skH2)),ssetH,algH,verH),sign((POSS,authTuple(issuerId2,fp(pk(skH2)),ssetH,algH,verH)),skH2),sign((BYTES,framed(OT_ATTEST,algH,issuerId2,fp(pk(skH2)),h(authTuple(issuerId2,fp(pk(skH2)),ssetH,algH,verH)),canonVerH,a_5)),skH2),decl1_9)),DISP_ABANDONED),entry(h(attemptCore(authTuple(issuerId2,fp(pk(skH2)),ssetH,algH,verH),sign((POSS,authTuple(issuerId2,fp(pk(skH2)),ssetH,algH,verH)),skH2),sign((BYTES,framed(OT_ATTEST,algH,issuerId2,fp(pk(skH2)),h(authTuple(issuerId2,fp(pk(skH2)),ssetH,algH,verH)),canonVerH,a_8)),skH2),decl2_7)),DISP_SHIPPED)),TERM_SHIPPED(h(attemptCore(authTuple(issuerId2,fp(pk(skH2)),ssetH,algH,verH),sign((POSS,authTuple(issuerId2,fp(pk(skH2)),ssetH,algH,verH)),skH2),sign((BYTES,framed(OT_ATTEST,algH,issuerId2,fp(pk(skH2)),h(authTuple(issuerId2,fp(pk(skH2)),ssetH,algH,verH)),canonVerH,a_8)),skH2),decl2_7))),declT_8)),skH2) at {107} in copy a_9

in(c, (authTuple(issuerId2,fp(~M_3),ssetH,algH,verH),~M_20,~M_19,~M_3,attemptCore(authTuple(issuerId2,fp(~M_3),ssetH,algH,verH),~M_26,~M_58,~M_90),a_10,withTLR(~M_3,~M_113,anchorProof(h(~M_113))))) with fp(~M_3) = fp(pk(skH2)), ~M_20 = sign((STMT_DIGEST,h(authTuple(issuerId2,fp(pk(skH2)),ssetH,algH,verH))),skD_4), ~M_19 = sign((STMT_DIGEST,h(authTuple(issuerId2,fp(pk(skH2)),ssetH,algH,verH))),skR_4), ~M_3 = pk(skH2), fp(~M_3) = fp(pk(skH2)), ~M_26 = sign((POSS,authTuple(issuerId2,fp(pk(skH2)),ssetH,algH,verH)),skH2), ~M_58 = sign((BYTES,framed(OT_ATTEST,algH,issuerId2,fp(pk(skH2)),h(authTuple(issuerId2,fp(pk(skH2)),ssetH,algH,verH)),canonVerH,a_5)),skH2), ~M_90 = decl1_9, ~M_3 = pk(skH2), ~M_113 = sign((TLR,(lineage2(entry(h(attemptCore(authTuple(issuerId2,fp(pk(skH2)),ssetH,algH,verH),sign((POSS,authTuple(issuerId2,fp(pk(skH2)),ssetH,algH,verH)),skH2),sign((BYTES,framed(OT_ATTEST,algH,issuerId2,fp(pk(skH2)),h(authTuple(issuerId2,fp(pk(skH2)),ssetH,algH,verH)),canonVerH,a_5)),skH2),decl1_9)),DISP_ABANDONED),entry(h(attemptCore(authTuple(issuerId2,fp(pk(skH2)),ssetH,algH,verH),sign((POSS,authTuple(issuerId2,fp(pk(skH2)),ssetH,algH,verH)),skH2),sign((BYTES,framed(OT_ATTEST,algH,issuerId2,fp(pk(skH2)),h(authTuple(issuerId2,fp(pk(skH2)),ssetH,algH,verH)),canonVerH,a_8)),skH2),decl2_7)),DISP_SHIPPED)),TERM_SHIPPED(h(attemptCore(authTuple(issuerId2,fp(pk(skH2)),ssetH,algH,verH),sign((POSS,authTuple(issuerId2,fp(pk(skH2)),ssetH,algH,verH)),skH2),sign((BYTES,framed(OT_ATTEST,algH,issuerId2,fp(pk(skH2)),h(authTuple(issuerId2,fp(pk(skH2)),ssetH,algH,verH)),canonVerH,a_8)),skH2),decl2_7))),declT_8)),skH2), h(~M_113) = h(sign((TLR,(lineage2(entry(h(attemptCore(authTuple(issuerId2,fp(pk(skH2)),ssetH,algH,verH),sign((POSS,authTuple(issuerId2,fp(pk(skH2)),ssetH,algH,verH)),skH2),sign((BYTES,framed(OT_ATTEST,algH,issuerId2,fp(pk(skH2)),h(authTuple(issuerId2,fp(pk(skH2)),ssetH,algH,verH)),canonVerH,a_5)),skH2),decl1_9)),DISP_ABANDONED),entry(h(attemptCore(authTuple(issuerId2,fp(pk(skH2)),ssetH,algH,verH),sign((POSS,authTuple(issuerId2,fp(pk(skH2)),ssetH,algH,verH)),skH2),sign((BYTES,framed(OT_ATTEST,algH,issuerId2,fp(pk(skH2)),h(authTuple(issuerId2,fp(pk(skH2)),ssetH,algH,verH)),canonVerH,a_8)),skH2),decl2_7)),DISP_SHIPPED)),TERM_SHIPPED(h(attemptCore(authTuple(issuerId2,fp(pk(skH2)),ssetH,algH,verH),sign((POSS,authTuple(issuerId2,fp(pk(skH2)),ssetH,algH,verH)),skH2),sign((BYTES,framed(OT_ATTEST,algH,issuerId2,fp(pk(skH2)),h(authTuple(issuerId2,fp(pk(skH2)),ssetH,algH,verH)),canonVerH,a_8)),skH2),decl2_7))),declT_8)),skH2)) at {132} in copy a_11

event StandingReport(ABSENT,SUPERSEDED,pk(skH2),authTuple(issuerId2,fp(pk(skH2)),ssetH,algH,verH),h(attemptCore(authTuple(issuerId2,fp(pk(skH2)),ssetH,algH,verH),sign((POSS,authTuple(issuerId2,fp(pk(skH2)),ssetH,algH,verH)),skH2),sign((BYTES,framed(OT_ATTEST,algH,issuerId2,fp(pk(skH2)),h(authTuple(issuerId2,fp(pk(skH2)),ssetH,algH,verH)),canonVerH,a_5)),skH2),decl1_9))) at {157} in copy a_11 (goal)

The event StandingReport(ABSENT,SUPERSEDED,pk(skH2),authTuple(issuerId2,fp(pk(skH2)),ssetH,algH,verH),h(attemptCore(authTuple(issuerId2,fp(pk(skH2)),ssetH,algH,verH),sign((POSS,authTuple(issuerId2,fp(pk(skH2)),ssetH,algH,verH)),skH2),sign((BYTES,framed(OT_ATTEST,algH,issuerId2,fp(pk(skH2)),h(authTuple(issuerId2,fp(pk(skH2)),ssetH,algH,verH)),canonVerH,a_5)),skH2),decl1_9))) is executed at {157} in copy a_11.
A trace has been found.
RESULT not event(StandingReport(ABSENT,SUPERSEDED,k,t_3,a)) is false.
-- Query not event(StandingReport(ABSENT,NO_TERMINAL_DISPOSITION_EVIDENCE,k,t_3,a)) in process 1.
Translating the process into Horn clauses...
Completing...
200 rules inserted. Base: 167 rules (95 with conclusion selected). Queue: 76 rules.
400 rules inserted. Base: 234 rules (99 with conclusion selected). Queue: 99 rules.
600 rules inserted. Base: 309 rules (109 with conclusion selected). Queue: 107 rules.
800 rules inserted. Base: 368 rules (115 with conclusion selected). Queue: 82 rules.
Starting query not event(StandingReport(ABSENT,NO_TERMINAL_DISPOSITION_EVIDENCE,k,t_3,a))
goal reachable: attacker(k) && attacker(core_2) -> event(StandingReport(ABSENT,NO_TERMINAL_DISPOSITION_EVIDENCE,k,authTuple(issuerIdAlias[],fp(pk(skH1[])),ssetH[],algH[],verH[]),h(core_2)))

Derivation:

1. Using the function noTLR the attacker may obtain noTLR.
attacker(noTLR).

2. The attacker has some term fb_2.
attacker(fb_2).

3. We assume as hypothesis that
attacker(core_2).

4. We assume as hypothesis that
attacker(k).

5. The message sign((STMT_DIGEST,h(authTuple(issuerIdAlias[],fp(pk(skH1[])),ssetH[],algH[],verH[]))),skR[]) may be sent to the attacker at output {36}.
attacker(sign((STMT_DIGEST,h(authTuple(issuerIdAlias[],fp(pk(skH1[])),ssetH[],algH[],verH[]))),skR[])).

6. The message sign((STMT_DIGEST,h(authTuple(issuerIdAlias[],fp(pk(skH1[])),ssetH[],algH[],verH[]))),skD[]) may be sent to the attacker at output {24}.
attacker(sign((STMT_DIGEST,h(authTuple(issuerIdAlias[],fp(pk(skH1[])),ssetH[],algH[],verH[]))),skD[])).

7. The attacker initially knows verH[].
attacker(verH[]).

8. The attacker initially knows algH[].
attacker(algH[]).

9. The attacker initially knows ssetH[].
attacker(ssetH[]).

10. The message pk(skH1[]) may be sent to the attacker at output {8}.
attacker(pk(skH1[])).

11. By 10, the attacker may know pk(skH1[]).
Using the function fp the attacker may obtain fp(pk(skH1[])).
attacker(fp(pk(skH1[]))).

12. The attacker initially knows issuerIdAlias[].
attacker(issuerIdAlias[]).

13. By 12, the attacker may know issuerIdAlias[].
By 11, the attacker may know fp(pk(skH1[])).
By 9, the attacker may know ssetH[].
By 8, the attacker may know algH[].
By 7, the attacker may know verH[].
Using the function authTuple the attacker may obtain authTuple(issuerIdAlias[],fp(pk(skH1[])),ssetH[],algH[],verH[]).
attacker(authTuple(issuerIdAlias[],fp(pk(skH1[])),ssetH[],algH[],verH[])).

14. By 13, the attacker may know authTuple(issuerIdAlias[],fp(pk(skH1[])),ssetH[],algH[],verH[]).
By 6, the attacker may know sign((STMT_DIGEST,h(authTuple(issuerIdAlias[],fp(pk(skH1[])),ssetH[],algH[],verH[]))),skD[]).
By 5, the attacker may know sign((STMT_DIGEST,h(authTuple(issuerIdAlias[],fp(pk(skH1[])),ssetH[],algH[],verH[]))),skR[]).
By 4, the attacker may know k.
By 3, the attacker may know core_2.
By 2, the attacker may know fb_2.
By 1, the attacker may know noTLR.
Using the function 7-tuple the attacker may obtain (authTuple(issuerIdAlias[],fp(pk(skH1[])),ssetH[],algH[],verH[]),sign((STMT_DIGEST,h(authTuple(issuerIdAlias[],fp(pk(skH1[])),ssetH[],algH[],verH[]))),skD[]),sign((STMT_DIGEST,h(authTuple(issuerIdAlias[],fp(pk(skH1[])),ssetH[],algH[],verH[]))),skR[]),k,core_2,fb_2,noTLR).
attacker((authTuple(issuerIdAlias[],fp(pk(skH1[])),ssetH[],algH[],verH[]),sign((STMT_DIGEST,h(authTuple(issuerIdAlias[],fp(pk(skH1[])),ssetH[],algH[],verH[]))),skD[]),sign((STMT_DIGEST,h(authTuple(issuerIdAlias[],fp(pk(skH1[])),ssetH[],algH[],verH[]))),skR[]),k,core_2,fb_2,noTLR)).

15. The message (authTuple(issuerIdAlias[],fp(pk(skH1[])),ssetH[],algH[],verH[]),sign((STMT_DIGEST,h(authTuple(issuerIdAlias[],fp(pk(skH1[])),ssetH[],algH[],verH[]))),skD[]),sign((STMT_DIGEST,h(authTuple(issuerIdAlias[],fp(pk(skH1[])),ssetH[],algH[],verH[]))),skR[]),k,core_2,fb_2,noTLR) that the attacker may have by 14 may be received at input {132}.
So event StandingReport(ABSENT,NO_TERMINAL_DISPOSITION_EVIDENCE,k,authTuple(issuerIdAlias[],fp(pk(skH1[])),ssetH[],algH[],verH[]),h(core_2)) may be executed at {138}.
event(StandingReport(ABSENT,NO_TERMINAL_DISPOSITION_EVIDENCE,k,authTuple(issuerIdAlias[],fp(pk(skH1[])),ssetH[],algH[],verH[]),h(core_2))).

16. By 15, event(StandingReport(ABSENT,NO_TERMINAL_DISPOSITION_EVIDENCE,k,authTuple(issuerIdAlias[],fp(pk(skH1[])),ssetH[],algH[],verH[]),h(core_2))).
The goal is reached, represented in the following fact:
event(StandingReport(ABSENT,NO_TERMINAL_DISPOSITION_EVIDENCE,k,authTuple(issuerIdAlias[],fp(pk(skH1[])),ssetH[],algH[],verH[]),h(core_2))).


A more detailed output of the traces is available with
  set traceDisplay = long.

new skD: skey creating skD_4 at {1}

new skR: skey creating skR_4 at {2}

out(c, ~M) with ~M = pk(skD_4) at {6}

out(c, ~M_1) with ~M_1 = pk(skR_4) at {7}

out(c, ~M_2) with ~M_2 = pk(skH1) at {8}

out(c, ~M_3) with ~M_3 = pk(skH2) at {9}

out(c, authTuple(~M_4,~M_5,~M_6,~M_7,~M_8)) with ~M_4 = issuerId, ~M_5 = fp(pk(skH1)), ~M_6 = ssetH, ~M_7 = algH, ~M_8 = verH at {10}

out(c, authTuple(~M_9,~M_10,~M_11,~M_12,~M_13)) with ~M_9 = issuerId2, ~M_10 = fp(pk(skH2)), ~M_11 = ssetH, ~M_12 = algH, ~M_13 = verH at {11}

out(c, authTuple(~M_14,~M_15,~M_16,~M_17,~M_18)) with ~M_14 = issuerIdAlias, ~M_15 = fp(pk(skH1)), ~M_16 = ssetH, ~M_17 = algH, ~M_18 = verH at {12}

event AuthorityPublishedRepo(authTuple(issuerIdAlias,fp(pk(skH1)),ssetH,algH,verH)) at {35} in copy a

out(c, ~M_19) with ~M_19 = sign((STMT_DIGEST,h(authTuple(issuerIdAlias,fp(pk(skH1)),ssetH,algH,verH))),skR_4) at {36} in copy a

event AuthorityPublishedDNS(authTuple(issuerIdAlias,fp(pk(skH1)),ssetH,algH,verH)) at {23} in copy a_1

out(c, ~M_20) with ~M_20 = sign((STMT_DIGEST,h(authTuple(issuerIdAlias,fp(pk(skH1)),ssetH,algH,verH))),skD_4) at {24} in copy a_1

in(c, (authTuple(issuerIdAlias,fp(~M_2),ssetH,algH,verH),~M_20,~M_19,a_2,a_3,a_4,noTLR)) with fp(~M_2) = fp(pk(skH1)), ~M_20 = sign((STMT_DIGEST,h(authTuple(issuerIdAlias,fp(pk(skH1)),ssetH,algH,verH))),skD_4), ~M_19 = sign((STMT_DIGEST,h(authTuple(issuerIdAlias,fp(pk(skH1)),ssetH,algH,verH))),skR_4) at {132} in copy a_5

event StandingReport(ABSENT,NO_TERMINAL_DISPOSITION_EVIDENCE,a_2,authTuple(issuerIdAlias,fp(pk(skH1)),ssetH,algH,verH),h(a_3)) at {138} in copy a_5 (goal)

The event StandingReport(ABSENT,NO_TERMINAL_DISPOSITION_EVIDENCE,a_2,authTuple(issuerIdAlias,fp(pk(skH1)),ssetH,algH,verH),h(a_3)) is executed at {138} in copy a_5.
A trace has been found.
RESULT not event(StandingReport(ABSENT,NO_TERMINAL_DISPOSITION_EVIDENCE,k,t_3,a)) is false.
-- Query not event(StandingReport(ABSENT,ISSUANCE_REFUSED,k,t_3,a)) in process 1.
Translating the process into Horn clauses...
Completing...
200 rules inserted. Base: 167 rules (95 with conclusion selected). Queue: 76 rules.
400 rules inserted. Base: 234 rules (99 with conclusion selected). Queue: 99 rules.
600 rules inserted. Base: 309 rules (109 with conclusion selected). Queue: 107 rules.
800 rules inserted. Base: 368 rules (115 with conclusion selected). Queue: 82 rules.
Starting query not event(StandingReport(ABSENT,ISSUANCE_REFUSED,k,t_3,a))
goal reachable: attacker(p1_5) && attacker(p2_5) -> event(StandingReport(ABSENT,ISSUANCE_REFUSED,pk(skH2[]),authTuple(issuerId2[],fp(pk(skH2[])),ssetH[],algH[],verH[]),h(attemptCore(authTuple(issuerId2[],fp(pk(skH2[])),ssetH[],algH[],verH[]),sign((POSS,authTuple(issuerId2[],fp(pk(skH2[])),ssetH[],algH[],verH[])),skH2[]),sign((BYTES,framed(OT_ATTEST,algH[],issuerId2[],fp(pk(skH2[])),h(authTuple(issuerId2[],fp(pk(skH2[])),ssetH[],algH[],verH[])),canonVerH[],p2_5)),skH2[]),decl2_4))))
Abbreviations:
decl2_4 = decl2_3[p2_3 = p2_5,p1_3 = p1_5,!1 = @sid]

Derivation:
Abbreviations:
decl2_4 = decl2_3[p2_3 = p2_5,p1_3 = p1_5,!1 = @sid]
decl1_4 = decl1_3[p2_3 = p2_5,p1_3 = p1_5,!1 = @sid]
declT_5 = declT_3[p2_3 = p2_5,p1_3 = p1_5,!1 = @sid]
decl1_5 = decl1_2[p2_2 = p2_6,p1_2 = p1_6,!1 = @sid_1]
decl1_6 = decl1_2[p2_2 = p2_7,p1_2 = p2_5,!1 = @sid_2]

1. We assume as hypothesis that
attacker(p2_5).

2. We assume as hypothesis that
attacker(p1_5).

3. By 2, the attacker may know p1_5.
By 1, the attacker may know p2_5.
Using the function 2-tuple the attacker may obtain (p1_5,p2_5).
attacker((p1_5,p2_5)).

4. The message (p1_5,p2_5) that the attacker may have by 3 may be received at input {111}.
So the message sign((TLR,(lineage2(entry(h(attemptCore(authTuple(issuerId2[],fp(pk(skH2[])),ssetH[],algH[],verH[]),sign((POSS,authTuple(issuerId2[],fp(pk(skH2[])),ssetH[],algH[],verH[])),skH2[]),sign((BYTES,framed(OT_ATTEST,algH[],issuerId2[],fp(pk(skH2[])),h(authTuple(issuerId2[],fp(pk(skH2[])),ssetH[],algH[],verH[])),canonVerH[],p1_5)),skH2[]),decl1_4)),DISP_ABANDONED),entry(h(attemptCore(authTuple(issuerId2[],fp(pk(skH2[])),ssetH[],algH[],verH[]),sign((POSS,authTuple(issuerId2[],fp(pk(skH2[])),ssetH[],algH[],verH[])),skH2[]),sign((BYTES,framed(OT_ATTEST,algH[],issuerId2[],fp(pk(skH2[])),h(authTuple(issuerId2[],fp(pk(skH2[])),ssetH[],algH[],verH[])),canonVerH[],p2_5)),skH2[]),decl2_4)),DISP_ABANDONED)),TERM_REFUSED,declT_5)),skH2[]) may be sent to the attacker at output {128}.
attacker(sign((TLR,(lineage2(entry(h(attemptCore(authTuple(issuerId2[],fp(pk(skH2[])),ssetH[],algH[],verH[]),sign((POSS,authTuple(issuerId2[],fp(pk(skH2[])),ssetH[],algH[],verH[])),skH2[]),sign((BYTES,framed(OT_ATTEST,algH[],issuerId2[],fp(pk(skH2[])),h(authTuple(issuerId2[],fp(pk(skH2[])),ssetH[],algH[],verH[])),canonVerH[],p1_5)),skH2[]),decl1_4)),DISP_ABANDONED),entry(h(attemptCore(authTuple(issuerId2[],fp(pk(skH2[])),ssetH[],algH[],verH[]),sign((POSS,authTuple(issuerId2[],fp(pk(skH2[])),ssetH[],algH[],verH[])),skH2[]),sign((BYTES,framed(OT_ATTEST,algH[],issuerId2[],fp(pk(skH2[])),h(authTuple(issuerId2[],fp(pk(skH2[])),ssetH[],algH[],verH[])),canonVerH[],p2_5)),skH2[]),decl2_4)),DISP_ABANDONED)),TERM_REFUSED,declT_5)),skH2[])).

5. By 4, the attacker may know sign((TLR,(lineage2(entry(h(attemptCore(authTuple(issuerId2[],fp(pk(skH2[])),ssetH[],algH[],verH[]),sign((POSS,authTuple(issuerId2[],fp(pk(skH2[])),ssetH[],algH[],verH[])),skH2[]),sign((BYTES,framed(OT_ATTEST,algH[],issuerId2[],fp(pk(skH2[])),h(authTuple(issuerId2[],fp(pk(skH2[])),ssetH[],algH[],verH[])),canonVerH[],p1_5)),skH2[]),decl1_4)),DISP_ABANDONED),entry(h(attemptCore(authTuple(issuerId2[],fp(pk(skH2[])),ssetH[],algH[],verH[]),sign((POSS,authTuple(issuerId2[],fp(pk(skH2[])),ssetH[],algH[],verH[])),skH2[]),sign((BYTES,framed(OT_ATTEST,algH[],issuerId2[],fp(pk(skH2[])),h(authTuple(issuerId2[],fp(pk(skH2[])),ssetH[],algH[],verH[])),canonVerH[],p2_5)),skH2[]),decl2_4)),DISP_ABANDONED)),TERM_REFUSED,declT_5)),skH2[]).
Using the function h the attacker may obtain h(sign((TLR,(lineage2(entry(h(attemptCore(authTuple(issuerId2[],fp(pk(skH2[])),ssetH[],algH[],verH[]),sign((POSS,authTuple(issuerId2[],fp(pk(skH2[])),ssetH[],algH[],verH[])),skH2[]),sign((BYTES,framed(OT_ATTEST,algH[],issuerId2[],fp(pk(skH2[])),h(authTuple(issuerId2[],fp(pk(skH2[])),ssetH[],algH[],verH[])),canonVerH[],p1_5)),skH2[]),decl1_4)),DISP_ABANDONED),entry(h(attemptCore(authTuple(issuerId2[],fp(pk(skH2[])),ssetH[],algH[],verH[]),sign((POSS,authTuple(issuerId2[],fp(pk(skH2[])),ssetH[],algH[],verH[])),skH2[]),sign((BYTES,framed(OT_ATTEST,algH[],issuerId2[],fp(pk(skH2[])),h(authTuple(issuerId2[],fp(pk(skH2[])),ssetH[],algH[],verH[])),canonVerH[],p2_5)),skH2[]),decl2_4)),DISP_ABANDONED)),TERM_REFUSED,declT_5)),skH2[])).
attacker(h(sign((TLR,(lineage2(entry(h(attemptCore(authTuple(issuerId2[],fp(pk(skH2[])),ssetH[],algH[],verH[]),sign((POSS,authTuple(issuerId2[],fp(pk(skH2[])),ssetH[],algH[],verH[])),skH2[]),sign((BYTES,framed(OT_ATTEST,algH[],issuerId2[],fp(pk(skH2[])),h(authTuple(issuerId2[],fp(pk(skH2[])),ssetH[],algH[],verH[])),canonVerH[],p1_5)),skH2[]),decl1_4)),DISP_ABANDONED),entry(h(attemptCore(authTuple(issuerId2[],fp(pk(skH2[])),ssetH[],algH[],verH[]),sign((POSS,authTuple(issuerId2[],fp(pk(skH2[])),ssetH[],algH[],verH[])),skH2[]),sign((BYTES,framed(OT_ATTEST,algH[],issuerId2[],fp(pk(skH2[])),h(authTuple(issuerId2[],fp(pk(skH2[])),ssetH[],algH[],verH[])),canonVerH[],p2_5)),skH2[]),decl2_4)),DISP_ABANDONED)),TERM_REFUSED,declT_5)),skH2[]))).

6. By 5, the attacker may know h(sign((TLR,(lineage2(entry(h(attemptCore(authTuple(issuerId2[],fp(pk(skH2[])),ssetH[],algH[],verH[]),sign((POSS,authTuple(issuerId2[],fp(pk(skH2[])),ssetH[],algH[],verH[])),skH2[]),sign((BYTES,framed(OT_ATTEST,algH[],issuerId2[],fp(pk(skH2[])),h(authTuple(issuerId2[],fp(pk(skH2[])),ssetH[],algH[],verH[])),canonVerH[],p1_5)),skH2[]),decl1_4)),DISP_ABANDONED),entry(h(attemptCore(authTuple(issuerId2[],fp(pk(skH2[])),ssetH[],algH[],verH[]),sign((POSS,authTuple(issuerId2[],fp(pk(skH2[])),ssetH[],algH[],verH[])),skH2[]),sign((BYTES,framed(OT_ATTEST,algH[],issuerId2[],fp(pk(skH2[])),h(authTuple(issuerId2[],fp(pk(skH2[])),ssetH[],algH[],verH[])),canonVerH[],p2_5)),skH2[]),decl2_4)),DISP_ABANDONED)),TERM_REFUSED,declT_5)),skH2[])).
Using the function anchorProof the attacker may obtain anchorProof(h(sign((TLR,(lineage2(entry(h(attemptCore(authTuple(issuerId2[],fp(pk(skH2[])),ssetH[],algH[],verH[]),sign((POSS,authTuple(issuerId2[],fp(pk(skH2[])),ssetH[],algH[],verH[])),skH2[]),sign((BYTES,framed(OT_ATTEST,algH[],issuerId2[],fp(pk(skH2[])),h(authTuple(issuerId2[],fp(pk(skH2[])),ssetH[],algH[],verH[])),canonVerH[],p1_5)),skH2[]),decl1_4)),DISP_ABANDONED),entry(h(attemptCore(authTuple(issuerId2[],fp(pk(skH2[])),ssetH[],algH[],verH[]),sign((POSS,authTuple(issuerId2[],fp(pk(skH2[])),ssetH[],algH[],verH[])),skH2[]),sign((BYTES,framed(OT_ATTEST,algH[],issuerId2[],fp(pk(skH2[])),h(authTuple(issuerId2[],fp(pk(skH2[])),ssetH[],algH[],verH[])),canonVerH[],p2_5)),skH2[]),decl2_4)),DISP_ABANDONED)),TERM_REFUSED,declT_5)),skH2[]))).
attacker(anchorProof(h(sign((TLR,(lineage2(entry(h(attemptCore(authTuple(issuerId2[],fp(pk(skH2[])),ssetH[],algH[],verH[]),sign((POSS,authTuple(issuerId2[],fp(pk(skH2[])),ssetH[],algH[],verH[])),skH2[]),sign((BYTES,framed(OT_ATTEST,algH[],issuerId2[],fp(pk(skH2[])),h(authTuple(issuerId2[],fp(pk(skH2[])),ssetH[],algH[],verH[])),canonVerH[],p1_5)),skH2[]),decl1_4)),DISP_ABANDONED),entry(h(attemptCore(authTuple(issuerId2[],fp(pk(skH2[])),ssetH[],algH[],verH[]),sign((POSS,authTuple(issuerId2[],fp(pk(skH2[])),ssetH[],algH[],verH[])),skH2[]),sign((BYTES,framed(OT_ATTEST,algH[],issuerId2[],fp(pk(skH2[])),h(authTuple(issuerId2[],fp(pk(skH2[])),ssetH[],algH[],verH[])),canonVerH[],p2_5)),skH2[]),decl2_4)),DISP_ABANDONED)),TERM_REFUSED,declT_5)),skH2[])))).

7. The message pk(skH2[]) may be sent to the attacker at output {9}.
attacker(pk(skH2[])).

8. By 7, the attacker may know pk(skH2[]).
By 4, the attacker may know sign((TLR,(lineage2(entry(h(attemptCore(authTuple(issuerId2[],fp(pk(skH2[])),ssetH[],algH[],verH[]),sign((POSS,authTuple(issuerId2[],fp(pk(skH2[])),ssetH[],algH[],verH[])),skH2[]),sign((BYTES,framed(OT_ATTEST,algH[],issuerId2[],fp(pk(skH2[])),h(authTuple(issuerId2[],fp(pk(skH2[])),ssetH[],algH[],verH[])),canonVerH[],p1_5)),skH2[]),decl1_4)),DISP_ABANDONED),entry(h(attemptCore(authTuple(issuerId2[],fp(pk(skH2[])),ssetH[],algH[],verH[]),sign((POSS,authTuple(issuerId2[],fp(pk(skH2[])),ssetH[],algH[],verH[])),skH2[]),sign((BYTES,framed(OT_ATTEST,algH[],issuerId2[],fp(pk(skH2[])),h(authTuple(issuerId2[],fp(pk(skH2[])),ssetH[],algH[],verH[])),canonVerH[],p2_5)),skH2[]),decl2_4)),DISP_ABANDONED)),TERM_REFUSED,declT_5)),skH2[]).
By 6, the attacker may know anchorProof(h(sign((TLR,(lineage2(entry(h(attemptCore(authTuple(issuerId2[],fp(pk(skH2[])),ssetH[],algH[],verH[]),sign((POSS,authTuple(issuerId2[],fp(pk(skH2[])),ssetH[],algH[],verH[])),skH2[]),sign((BYTES,framed(OT_ATTEST,algH[],issuerId2[],fp(pk(skH2[])),h(authTuple(issuerId2[],fp(pk(skH2[])),ssetH[],algH[],verH[])),canonVerH[],p1_5)),skH2[]),decl1_4)),DISP_ABANDONED),entry(h(attemptCore(authTuple(issuerId2[],fp(pk(skH2[])),ssetH[],algH[],verH[]),sign((POSS,authTuple(issuerId2[],fp(pk(skH2[])),ssetH[],algH[],verH[])),skH2[]),sign((BYTES,framed(OT_ATTEST,algH[],issuerId2[],fp(pk(skH2[])),h(authTuple(issuerId2[],fp(pk(skH2[])),ssetH[],algH[],verH[])),canonVerH[],p2_5)),skH2[]),decl2_4)),DISP_ABANDONED)),TERM_REFUSED,declT_5)),skH2[]))).
Using the function withTLR the attacker may obtain withTLR(pk(skH2[]),sign((TLR,(lineage2(entry(h(attemptCore(authTuple(issuerId2[],fp(pk(skH2[])),ssetH[],algH[],verH[]),sign((POSS,authTuple(issuerId2[],fp(pk(skH2[])),ssetH[],algH[],verH[])),skH2[]),sign((BYTES,framed(OT_ATTEST,algH[],issuerId2[],fp(pk(skH2[])),h(authTuple(issuerId2[],fp(pk(skH2[])),ssetH[],algH[],verH[])),canonVerH[],p1_5)),skH2[]),decl1_4)),DISP_ABANDONED),entry(h(attemptCore(authTuple(issuerId2[],fp(pk(skH2[])),ssetH[],algH[],verH[]),sign((POSS,authTuple(issuerId2[],fp(pk(skH2[])),ssetH[],algH[],verH[])),skH2[]),sign((BYTES,framed(OT_ATTEST,algH[],issuerId2[],fp(pk(skH2[])),h(authTuple(issuerId2[],fp(pk(skH2[])),ssetH[],algH[],verH[])),canonVerH[],p2_5)),skH2[]),decl2_4)),DISP_ABANDONED)),TERM_REFUSED,declT_5)),skH2[]),anchorProof(h(sign((TLR,(lineage2(entry(h(attemptCore(authTuple(issuerId2[],fp(pk(skH2[])),ssetH[],algH[],verH[]),sign((POSS,authTuple(issuerId2[],fp(pk(skH2[])),ssetH[],algH[],verH[])),skH2[]),sign((BYTES,framed(OT_ATTEST,algH[],issuerId2[],fp(pk(skH2[])),h(authTuple(issuerId2[],fp(pk(skH2[])),ssetH[],algH[],verH[])),canonVerH[],p1_5)),skH2[]),decl1_4)),DISP_ABANDONED),entry(h(attemptCore(authTuple(issuerId2[],fp(pk(skH2[])),ssetH[],algH[],verH[]),sign((POSS,authTuple(issuerId2[],fp(pk(skH2[])),ssetH[],algH[],verH[])),skH2[]),sign((BYTES,framed(OT_ATTEST,algH[],issuerId2[],fp(pk(skH2[])),h(authTuple(issuerId2[],fp(pk(skH2[])),ssetH[],algH[],verH[])),canonVerH[],p2_5)),skH2[]),decl2_4)),DISP_ABANDONED)),TERM_REFUSED,declT_5)),skH2[])))).
attacker(withTLR(pk(skH2[]),sign((TLR,(lineage2(entry(h(attemptCore(authTuple(issuerId2[],fp(pk(skH2[])),ssetH[],algH[],verH[]),sign((POSS,authTuple(issuerId2[],fp(pk(skH2[])),ssetH[],algH[],verH[])),skH2[]),sign((BYTES,framed(OT_ATTEST,algH[],issuerId2[],fp(pk(skH2[])),h(authTuple(issuerId2[],fp(pk(skH2[])),ssetH[],algH[],verH[])),canonVerH[],p1_5)),skH2[]),decl1_4)),DISP_ABANDONED),entry(h(attemptCore(authTuple(issuerId2[],fp(pk(skH2[])),ssetH[],algH[],verH[]),sign((POSS,authTuple(issuerId2[],fp(pk(skH2[])),ssetH[],algH[],verH[])),skH2[]),sign((BYTES,framed(OT_ATTEST,algH[],issuerId2[],fp(pk(skH2[])),h(authTuple(issuerId2[],fp(pk(skH2[])),ssetH[],algH[],verH[])),canonVerH[],p2_5)),skH2[]),decl2_4)),DISP_ABANDONED)),TERM_REFUSED,declT_5)),skH2[]),anchorProof(h(sign((TLR,(lineage2(entry(h(attemptCore(authTuple(issuerId2[],fp(pk(skH2[])),ssetH[],algH[],verH[]),sign((POSS,authTuple(issuerId2[],fp(pk(skH2[])),ssetH[],algH[],verH[])),skH2[]),sign((BYTES,framed(OT_ATTEST,algH[],issuerId2[],fp(pk(skH2[])),h(authTuple(issuerId2[],fp(pk(skH2[])),ssetH[],algH[],verH[])),canonVerH[],p1_5)),skH2[]),decl1_4)),DISP_ABANDONED),entry(h(attemptCore(authTuple(issuerId2[],fp(pk(skH2[])),ssetH[],algH[],verH[]),sign((POSS,authTuple(issuerId2[],fp(pk(skH2[])),ssetH[],algH[],verH[])),skH2[]),sign((BYTES,framed(OT_ATTEST,algH[],issuerId2[],fp(pk(skH2[])),h(authTuple(issuerId2[],fp(pk(skH2[])),ssetH[],algH[],verH[])),canonVerH[],p2_5)),skH2[]),decl2_4)),DISP_ABANDONED)),TERM_REFUSED,declT_5)),skH2[]))))).

9. The attacker has some term fb_2.
attacker(fb_2).

10. The message (p1_5,p2_5) that the attacker may have by 3 may be received at input {111}.
So the message (attemptCore(authTuple(issuerId2[],fp(pk(skH2[])),ssetH[],algH[],verH[]),sign((POSS,authTuple(issuerId2[],fp(pk(skH2[])),ssetH[],algH[],verH[])),skH2[]),sign((BYTES,framed(OT_ATTEST,algH[],issuerId2[],fp(pk(skH2[])),h(authTuple(issuerId2[],fp(pk(skH2[])),ssetH[],algH[],verH[])),canonVerH[],p2_5)),skH2[]),decl2_4),framed(OT_ATTEST,algH[],issuerId2[],fp(pk(skH2[])),h(authTuple(issuerId2[],fp(pk(skH2[])),ssetH[],algH[],verH[])),canonVerH[],p2_5)) may be sent to the attacker at output {126}.
attacker((attemptCore(authTuple(issuerId2[],fp(pk(skH2[])),ssetH[],algH[],verH[]),sign((POSS,authTuple(issuerId2[],fp(pk(skH2[])),ssetH[],algH[],verH[])),skH2[]),sign((BYTES,framed(OT_ATTEST,algH[],issuerId2[],fp(pk(skH2[])),h(authTuple(issuerId2[],fp(pk(skH2[])),ssetH[],algH[],verH[])),canonVerH[],p2_5)),skH2[]),decl2_4),framed(OT_ATTEST,algH[],issuerId2[],fp(pk(skH2[])),h(authTuple(issuerId2[],fp(pk(skH2[])),ssetH[],algH[],verH[])),canonVerH[],p2_5))).

11. By 10, the attacker may know (attemptCore(authTuple(issuerId2[],fp(pk(skH2[])),ssetH[],algH[],verH[]),sign((POSS,authTuple(issuerId2[],fp(pk(skH2[])),ssetH[],algH[],verH[])),skH2[]),sign((BYTES,framed(OT_ATTEST,algH[],issuerId2[],fp(pk(skH2[])),h(authTuple(issuerId2[],fp(pk(skH2[])),ssetH[],algH[],verH[])),canonVerH[],p2_5)),skH2[]),decl2_4),framed(OT_ATTEST,algH[],issuerId2[],fp(pk(skH2[])),h(authTuple(issuerId2[],fp(pk(skH2[])),ssetH[],algH[],verH[])),canonVerH[],p2_5)).
Using the function 1-proj-2-tuple the attacker may obtain attemptCore(authTuple(issuerId2[],fp(pk(skH2[])),ssetH[],algH[],verH[]),sign((POSS,authTuple(issuerId2[],fp(pk(skH2[])),ssetH[],algH[],verH[])),skH2[]),sign((BYTES,framed(OT_ATTEST,algH[],issuerId2[],fp(pk(skH2[])),h(authTuple(issuerId2[],fp(pk(skH2[])),ssetH[],algH[],verH[])),canonVerH[],p2_5)),skH2[]),decl2_4).
attacker(attemptCore(authTuple(issuerId2[],fp(pk(skH2[])),ssetH[],algH[],verH[]),sign((POSS,authTuple(issuerId2[],fp(pk(skH2[])),ssetH[],algH[],verH[])),skH2[]),sign((BYTES,framed(OT_ATTEST,algH[],issuerId2[],fp(pk(skH2[])),h(authTuple(issuerId2[],fp(pk(skH2[])),ssetH[],algH[],verH[])),canonVerH[],p2_5)),skH2[]),decl2_4)).

12. By 11, the attacker may know attemptCore(authTuple(issuerId2[],fp(pk(skH2[])),ssetH[],algH[],verH[]),sign((POSS,authTuple(issuerId2[],fp(pk(skH2[])),ssetH[],algH[],verH[])),skH2[]),sign((BYTES,framed(OT_ATTEST,algH[],issuerId2[],fp(pk(skH2[])),h(authTuple(issuerId2[],fp(pk(skH2[])),ssetH[],algH[],verH[])),canonVerH[],p2_5)),skH2[]),decl2_4).
Using the function 4-proj-attemptCore the attacker may obtain decl2_4.
attacker(decl2_4).

13. The attacker has some term p2_7.
attacker(p2_7).

14. By 1, the attacker may know p2_5.
By 13, the attacker may know p2_7.
Using the function 2-tuple the attacker may obtain (p2_5,p2_7).
attacker((p2_5,p2_7)).

15. The message (p2_5,p2_7) that the attacker may have by 14 may be received at input {86}.
So the message (attemptCore(authTuple(issuerId2[],fp(pk(skH2[])),ssetH[],algH[],verH[]),sign((POSS,authTuple(issuerId2[],fp(pk(skH2[])),ssetH[],algH[],verH[])),skH2[]),sign((BYTES,framed(OT_ATTEST,algH[],issuerId2[],fp(pk(skH2[])),h(authTuple(issuerId2[],fp(pk(skH2[])),ssetH[],algH[],verH[])),canonVerH[],p2_5)),skH2[]),decl1_6),framed(OT_ATTEST,algH[],issuerId2[],fp(pk(skH2[])),h(authTuple(issuerId2[],fp(pk(skH2[])),ssetH[],algH[],verH[])),canonVerH[],p2_5)) may be sent to the attacker at output {96}.
attacker((attemptCore(authTuple(issuerId2[],fp(pk(skH2[])),ssetH[],algH[],verH[]),sign((POSS,authTuple(issuerId2[],fp(pk(skH2[])),ssetH[],algH[],verH[])),skH2[]),sign((BYTES,framed(OT_ATTEST,algH[],issuerId2[],fp(pk(skH2[])),h(authTuple(issuerId2[],fp(pk(skH2[])),ssetH[],algH[],verH[])),canonVerH[],p2_5)),skH2[]),decl1_6),framed(OT_ATTEST,algH[],issuerId2[],fp(pk(skH2[])),h(authTuple(issuerId2[],fp(pk(skH2[])),ssetH[],algH[],verH[])),canonVerH[],p2_5))).

16. By 15, the attacker may know (attemptCore(authTuple(issuerId2[],fp(pk(skH2[])),ssetH[],algH[],verH[]),sign((POSS,authTuple(issuerId2[],fp(pk(skH2[])),ssetH[],algH[],verH[])),skH2[]),sign((BYTES,framed(OT_ATTEST,algH[],issuerId2[],fp(pk(skH2[])),h(authTuple(issuerId2[],fp(pk(skH2[])),ssetH[],algH[],verH[])),canonVerH[],p2_5)),skH2[]),decl1_6),framed(OT_ATTEST,algH[],issuerId2[],fp(pk(skH2[])),h(authTuple(issuerId2[],fp(pk(skH2[])),ssetH[],algH[],verH[])),canonVerH[],p2_5)).
Using the function 1-proj-2-tuple the attacker may obtain attemptCore(authTuple(issuerId2[],fp(pk(skH2[])),ssetH[],algH[],verH[]),sign((POSS,authTuple(issuerId2[],fp(pk(skH2[])),ssetH[],algH[],verH[])),skH2[]),sign((BYTES,framed(OT_ATTEST,algH[],issuerId2[],fp(pk(skH2[])),h(authTuple(issuerId2[],fp(pk(skH2[])),ssetH[],algH[],verH[])),canonVerH[],p2_5)),skH2[]),decl1_6).
attacker(attemptCore(authTuple(issuerId2[],fp(pk(skH2[])),ssetH[],algH[],verH[]),sign((POSS,authTuple(issuerId2[],fp(pk(skH2[])),ssetH[],algH[],verH[])),skH2[]),sign((BYTES,framed(OT_ATTEST,algH[],issuerId2[],fp(pk(skH2[])),h(authTuple(issuerId2[],fp(pk(skH2[])),ssetH[],algH[],verH[])),canonVerH[],p2_5)),skH2[]),decl1_6)).

17. By 16, the attacker may know attemptCore(authTuple(issuerId2[],fp(pk(skH2[])),ssetH[],algH[],verH[]),sign((POSS,authTuple(issuerId2[],fp(pk(skH2[])),ssetH[],algH[],verH[])),skH2[]),sign((BYTES,framed(OT_ATTEST,algH[],issuerId2[],fp(pk(skH2[])),h(authTuple(issuerId2[],fp(pk(skH2[])),ssetH[],algH[],verH[])),canonVerH[],p2_5)),skH2[]),decl1_6).
Using the function 3-proj-attemptCore the attacker may obtain sign((BYTES,framed(OT_ATTEST,algH[],issuerId2[],fp(pk(skH2[])),h(authTuple(issuerId2[],fp(pk(skH2[])),ssetH[],algH[],verH[])),canonVerH[],p2_5)),skH2[]).
attacker(sign((BYTES,framed(OT_ATTEST,algH[],issuerId2[],fp(pk(skH2[])),h(authTuple(issuerId2[],fp(pk(skH2[])),ssetH[],algH[],verH[])),canonVerH[],p2_5)),skH2[])).

18. The attacker has some term p2_6.
attacker(p2_6).

19. The attacker has some term p1_6.
attacker(p1_6).

20. By 19, the attacker may know p1_6.
By 18, the attacker may know p2_6.
Using the function 2-tuple the attacker may obtain (p1_6,p2_6).
attacker((p1_6,p2_6)).

21. The message (p1_6,p2_6) that the attacker may have by 20 may be received at input {86}.
So the message (attemptCore(authTuple(issuerId2[],fp(pk(skH2[])),ssetH[],algH[],verH[]),sign((POSS,authTuple(issuerId2[],fp(pk(skH2[])),ssetH[],algH[],verH[])),skH2[]),sign((BYTES,framed(OT_ATTEST,algH[],issuerId2[],fp(pk(skH2[])),h(authTuple(issuerId2[],fp(pk(skH2[])),ssetH[],algH[],verH[])),canonVerH[],p1_6)),skH2[]),decl1_5),framed(OT_ATTEST,algH[],issuerId2[],fp(pk(skH2[])),h(authTuple(issuerId2[],fp(pk(skH2[])),ssetH[],algH[],verH[])),canonVerH[],p1_6)) may be sent to the attacker at output {96}.
attacker((attemptCore(authTuple(issuerId2[],fp(pk(skH2[])),ssetH[],algH[],verH[]),sign((POSS,authTuple(issuerId2[],fp(pk(skH2[])),ssetH[],algH[],verH[])),skH2[]),sign((BYTES,framed(OT_ATTEST,algH[],issuerId2[],fp(pk(skH2[])),h(authTuple(issuerId2[],fp(pk(skH2[])),ssetH[],algH[],verH[])),canonVerH[],p1_6)),skH2[]),decl1_5),framed(OT_ATTEST,algH[],issuerId2[],fp(pk(skH2[])),h(authTuple(issuerId2[],fp(pk(skH2[])),ssetH[],algH[],verH[])),canonVerH[],p1_6))).

22. By 21, the attacker may know (attemptCore(authTuple(issuerId2[],fp(pk(skH2[])),ssetH[],algH[],verH[]),sign((POSS,authTuple(issuerId2[],fp(pk(skH2[])),ssetH[],algH[],verH[])),skH2[]),sign((BYTES,framed(OT_ATTEST,algH[],issuerId2[],fp(pk(skH2[])),h(authTuple(issuerId2[],fp(pk(skH2[])),ssetH[],algH[],verH[])),canonVerH[],p1_6)),skH2[]),decl1_5),framed(OT_ATTEST,algH[],issuerId2[],fp(pk(skH2[])),h(authTuple(issuerId2[],fp(pk(skH2[])),ssetH[],algH[],verH[])),canonVerH[],p1_6)).
Using the function 1-proj-2-tuple the attacker may obtain attemptCore(authTuple(issuerId2[],fp(pk(skH2[])),ssetH[],algH[],verH[]),sign((POSS,authTuple(issuerId2[],fp(pk(skH2[])),ssetH[],algH[],verH[])),skH2[]),sign((BYTES,framed(OT_ATTEST,algH[],issuerId2[],fp(pk(skH2[])),h(authTuple(issuerId2[],fp(pk(skH2[])),ssetH[],algH[],verH[])),canonVerH[],p1_6)),skH2[]),decl1_5).
attacker(attemptCore(authTuple(issuerId2[],fp(pk(skH2[])),ssetH[],algH[],verH[]),sign((POSS,authTuple(issuerId2[],fp(pk(skH2[])),ssetH[],algH[],verH[])),skH2[]),sign((BYTES,framed(OT_ATTEST,algH[],issuerId2[],fp(pk(skH2[])),h(authTuple(issuerId2[],fp(pk(skH2[])),ssetH[],algH[],verH[])),canonVerH[],p1_6)),skH2[]),decl1_5)).

23. By 22, the attacker may know attemptCore(authTuple(issuerId2[],fp(pk(skH2[])),ssetH[],algH[],verH[]),sign((POSS,authTuple(issuerId2[],fp(pk(skH2[])),ssetH[],algH[],verH[])),skH2[]),sign((BYTES,framed(OT_ATTEST,algH[],issuerId2[],fp(pk(skH2[])),h(authTuple(issuerId2[],fp(pk(skH2[])),ssetH[],algH[],verH[])),canonVerH[],p1_6)),skH2[]),decl1_5).
Using the function 2-proj-attemptCore the attacker may obtain sign((POSS,authTuple(issuerId2[],fp(pk(skH2[])),ssetH[],algH[],verH[])),skH2[]).
attacker(sign((POSS,authTuple(issuerId2[],fp(pk(skH2[])),ssetH[],algH[],verH[])),skH2[])).

24. The attacker initially knows verH[].
attacker(verH[]).

25. The attacker initially knows algH[].
attacker(algH[]).

26. The attacker initially knows ssetH[].
attacker(ssetH[]).

27. By 7, the attacker may know pk(skH2[]).
Using the function fp the attacker may obtain fp(pk(skH2[])).
attacker(fp(pk(skH2[]))).

28. The attacker initially knows issuerId2[].
attacker(issuerId2[]).

29. By 28, the attacker may know issuerId2[].
By 27, the attacker may know fp(pk(skH2[])).
By 26, the attacker may know ssetH[].
By 25, the attacker may know algH[].
By 24, the attacker may know verH[].
Using the function authTuple the attacker may obtain authTuple(issuerId2[],fp(pk(skH2[])),ssetH[],algH[],verH[]).
attacker(authTuple(issuerId2[],fp(pk(skH2[])),ssetH[],algH[],verH[])).

30. By 29, the attacker may know authTuple(issuerId2[],fp(pk(skH2[])),ssetH[],algH[],verH[]).
By 23, the attacker may know sign((POSS,authTuple(issuerId2[],fp(pk(skH2[])),ssetH[],algH[],verH[])),skH2[]).
By 17, the attacker may know sign((BYTES,framed(OT_ATTEST,algH[],issuerId2[],fp(pk(skH2[])),h(authTuple(issuerId2[],fp(pk(skH2[])),ssetH[],algH[],verH[])),canonVerH[],p2_5)),skH2[]).
By 12, the attacker may know decl2_4.
Using the function attemptCore the attacker may obtain attemptCore(authTuple(issuerId2[],fp(pk(skH2[])),ssetH[],algH[],verH[]),sign((POSS,authTuple(issuerId2[],fp(pk(skH2[])),ssetH[],algH[],verH[])),skH2[]),sign((BYTES,framed(OT_ATTEST,algH[],issuerId2[],fp(pk(skH2[])),h(authTuple(issuerId2[],fp(pk(skH2[])),ssetH[],algH[],verH[])),canonVerH[],p2_5)),skH2[]),decl2_4).
attacker(attemptCore(authTuple(issuerId2[],fp(pk(skH2[])),ssetH[],algH[],verH[]),sign((POSS,authTuple(issuerId2[],fp(pk(skH2[])),ssetH[],algH[],verH[])),skH2[]),sign((BYTES,framed(OT_ATTEST,algH[],issuerId2[],fp(pk(skH2[])),h(authTuple(issuerId2[],fp(pk(skH2[])),ssetH[],algH[],verH[])),canonVerH[],p2_5)),skH2[]),decl2_4)).

31. The message sign((STMT_DIGEST,h(authTuple(issuerId2[],fp(pk(skH2[])),ssetH[],algH[],verH[]))),skR[]) may be sent to the attacker at output {32}.
attacker(sign((STMT_DIGEST,h(authTuple(issuerId2[],fp(pk(skH2[])),ssetH[],algH[],verH[]))),skR[])).

32. The message sign((STMT_DIGEST,h(authTuple(issuerId2[],fp(pk(skH2[])),ssetH[],algH[],verH[]))),skD[]) may be sent to the attacker at output {20}.
attacker(sign((STMT_DIGEST,h(authTuple(issuerId2[],fp(pk(skH2[])),ssetH[],algH[],verH[]))),skD[])).

33. By 29, the attacker may know authTuple(issuerId2[],fp(pk(skH2[])),ssetH[],algH[],verH[]).
By 32, the attacker may know sign((STMT_DIGEST,h(authTuple(issuerId2[],fp(pk(skH2[])),ssetH[],algH[],verH[]))),skD[]).
By 31, the attacker may know sign((STMT_DIGEST,h(authTuple(issuerId2[],fp(pk(skH2[])),ssetH[],algH[],verH[]))),skR[]).
By 7, the attacker may know pk(skH2[]).
By 30, the attacker may know attemptCore(authTuple(issuerId2[],fp(pk(skH2[])),ssetH[],algH[],verH[]),sign((POSS,authTuple(issuerId2[],fp(pk(skH2[])),ssetH[],algH[],verH[])),skH2[]),sign((BYTES,framed(OT_ATTEST,algH[],issuerId2[],fp(pk(skH2[])),h(authTuple(issuerId2[],fp(pk(skH2[])),ssetH[],algH[],verH[])),canonVerH[],p2_5)),skH2[]),decl2_4).
By 9, the attacker may know fb_2.
By 8, the attacker may know withTLR(pk(skH2[]),sign((TLR,(lineage2(entry(h(attemptCore(authTuple(issuerId2[],fp(pk(skH2[])),ssetH[],algH[],verH[]),sign((POSS,authTuple(issuerId2[],fp(pk(skH2[])),ssetH[],algH[],verH[])),skH2[]),sign((BYTES,framed(OT_ATTEST,algH[],issuerId2[],fp(pk(skH2[])),h(authTuple(issuerId2[],fp(pk(skH2[])),ssetH[],algH[],verH[])),canonVerH[],p1_5)),skH2[]),decl1_4)),DISP_ABANDONED),entry(h(attemptCore(authTuple(issuerId2[],fp(pk(skH2[])),ssetH[],algH[],verH[]),sign((POSS,authTuple(issuerId2[],fp(pk(skH2[])),ssetH[],algH[],verH[])),skH2[]),sign((BYTES,framed(OT_ATTEST,algH[],issuerId2[],fp(pk(skH2[])),h(authTuple(issuerId2[],fp(pk(skH2[])),ssetH[],algH[],verH[])),canonVerH[],p2_5)),skH2[]),decl2_4)),DISP_ABANDONED)),TERM_REFUSED,declT_5)),skH2[]),anchorProof(h(sign((TLR,(lineage2(entry(h(attemptCore(authTuple(issuerId2[],fp(pk(skH2[])),ssetH[],algH[],verH[]),sign((POSS,authTuple(issuerId2[],fp(pk(skH2[])),ssetH[],algH[],verH[])),skH2[]),sign((BYTES,framed(OT_ATTEST,algH[],issuerId2[],fp(pk(skH2[])),h(authTuple(issuerId2[],fp(pk(skH2[])),ssetH[],algH[],verH[])),canonVerH[],p1_5)),skH2[]),decl1_4)),DISP_ABANDONED),entry(h(attemptCore(authTuple(issuerId2[],fp(pk(skH2[])),ssetH[],algH[],verH[]),sign((POSS,authTuple(issuerId2[],fp(pk(skH2[])),ssetH[],algH[],verH[])),skH2[]),sign((BYTES,framed(OT_ATTEST,algH[],issuerId2[],fp(pk(skH2[])),h(authTuple(issuerId2[],fp(pk(skH2[])),ssetH[],algH[],verH[])),canonVerH[],p2_5)),skH2[]),decl2_4)),DISP_ABANDONED)),TERM_REFUSED,declT_5)),skH2[])))).
Using the function 7-tuple the attacker may obtain (authTuple(issuerId2[],fp(pk(skH2[])),ssetH[],algH[],verH[]),sign((STMT_DIGEST,h(authTuple(issuerId2[],fp(pk(skH2[])),ssetH[],algH[],verH[]))),skD[]),sign((STMT_DIGEST,h(authTuple(issuerId2[],fp(pk(skH2[])),ssetH[],algH[],verH[]))),skR[]),pk(skH2[]),attemptCore(authTuple(issuerId2[],fp(pk(skH2[])),ssetH[],algH[],verH[]),sign((POSS,authTuple(issuerId2[],fp(pk(skH2[])),ssetH[],algH[],verH[])),skH2[]),sign((BYTES,framed(OT_ATTEST,algH[],issuerId2[],fp(pk(skH2[])),h(authTuple(issuerId2[],fp(pk(skH2[])),ssetH[],algH[],verH[])),canonVerH[],p2_5)),skH2[]),decl2_4),fb_2,withTLR(pk(skH2[]),sign((TLR,(lineage2(entry(h(attemptCore(authTuple(issuerId2[],fp(pk(skH2[])),ssetH[],algH[],verH[]),sign((POSS,authTuple(issuerId2[],fp(pk(skH2[])),ssetH[],algH[],verH[])),skH2[]),sign((BYTES,framed(OT_ATTEST,algH[],issuerId2[],fp(pk(skH2[])),h(authTuple(issuerId2[],fp(pk(skH2[])),ssetH[],algH[],verH[])),canonVerH[],p1_5)),skH2[]),decl1_4)),DISP_ABANDONED),entry(h(attemptCore(authTuple(issuerId2[],fp(pk(skH2[])),ssetH[],algH[],verH[]),sign((POSS,authTuple(issuerId2[],fp(pk(skH2[])),ssetH[],algH[],verH[])),skH2[]),sign((BYTES,framed(OT_ATTEST,algH[],issuerId2[],fp(pk(skH2[])),h(authTuple(issuerId2[],fp(pk(skH2[])),ssetH[],algH[],verH[])),canonVerH[],p2_5)),skH2[]),decl2_4)),DISP_ABANDONED)),TERM_REFUSED,declT_5)),skH2[]),anchorProof(h(sign((TLR,(lineage2(entry(h(attemptCore(authTuple(issuerId2[],fp(pk(skH2[])),ssetH[],algH[],verH[]),sign((POSS,authTuple(issuerId2[],fp(pk(skH2[])),ssetH[],algH[],verH[])),skH2[]),sign((BYTES,framed(OT_ATTEST,algH[],issuerId2[],fp(pk(skH2[])),h(authTuple(issuerId2[],fp(pk(skH2[])),ssetH[],algH[],verH[])),canonVerH[],p1_5)),skH2[]),decl1_4)),DISP_ABANDONED),entry(h(attemptCore(authTuple(issuerId2[],fp(pk(skH2[])),ssetH[],algH[],verH[]),sign((POSS,authTuple(issuerId2[],fp(pk(skH2[])),ssetH[],algH[],verH[])),skH2[]),sign((BYTES,framed(OT_ATTEST,algH[],issuerId2[],fp(pk(skH2[])),h(authTuple(issuerId2[],fp(pk(skH2[])),ssetH[],algH[],verH[])),canonVerH[],p2_5)),skH2[]),decl2_4)),DISP_ABANDONED)),TERM_REFUSED,declT_5)),skH2[]))))).
attacker((authTuple(issuerId2[],fp(pk(skH2[])),ssetH[],algH[],verH[]),sign((STMT_DIGEST,h(authTuple(issuerId2[],fp(pk(skH2[])),ssetH[],algH[],verH[]))),skD[]),sign((STMT_DIGEST,h(authTuple(issuerId2[],fp(pk(skH2[])),ssetH[],algH[],verH[]))),skR[]),pk(skH2[]),attemptCore(authTuple(issuerId2[],fp(pk(skH2[])),ssetH[],algH[],verH[]),sign((POSS,authTuple(issuerId2[],fp(pk(skH2[])),ssetH[],algH[],verH[])),skH2[]),sign((BYTES,framed(OT_ATTEST,algH[],issuerId2[],fp(pk(skH2[])),h(authTuple(issuerId2[],fp(pk(skH2[])),ssetH[],algH[],verH[])),canonVerH[],p2_5)),skH2[]),decl2_4),fb_2,withTLR(pk(skH2[]),sign((TLR,(lineage2(entry(h(attemptCore(authTuple(issuerId2[],fp(pk(skH2[])),ssetH[],algH[],verH[]),sign((POSS,authTuple(issuerId2[],fp(pk(skH2[])),ssetH[],algH[],verH[])),skH2[]),sign((BYTES,framed(OT_ATTEST,algH[],issuerId2[],fp(pk(skH2[])),h(authTuple(issuerId2[],fp(pk(skH2[])),ssetH[],algH[],verH[])),canonVerH[],p1_5)),skH2[]),decl1_4)),DISP_ABANDONED),entry(h(attemptCore(authTuple(issuerId2[],fp(pk(skH2[])),ssetH[],algH[],verH[]),sign((POSS,authTuple(issuerId2[],fp(pk(skH2[])),ssetH[],algH[],verH[])),skH2[]),sign((BYTES,framed(OT_ATTEST,algH[],issuerId2[],fp(pk(skH2[])),h(authTuple(issuerId2[],fp(pk(skH2[])),ssetH[],algH[],verH[])),canonVerH[],p2_5)),skH2[]),decl2_4)),DISP_ABANDONED)),TERM_REFUSED,declT_5)),skH2[]),anchorProof(h(sign((TLR,(lineage2(entry(h(attemptCore(authTuple(issuerId2[],fp(pk(skH2[])),ssetH[],algH[],verH[]),sign((POSS,authTuple(issuerId2[],fp(pk(skH2[])),ssetH[],algH[],verH[])),skH2[]),sign((BYTES,framed(OT_ATTEST,algH[],issuerId2[],fp(pk(skH2[])),h(authTuple(issuerId2[],fp(pk(skH2[])),ssetH[],algH[],verH[])),canonVerH[],p1_5)),skH2[]),decl1_4)),DISP_ABANDONED),entry(h(attemptCore(authTuple(issuerId2[],fp(pk(skH2[])),ssetH[],algH[],verH[]),sign((POSS,authTuple(issuerId2[],fp(pk(skH2[])),ssetH[],algH[],verH[])),skH2[]),sign((BYTES,framed(OT_ATTEST,algH[],issuerId2[],fp(pk(skH2[])),h(authTuple(issuerId2[],fp(pk(skH2[])),ssetH[],algH[],verH[])),canonVerH[],p2_5)),skH2[]),decl2_4)),DISP_ABANDONED)),TERM_REFUSED,declT_5)),skH2[])))))).

34. The message (authTuple(issuerId2[],fp(pk(skH2[])),ssetH[],algH[],verH[]),sign((STMT_DIGEST,h(authTuple(issuerId2[],fp(pk(skH2[])),ssetH[],algH[],verH[]))),skD[]),sign((STMT_DIGEST,h(authTuple(issuerId2[],fp(pk(skH2[])),ssetH[],algH[],verH[]))),skR[]),pk(skH2[]),attemptCore(authTuple(issuerId2[],fp(pk(skH2[])),ssetH[],algH[],verH[]),sign((POSS,authTuple(issuerId2[],fp(pk(skH2[])),ssetH[],algH[],verH[])),skH2[]),sign((BYTES,framed(OT_ATTEST,algH[],issuerId2[],fp(pk(skH2[])),h(authTuple(issuerId2[],fp(pk(skH2[])),ssetH[],algH[],verH[])),canonVerH[],p2_5)),skH2[]),decl2_4),fb_2,withTLR(pk(skH2[]),sign((TLR,(lineage2(entry(h(attemptCore(authTuple(issuerId2[],fp(pk(skH2[])),ssetH[],algH[],verH[]),sign((POSS,authTuple(issuerId2[],fp(pk(skH2[])),ssetH[],algH[],verH[])),skH2[]),sign((BYTES,framed(OT_ATTEST,algH[],issuerId2[],fp(pk(skH2[])),h(authTuple(issuerId2[],fp(pk(skH2[])),ssetH[],algH[],verH[])),canonVerH[],p1_5)),skH2[]),decl1_4)),DISP_ABANDONED),entry(h(attemptCore(authTuple(issuerId2[],fp(pk(skH2[])),ssetH[],algH[],verH[]),sign((POSS,authTuple(issuerId2[],fp(pk(skH2[])),ssetH[],algH[],verH[])),skH2[]),sign((BYTES,framed(OT_ATTEST,algH[],issuerId2[],fp(pk(skH2[])),h(authTuple(issuerId2[],fp(pk(skH2[])),ssetH[],algH[],verH[])),canonVerH[],p2_5)),skH2[]),decl2_4)),DISP_ABANDONED)),TERM_REFUSED,declT_5)),skH2[]),anchorProof(h(sign((TLR,(lineage2(entry(h(attemptCore(authTuple(issuerId2[],fp(pk(skH2[])),ssetH[],algH[],verH[]),sign((POSS,authTuple(issuerId2[],fp(pk(skH2[])),ssetH[],algH[],verH[])),skH2[]),sign((BYTES,framed(OT_ATTEST,algH[],issuerId2[],fp(pk(skH2[])),h(authTuple(issuerId2[],fp(pk(skH2[])),ssetH[],algH[],verH[])),canonVerH[],p1_5)),skH2[]),decl1_4)),DISP_ABANDONED),entry(h(attemptCore(authTuple(issuerId2[],fp(pk(skH2[])),ssetH[],algH[],verH[]),sign((POSS,authTuple(issuerId2[],fp(pk(skH2[])),ssetH[],algH[],verH[])),skH2[]),sign((BYTES,framed(OT_ATTEST,algH[],issuerId2[],fp(pk(skH2[])),h(authTuple(issuerId2[],fp(pk(skH2[])),ssetH[],algH[],verH[])),canonVerH[],p2_5)),skH2[]),decl2_4)),DISP_ABANDONED)),TERM_REFUSED,declT_5)),skH2[]))))) that the attacker may have by 33 may be received at input {132}.
We have h(attemptCore(authTuple(issuerId2[],fp(pk(skH2[])),ssetH[],algH[],verH[]),sign((POSS,authTuple(issuerId2[],fp(pk(skH2[])),ssetH[],algH[],verH[])),skH2[]),sign((BYTES,framed(OT_ATTEST,algH[],issuerId2[],fp(pk(skH2[])),h(authTuple(issuerId2[],fp(pk(skH2[])),ssetH[],algH[],verH[])),canonVerH[],p1_5)),skH2[]),decl1_4)) ≠ h(attemptCore(authTuple(issuerId2[],fp(pk(skH2[])),ssetH[],algH[],verH[]),sign((POSS,authTuple(issuerId2[],fp(pk(skH2[])),ssetH[],algH[],verH[])),skH2[]),sign((BYTES,framed(OT_ATTEST,algH[],issuerId2[],fp(pk(skH2[])),h(authTuple(issuerId2[],fp(pk(skH2[])),ssetH[],algH[],verH[])),canonVerH[],p2_5)),skH2[]),decl2_4)).
So event StandingReport(ABSENT,ISSUANCE_REFUSED,pk(skH2[]),authTuple(issuerId2[],fp(pk(skH2[])),ssetH[],algH[],verH[]),h(attemptCore(authTuple(issuerId2[],fp(pk(skH2[])),ssetH[],algH[],verH[]),sign((POSS,authTuple(issuerId2[],fp(pk(skH2[])),ssetH[],algH[],verH[])),skH2[]),sign((BYTES,framed(OT_ATTEST,algH[],issuerId2[],fp(pk(skH2[])),h(authTuple(issuerId2[],fp(pk(skH2[])),ssetH[],algH[],verH[])),canonVerH[],p2_5)),skH2[]),decl2_4))) may be executed at {147}.
event(StandingReport(ABSENT,ISSUANCE_REFUSED,pk(skH2[]),authTuple(issuerId2[],fp(pk(skH2[])),ssetH[],algH[],verH[]),h(attemptCore(authTuple(issuerId2[],fp(pk(skH2[])),ssetH[],algH[],verH[]),sign((POSS,authTuple(issuerId2[],fp(pk(skH2[])),ssetH[],algH[],verH[])),skH2[]),sign((BYTES,framed(OT_ATTEST,algH[],issuerId2[],fp(pk(skH2[])),h(authTuple(issuerId2[],fp(pk(skH2[])),ssetH[],algH[],verH[])),canonVerH[],p2_5)),skH2[]),decl2_4)))).

35. By 34, event(StandingReport(ABSENT,ISSUANCE_REFUSED,pk(skH2[]),authTuple(issuerId2[],fp(pk(skH2[])),ssetH[],algH[],verH[]),h(attemptCore(authTuple(issuerId2[],fp(pk(skH2[])),ssetH[],algH[],verH[]),sign((POSS,authTuple(issuerId2[],fp(pk(skH2[])),ssetH[],algH[],verH[])),skH2[]),sign((BYTES,framed(OT_ATTEST,algH[],issuerId2[],fp(pk(skH2[])),h(authTuple(issuerId2[],fp(pk(skH2[])),ssetH[],algH[],verH[])),canonVerH[],p2_5)),skH2[]),decl2_4)))).
The goal is reached, represented in the following fact:
event(StandingReport(ABSENT,ISSUANCE_REFUSED,pk(skH2[]),authTuple(issuerId2[],fp(pk(skH2[])),ssetH[],algH[],verH[]),h(attemptCore(authTuple(issuerId2[],fp(pk(skH2[])),ssetH[],algH[],verH[]),sign((POSS,authTuple(issuerId2[],fp(pk(skH2[])),ssetH[],algH[],verH[])),skH2[]),sign((BYTES,framed(OT_ATTEST,algH[],issuerId2[],fp(pk(skH2[])),h(authTuple(issuerId2[],fp(pk(skH2[])),ssetH[],algH[],verH[])),canonVerH[],p2_5)),skH2[]),decl2_4)))).


A more detailed output of the traces is available with
  set traceDisplay = long.

new skD: skey creating skD_4 at {1}

new skR: skey creating skR_4 at {2}

out(c, ~M) with ~M = pk(skD_4) at {6}

out(c, ~M_1) with ~M_1 = pk(skR_4) at {7}

out(c, ~M_2) with ~M_2 = pk(skH1) at {8}

out(c, ~M_3) with ~M_3 = pk(skH2) at {9}

out(c, authTuple(~M_4,~M_5,~M_6,~M_7,~M_8)) with ~M_4 = issuerId, ~M_5 = fp(pk(skH1)), ~M_6 = ssetH, ~M_7 = algH, ~M_8 = verH at {10}

out(c, authTuple(~M_9,~M_10,~M_11,~M_12,~M_13)) with ~M_9 = issuerId2, ~M_10 = fp(pk(skH2)), ~M_11 = ssetH, ~M_12 = algH, ~M_13 = verH at {11}

out(c, authTuple(~M_14,~M_15,~M_16,~M_17,~M_18)) with ~M_14 = issuerIdAlias, ~M_15 = fp(pk(skH1)), ~M_16 = ssetH, ~M_17 = algH, ~M_18 = verH at {12}

event AuthorityPublishedRepo(authTuple(issuerId2,fp(pk(skH2)),ssetH,algH,verH)) at {31} in copy a

out(c, ~M_19) with ~M_19 = sign((STMT_DIGEST,h(authTuple(issuerId2,fp(pk(skH2)),ssetH,algH,verH))),skR_4) at {32} in copy a

event AuthorityPublishedDNS(authTuple(issuerId2,fp(pk(skH2)),ssetH,algH,verH)) at {19} in copy a_1

out(c, ~M_20) with ~M_20 = sign((STMT_DIGEST,h(authTuple(issuerId2,fp(pk(skH2)),ssetH,algH,verH))),skD_4) at {20} in copy a_1

in(c, (a_2,a_3)) at {86} in copy a_4

new decl1_2: bitstring creating decl1_7 at {87} in copy a_4

new decl2_2: bitstring creating decl2_5 at {88} in copy a_4

new declT_2: bitstring creating declT_6 at {89} in copy a_4

event IssuerPossession(pk(skH2)) at {90} in copy a_4

event IssuerSigned(pk(skH2),framed(OT_ATTEST,algH,issuerId2,fp(pk(skH2)),h(authTuple(issuerId2,fp(pk(skH2)),ssetH,algH,verH)),canonVerH,a_2)) at {95} in copy a_4

out(c, (attemptCore(authTuple(~M_21,~M_22,~M_23,~M_24,~M_25),~M_26,~M_27,~M_28),framed(~M_29,~M_30,~M_31,~M_32,~M_33,~M_34,~M_35))) with ~M_21 = issuerId2, ~M_22 = fp(pk(skH2)), ~M_23 = ssetH, ~M_24 = algH, ~M_25 = verH, ~M_26 = sign((POSS,authTuple(issuerId2,fp(pk(skH2)),ssetH,algH,verH)),skH2), ~M_27 = sign((BYTES,framed(OT_ATTEST,algH,issuerId2,fp(pk(skH2)),h(authTuple(issuerId2,fp(pk(skH2)),ssetH,algH,verH)),canonVerH,a_2)),skH2), ~M_28 = decl1_7, ~M_29 = OT_ATTEST, ~M_30 = algH, ~M_31 = issuerId2, ~M_32 = fp(pk(skH2)), ~M_33 = h(authTuple(issuerId2,fp(pk(skH2)),ssetH,algH,verH)), ~M_34 = canonVerH, ~M_35 = a_2 at {96} in copy a_4

event IssuerSigned(pk(skH2),framed(OT_ATTEST,algH,issuerId2,fp(pk(skH2)),h(authTuple(issuerId2,fp(pk(skH2)),ssetH,algH,verH)),canonVerH,a_3)) at {100} in copy a_4

out(c, (attemptCore(authTuple(~M_36,~M_37,~M_38,~M_39,~M_40),~M_41,~M_42,~M_43),framed(~M_44,~M_45,~M_46,~M_47,~M_48,~M_49,~M_50))) with ~M_36 = issuerId2, ~M_37 = fp(pk(skH2)), ~M_38 = ssetH, ~M_39 = algH, ~M_40 = verH, ~M_41 = sign((POSS,authTuple(issuerId2,fp(pk(skH2)),ssetH,algH,verH)),skH2), ~M_42 = sign((BYTES,framed(OT_ATTEST,algH,issuerId2,fp(pk(skH2)),h(authTuple(issuerId2,fp(pk(skH2)),ssetH,algH,verH)),canonVerH,a_3)),skH2), ~M_43 = decl2_5, ~M_44 = OT_ATTEST, ~M_45 = algH, ~M_46 = issuerId2, ~M_47 = fp(pk(skH2)), ~M_48 = h(authTuple(issuerId2,fp(pk(skH2)),ssetH,algH,verH)), ~M_49 = canonVerH, ~M_50 = a_3 at {101} in copy a_4

event Designated(pk(skH2),h(attemptCore(authTuple(issuerId2,fp(pk(skH2)),ssetH,algH,verH),sign((POSS,authTuple(issuerId2,fp(pk(skH2)),ssetH,algH,verH)),skH2),sign((BYTES,framed(OT_ATTEST,algH,issuerId2,fp(pk(skH2)),h(authTuple(issuerId2,fp(pk(skH2)),ssetH,algH,verH)),canonVerH,a_3)),skH2),decl2_5))) at {104} in copy a_4

out(c, ~M_51) with ~M_51 = sign((TLR,(lineage2(entry(h(attemptCore(authTuple(issuerId2,fp(pk(skH2)),ssetH,algH,verH),sign((POSS,authTuple(issuerId2,fp(pk(skH2)),ssetH,algH,verH)),skH2),sign((BYTES,framed(OT_ATTEST,algH,issuerId2,fp(pk(skH2)),h(authTuple(issuerId2,fp(pk(skH2)),ssetH,algH,verH)),canonVerH,a_2)),skH2),decl1_7)),DISP_ABANDONED),entry(h(attemptCore(authTuple(issuerId2,fp(pk(skH2)),ssetH,algH,verH),sign((POSS,authTuple(issuerId2,fp(pk(skH2)),ssetH,algH,verH)),skH2),sign((BYTES,framed(OT_ATTEST,algH,issuerId2,fp(pk(skH2)),h(authTuple(issuerId2,fp(pk(skH2)),ssetH,algH,verH)),canonVerH,a_3)),skH2),decl2_5)),DISP_SHIPPED)),TERM_SHIPPED(h(attemptCore(authTuple(issuerId2,fp(pk(skH2)),ssetH,algH,verH),sign((POSS,authTuple(issuerId2,fp(pk(skH2)),ssetH,algH,verH)),skH2),sign((BYTES,framed(OT_ATTEST,algH,issuerId2,fp(pk(skH2)),h(authTuple(issuerId2,fp(pk(skH2)),ssetH,algH,verH)),canonVerH,a_3)),skH2),decl2_5))),declT_6)),skH2) at {107} in copy a_4

in(c, (a_5,a_6)) at {86} in copy a_7

new decl1_2: bitstring creating decl1_8 at {87} in copy a_7

new decl2_2: bitstring creating decl2_6 at {88} in copy a_7

new declT_2: bitstring creating declT_7 at {89} in copy a_7

event IssuerPossession(pk(skH2)) at {90} in copy a_7

event IssuerSigned(pk(skH2),framed(OT_ATTEST,algH,issuerId2,fp(pk(skH2)),h(authTuple(issuerId2,fp(pk(skH2)),ssetH,algH,verH)),canonVerH,a_5)) at {95} in copy a_7

out(c, (attemptCore(authTuple(~M_52,~M_53,~M_54,~M_55,~M_56),~M_57,~M_58,~M_59),framed(~M_60,~M_61,~M_62,~M_63,~M_64,~M_65,~M_66))) with ~M_52 = issuerId2, ~M_53 = fp(pk(skH2)), ~M_54 = ssetH, ~M_55 = algH, ~M_56 = verH, ~M_57 = sign((POSS,authTuple(issuerId2,fp(pk(skH2)),ssetH,algH,verH)),skH2), ~M_58 = sign((BYTES,framed(OT_ATTEST,algH,issuerId2,fp(pk(skH2)),h(authTuple(issuerId2,fp(pk(skH2)),ssetH,algH,verH)),canonVerH,a_5)),skH2), ~M_59 = decl1_8, ~M_60 = OT_ATTEST, ~M_61 = algH, ~M_62 = issuerId2, ~M_63 = fp(pk(skH2)), ~M_64 = h(authTuple(issuerId2,fp(pk(skH2)),ssetH,algH,verH)), ~M_65 = canonVerH, ~M_66 = a_5 at {96} in copy a_7

event IssuerSigned(pk(skH2),framed(OT_ATTEST,algH,issuerId2,fp(pk(skH2)),h(authTuple(issuerId2,fp(pk(skH2)),ssetH,algH,verH)),canonVerH,a_6)) at {100} in copy a_7

out(c, (attemptCore(authTuple(~M_67,~M_68,~M_69,~M_70,~M_71),~M_72,~M_73,~M_74),framed(~M_75,~M_76,~M_77,~M_78,~M_79,~M_80,~M_81))) with ~M_67 = issuerId2, ~M_68 = fp(pk(skH2)), ~M_69 = ssetH, ~M_70 = algH, ~M_71 = verH, ~M_72 = sign((POSS,authTuple(issuerId2,fp(pk(skH2)),ssetH,algH,verH)),skH2), ~M_73 = sign((BYTES,framed(OT_ATTEST,algH,issuerId2,fp(pk(skH2)),h(authTuple(issuerId2,fp(pk(skH2)),ssetH,algH,verH)),canonVerH,a_6)),skH2), ~M_74 = decl2_6, ~M_75 = OT_ATTEST, ~M_76 = algH, ~M_77 = issuerId2, ~M_78 = fp(pk(skH2)), ~M_79 = h(authTuple(issuerId2,fp(pk(skH2)),ssetH,algH,verH)), ~M_80 = canonVerH, ~M_81 = a_6 at {101} in copy a_7

event Designated(pk(skH2),h(attemptCore(authTuple(issuerId2,fp(pk(skH2)),ssetH,algH,verH),sign((POSS,authTuple(issuerId2,fp(pk(skH2)),ssetH,algH,verH)),skH2),sign((BYTES,framed(OT_ATTEST,algH,issuerId2,fp(pk(skH2)),h(authTuple(issuerId2,fp(pk(skH2)),ssetH,algH,verH)),canonVerH,a_6)),skH2),decl2_6))) at {104} in copy a_7

out(c, ~M_82) with ~M_82 = sign((TLR,(lineage2(entry(h(attemptCore(authTuple(issuerId2,fp(pk(skH2)),ssetH,algH,verH),sign((POSS,authTuple(issuerId2,fp(pk(skH2)),ssetH,algH,verH)),skH2),sign((BYTES,framed(OT_ATTEST,algH,issuerId2,fp(pk(skH2)),h(authTuple(issuerId2,fp(pk(skH2)),ssetH,algH,verH)),canonVerH,a_5)),skH2),decl1_8)),DISP_ABANDONED),entry(h(attemptCore(authTuple(issuerId2,fp(pk(skH2)),ssetH,algH,verH),sign((POSS,authTuple(issuerId2,fp(pk(skH2)),ssetH,algH,verH)),skH2),sign((BYTES,framed(OT_ATTEST,algH,issuerId2,fp(pk(skH2)),h(authTuple(issuerId2,fp(pk(skH2)),ssetH,algH,verH)),canonVerH,a_6)),skH2),decl2_6)),DISP_SHIPPED)),TERM_SHIPPED(h(attemptCore(authTuple(issuerId2,fp(pk(skH2)),ssetH,algH,verH),sign((POSS,authTuple(issuerId2,fp(pk(skH2)),ssetH,algH,verH)),skH2),sign((BYTES,framed(OT_ATTEST,algH,issuerId2,fp(pk(skH2)),h(authTuple(issuerId2,fp(pk(skH2)),ssetH,algH,verH)),canonVerH,a_6)),skH2),decl2_6))),declT_7)),skH2) at {107} in copy a_7

in(c, (a_8,a_5)) at {111} in copy a_9

new decl1_3: bitstring creating decl1_9 at {112} in copy a_9

new decl2_3: bitstring creating decl2_7 at {113} in copy a_9

new declT_3: bitstring creating declT_8 at {114} in copy a_9

event IssuerPossession(pk(skH2)) at {115} in copy a_9

event IssuerSigned(pk(skH2),framed(OT_ATTEST,algH,issuerId2,fp(pk(skH2)),h(authTuple(issuerId2,fp(pk(skH2)),ssetH,algH,verH)),canonVerH,a_8)) at {120} in copy a_9

out(c, (attemptCore(authTuple(~M_83,~M_84,~M_85,~M_86,~M_87),~M_88,~M_89,~M_90),framed(~M_91,~M_92,~M_93,~M_94,~M_95,~M_96,~M_97))) with ~M_83 = issuerId2, ~M_84 = fp(pk(skH2)), ~M_85 = ssetH, ~M_86 = algH, ~M_87 = verH, ~M_88 = sign((POSS,authTuple(issuerId2,fp(pk(skH2)),ssetH,algH,verH)),skH2), ~M_89 = sign((BYTES,framed(OT_ATTEST,algH,issuerId2,fp(pk(skH2)),h(authTuple(issuerId2,fp(pk(skH2)),ssetH,algH,verH)),canonVerH,a_8)),skH2), ~M_90 = decl1_9, ~M_91 = OT_ATTEST, ~M_92 = algH, ~M_93 = issuerId2, ~M_94 = fp(pk(skH2)), ~M_95 = h(authTuple(issuerId2,fp(pk(skH2)),ssetH,algH,verH)), ~M_96 = canonVerH, ~M_97 = a_8 at {121} in copy a_9

event IssuerSigned(pk(skH2),framed(OT_ATTEST,algH,issuerId2,fp(pk(skH2)),h(authTuple(issuerId2,fp(pk(skH2)),ssetH,algH,verH)),canonVerH,a_5)) at {125} in copy a_9

out(c, (attemptCore(authTuple(~M_98,~M_99,~M_100,~M_101,~M_102),~M_103,~M_104,~M_105),framed(~M_106,~M_107,~M_108,~M_109,~M_110,~M_111,~M_112))) with ~M_98 = issuerId2, ~M_99 = fp(pk(skH2)), ~M_100 = ssetH, ~M_101 = algH, ~M_102 = verH, ~M_103 = sign((POSS,authTuple(issuerId2,fp(pk(skH2)),ssetH,algH,verH)),skH2), ~M_104 = sign((BYTES,framed(OT_ATTEST,algH,issuerId2,fp(pk(skH2)),h(authTuple(issuerId2,fp(pk(skH2)),ssetH,algH,verH)),canonVerH,a_5)),skH2), ~M_105 = decl2_7, ~M_106 = OT_ATTEST, ~M_107 = algH, ~M_108 = issuerId2, ~M_109 = fp(pk(skH2)), ~M_110 = h(authTuple(issuerId2,fp(pk(skH2)),ssetH,algH,verH)), ~M_111 = canonVerH, ~M_112 = a_5 at {126} in copy a_9

out(c, ~M_113) with ~M_113 = sign((TLR,(lineage2(entry(h(attemptCore(authTuple(issuerId2,fp(pk(skH2)),ssetH,algH,verH),sign((POSS,authTuple(issuerId2,fp(pk(skH2)),ssetH,algH,verH)),skH2),sign((BYTES,framed(OT_ATTEST,algH,issuerId2,fp(pk(skH2)),h(authTuple(issuerId2,fp(pk(skH2)),ssetH,algH,verH)),canonVerH,a_8)),skH2),decl1_9)),DISP_ABANDONED),entry(h(attemptCore(authTuple(issuerId2,fp(pk(skH2)),ssetH,algH,verH),sign((POSS,authTuple(issuerId2,fp(pk(skH2)),ssetH,algH,verH)),skH2),sign((BYTES,framed(OT_ATTEST,algH,issuerId2,fp(pk(skH2)),h(authTuple(issuerId2,fp(pk(skH2)),ssetH,algH,verH)),canonVerH,a_5)),skH2),decl2_7)),DISP_ABANDONED)),TERM_REFUSED,declT_8)),skH2) at {128} in copy a_9

in(c, (authTuple(issuerId2,fp(~M_3),ssetH,algH,verH),~M_20,~M_19,~M_3,attemptCore(authTuple(issuerId2,fp(~M_3),ssetH,algH,verH),~M_26,~M_58,~M_105),a_10,withTLR(~M_3,~M_113,anchorProof(h(~M_113))))) with fp(~M_3) = fp(pk(skH2)), ~M_20 = sign((STMT_DIGEST,h(authTuple(issuerId2,fp(pk(skH2)),ssetH,algH,verH))),skD_4), ~M_19 = sign((STMT_DIGEST,h(authTuple(issuerId2,fp(pk(skH2)),ssetH,algH,verH))),skR_4), ~M_3 = pk(skH2), fp(~M_3) = fp(pk(skH2)), ~M_26 = sign((POSS,authTuple(issuerId2,fp(pk(skH2)),ssetH,algH,verH)),skH2), ~M_58 = sign((BYTES,framed(OT_ATTEST,algH,issuerId2,fp(pk(skH2)),h(authTuple(issuerId2,fp(pk(skH2)),ssetH,algH,verH)),canonVerH,a_5)),skH2), ~M_105 = decl2_7, ~M_3 = pk(skH2), ~M_113 = sign((TLR,(lineage2(entry(h(attemptCore(authTuple(issuerId2,fp(pk(skH2)),ssetH,algH,verH),sign((POSS,authTuple(issuerId2,fp(pk(skH2)),ssetH,algH,verH)),skH2),sign((BYTES,framed(OT_ATTEST,algH,issuerId2,fp(pk(skH2)),h(authTuple(issuerId2,fp(pk(skH2)),ssetH,algH,verH)),canonVerH,a_8)),skH2),decl1_9)),DISP_ABANDONED),entry(h(attemptCore(authTuple(issuerId2,fp(pk(skH2)),ssetH,algH,verH),sign((POSS,authTuple(issuerId2,fp(pk(skH2)),ssetH,algH,verH)),skH2),sign((BYTES,framed(OT_ATTEST,algH,issuerId2,fp(pk(skH2)),h(authTuple(issuerId2,fp(pk(skH2)),ssetH,algH,verH)),canonVerH,a_5)),skH2),decl2_7)),DISP_ABANDONED)),TERM_REFUSED,declT_8)),skH2), h(~M_113) = h(sign((TLR,(lineage2(entry(h(attemptCore(authTuple(issuerId2,fp(pk(skH2)),ssetH,algH,verH),sign((POSS,authTuple(issuerId2,fp(pk(skH2)),ssetH,algH,verH)),skH2),sign((BYTES,framed(OT_ATTEST,algH,issuerId2,fp(pk(skH2)),h(authTuple(issuerId2,fp(pk(skH2)),ssetH,algH,verH)),canonVerH,a_8)),skH2),decl1_9)),DISP_ABANDONED),entry(h(attemptCore(authTuple(issuerId2,fp(pk(skH2)),ssetH,algH,verH),sign((POSS,authTuple(issuerId2,fp(pk(skH2)),ssetH,algH,verH)),skH2),sign((BYTES,framed(OT_ATTEST,algH,issuerId2,fp(pk(skH2)),h(authTuple(issuerId2,fp(pk(skH2)),ssetH,algH,verH)),canonVerH,a_5)),skH2),decl2_7)),DISP_ABANDONED)),TERM_REFUSED,declT_8)),skH2)) at {132} in copy a_11

event StandingReport(ABSENT,ISSUANCE_REFUSED,pk(skH2),authTuple(issuerId2,fp(pk(skH2)),ssetH,algH,verH),h(attemptCore(authTuple(issuerId2,fp(pk(skH2)),ssetH,algH,verH),sign((POSS,authTuple(issuerId2,fp(pk(skH2)),ssetH,algH,verH)),skH2),sign((BYTES,framed(OT_ATTEST,algH,issuerId2,fp(pk(skH2)),h(authTuple(issuerId2,fp(pk(skH2)),ssetH,algH,verH)),canonVerH,a_5)),skH2),decl2_7))) at {147} in copy a_11 (goal)

The event StandingReport(ABSENT,ISSUANCE_REFUSED,pk(skH2),authTuple(issuerId2,fp(pk(skH2)),ssetH,algH,verH),h(attemptCore(authTuple(issuerId2,fp(pk(skH2)),ssetH,algH,verH),sign((POSS,authTuple(issuerId2,fp(pk(skH2)),ssetH,algH,verH)),skH2),sign((BYTES,framed(OT_ATTEST,algH,issuerId2,fp(pk(skH2)),h(authTuple(issuerId2,fp(pk(skH2)),ssetH,algH,verH)),canonVerH,a_5)),skH2),decl2_7))) is executed at {147} in copy a_11.
A trace has been found.
RESULT not event(StandingReport(ABSENT,ISSUANCE_REFUSED,k,t_3,a)) is false.
-- Query not event(StandingReport(ABSENT,STANDING_EVIDENCE_MISMATCH,k,t_3,a)) in process 1.
Translating the process into Horn clauses...
Completing...
200 rules inserted. Base: 167 rules (95 with conclusion selected). Queue: 76 rules.
400 rules inserted. Base: 234 rules (99 with conclusion selected). Queue: 99 rules.
600 rules inserted. Base: 309 rules (109 with conclusion selected). Queue: 107 rules.
800 rules inserted. Base: 368 rules (115 with conclusion selected). Queue: 82 rules.
Starting query not event(StandingReport(ABSENT,STANDING_EVIDENCE_MISMATCH,k,t_3,a))
goal reachable: attacker(core_2) -> event(StandingReport(ABSENT,STANDING_EVIDENCE_MISMATCH,pk(skH2[]),authTuple(issuerId2[],fp(pk(skH2[])),ssetH[],algH[],verH[]),h(core_2)))

Derivation:
Abbreviations:
decl1_4 = decl1_2[p2_2 = p2_5,p1_2 = p1_5,!1 = @sid]
decl2_4 = decl2_2[p2_2 = p2_5,p1_2 = p1_5,!1 = @sid]
declT_5 = declT_2[p2_2 = p2_5,p1_2 = p1_5,!1 = @sid]

1. The attacker has some term p2_5.
attacker(p2_5).

2. The attacker has some term p1_5.
attacker(p1_5).

3. By 2, the attacker may know p1_5.
By 1, the attacker may know p2_5.
Using the function 2-tuple the attacker may obtain (p1_5,p2_5).
attacker((p1_5,p2_5)).

4. The message (p1_5,p2_5) that the attacker may have by 3 may be received at input {86}.
So the message sign((TLR,(lineage2(entry(h(attemptCore(authTuple(issuerId2[],fp(pk(skH2[])),ssetH[],algH[],verH[]),sign((POSS,authTuple(issuerId2[],fp(pk(skH2[])),ssetH[],algH[],verH[])),skH2[]),sign((BYTES,framed(OT_ATTEST,algH[],issuerId2[],fp(pk(skH2[])),h(authTuple(issuerId2[],fp(pk(skH2[])),ssetH[],algH[],verH[])),canonVerH[],p1_5)),skH2[]),decl1_4)),DISP_ABANDONED),entry(h(attemptCore(authTuple(issuerId2[],fp(pk(skH2[])),ssetH[],algH[],verH[]),sign((POSS,authTuple(issuerId2[],fp(pk(skH2[])),ssetH[],algH[],verH[])),skH2[]),sign((BYTES,framed(OT_ATTEST,algH[],issuerId2[],fp(pk(skH2[])),h(authTuple(issuerId2[],fp(pk(skH2[])),ssetH[],algH[],verH[])),canonVerH[],p2_5)),skH2[]),decl2_4)),DISP_SHIPPED)),TERM_SHIPPED(h(attemptCore(authTuple(issuerId2[],fp(pk(skH2[])),ssetH[],algH[],verH[]),sign((POSS,authTuple(issuerId2[],fp(pk(skH2[])),ssetH[],algH[],verH[])),skH2[]),sign((BYTES,framed(OT_ATTEST,algH[],issuerId2[],fp(pk(skH2[])),h(authTuple(issuerId2[],fp(pk(skH2[])),ssetH[],algH[],verH[])),canonVerH[],p2_5)),skH2[]),decl2_4))),declT_5)),skH2[]) may be sent to the attacker at output {107}.
attacker(sign((TLR,(lineage2(entry(h(attemptCore(authTuple(issuerId2[],fp(pk(skH2[])),ssetH[],algH[],verH[]),sign((POSS,authTuple(issuerId2[],fp(pk(skH2[])),ssetH[],algH[],verH[])),skH2[]),sign((BYTES,framed(OT_ATTEST,algH[],issuerId2[],fp(pk(skH2[])),h(authTuple(issuerId2[],fp(pk(skH2[])),ssetH[],algH[],verH[])),canonVerH[],p1_5)),skH2[]),decl1_4)),DISP_ABANDONED),entry(h(attemptCore(authTuple(issuerId2[],fp(pk(skH2[])),ssetH[],algH[],verH[]),sign((POSS,authTuple(issuerId2[],fp(pk(skH2[])),ssetH[],algH[],verH[])),skH2[]),sign((BYTES,framed(OT_ATTEST,algH[],issuerId2[],fp(pk(skH2[])),h(authTuple(issuerId2[],fp(pk(skH2[])),ssetH[],algH[],verH[])),canonVerH[],p2_5)),skH2[]),decl2_4)),DISP_SHIPPED)),TERM_SHIPPED(h(attemptCore(authTuple(issuerId2[],fp(pk(skH2[])),ssetH[],algH[],verH[]),sign((POSS,authTuple(issuerId2[],fp(pk(skH2[])),ssetH[],algH[],verH[])),skH2[]),sign((BYTES,framed(OT_ATTEST,algH[],issuerId2[],fp(pk(skH2[])),h(authTuple(issuerId2[],fp(pk(skH2[])),ssetH[],algH[],verH[])),canonVerH[],p2_5)),skH2[]),decl2_4))),declT_5)),skH2[])).

5. By 4, the attacker may know sign((TLR,(lineage2(entry(h(attemptCore(authTuple(issuerId2[],fp(pk(skH2[])),ssetH[],algH[],verH[]),sign((POSS,authTuple(issuerId2[],fp(pk(skH2[])),ssetH[],algH[],verH[])),skH2[]),sign((BYTES,framed(OT_ATTEST,algH[],issuerId2[],fp(pk(skH2[])),h(authTuple(issuerId2[],fp(pk(skH2[])),ssetH[],algH[],verH[])),canonVerH[],p1_5)),skH2[]),decl1_4)),DISP_ABANDONED),entry(h(attemptCore(authTuple(issuerId2[],fp(pk(skH2[])),ssetH[],algH[],verH[]),sign((POSS,authTuple(issuerId2[],fp(pk(skH2[])),ssetH[],algH[],verH[])),skH2[]),sign((BYTES,framed(OT_ATTEST,algH[],issuerId2[],fp(pk(skH2[])),h(authTuple(issuerId2[],fp(pk(skH2[])),ssetH[],algH[],verH[])),canonVerH[],p2_5)),skH2[]),decl2_4)),DISP_SHIPPED)),TERM_SHIPPED(h(attemptCore(authTuple(issuerId2[],fp(pk(skH2[])),ssetH[],algH[],verH[]),sign((POSS,authTuple(issuerId2[],fp(pk(skH2[])),ssetH[],algH[],verH[])),skH2[]),sign((BYTES,framed(OT_ATTEST,algH[],issuerId2[],fp(pk(skH2[])),h(authTuple(issuerId2[],fp(pk(skH2[])),ssetH[],algH[],verH[])),canonVerH[],p2_5)),skH2[]),decl2_4))),declT_5)),skH2[]).
Using the function h the attacker may obtain h(sign((TLR,(lineage2(entry(h(attemptCore(authTuple(issuerId2[],fp(pk(skH2[])),ssetH[],algH[],verH[]),sign((POSS,authTuple(issuerId2[],fp(pk(skH2[])),ssetH[],algH[],verH[])),skH2[]),sign((BYTES,framed(OT_ATTEST,algH[],issuerId2[],fp(pk(skH2[])),h(authTuple(issuerId2[],fp(pk(skH2[])),ssetH[],algH[],verH[])),canonVerH[],p1_5)),skH2[]),decl1_4)),DISP_ABANDONED),entry(h(attemptCore(authTuple(issuerId2[],fp(pk(skH2[])),ssetH[],algH[],verH[]),sign((POSS,authTuple(issuerId2[],fp(pk(skH2[])),ssetH[],algH[],verH[])),skH2[]),sign((BYTES,framed(OT_ATTEST,algH[],issuerId2[],fp(pk(skH2[])),h(authTuple(issuerId2[],fp(pk(skH2[])),ssetH[],algH[],verH[])),canonVerH[],p2_5)),skH2[]),decl2_4)),DISP_SHIPPED)),TERM_SHIPPED(h(attemptCore(authTuple(issuerId2[],fp(pk(skH2[])),ssetH[],algH[],verH[]),sign((POSS,authTuple(issuerId2[],fp(pk(skH2[])),ssetH[],algH[],verH[])),skH2[]),sign((BYTES,framed(OT_ATTEST,algH[],issuerId2[],fp(pk(skH2[])),h(authTuple(issuerId2[],fp(pk(skH2[])),ssetH[],algH[],verH[])),canonVerH[],p2_5)),skH2[]),decl2_4))),declT_5)),skH2[])).
attacker(h(sign((TLR,(lineage2(entry(h(attemptCore(authTuple(issuerId2[],fp(pk(skH2[])),ssetH[],algH[],verH[]),sign((POSS,authTuple(issuerId2[],fp(pk(skH2[])),ssetH[],algH[],verH[])),skH2[]),sign((BYTES,framed(OT_ATTEST,algH[],issuerId2[],fp(pk(skH2[])),h(authTuple(issuerId2[],fp(pk(skH2[])),ssetH[],algH[],verH[])),canonVerH[],p1_5)),skH2[]),decl1_4)),DISP_ABANDONED),entry(h(attemptCore(authTuple(issuerId2[],fp(pk(skH2[])),ssetH[],algH[],verH[]),sign((POSS,authTuple(issuerId2[],fp(pk(skH2[])),ssetH[],algH[],verH[])),skH2[]),sign((BYTES,framed(OT_ATTEST,algH[],issuerId2[],fp(pk(skH2[])),h(authTuple(issuerId2[],fp(pk(skH2[])),ssetH[],algH[],verH[])),canonVerH[],p2_5)),skH2[]),decl2_4)),DISP_SHIPPED)),TERM_SHIPPED(h(attemptCore(authTuple(issuerId2[],fp(pk(skH2[])),ssetH[],algH[],verH[]),sign((POSS,authTuple(issuerId2[],fp(pk(skH2[])),ssetH[],algH[],verH[])),skH2[]),sign((BYTES,framed(OT_ATTEST,algH[],issuerId2[],fp(pk(skH2[])),h(authTuple(issuerId2[],fp(pk(skH2[])),ssetH[],algH[],verH[])),canonVerH[],p2_5)),skH2[]),decl2_4))),declT_5)),skH2[]))).

6. By 5, the attacker may know h(sign((TLR,(lineage2(entry(h(attemptCore(authTuple(issuerId2[],fp(pk(skH2[])),ssetH[],algH[],verH[]),sign((POSS,authTuple(issuerId2[],fp(pk(skH2[])),ssetH[],algH[],verH[])),skH2[]),sign((BYTES,framed(OT_ATTEST,algH[],issuerId2[],fp(pk(skH2[])),h(authTuple(issuerId2[],fp(pk(skH2[])),ssetH[],algH[],verH[])),canonVerH[],p1_5)),skH2[]),decl1_4)),DISP_ABANDONED),entry(h(attemptCore(authTuple(issuerId2[],fp(pk(skH2[])),ssetH[],algH[],verH[]),sign((POSS,authTuple(issuerId2[],fp(pk(skH2[])),ssetH[],algH[],verH[])),skH2[]),sign((BYTES,framed(OT_ATTEST,algH[],issuerId2[],fp(pk(skH2[])),h(authTuple(issuerId2[],fp(pk(skH2[])),ssetH[],algH[],verH[])),canonVerH[],p2_5)),skH2[]),decl2_4)),DISP_SHIPPED)),TERM_SHIPPED(h(attemptCore(authTuple(issuerId2[],fp(pk(skH2[])),ssetH[],algH[],verH[]),sign((POSS,authTuple(issuerId2[],fp(pk(skH2[])),ssetH[],algH[],verH[])),skH2[]),sign((BYTES,framed(OT_ATTEST,algH[],issuerId2[],fp(pk(skH2[])),h(authTuple(issuerId2[],fp(pk(skH2[])),ssetH[],algH[],verH[])),canonVerH[],p2_5)),skH2[]),decl2_4))),declT_5)),skH2[])).
Using the function anchorProof the attacker may obtain anchorProof(h(sign((TLR,(lineage2(entry(h(attemptCore(authTuple(issuerId2[],fp(pk(skH2[])),ssetH[],algH[],verH[]),sign((POSS,authTuple(issuerId2[],fp(pk(skH2[])),ssetH[],algH[],verH[])),skH2[]),sign((BYTES,framed(OT_ATTEST,algH[],issuerId2[],fp(pk(skH2[])),h(authTuple(issuerId2[],fp(pk(skH2[])),ssetH[],algH[],verH[])),canonVerH[],p1_5)),skH2[]),decl1_4)),DISP_ABANDONED),entry(h(attemptCore(authTuple(issuerId2[],fp(pk(skH2[])),ssetH[],algH[],verH[]),sign((POSS,authTuple(issuerId2[],fp(pk(skH2[])),ssetH[],algH[],verH[])),skH2[]),sign((BYTES,framed(OT_ATTEST,algH[],issuerId2[],fp(pk(skH2[])),h(authTuple(issuerId2[],fp(pk(skH2[])),ssetH[],algH[],verH[])),canonVerH[],p2_5)),skH2[]),decl2_4)),DISP_SHIPPED)),TERM_SHIPPED(h(attemptCore(authTuple(issuerId2[],fp(pk(skH2[])),ssetH[],algH[],verH[]),sign((POSS,authTuple(issuerId2[],fp(pk(skH2[])),ssetH[],algH[],verH[])),skH2[]),sign((BYTES,framed(OT_ATTEST,algH[],issuerId2[],fp(pk(skH2[])),h(authTuple(issuerId2[],fp(pk(skH2[])),ssetH[],algH[],verH[])),canonVerH[],p2_5)),skH2[]),decl2_4))),declT_5)),skH2[]))).
attacker(anchorProof(h(sign((TLR,(lineage2(entry(h(attemptCore(authTuple(issuerId2[],fp(pk(skH2[])),ssetH[],algH[],verH[]),sign((POSS,authTuple(issuerId2[],fp(pk(skH2[])),ssetH[],algH[],verH[])),skH2[]),sign((BYTES,framed(OT_ATTEST,algH[],issuerId2[],fp(pk(skH2[])),h(authTuple(issuerId2[],fp(pk(skH2[])),ssetH[],algH[],verH[])),canonVerH[],p1_5)),skH2[]),decl1_4)),DISP_ABANDONED),entry(h(attemptCore(authTuple(issuerId2[],fp(pk(skH2[])),ssetH[],algH[],verH[]),sign((POSS,authTuple(issuerId2[],fp(pk(skH2[])),ssetH[],algH[],verH[])),skH2[]),sign((BYTES,framed(OT_ATTEST,algH[],issuerId2[],fp(pk(skH2[])),h(authTuple(issuerId2[],fp(pk(skH2[])),ssetH[],algH[],verH[])),canonVerH[],p2_5)),skH2[]),decl2_4)),DISP_SHIPPED)),TERM_SHIPPED(h(attemptCore(authTuple(issuerId2[],fp(pk(skH2[])),ssetH[],algH[],verH[]),sign((POSS,authTuple(issuerId2[],fp(pk(skH2[])),ssetH[],algH[],verH[])),skH2[]),sign((BYTES,framed(OT_ATTEST,algH[],issuerId2[],fp(pk(skH2[])),h(authTuple(issuerId2[],fp(pk(skH2[])),ssetH[],algH[],verH[])),canonVerH[],p2_5)),skH2[]),decl2_4))),declT_5)),skH2[])))).

7. The message pk(skH2[]) may be sent to the attacker at output {9}.
attacker(pk(skH2[])).

8. By 7, the attacker may know pk(skH2[]).
By 4, the attacker may know sign((TLR,(lineage2(entry(h(attemptCore(authTuple(issuerId2[],fp(pk(skH2[])),ssetH[],algH[],verH[]),sign((POSS,authTuple(issuerId2[],fp(pk(skH2[])),ssetH[],algH[],verH[])),skH2[]),sign((BYTES,framed(OT_ATTEST,algH[],issuerId2[],fp(pk(skH2[])),h(authTuple(issuerId2[],fp(pk(skH2[])),ssetH[],algH[],verH[])),canonVerH[],p1_5)),skH2[]),decl1_4)),DISP_ABANDONED),entry(h(attemptCore(authTuple(issuerId2[],fp(pk(skH2[])),ssetH[],algH[],verH[]),sign((POSS,authTuple(issuerId2[],fp(pk(skH2[])),ssetH[],algH[],verH[])),skH2[]),sign((BYTES,framed(OT_ATTEST,algH[],issuerId2[],fp(pk(skH2[])),h(authTuple(issuerId2[],fp(pk(skH2[])),ssetH[],algH[],verH[])),canonVerH[],p2_5)),skH2[]),decl2_4)),DISP_SHIPPED)),TERM_SHIPPED(h(attemptCore(authTuple(issuerId2[],fp(pk(skH2[])),ssetH[],algH[],verH[]),sign((POSS,authTuple(issuerId2[],fp(pk(skH2[])),ssetH[],algH[],verH[])),skH2[]),sign((BYTES,framed(OT_ATTEST,algH[],issuerId2[],fp(pk(skH2[])),h(authTuple(issuerId2[],fp(pk(skH2[])),ssetH[],algH[],verH[])),canonVerH[],p2_5)),skH2[]),decl2_4))),declT_5)),skH2[]).
By 6, the attacker may know anchorProof(h(sign((TLR,(lineage2(entry(h(attemptCore(authTuple(issuerId2[],fp(pk(skH2[])),ssetH[],algH[],verH[]),sign((POSS,authTuple(issuerId2[],fp(pk(skH2[])),ssetH[],algH[],verH[])),skH2[]),sign((BYTES,framed(OT_ATTEST,algH[],issuerId2[],fp(pk(skH2[])),h(authTuple(issuerId2[],fp(pk(skH2[])),ssetH[],algH[],verH[])),canonVerH[],p1_5)),skH2[]),decl1_4)),DISP_ABANDONED),entry(h(attemptCore(authTuple(issuerId2[],fp(pk(skH2[])),ssetH[],algH[],verH[]),sign((POSS,authTuple(issuerId2[],fp(pk(skH2[])),ssetH[],algH[],verH[])),skH2[]),sign((BYTES,framed(OT_ATTEST,algH[],issuerId2[],fp(pk(skH2[])),h(authTuple(issuerId2[],fp(pk(skH2[])),ssetH[],algH[],verH[])),canonVerH[],p2_5)),skH2[]),decl2_4)),DISP_SHIPPED)),TERM_SHIPPED(h(attemptCore(authTuple(issuerId2[],fp(pk(skH2[])),ssetH[],algH[],verH[]),sign((POSS,authTuple(issuerId2[],fp(pk(skH2[])),ssetH[],algH[],verH[])),skH2[]),sign((BYTES,framed(OT_ATTEST,algH[],issuerId2[],fp(pk(skH2[])),h(authTuple(issuerId2[],fp(pk(skH2[])),ssetH[],algH[],verH[])),canonVerH[],p2_5)),skH2[]),decl2_4))),declT_5)),skH2[]))).
Using the function withTLR the attacker may obtain withTLR(pk(skH2[]),sign((TLR,(lineage2(entry(h(attemptCore(authTuple(issuerId2[],fp(pk(skH2[])),ssetH[],algH[],verH[]),sign((POSS,authTuple(issuerId2[],fp(pk(skH2[])),ssetH[],algH[],verH[])),skH2[]),sign((BYTES,framed(OT_ATTEST,algH[],issuerId2[],fp(pk(skH2[])),h(authTuple(issuerId2[],fp(pk(skH2[])),ssetH[],algH[],verH[])),canonVerH[],p1_5)),skH2[]),decl1_4)),DISP_ABANDONED),entry(h(attemptCore(authTuple(issuerId2[],fp(pk(skH2[])),ssetH[],algH[],verH[]),sign((POSS,authTuple(issuerId2[],fp(pk(skH2[])),ssetH[],algH[],verH[])),skH2[]),sign((BYTES,framed(OT_ATTEST,algH[],issuerId2[],fp(pk(skH2[])),h(authTuple(issuerId2[],fp(pk(skH2[])),ssetH[],algH[],verH[])),canonVerH[],p2_5)),skH2[]),decl2_4)),DISP_SHIPPED)),TERM_SHIPPED(h(attemptCore(authTuple(issuerId2[],fp(pk(skH2[])),ssetH[],algH[],verH[]),sign((POSS,authTuple(issuerId2[],fp(pk(skH2[])),ssetH[],algH[],verH[])),skH2[]),sign((BYTES,framed(OT_ATTEST,algH[],issuerId2[],fp(pk(skH2[])),h(authTuple(issuerId2[],fp(pk(skH2[])),ssetH[],algH[],verH[])),canonVerH[],p2_5)),skH2[]),decl2_4))),declT_5)),skH2[]),anchorProof(h(sign((TLR,(lineage2(entry(h(attemptCore(authTuple(issuerId2[],fp(pk(skH2[])),ssetH[],algH[],verH[]),sign((POSS,authTuple(issuerId2[],fp(pk(skH2[])),ssetH[],algH[],verH[])),skH2[]),sign((BYTES,framed(OT_ATTEST,algH[],issuerId2[],fp(pk(skH2[])),h(authTuple(issuerId2[],fp(pk(skH2[])),ssetH[],algH[],verH[])),canonVerH[],p1_5)),skH2[]),decl1_4)),DISP_ABANDONED),entry(h(attemptCore(authTuple(issuerId2[],fp(pk(skH2[])),ssetH[],algH[],verH[]),sign((POSS,authTuple(issuerId2[],fp(pk(skH2[])),ssetH[],algH[],verH[])),skH2[]),sign((BYTES,framed(OT_ATTEST,algH[],issuerId2[],fp(pk(skH2[])),h(authTuple(issuerId2[],fp(pk(skH2[])),ssetH[],algH[],verH[])),canonVerH[],p2_5)),skH2[]),decl2_4)),DISP_SHIPPED)),TERM_SHIPPED(h(attemptCore(authTuple(issuerId2[],fp(pk(skH2[])),ssetH[],algH[],verH[]),sign((POSS,authTuple(issuerId2[],fp(pk(skH2[])),ssetH[],algH[],verH[])),skH2[]),sign((BYTES,framed(OT_ATTEST,algH[],issuerId2[],fp(pk(skH2[])),h(authTuple(issuerId2[],fp(pk(skH2[])),ssetH[],algH[],verH[])),canonVerH[],p2_5)),skH2[]),decl2_4))),declT_5)),skH2[])))).
attacker(withTLR(pk(skH2[]),sign((TLR,(lineage2(entry(h(attemptCore(authTuple(issuerId2[],fp(pk(skH2[])),ssetH[],algH[],verH[]),sign((POSS,authTuple(issuerId2[],fp(pk(skH2[])),ssetH[],algH[],verH[])),skH2[]),sign((BYTES,framed(OT_ATTEST,algH[],issuerId2[],fp(pk(skH2[])),h(authTuple(issuerId2[],fp(pk(skH2[])),ssetH[],algH[],verH[])),canonVerH[],p1_5)),skH2[]),decl1_4)),DISP_ABANDONED),entry(h(attemptCore(authTuple(issuerId2[],fp(pk(skH2[])),ssetH[],algH[],verH[]),sign((POSS,authTuple(issuerId2[],fp(pk(skH2[])),ssetH[],algH[],verH[])),skH2[]),sign((BYTES,framed(OT_ATTEST,algH[],issuerId2[],fp(pk(skH2[])),h(authTuple(issuerId2[],fp(pk(skH2[])),ssetH[],algH[],verH[])),canonVerH[],p2_5)),skH2[]),decl2_4)),DISP_SHIPPED)),TERM_SHIPPED(h(attemptCore(authTuple(issuerId2[],fp(pk(skH2[])),ssetH[],algH[],verH[]),sign((POSS,authTuple(issuerId2[],fp(pk(skH2[])),ssetH[],algH[],verH[])),skH2[]),sign((BYTES,framed(OT_ATTEST,algH[],issuerId2[],fp(pk(skH2[])),h(authTuple(issuerId2[],fp(pk(skH2[])),ssetH[],algH[],verH[])),canonVerH[],p2_5)),skH2[]),decl2_4))),declT_5)),skH2[]),anchorProof(h(sign((TLR,(lineage2(entry(h(attemptCore(authTuple(issuerId2[],fp(pk(skH2[])),ssetH[],algH[],verH[]),sign((POSS,authTuple(issuerId2[],fp(pk(skH2[])),ssetH[],algH[],verH[])),skH2[]),sign((BYTES,framed(OT_ATTEST,algH[],issuerId2[],fp(pk(skH2[])),h(authTuple(issuerId2[],fp(pk(skH2[])),ssetH[],algH[],verH[])),canonVerH[],p1_5)),skH2[]),decl1_4)),DISP_ABANDONED),entry(h(attemptCore(authTuple(issuerId2[],fp(pk(skH2[])),ssetH[],algH[],verH[]),sign((POSS,authTuple(issuerId2[],fp(pk(skH2[])),ssetH[],algH[],verH[])),skH2[]),sign((BYTES,framed(OT_ATTEST,algH[],issuerId2[],fp(pk(skH2[])),h(authTuple(issuerId2[],fp(pk(skH2[])),ssetH[],algH[],verH[])),canonVerH[],p2_5)),skH2[]),decl2_4)),DISP_SHIPPED)),TERM_SHIPPED(h(attemptCore(authTuple(issuerId2[],fp(pk(skH2[])),ssetH[],algH[],verH[]),sign((POSS,authTuple(issuerId2[],fp(pk(skH2[])),ssetH[],algH[],verH[])),skH2[]),sign((BYTES,framed(OT_ATTEST,algH[],issuerId2[],fp(pk(skH2[])),h(authTuple(issuerId2[],fp(pk(skH2[])),ssetH[],algH[],verH[])),canonVerH[],p2_5)),skH2[]),decl2_4))),declT_5)),skH2[]))))).

9. The attacker has some term fb_2.
attacker(fb_2).

10. We assume as hypothesis that
attacker(core_2).

11. The message sign((STMT_DIGEST,h(authTuple(issuerId2[],fp(pk(skH2[])),ssetH[],algH[],verH[]))),skR[]) may be sent to the attacker at output {32}.
attacker(sign((STMT_DIGEST,h(authTuple(issuerId2[],fp(pk(skH2[])),ssetH[],algH[],verH[]))),skR[])).

12. The message sign((STMT_DIGEST,h(authTuple(issuerId2[],fp(pk(skH2[])),ssetH[],algH[],verH[]))),skD[]) may be sent to the attacker at output {20}.
attacker(sign((STMT_DIGEST,h(authTuple(issuerId2[],fp(pk(skH2[])),ssetH[],algH[],verH[]))),skD[])).

13. The attacker initially knows verH[].
attacker(verH[]).

14. The attacker initially knows algH[].
attacker(algH[]).

15. The attacker initially knows ssetH[].
attacker(ssetH[]).

16. By 7, the attacker may know pk(skH2[]).
Using the function fp the attacker may obtain fp(pk(skH2[])).
attacker(fp(pk(skH2[]))).

17. The attacker initially knows issuerId2[].
attacker(issuerId2[]).

18. By 17, the attacker may know issuerId2[].
By 16, the attacker may know fp(pk(skH2[])).
By 15, the attacker may know ssetH[].
By 14, the attacker may know algH[].
By 13, the attacker may know verH[].
Using the function authTuple the attacker may obtain authTuple(issuerId2[],fp(pk(skH2[])),ssetH[],algH[],verH[]).
attacker(authTuple(issuerId2[],fp(pk(skH2[])),ssetH[],algH[],verH[])).

19. By 18, the attacker may know authTuple(issuerId2[],fp(pk(skH2[])),ssetH[],algH[],verH[]).
By 12, the attacker may know sign((STMT_DIGEST,h(authTuple(issuerId2[],fp(pk(skH2[])),ssetH[],algH[],verH[]))),skD[]).
By 11, the attacker may know sign((STMT_DIGEST,h(authTuple(issuerId2[],fp(pk(skH2[])),ssetH[],algH[],verH[]))),skR[]).
By 7, the attacker may know pk(skH2[]).
By 10, the attacker may know core_2.
By 9, the attacker may know fb_2.
By 8, the attacker may know withTLR(pk(skH2[]),sign((TLR,(lineage2(entry(h(attemptCore(authTuple(issuerId2[],fp(pk(skH2[])),ssetH[],algH[],verH[]),sign((POSS,authTuple(issuerId2[],fp(pk(skH2[])),ssetH[],algH[],verH[])),skH2[]),sign((BYTES,framed(OT_ATTEST,algH[],issuerId2[],fp(pk(skH2[])),h(authTuple(issuerId2[],fp(pk(skH2[])),ssetH[],algH[],verH[])),canonVerH[],p1_5)),skH2[]),decl1_4)),DISP_ABANDONED),entry(h(attemptCore(authTuple(issuerId2[],fp(pk(skH2[])),ssetH[],algH[],verH[]),sign((POSS,authTuple(issuerId2[],fp(pk(skH2[])),ssetH[],algH[],verH[])),skH2[]),sign((BYTES,framed(OT_ATTEST,algH[],issuerId2[],fp(pk(skH2[])),h(authTuple(issuerId2[],fp(pk(skH2[])),ssetH[],algH[],verH[])),canonVerH[],p2_5)),skH2[]),decl2_4)),DISP_SHIPPED)),TERM_SHIPPED(h(attemptCore(authTuple(issuerId2[],fp(pk(skH2[])),ssetH[],algH[],verH[]),sign((POSS,authTuple(issuerId2[],fp(pk(skH2[])),ssetH[],algH[],verH[])),skH2[]),sign((BYTES,framed(OT_ATTEST,algH[],issuerId2[],fp(pk(skH2[])),h(authTuple(issuerId2[],fp(pk(skH2[])),ssetH[],algH[],verH[])),canonVerH[],p2_5)),skH2[]),decl2_4))),declT_5)),skH2[]),anchorProof(h(sign((TLR,(lineage2(entry(h(attemptCore(authTuple(issuerId2[],fp(pk(skH2[])),ssetH[],algH[],verH[]),sign((POSS,authTuple(issuerId2[],fp(pk(skH2[])),ssetH[],algH[],verH[])),skH2[]),sign((BYTES,framed(OT_ATTEST,algH[],issuerId2[],fp(pk(skH2[])),h(authTuple(issuerId2[],fp(pk(skH2[])),ssetH[],algH[],verH[])),canonVerH[],p1_5)),skH2[]),decl1_4)),DISP_ABANDONED),entry(h(attemptCore(authTuple(issuerId2[],fp(pk(skH2[])),ssetH[],algH[],verH[]),sign((POSS,authTuple(issuerId2[],fp(pk(skH2[])),ssetH[],algH[],verH[])),skH2[]),sign((BYTES,framed(OT_ATTEST,algH[],issuerId2[],fp(pk(skH2[])),h(authTuple(issuerId2[],fp(pk(skH2[])),ssetH[],algH[],verH[])),canonVerH[],p2_5)),skH2[]),decl2_4)),DISP_SHIPPED)),TERM_SHIPPED(h(attemptCore(authTuple(issuerId2[],fp(pk(skH2[])),ssetH[],algH[],verH[]),sign((POSS,authTuple(issuerId2[],fp(pk(skH2[])),ssetH[],algH[],verH[])),skH2[]),sign((BYTES,framed(OT_ATTEST,algH[],issuerId2[],fp(pk(skH2[])),h(authTuple(issuerId2[],fp(pk(skH2[])),ssetH[],algH[],verH[])),canonVerH[],p2_5)),skH2[]),decl2_4))),declT_5)),skH2[])))).
Using the function 7-tuple the attacker may obtain (authTuple(issuerId2[],fp(pk(skH2[])),ssetH[],algH[],verH[]),sign((STMT_DIGEST,h(authTuple(issuerId2[],fp(pk(skH2[])),ssetH[],algH[],verH[]))),skD[]),sign((STMT_DIGEST,h(authTuple(issuerId2[],fp(pk(skH2[])),ssetH[],algH[],verH[]))),skR[]),pk(skH2[]),core_2,fb_2,withTLR(pk(skH2[]),sign((TLR,(lineage2(entry(h(attemptCore(authTuple(issuerId2[],fp(pk(skH2[])),ssetH[],algH[],verH[]),sign((POSS,authTuple(issuerId2[],fp(pk(skH2[])),ssetH[],algH[],verH[])),skH2[]),sign((BYTES,framed(OT_ATTEST,algH[],issuerId2[],fp(pk(skH2[])),h(authTuple(issuerId2[],fp(pk(skH2[])),ssetH[],algH[],verH[])),canonVerH[],p1_5)),skH2[]),decl1_4)),DISP_ABANDONED),entry(h(attemptCore(authTuple(issuerId2[],fp(pk(skH2[])),ssetH[],algH[],verH[]),sign((POSS,authTuple(issuerId2[],fp(pk(skH2[])),ssetH[],algH[],verH[])),skH2[]),sign((BYTES,framed(OT_ATTEST,algH[],issuerId2[],fp(pk(skH2[])),h(authTuple(issuerId2[],fp(pk(skH2[])),ssetH[],algH[],verH[])),canonVerH[],p2_5)),skH2[]),decl2_4)),DISP_SHIPPED)),TERM_SHIPPED(h(attemptCore(authTuple(issuerId2[],fp(pk(skH2[])),ssetH[],algH[],verH[]),sign((POSS,authTuple(issuerId2[],fp(pk(skH2[])),ssetH[],algH[],verH[])),skH2[]),sign((BYTES,framed(OT_ATTEST,algH[],issuerId2[],fp(pk(skH2[])),h(authTuple(issuerId2[],fp(pk(skH2[])),ssetH[],algH[],verH[])),canonVerH[],p2_5)),skH2[]),decl2_4))),declT_5)),skH2[]),anchorProof(h(sign((TLR,(lineage2(entry(h(attemptCore(authTuple(issuerId2[],fp(pk(skH2[])),ssetH[],algH[],verH[]),sign((POSS,authTuple(issuerId2[],fp(pk(skH2[])),ssetH[],algH[],verH[])),skH2[]),sign((BYTES,framed(OT_ATTEST,algH[],issuerId2[],fp(pk(skH2[])),h(authTuple(issuerId2[],fp(pk(skH2[])),ssetH[],algH[],verH[])),canonVerH[],p1_5)),skH2[]),decl1_4)),DISP_ABANDONED),entry(h(attemptCore(authTuple(issuerId2[],fp(pk(skH2[])),ssetH[],algH[],verH[]),sign((POSS,authTuple(issuerId2[],fp(pk(skH2[])),ssetH[],algH[],verH[])),skH2[]),sign((BYTES,framed(OT_ATTEST,algH[],issuerId2[],fp(pk(skH2[])),h(authTuple(issuerId2[],fp(pk(skH2[])),ssetH[],algH[],verH[])),canonVerH[],p2_5)),skH2[]),decl2_4)),DISP_SHIPPED)),TERM_SHIPPED(h(attemptCore(authTuple(issuerId2[],fp(pk(skH2[])),ssetH[],algH[],verH[]),sign((POSS,authTuple(issuerId2[],fp(pk(skH2[])),ssetH[],algH[],verH[])),skH2[]),sign((BYTES,framed(OT_ATTEST,algH[],issuerId2[],fp(pk(skH2[])),h(authTuple(issuerId2[],fp(pk(skH2[])),ssetH[],algH[],verH[])),canonVerH[],p2_5)),skH2[]),decl2_4))),declT_5)),skH2[]))))).
attacker((authTuple(issuerId2[],fp(pk(skH2[])),ssetH[],algH[],verH[]),sign((STMT_DIGEST,h(authTuple(issuerId2[],fp(pk(skH2[])),ssetH[],algH[],verH[]))),skD[]),sign((STMT_DIGEST,h(authTuple(issuerId2[],fp(pk(skH2[])),ssetH[],algH[],verH[]))),skR[]),pk(skH2[]),core_2,fb_2,withTLR(pk(skH2[]),sign((TLR,(lineage2(entry(h(attemptCore(authTuple(issuerId2[],fp(pk(skH2[])),ssetH[],algH[],verH[]),sign((POSS,authTuple(issuerId2[],fp(pk(skH2[])),ssetH[],algH[],verH[])),skH2[]),sign((BYTES,framed(OT_ATTEST,algH[],issuerId2[],fp(pk(skH2[])),h(authTuple(issuerId2[],fp(pk(skH2[])),ssetH[],algH[],verH[])),canonVerH[],p1_5)),skH2[]),decl1_4)),DISP_ABANDONED),entry(h(attemptCore(authTuple(issuerId2[],fp(pk(skH2[])),ssetH[],algH[],verH[]),sign((POSS,authTuple(issuerId2[],fp(pk(skH2[])),ssetH[],algH[],verH[])),skH2[]),sign((BYTES,framed(OT_ATTEST,algH[],issuerId2[],fp(pk(skH2[])),h(authTuple(issuerId2[],fp(pk(skH2[])),ssetH[],algH[],verH[])),canonVerH[],p2_5)),skH2[]),decl2_4)),DISP_SHIPPED)),TERM_SHIPPED(h(attemptCore(authTuple(issuerId2[],fp(pk(skH2[])),ssetH[],algH[],verH[]),sign((POSS,authTuple(issuerId2[],fp(pk(skH2[])),ssetH[],algH[],verH[])),skH2[]),sign((BYTES,framed(OT_ATTEST,algH[],issuerId2[],fp(pk(skH2[])),h(authTuple(issuerId2[],fp(pk(skH2[])),ssetH[],algH[],verH[])),canonVerH[],p2_5)),skH2[]),decl2_4))),declT_5)),skH2[]),anchorProof(h(sign((TLR,(lineage2(entry(h(attemptCore(authTuple(issuerId2[],fp(pk(skH2[])),ssetH[],algH[],verH[]),sign((POSS,authTuple(issuerId2[],fp(pk(skH2[])),ssetH[],algH[],verH[])),skH2[]),sign((BYTES,framed(OT_ATTEST,algH[],issuerId2[],fp(pk(skH2[])),h(authTuple(issuerId2[],fp(pk(skH2[])),ssetH[],algH[],verH[])),canonVerH[],p1_5)),skH2[]),decl1_4)),DISP_ABANDONED),entry(h(attemptCore(authTuple(issuerId2[],fp(pk(skH2[])),ssetH[],algH[],verH[]),sign((POSS,authTuple(issuerId2[],fp(pk(skH2[])),ssetH[],algH[],verH[])),skH2[]),sign((BYTES,framed(OT_ATTEST,algH[],issuerId2[],fp(pk(skH2[])),h(authTuple(issuerId2[],fp(pk(skH2[])),ssetH[],algH[],verH[])),canonVerH[],p2_5)),skH2[]),decl2_4)),DISP_SHIPPED)),TERM_SHIPPED(h(attemptCore(authTuple(issuerId2[],fp(pk(skH2[])),ssetH[],algH[],verH[]),sign((POSS,authTuple(issuerId2[],fp(pk(skH2[])),ssetH[],algH[],verH[])),skH2[]),sign((BYTES,framed(OT_ATTEST,algH[],issuerId2[],fp(pk(skH2[])),h(authTuple(issuerId2[],fp(pk(skH2[])),ssetH[],algH[],verH[])),canonVerH[],p2_5)),skH2[]),decl2_4))),declT_5)),skH2[])))))).

20. The message (authTuple(issuerId2[],fp(pk(skH2[])),ssetH[],algH[],verH[]),sign((STMT_DIGEST,h(authTuple(issuerId2[],fp(pk(skH2[])),ssetH[],algH[],verH[]))),skD[]),sign((STMT_DIGEST,h(authTuple(issuerId2[],fp(pk(skH2[])),ssetH[],algH[],verH[]))),skR[]),pk(skH2[]),core_2,fb_2,withTLR(pk(skH2[]),sign((TLR,(lineage2(entry(h(attemptCore(authTuple(issuerId2[],fp(pk(skH2[])),ssetH[],algH[],verH[]),sign((POSS,authTuple(issuerId2[],fp(pk(skH2[])),ssetH[],algH[],verH[])),skH2[]),sign((BYTES,framed(OT_ATTEST,algH[],issuerId2[],fp(pk(skH2[])),h(authTuple(issuerId2[],fp(pk(skH2[])),ssetH[],algH[],verH[])),canonVerH[],p1_5)),skH2[]),decl1_4)),DISP_ABANDONED),entry(h(attemptCore(authTuple(issuerId2[],fp(pk(skH2[])),ssetH[],algH[],verH[]),sign((POSS,authTuple(issuerId2[],fp(pk(skH2[])),ssetH[],algH[],verH[])),skH2[]),sign((BYTES,framed(OT_ATTEST,algH[],issuerId2[],fp(pk(skH2[])),h(authTuple(issuerId2[],fp(pk(skH2[])),ssetH[],algH[],verH[])),canonVerH[],p2_5)),skH2[]),decl2_4)),DISP_SHIPPED)),TERM_SHIPPED(h(attemptCore(authTuple(issuerId2[],fp(pk(skH2[])),ssetH[],algH[],verH[]),sign((POSS,authTuple(issuerId2[],fp(pk(skH2[])),ssetH[],algH[],verH[])),skH2[]),sign((BYTES,framed(OT_ATTEST,algH[],issuerId2[],fp(pk(skH2[])),h(authTuple(issuerId2[],fp(pk(skH2[])),ssetH[],algH[],verH[])),canonVerH[],p2_5)),skH2[]),decl2_4))),declT_5)),skH2[]),anchorProof(h(sign((TLR,(lineage2(entry(h(attemptCore(authTuple(issuerId2[],fp(pk(skH2[])),ssetH[],algH[],verH[]),sign((POSS,authTuple(issuerId2[],fp(pk(skH2[])),ssetH[],algH[],verH[])),skH2[]),sign((BYTES,framed(OT_ATTEST,algH[],issuerId2[],fp(pk(skH2[])),h(authTuple(issuerId2[],fp(pk(skH2[])),ssetH[],algH[],verH[])),canonVerH[],p1_5)),skH2[]),decl1_4)),DISP_ABANDONED),entry(h(attemptCore(authTuple(issuerId2[],fp(pk(skH2[])),ssetH[],algH[],verH[]),sign((POSS,authTuple(issuerId2[],fp(pk(skH2[])),ssetH[],algH[],verH[])),skH2[]),sign((BYTES,framed(OT_ATTEST,algH[],issuerId2[],fp(pk(skH2[])),h(authTuple(issuerId2[],fp(pk(skH2[])),ssetH[],algH[],verH[])),canonVerH[],p2_5)),skH2[]),decl2_4)),DISP_SHIPPED)),TERM_SHIPPED(h(attemptCore(authTuple(issuerId2[],fp(pk(skH2[])),ssetH[],algH[],verH[]),sign((POSS,authTuple(issuerId2[],fp(pk(skH2[])),ssetH[],algH[],verH[])),skH2[]),sign((BYTES,framed(OT_ATTEST,algH[],issuerId2[],fp(pk(skH2[])),h(authTuple(issuerId2[],fp(pk(skH2[])),ssetH[],algH[],verH[])),canonVerH[],p2_5)),skH2[]),decl2_4))),declT_5)),skH2[]))))) that the attacker may have by 19 may be received at input {132}.
We have (forall @gen,@gen_1,@gen_2, lineage2(entry(h(attemptCore(authTuple(issuerId2[],fp(pk(skH2[])),ssetH[],algH[],verH[]),sign((POSS,authTuple(issuerId2[],fp(pk(skH2[])),ssetH[],algH[],verH[])),skH2[]),sign((BYTES,framed(OT_ATTEST,algH[],issuerId2[],fp(pk(skH2[])),h(authTuple(issuerId2[],fp(pk(skH2[])),ssetH[],algH[],verH[])),canonVerH[],p1_5)),skH2[]),decl1_4)),DISP_ABANDONED),entry(h(attemptCore(authTuple(issuerId2[],fp(pk(skH2[])),ssetH[],algH[],verH[]),sign((POSS,authTuple(issuerId2[],fp(pk(skH2[])),ssetH[],algH[],verH[])),skH2[]),sign((BYTES,framed(OT_ATTEST,algH[],issuerId2[],fp(pk(skH2[])),h(authTuple(issuerId2[],fp(pk(skH2[])),ssetH[],algH[],verH[])),canonVerH[],p2_5)),skH2[]),decl2_4)),DISP_SHIPPED)) ≠ lineage2(entry(h(core_2),@gen_2),entry(@gen_1,@gen))) && (forall @gen_3,@gen_4,@gen_5, lineage2(entry(h(attemptCore(authTuple(issuerId2[],fp(pk(skH2[])),ssetH[],algH[],verH[]),sign((POSS,authTuple(issuerId2[],fp(pk(skH2[])),ssetH[],algH[],verH[])),skH2[]),sign((BYTES,framed(OT_ATTEST,algH[],issuerId2[],fp(pk(skH2[])),h(authTuple(issuerId2[],fp(pk(skH2[])),ssetH[],algH[],verH[])),canonVerH[],p1_5)),skH2[]),decl1_4)),DISP_ABANDONED),entry(h(attemptCore(authTuple(issuerId2[],fp(pk(skH2[])),ssetH[],algH[],verH[]),sign((POSS,authTuple(issuerId2[],fp(pk(skH2[])),ssetH[],algH[],verH[])),skH2[]),sign((BYTES,framed(OT_ATTEST,algH[],issuerId2[],fp(pk(skH2[])),h(authTuple(issuerId2[],fp(pk(skH2[])),ssetH[],algH[],verH[])),canonVerH[],p2_5)),skH2[]),decl2_4)),DISP_SHIPPED)) ≠ lineage2(entry(@gen_5,@gen_4),entry(h(core_2),@gen_3))).
So event StandingReport(ABSENT,STANDING_EVIDENCE_MISMATCH,pk(skH2[]),authTuple(issuerId2[],fp(pk(skH2[])),ssetH[],algH[],verH[]),h(core_2)) may be executed at {160}.
event(StandingReport(ABSENT,STANDING_EVIDENCE_MISMATCH,pk(skH2[]),authTuple(issuerId2[],fp(pk(skH2[])),ssetH[],algH[],verH[]),h(core_2))).

21. By 20, event(StandingReport(ABSENT,STANDING_EVIDENCE_MISMATCH,pk(skH2[]),authTuple(issuerId2[],fp(pk(skH2[])),ssetH[],algH[],verH[]),h(core_2))).
The goal is reached, represented in the following fact:
event(StandingReport(ABSENT,STANDING_EVIDENCE_MISMATCH,pk(skH2[]),authTuple(issuerId2[],fp(pk(skH2[])),ssetH[],algH[],verH[]),h(core_2))).


A more detailed output of the traces is available with
  set traceDisplay = long.

new skD: skey creating skD_4 at {1}

new skR: skey creating skR_4 at {2}

out(c, ~M) with ~M = pk(skD_4) at {6}

out(c, ~M_1) with ~M_1 = pk(skR_4) at {7}

out(c, ~M_2) with ~M_2 = pk(skH1) at {8}

out(c, ~M_3) with ~M_3 = pk(skH2) at {9}

out(c, authTuple(~M_4,~M_5,~M_6,~M_7,~M_8)) with ~M_4 = issuerId, ~M_5 = fp(pk(skH1)), ~M_6 = ssetH, ~M_7 = algH, ~M_8 = verH at {10}

out(c, authTuple(~M_9,~M_10,~M_11,~M_12,~M_13)) with ~M_9 = issuerId2, ~M_10 = fp(pk(skH2)), ~M_11 = ssetH, ~M_12 = algH, ~M_13 = verH at {11}

out(c, authTuple(~M_14,~M_15,~M_16,~M_17,~M_18)) with ~M_14 = issuerIdAlias, ~M_15 = fp(pk(skH1)), ~M_16 = ssetH, ~M_17 = algH, ~M_18 = verH at {12}

event AuthorityPublishedRepo(authTuple(issuerId2,fp(pk(skH2)),ssetH,algH,verH)) at {31} in copy a

out(c, ~M_19) with ~M_19 = sign((STMT_DIGEST,h(authTuple(issuerId2,fp(pk(skH2)),ssetH,algH,verH))),skR_4) at {32} in copy a

event AuthorityPublishedDNS(authTuple(issuerId2,fp(pk(skH2)),ssetH,algH,verH)) at {19} in copy a_1

out(c, ~M_20) with ~M_20 = sign((STMT_DIGEST,h(authTuple(issuerId2,fp(pk(skH2)),ssetH,algH,verH))),skD_4) at {20} in copy a_1

in(c, (a_2,a_3)) at {86} in copy a_4

new decl1_2: bitstring creating decl1_5 at {87} in copy a_4

new decl2_2: bitstring creating decl2_5 at {88} in copy a_4

new declT_2: bitstring creating declT_6 at {89} in copy a_4

event IssuerPossession(pk(skH2)) at {90} in copy a_4

event IssuerSigned(pk(skH2),framed(OT_ATTEST,algH,issuerId2,fp(pk(skH2)),h(authTuple(issuerId2,fp(pk(skH2)),ssetH,algH,verH)),canonVerH,a_2)) at {95} in copy a_4

out(c, (attemptCore(authTuple(~M_21,~M_22,~M_23,~M_24,~M_25),~M_26,~M_27,~M_28),framed(~M_29,~M_30,~M_31,~M_32,~M_33,~M_34,~M_35))) with ~M_21 = issuerId2, ~M_22 = fp(pk(skH2)), ~M_23 = ssetH, ~M_24 = algH, ~M_25 = verH, ~M_26 = sign((POSS,authTuple(issuerId2,fp(pk(skH2)),ssetH,algH,verH)),skH2), ~M_27 = sign((BYTES,framed(OT_ATTEST,algH,issuerId2,fp(pk(skH2)),h(authTuple(issuerId2,fp(pk(skH2)),ssetH,algH,verH)),canonVerH,a_2)),skH2), ~M_28 = decl1_5, ~M_29 = OT_ATTEST, ~M_30 = algH, ~M_31 = issuerId2, ~M_32 = fp(pk(skH2)), ~M_33 = h(authTuple(issuerId2,fp(pk(skH2)),ssetH,algH,verH)), ~M_34 = canonVerH, ~M_35 = a_2 at {96} in copy a_4

event IssuerSigned(pk(skH2),framed(OT_ATTEST,algH,issuerId2,fp(pk(skH2)),h(authTuple(issuerId2,fp(pk(skH2)),ssetH,algH,verH)),canonVerH,a_3)) at {100} in copy a_4

out(c, (attemptCore(authTuple(~M_36,~M_37,~M_38,~M_39,~M_40),~M_41,~M_42,~M_43),framed(~M_44,~M_45,~M_46,~M_47,~M_48,~M_49,~M_50))) with ~M_36 = issuerId2, ~M_37 = fp(pk(skH2)), ~M_38 = ssetH, ~M_39 = algH, ~M_40 = verH, ~M_41 = sign((POSS,authTuple(issuerId2,fp(pk(skH2)),ssetH,algH,verH)),skH2), ~M_42 = sign((BYTES,framed(OT_ATTEST,algH,issuerId2,fp(pk(skH2)),h(authTuple(issuerId2,fp(pk(skH2)),ssetH,algH,verH)),canonVerH,a_3)),skH2), ~M_43 = decl2_5, ~M_44 = OT_ATTEST, ~M_45 = algH, ~M_46 = issuerId2, ~M_47 = fp(pk(skH2)), ~M_48 = h(authTuple(issuerId2,fp(pk(skH2)),ssetH,algH,verH)), ~M_49 = canonVerH, ~M_50 = a_3 at {101} in copy a_4

event Designated(pk(skH2),h(attemptCore(authTuple(issuerId2,fp(pk(skH2)),ssetH,algH,verH),sign((POSS,authTuple(issuerId2,fp(pk(skH2)),ssetH,algH,verH)),skH2),sign((BYTES,framed(OT_ATTEST,algH,issuerId2,fp(pk(skH2)),h(authTuple(issuerId2,fp(pk(skH2)),ssetH,algH,verH)),canonVerH,a_3)),skH2),decl2_5))) at {104} in copy a_4

out(c, ~M_51) with ~M_51 = sign((TLR,(lineage2(entry(h(attemptCore(authTuple(issuerId2,fp(pk(skH2)),ssetH,algH,verH),sign((POSS,authTuple(issuerId2,fp(pk(skH2)),ssetH,algH,verH)),skH2),sign((BYTES,framed(OT_ATTEST,algH,issuerId2,fp(pk(skH2)),h(authTuple(issuerId2,fp(pk(skH2)),ssetH,algH,verH)),canonVerH,a_2)),skH2),decl1_5)),DISP_ABANDONED),entry(h(attemptCore(authTuple(issuerId2,fp(pk(skH2)),ssetH,algH,verH),sign((POSS,authTuple(issuerId2,fp(pk(skH2)),ssetH,algH,verH)),skH2),sign((BYTES,framed(OT_ATTEST,algH,issuerId2,fp(pk(skH2)),h(authTuple(issuerId2,fp(pk(skH2)),ssetH,algH,verH)),canonVerH,a_3)),skH2),decl2_5)),DISP_SHIPPED)),TERM_SHIPPED(h(attemptCore(authTuple(issuerId2,fp(pk(skH2)),ssetH,algH,verH),sign((POSS,authTuple(issuerId2,fp(pk(skH2)),ssetH,algH,verH)),skH2),sign((BYTES,framed(OT_ATTEST,algH,issuerId2,fp(pk(skH2)),h(authTuple(issuerId2,fp(pk(skH2)),ssetH,algH,verH)),canonVerH,a_3)),skH2),decl2_5))),declT_6)),skH2) at {107} in copy a_4

in(c, (authTuple(issuerId2,fp(~M_3),ssetH,algH,verH),~M_20,~M_19,~M_3,a_5,a_6,withTLR(~M_3,~M_51,anchorProof(h(~M_51))))) with fp(~M_3) = fp(pk(skH2)), ~M_20 = sign((STMT_DIGEST,h(authTuple(issuerId2,fp(pk(skH2)),ssetH,algH,verH))),skD_4), ~M_19 = sign((STMT_DIGEST,h(authTuple(issuerId2,fp(pk(skH2)),ssetH,algH,verH))),skR_4), ~M_3 = pk(skH2), ~M_3 = pk(skH2), ~M_51 = sign((TLR,(lineage2(entry(h(attemptCore(authTuple(issuerId2,fp(pk(skH2)),ssetH,algH,verH),sign((POSS,authTuple(issuerId2,fp(pk(skH2)),ssetH,algH,verH)),skH2),sign((BYTES,framed(OT_ATTEST,algH,issuerId2,fp(pk(skH2)),h(authTuple(issuerId2,fp(pk(skH2)),ssetH,algH,verH)),canonVerH,a_2)),skH2),decl1_5)),DISP_ABANDONED),entry(h(attemptCore(authTuple(issuerId2,fp(pk(skH2)),ssetH,algH,verH),sign((POSS,authTuple(issuerId2,fp(pk(skH2)),ssetH,algH,verH)),skH2),sign((BYTES,framed(OT_ATTEST,algH,issuerId2,fp(pk(skH2)),h(authTuple(issuerId2,fp(pk(skH2)),ssetH,algH,verH)),canonVerH,a_3)),skH2),decl2_5)),DISP_SHIPPED)),TERM_SHIPPED(h(attemptCore(authTuple(issuerId2,fp(pk(skH2)),ssetH,algH,verH),sign((POSS,authTuple(issuerId2,fp(pk(skH2)),ssetH,algH,verH)),skH2),sign((BYTES,framed(OT_ATTEST,algH,issuerId2,fp(pk(skH2)),h(authTuple(issuerId2,fp(pk(skH2)),ssetH,algH,verH)),canonVerH,a_3)),skH2),decl2_5))),declT_6)),skH2), h(~M_51) = h(sign((TLR,(lineage2(entry(h(attemptCore(authTuple(issuerId2,fp(pk(skH2)),ssetH,algH,verH),sign((POSS,authTuple(issuerId2,fp(pk(skH2)),ssetH,algH,verH)),skH2),sign((BYTES,framed(OT_ATTEST,algH,issuerId2,fp(pk(skH2)),h(authTuple(issuerId2,fp(pk(skH2)),ssetH,algH,verH)),canonVerH,a_2)),skH2),decl1_5)),DISP_ABANDONED),entry(h(attemptCore(authTuple(issuerId2,fp(pk(skH2)),ssetH,algH,verH),sign((POSS,authTuple(issuerId2,fp(pk(skH2)),ssetH,algH,verH)),skH2),sign((BYTES,framed(OT_ATTEST,algH,issuerId2,fp(pk(skH2)),h(authTuple(issuerId2,fp(pk(skH2)),ssetH,algH,verH)),canonVerH,a_3)),skH2),decl2_5)),DISP_SHIPPED)),TERM_SHIPPED(h(attemptCore(authTuple(issuerId2,fp(pk(skH2)),ssetH,algH,verH),sign((POSS,authTuple(issuerId2,fp(pk(skH2)),ssetH,algH,verH)),skH2),sign((BYTES,framed(OT_ATTEST,algH,issuerId2,fp(pk(skH2)),h(authTuple(issuerId2,fp(pk(skH2)),ssetH,algH,verH)),canonVerH,a_3)),skH2),decl2_5))),declT_6)),skH2)) at {132} in copy a_7

event StandingReport(ABSENT,STANDING_EVIDENCE_MISMATCH,pk(skH2),authTuple(issuerId2,fp(pk(skH2)),ssetH,algH,verH),h(a_5)) at {160} in copy a_7 (goal)

The event StandingReport(ABSENT,STANDING_EVIDENCE_MISMATCH,pk(skH2),authTuple(issuerId2,fp(pk(skH2)),ssetH,algH,verH),h(a_5)) is executed at {160} in copy a_7.
A trace has been found.
RESULT not event(StandingReport(ABSENT,STANDING_EVIDENCE_MISMATCH,k,t_3,a)) is false.
-- Query not event(ReasonCollapsed(p1_5,p2_5,r)) in process 1.
Translating the process into Horn clauses...
Completing...
200 rules inserted. Base: 168 rules (95 with conclusion selected). Queue: 40 rules.
400 rules inserted. Base: 212 rules (100 with conclusion selected). Queue: 40 rules.
Starting query not event(ReasonCollapsed(p1_5,p2_5,r))
RESULT not event(ReasonCollapsed(p1_5,p2_5,r)) is true.
-- Query not event(Aliased(kX_3,t_3,tc,aid_2)) in process 1.
Translating the process into Horn clauses...
Completing...
200 rules inserted. Base: 168 rules (95 with conclusion selected). Queue: 39 rules.
400 rules inserted. Base: 208 rules (100 with conclusion selected). Queue: 40 rules.
Starting query not event(Aliased(kX_3,t_3,tc,aid_2))
goal reachable: attacker(p1_5) && attacker(p2_5) -> event(Aliased(pk(skH1[]),authTuple(issuerIdAlias[],fp(pk(skH1[])),ssetH[],algH[],verH[]),authTuple(issuerId[],fp(pk(skH1[])),ssetH[],algH[],verH[]),h(attemptCore(authTuple(issuerId[],fp(pk(skH1[])),ssetH[],algH[],verH[]),sign((POSS,authTuple(issuerId[],fp(pk(skH1[])),ssetH[],algH[],verH[])),skH1[]),sign((BYTES,framed(OT_ATTEST,algH[],issuerId[],fp(pk(skH1[])),h(authTuple(issuerId[],fp(pk(skH1[])),ssetH[],algH[],verH[])),canonVerH[],p2_5)),skH1[]),decl2_4))))
Abbreviations:
decl2_4 = decl2[p2 = p2_5,p1 = p1_5,!1 = @sid]

Derivation:
Abbreviations:
decl2_4 = decl2[p2 = p2_5,p1 = p1_5,!1 = @sid]
decl1_4 = decl1[p2 = p2_5,p1 = p1_5,!1 = @sid]
declT_5 = declT[p2 = p2_5,p1 = p1_5,!1 = @sid]
decl1_5 = decl1[p2 = p2_6,p1 = p1_6,!1 = @sid_1]
decl1_6 = decl1[p2 = p2_7,p1 = p2_5,!1 = @sid_2]

1. We assume as hypothesis that
attacker(p2_5).

2. We assume as hypothesis that
attacker(p1_5).

3. By 2, the attacker may know p1_5.
By 1, the attacker may know p2_5.
Using the function 2-tuple the attacker may obtain (p1_5,p2_5).
attacker((p1_5,p2_5)).

4. The message (p1_5,p2_5) that the attacker may have by 3 may be received at input {40}.
So the message sign((TLR,(lineage2(entry(h(attemptCore(authTuple(issuerId[],fp(pk(skH1[])),ssetH[],algH[],verH[]),sign((POSS,authTuple(issuerId[],fp(pk(skH1[])),ssetH[],algH[],verH[])),skH1[]),sign((BYTES,framed(OT_ATTEST,algH[],issuerId[],fp(pk(skH1[])),h(authTuple(issuerId[],fp(pk(skH1[])),ssetH[],algH[],verH[])),canonVerH[],p1_5)),skH1[]),decl1_4)),DISP_ABANDONED),entry(h(attemptCore(authTuple(issuerId[],fp(pk(skH1[])),ssetH[],algH[],verH[]),sign((POSS,authTuple(issuerId[],fp(pk(skH1[])),ssetH[],algH[],verH[])),skH1[]),sign((BYTES,framed(OT_ATTEST,algH[],issuerId[],fp(pk(skH1[])),h(authTuple(issuerId[],fp(pk(skH1[])),ssetH[],algH[],verH[])),canonVerH[],p2_5)),skH1[]),decl2_4)),DISP_SHIPPED)),TERM_SHIPPED(h(attemptCore(authTuple(issuerId[],fp(pk(skH1[])),ssetH[],algH[],verH[]),sign((POSS,authTuple(issuerId[],fp(pk(skH1[])),ssetH[],algH[],verH[])),skH1[]),sign((BYTES,framed(OT_ATTEST,algH[],issuerId[],fp(pk(skH1[])),h(authTuple(issuerId[],fp(pk(skH1[])),ssetH[],algH[],verH[])),canonVerH[],p2_5)),skH1[]),decl2_4))),declT_5)),skH1[]) may be sent to the attacker at output {61}.
attacker(sign((TLR,(lineage2(entry(h(attemptCore(authTuple(issuerId[],fp(pk(skH1[])),ssetH[],algH[],verH[]),sign((POSS,authTuple(issuerId[],fp(pk(skH1[])),ssetH[],algH[],verH[])),skH1[]),sign((BYTES,framed(OT_ATTEST,algH[],issuerId[],fp(pk(skH1[])),h(authTuple(issuerId[],fp(pk(skH1[])),ssetH[],algH[],verH[])),canonVerH[],p1_5)),skH1[]),decl1_4)),DISP_ABANDONED),entry(h(attemptCore(authTuple(issuerId[],fp(pk(skH1[])),ssetH[],algH[],verH[]),sign((POSS,authTuple(issuerId[],fp(pk(skH1[])),ssetH[],algH[],verH[])),skH1[]),sign((BYTES,framed(OT_ATTEST,algH[],issuerId[],fp(pk(skH1[])),h(authTuple(issuerId[],fp(pk(skH1[])),ssetH[],algH[],verH[])),canonVerH[],p2_5)),skH1[]),decl2_4)),DISP_SHIPPED)),TERM_SHIPPED(h(attemptCore(authTuple(issuerId[],fp(pk(skH1[])),ssetH[],algH[],verH[]),sign((POSS,authTuple(issuerId[],fp(pk(skH1[])),ssetH[],algH[],verH[])),skH1[]),sign((BYTES,framed(OT_ATTEST,algH[],issuerId[],fp(pk(skH1[])),h(authTuple(issuerId[],fp(pk(skH1[])),ssetH[],algH[],verH[])),canonVerH[],p2_5)),skH1[]),decl2_4))),declT_5)),skH1[])).

5. By 4, the attacker may know sign((TLR,(lineage2(entry(h(attemptCore(authTuple(issuerId[],fp(pk(skH1[])),ssetH[],algH[],verH[]),sign((POSS,authTuple(issuerId[],fp(pk(skH1[])),ssetH[],algH[],verH[])),skH1[]),sign((BYTES,framed(OT_ATTEST,algH[],issuerId[],fp(pk(skH1[])),h(authTuple(issuerId[],fp(pk(skH1[])),ssetH[],algH[],verH[])),canonVerH[],p1_5)),skH1[]),decl1_4)),DISP_ABANDONED),entry(h(attemptCore(authTuple(issuerId[],fp(pk(skH1[])),ssetH[],algH[],verH[]),sign((POSS,authTuple(issuerId[],fp(pk(skH1[])),ssetH[],algH[],verH[])),skH1[]),sign((BYTES,framed(OT_ATTEST,algH[],issuerId[],fp(pk(skH1[])),h(authTuple(issuerId[],fp(pk(skH1[])),ssetH[],algH[],verH[])),canonVerH[],p2_5)),skH1[]),decl2_4)),DISP_SHIPPED)),TERM_SHIPPED(h(attemptCore(authTuple(issuerId[],fp(pk(skH1[])),ssetH[],algH[],verH[]),sign((POSS,authTuple(issuerId[],fp(pk(skH1[])),ssetH[],algH[],verH[])),skH1[]),sign((BYTES,framed(OT_ATTEST,algH[],issuerId[],fp(pk(skH1[])),h(authTuple(issuerId[],fp(pk(skH1[])),ssetH[],algH[],verH[])),canonVerH[],p2_5)),skH1[]),decl2_4))),declT_5)),skH1[]).
Using the function h the attacker may obtain h(sign((TLR,(lineage2(entry(h(attemptCore(authTuple(issuerId[],fp(pk(skH1[])),ssetH[],algH[],verH[]),sign((POSS,authTuple(issuerId[],fp(pk(skH1[])),ssetH[],algH[],verH[])),skH1[]),sign((BYTES,framed(OT_ATTEST,algH[],issuerId[],fp(pk(skH1[])),h(authTuple(issuerId[],fp(pk(skH1[])),ssetH[],algH[],verH[])),canonVerH[],p1_5)),skH1[]),decl1_4)),DISP_ABANDONED),entry(h(attemptCore(authTuple(issuerId[],fp(pk(skH1[])),ssetH[],algH[],verH[]),sign((POSS,authTuple(issuerId[],fp(pk(skH1[])),ssetH[],algH[],verH[])),skH1[]),sign((BYTES,framed(OT_ATTEST,algH[],issuerId[],fp(pk(skH1[])),h(authTuple(issuerId[],fp(pk(skH1[])),ssetH[],algH[],verH[])),canonVerH[],p2_5)),skH1[]),decl2_4)),DISP_SHIPPED)),TERM_SHIPPED(h(attemptCore(authTuple(issuerId[],fp(pk(skH1[])),ssetH[],algH[],verH[]),sign((POSS,authTuple(issuerId[],fp(pk(skH1[])),ssetH[],algH[],verH[])),skH1[]),sign((BYTES,framed(OT_ATTEST,algH[],issuerId[],fp(pk(skH1[])),h(authTuple(issuerId[],fp(pk(skH1[])),ssetH[],algH[],verH[])),canonVerH[],p2_5)),skH1[]),decl2_4))),declT_5)),skH1[])).
attacker(h(sign((TLR,(lineage2(entry(h(attemptCore(authTuple(issuerId[],fp(pk(skH1[])),ssetH[],algH[],verH[]),sign((POSS,authTuple(issuerId[],fp(pk(skH1[])),ssetH[],algH[],verH[])),skH1[]),sign((BYTES,framed(OT_ATTEST,algH[],issuerId[],fp(pk(skH1[])),h(authTuple(issuerId[],fp(pk(skH1[])),ssetH[],algH[],verH[])),canonVerH[],p1_5)),skH1[]),decl1_4)),DISP_ABANDONED),entry(h(attemptCore(authTuple(issuerId[],fp(pk(skH1[])),ssetH[],algH[],verH[]),sign((POSS,authTuple(issuerId[],fp(pk(skH1[])),ssetH[],algH[],verH[])),skH1[]),sign((BYTES,framed(OT_ATTEST,algH[],issuerId[],fp(pk(skH1[])),h(authTuple(issuerId[],fp(pk(skH1[])),ssetH[],algH[],verH[])),canonVerH[],p2_5)),skH1[]),decl2_4)),DISP_SHIPPED)),TERM_SHIPPED(h(attemptCore(authTuple(issuerId[],fp(pk(skH1[])),ssetH[],algH[],verH[]),sign((POSS,authTuple(issuerId[],fp(pk(skH1[])),ssetH[],algH[],verH[])),skH1[]),sign((BYTES,framed(OT_ATTEST,algH[],issuerId[],fp(pk(skH1[])),h(authTuple(issuerId[],fp(pk(skH1[])),ssetH[],algH[],verH[])),canonVerH[],p2_5)),skH1[]),decl2_4))),declT_5)),skH1[]))).

6. By 5, the attacker may know h(sign((TLR,(lineage2(entry(h(attemptCore(authTuple(issuerId[],fp(pk(skH1[])),ssetH[],algH[],verH[]),sign((POSS,authTuple(issuerId[],fp(pk(skH1[])),ssetH[],algH[],verH[])),skH1[]),sign((BYTES,framed(OT_ATTEST,algH[],issuerId[],fp(pk(skH1[])),h(authTuple(issuerId[],fp(pk(skH1[])),ssetH[],algH[],verH[])),canonVerH[],p1_5)),skH1[]),decl1_4)),DISP_ABANDONED),entry(h(attemptCore(authTuple(issuerId[],fp(pk(skH1[])),ssetH[],algH[],verH[]),sign((POSS,authTuple(issuerId[],fp(pk(skH1[])),ssetH[],algH[],verH[])),skH1[]),sign((BYTES,framed(OT_ATTEST,algH[],issuerId[],fp(pk(skH1[])),h(authTuple(issuerId[],fp(pk(skH1[])),ssetH[],algH[],verH[])),canonVerH[],p2_5)),skH1[]),decl2_4)),DISP_SHIPPED)),TERM_SHIPPED(h(attemptCore(authTuple(issuerId[],fp(pk(skH1[])),ssetH[],algH[],verH[]),sign((POSS,authTuple(issuerId[],fp(pk(skH1[])),ssetH[],algH[],verH[])),skH1[]),sign((BYTES,framed(OT_ATTEST,algH[],issuerId[],fp(pk(skH1[])),h(authTuple(issuerId[],fp(pk(skH1[])),ssetH[],algH[],verH[])),canonVerH[],p2_5)),skH1[]),decl2_4))),declT_5)),skH1[])).
Using the function anchorProof the attacker may obtain anchorProof(h(sign((TLR,(lineage2(entry(h(attemptCore(authTuple(issuerId[],fp(pk(skH1[])),ssetH[],algH[],verH[]),sign((POSS,authTuple(issuerId[],fp(pk(skH1[])),ssetH[],algH[],verH[])),skH1[]),sign((BYTES,framed(OT_ATTEST,algH[],issuerId[],fp(pk(skH1[])),h(authTuple(issuerId[],fp(pk(skH1[])),ssetH[],algH[],verH[])),canonVerH[],p1_5)),skH1[]),decl1_4)),DISP_ABANDONED),entry(h(attemptCore(authTuple(issuerId[],fp(pk(skH1[])),ssetH[],algH[],verH[]),sign((POSS,authTuple(issuerId[],fp(pk(skH1[])),ssetH[],algH[],verH[])),skH1[]),sign((BYTES,framed(OT_ATTEST,algH[],issuerId[],fp(pk(skH1[])),h(authTuple(issuerId[],fp(pk(skH1[])),ssetH[],algH[],verH[])),canonVerH[],p2_5)),skH1[]),decl2_4)),DISP_SHIPPED)),TERM_SHIPPED(h(attemptCore(authTuple(issuerId[],fp(pk(skH1[])),ssetH[],algH[],verH[]),sign((POSS,authTuple(issuerId[],fp(pk(skH1[])),ssetH[],algH[],verH[])),skH1[]),sign((BYTES,framed(OT_ATTEST,algH[],issuerId[],fp(pk(skH1[])),h(authTuple(issuerId[],fp(pk(skH1[])),ssetH[],algH[],verH[])),canonVerH[],p2_5)),skH1[]),decl2_4))),declT_5)),skH1[]))).
attacker(anchorProof(h(sign((TLR,(lineage2(entry(h(attemptCore(authTuple(issuerId[],fp(pk(skH1[])),ssetH[],algH[],verH[]),sign((POSS,authTuple(issuerId[],fp(pk(skH1[])),ssetH[],algH[],verH[])),skH1[]),sign((BYTES,framed(OT_ATTEST,algH[],issuerId[],fp(pk(skH1[])),h(authTuple(issuerId[],fp(pk(skH1[])),ssetH[],algH[],verH[])),canonVerH[],p1_5)),skH1[]),decl1_4)),DISP_ABANDONED),entry(h(attemptCore(authTuple(issuerId[],fp(pk(skH1[])),ssetH[],algH[],verH[]),sign((POSS,authTuple(issuerId[],fp(pk(skH1[])),ssetH[],algH[],verH[])),skH1[]),sign((BYTES,framed(OT_ATTEST,algH[],issuerId[],fp(pk(skH1[])),h(authTuple(issuerId[],fp(pk(skH1[])),ssetH[],algH[],verH[])),canonVerH[],p2_5)),skH1[]),decl2_4)),DISP_SHIPPED)),TERM_SHIPPED(h(attemptCore(authTuple(issuerId[],fp(pk(skH1[])),ssetH[],algH[],verH[]),sign((POSS,authTuple(issuerId[],fp(pk(skH1[])),ssetH[],algH[],verH[])),skH1[]),sign((BYTES,framed(OT_ATTEST,algH[],issuerId[],fp(pk(skH1[])),h(authTuple(issuerId[],fp(pk(skH1[])),ssetH[],algH[],verH[])),canonVerH[],p2_5)),skH1[]),decl2_4))),declT_5)),skH1[])))).

7. The message pk(skH1[]) may be sent to the attacker at output {8}.
attacker(pk(skH1[])).

8. By 7, the attacker may know pk(skH1[]).
By 4, the attacker may know sign((TLR,(lineage2(entry(h(attemptCore(authTuple(issuerId[],fp(pk(skH1[])),ssetH[],algH[],verH[]),sign((POSS,authTuple(issuerId[],fp(pk(skH1[])),ssetH[],algH[],verH[])),skH1[]),sign((BYTES,framed(OT_ATTEST,algH[],issuerId[],fp(pk(skH1[])),h(authTuple(issuerId[],fp(pk(skH1[])),ssetH[],algH[],verH[])),canonVerH[],p1_5)),skH1[]),decl1_4)),DISP_ABANDONED),entry(h(attemptCore(authTuple(issuerId[],fp(pk(skH1[])),ssetH[],algH[],verH[]),sign((POSS,authTuple(issuerId[],fp(pk(skH1[])),ssetH[],algH[],verH[])),skH1[]),sign((BYTES,framed(OT_ATTEST,algH[],issuerId[],fp(pk(skH1[])),h(authTuple(issuerId[],fp(pk(skH1[])),ssetH[],algH[],verH[])),canonVerH[],p2_5)),skH1[]),decl2_4)),DISP_SHIPPED)),TERM_SHIPPED(h(attemptCore(authTuple(issuerId[],fp(pk(skH1[])),ssetH[],algH[],verH[]),sign((POSS,authTuple(issuerId[],fp(pk(skH1[])),ssetH[],algH[],verH[])),skH1[]),sign((BYTES,framed(OT_ATTEST,algH[],issuerId[],fp(pk(skH1[])),h(authTuple(issuerId[],fp(pk(skH1[])),ssetH[],algH[],verH[])),canonVerH[],p2_5)),skH1[]),decl2_4))),declT_5)),skH1[]).
By 6, the attacker may know anchorProof(h(sign((TLR,(lineage2(entry(h(attemptCore(authTuple(issuerId[],fp(pk(skH1[])),ssetH[],algH[],verH[]),sign((POSS,authTuple(issuerId[],fp(pk(skH1[])),ssetH[],algH[],verH[])),skH1[]),sign((BYTES,framed(OT_ATTEST,algH[],issuerId[],fp(pk(skH1[])),h(authTuple(issuerId[],fp(pk(skH1[])),ssetH[],algH[],verH[])),canonVerH[],p1_5)),skH1[]),decl1_4)),DISP_ABANDONED),entry(h(attemptCore(authTuple(issuerId[],fp(pk(skH1[])),ssetH[],algH[],verH[]),sign((POSS,authTuple(issuerId[],fp(pk(skH1[])),ssetH[],algH[],verH[])),skH1[]),sign((BYTES,framed(OT_ATTEST,algH[],issuerId[],fp(pk(skH1[])),h(authTuple(issuerId[],fp(pk(skH1[])),ssetH[],algH[],verH[])),canonVerH[],p2_5)),skH1[]),decl2_4)),DISP_SHIPPED)),TERM_SHIPPED(h(attemptCore(authTuple(issuerId[],fp(pk(skH1[])),ssetH[],algH[],verH[]),sign((POSS,authTuple(issuerId[],fp(pk(skH1[])),ssetH[],algH[],verH[])),skH1[]),sign((BYTES,framed(OT_ATTEST,algH[],issuerId[],fp(pk(skH1[])),h(authTuple(issuerId[],fp(pk(skH1[])),ssetH[],algH[],verH[])),canonVerH[],p2_5)),skH1[]),decl2_4))),declT_5)),skH1[]))).
Using the function withTLR the attacker may obtain withTLR(pk(skH1[]),sign((TLR,(lineage2(entry(h(attemptCore(authTuple(issuerId[],fp(pk(skH1[])),ssetH[],algH[],verH[]),sign((POSS,authTuple(issuerId[],fp(pk(skH1[])),ssetH[],algH[],verH[])),skH1[]),sign((BYTES,framed(OT_ATTEST,algH[],issuerId[],fp(pk(skH1[])),h(authTuple(issuerId[],fp(pk(skH1[])),ssetH[],algH[],verH[])),canonVerH[],p1_5)),skH1[]),decl1_4)),DISP_ABANDONED),entry(h(attemptCore(authTuple(issuerId[],fp(pk(skH1[])),ssetH[],algH[],verH[]),sign((POSS,authTuple(issuerId[],fp(pk(skH1[])),ssetH[],algH[],verH[])),skH1[]),sign((BYTES,framed(OT_ATTEST,algH[],issuerId[],fp(pk(skH1[])),h(authTuple(issuerId[],fp(pk(skH1[])),ssetH[],algH[],verH[])),canonVerH[],p2_5)),skH1[]),decl2_4)),DISP_SHIPPED)),TERM_SHIPPED(h(attemptCore(authTuple(issuerId[],fp(pk(skH1[])),ssetH[],algH[],verH[]),sign((POSS,authTuple(issuerId[],fp(pk(skH1[])),ssetH[],algH[],verH[])),skH1[]),sign((BYTES,framed(OT_ATTEST,algH[],issuerId[],fp(pk(skH1[])),h(authTuple(issuerId[],fp(pk(skH1[])),ssetH[],algH[],verH[])),canonVerH[],p2_5)),skH1[]),decl2_4))),declT_5)),skH1[]),anchorProof(h(sign((TLR,(lineage2(entry(h(attemptCore(authTuple(issuerId[],fp(pk(skH1[])),ssetH[],algH[],verH[]),sign((POSS,authTuple(issuerId[],fp(pk(skH1[])),ssetH[],algH[],verH[])),skH1[]),sign((BYTES,framed(OT_ATTEST,algH[],issuerId[],fp(pk(skH1[])),h(authTuple(issuerId[],fp(pk(skH1[])),ssetH[],algH[],verH[])),canonVerH[],p1_5)),skH1[]),decl1_4)),DISP_ABANDONED),entry(h(attemptCore(authTuple(issuerId[],fp(pk(skH1[])),ssetH[],algH[],verH[]),sign((POSS,authTuple(issuerId[],fp(pk(skH1[])),ssetH[],algH[],verH[])),skH1[]),sign((BYTES,framed(OT_ATTEST,algH[],issuerId[],fp(pk(skH1[])),h(authTuple(issuerId[],fp(pk(skH1[])),ssetH[],algH[],verH[])),canonVerH[],p2_5)),skH1[]),decl2_4)),DISP_SHIPPED)),TERM_SHIPPED(h(attemptCore(authTuple(issuerId[],fp(pk(skH1[])),ssetH[],algH[],verH[]),sign((POSS,authTuple(issuerId[],fp(pk(skH1[])),ssetH[],algH[],verH[])),skH1[]),sign((BYTES,framed(OT_ATTEST,algH[],issuerId[],fp(pk(skH1[])),h(authTuple(issuerId[],fp(pk(skH1[])),ssetH[],algH[],verH[])),canonVerH[],p2_5)),skH1[]),decl2_4))),declT_5)),skH1[])))).
attacker(withTLR(pk(skH1[]),sign((TLR,(lineage2(entry(h(attemptCore(authTuple(issuerId[],fp(pk(skH1[])),ssetH[],algH[],verH[]),sign((POSS,authTuple(issuerId[],fp(pk(skH1[])),ssetH[],algH[],verH[])),skH1[]),sign((BYTES,framed(OT_ATTEST,algH[],issuerId[],fp(pk(skH1[])),h(authTuple(issuerId[],fp(pk(skH1[])),ssetH[],algH[],verH[])),canonVerH[],p1_5)),skH1[]),decl1_4)),DISP_ABANDONED),entry(h(attemptCore(authTuple(issuerId[],fp(pk(skH1[])),ssetH[],algH[],verH[]),sign((POSS,authTuple(issuerId[],fp(pk(skH1[])),ssetH[],algH[],verH[])),skH1[]),sign((BYTES,framed(OT_ATTEST,algH[],issuerId[],fp(pk(skH1[])),h(authTuple(issuerId[],fp(pk(skH1[])),ssetH[],algH[],verH[])),canonVerH[],p2_5)),skH1[]),decl2_4)),DISP_SHIPPED)),TERM_SHIPPED(h(attemptCore(authTuple(issuerId[],fp(pk(skH1[])),ssetH[],algH[],verH[]),sign((POSS,authTuple(issuerId[],fp(pk(skH1[])),ssetH[],algH[],verH[])),skH1[]),sign((BYTES,framed(OT_ATTEST,algH[],issuerId[],fp(pk(skH1[])),h(authTuple(issuerId[],fp(pk(skH1[])),ssetH[],algH[],verH[])),canonVerH[],p2_5)),skH1[]),decl2_4))),declT_5)),skH1[]),anchorProof(h(sign((TLR,(lineage2(entry(h(attemptCore(authTuple(issuerId[],fp(pk(skH1[])),ssetH[],algH[],verH[]),sign((POSS,authTuple(issuerId[],fp(pk(skH1[])),ssetH[],algH[],verH[])),skH1[]),sign((BYTES,framed(OT_ATTEST,algH[],issuerId[],fp(pk(skH1[])),h(authTuple(issuerId[],fp(pk(skH1[])),ssetH[],algH[],verH[])),canonVerH[],p1_5)),skH1[]),decl1_4)),DISP_ABANDONED),entry(h(attemptCore(authTuple(issuerId[],fp(pk(skH1[])),ssetH[],algH[],verH[]),sign((POSS,authTuple(issuerId[],fp(pk(skH1[])),ssetH[],algH[],verH[])),skH1[]),sign((BYTES,framed(OT_ATTEST,algH[],issuerId[],fp(pk(skH1[])),h(authTuple(issuerId[],fp(pk(skH1[])),ssetH[],algH[],verH[])),canonVerH[],p2_5)),skH1[]),decl2_4)),DISP_SHIPPED)),TERM_SHIPPED(h(attemptCore(authTuple(issuerId[],fp(pk(skH1[])),ssetH[],algH[],verH[]),sign((POSS,authTuple(issuerId[],fp(pk(skH1[])),ssetH[],algH[],verH[])),skH1[]),sign((BYTES,framed(OT_ATTEST,algH[],issuerId[],fp(pk(skH1[])),h(authTuple(issuerId[],fp(pk(skH1[])),ssetH[],algH[],verH[])),canonVerH[],p2_5)),skH1[]),decl2_4))),declT_5)),skH1[]))))).

9. The attacker has some term fb_2.
attacker(fb_2).

10. The message (p1_5,p2_5) that the attacker may have by 3 may be received at input {40}.
So the message (attemptCore(authTuple(issuerId[],fp(pk(skH1[])),ssetH[],algH[],verH[]),sign((POSS,authTuple(issuerId[],fp(pk(skH1[])),ssetH[],algH[],verH[])),skH1[]),sign((BYTES,framed(OT_ATTEST,algH[],issuerId[],fp(pk(skH1[])),h(authTuple(issuerId[],fp(pk(skH1[])),ssetH[],algH[],verH[])),canonVerH[],p2_5)),skH1[]),decl2_4),framed(OT_ATTEST,algH[],issuerId[],fp(pk(skH1[])),h(authTuple(issuerId[],fp(pk(skH1[])),ssetH[],algH[],verH[])),canonVerH[],p2_5)) may be sent to the attacker at output {55}.
attacker((attemptCore(authTuple(issuerId[],fp(pk(skH1[])),ssetH[],algH[],verH[]),sign((POSS,authTuple(issuerId[],fp(pk(skH1[])),ssetH[],algH[],verH[])),skH1[]),sign((BYTES,framed(OT_ATTEST,algH[],issuerId[],fp(pk(skH1[])),h(authTuple(issuerId[],fp(pk(skH1[])),ssetH[],algH[],verH[])),canonVerH[],p2_5)),skH1[]),decl2_4),framed(OT_ATTEST,algH[],issuerId[],fp(pk(skH1[])),h(authTuple(issuerId[],fp(pk(skH1[])),ssetH[],algH[],verH[])),canonVerH[],p2_5))).

11. By 10, the attacker may know (attemptCore(authTuple(issuerId[],fp(pk(skH1[])),ssetH[],algH[],verH[]),sign((POSS,authTuple(issuerId[],fp(pk(skH1[])),ssetH[],algH[],verH[])),skH1[]),sign((BYTES,framed(OT_ATTEST,algH[],issuerId[],fp(pk(skH1[])),h(authTuple(issuerId[],fp(pk(skH1[])),ssetH[],algH[],verH[])),canonVerH[],p2_5)),skH1[]),decl2_4),framed(OT_ATTEST,algH[],issuerId[],fp(pk(skH1[])),h(authTuple(issuerId[],fp(pk(skH1[])),ssetH[],algH[],verH[])),canonVerH[],p2_5)).
Using the function 1-proj-2-tuple the attacker may obtain attemptCore(authTuple(issuerId[],fp(pk(skH1[])),ssetH[],algH[],verH[]),sign((POSS,authTuple(issuerId[],fp(pk(skH1[])),ssetH[],algH[],verH[])),skH1[]),sign((BYTES,framed(OT_ATTEST,algH[],issuerId[],fp(pk(skH1[])),h(authTuple(issuerId[],fp(pk(skH1[])),ssetH[],algH[],verH[])),canonVerH[],p2_5)),skH1[]),decl2_4).
attacker(attemptCore(authTuple(issuerId[],fp(pk(skH1[])),ssetH[],algH[],verH[]),sign((POSS,authTuple(issuerId[],fp(pk(skH1[])),ssetH[],algH[],verH[])),skH1[]),sign((BYTES,framed(OT_ATTEST,algH[],issuerId[],fp(pk(skH1[])),h(authTuple(issuerId[],fp(pk(skH1[])),ssetH[],algH[],verH[])),canonVerH[],p2_5)),skH1[]),decl2_4)).

12. By 11, the attacker may know attemptCore(authTuple(issuerId[],fp(pk(skH1[])),ssetH[],algH[],verH[]),sign((POSS,authTuple(issuerId[],fp(pk(skH1[])),ssetH[],algH[],verH[])),skH1[]),sign((BYTES,framed(OT_ATTEST,algH[],issuerId[],fp(pk(skH1[])),h(authTuple(issuerId[],fp(pk(skH1[])),ssetH[],algH[],verH[])),canonVerH[],p2_5)),skH1[]),decl2_4).
Using the function 4-proj-attemptCore the attacker may obtain decl2_4.
attacker(decl2_4).

13. The attacker has some term p2_7.
attacker(p2_7).

14. By 1, the attacker may know p2_5.
By 13, the attacker may know p2_7.
Using the function 2-tuple the attacker may obtain (p2_5,p2_7).
attacker((p2_5,p2_7)).

15. The message (p2_5,p2_7) that the attacker may have by 14 may be received at input {40}.
So the message (attemptCore(authTuple(issuerId[],fp(pk(skH1[])),ssetH[],algH[],verH[]),sign((POSS,authTuple(issuerId[],fp(pk(skH1[])),ssetH[],algH[],verH[])),skH1[]),sign((BYTES,framed(OT_ATTEST,algH[],issuerId[],fp(pk(skH1[])),h(authTuple(issuerId[],fp(pk(skH1[])),ssetH[],algH[],verH[])),canonVerH[],p2_5)),skH1[]),decl1_6),framed(OT_ATTEST,algH[],issuerId[],fp(pk(skH1[])),h(authTuple(issuerId[],fp(pk(skH1[])),ssetH[],algH[],verH[])),canonVerH[],p2_5)) may be sent to the attacker at output {50}.
attacker((attemptCore(authTuple(issuerId[],fp(pk(skH1[])),ssetH[],algH[],verH[]),sign((POSS,authTuple(issuerId[],fp(pk(skH1[])),ssetH[],algH[],verH[])),skH1[]),sign((BYTES,framed(OT_ATTEST,algH[],issuerId[],fp(pk(skH1[])),h(authTuple(issuerId[],fp(pk(skH1[])),ssetH[],algH[],verH[])),canonVerH[],p2_5)),skH1[]),decl1_6),framed(OT_ATTEST,algH[],issuerId[],fp(pk(skH1[])),h(authTuple(issuerId[],fp(pk(skH1[])),ssetH[],algH[],verH[])),canonVerH[],p2_5))).

16. By 15, the attacker may know (attemptCore(authTuple(issuerId[],fp(pk(skH1[])),ssetH[],algH[],verH[]),sign((POSS,authTuple(issuerId[],fp(pk(skH1[])),ssetH[],algH[],verH[])),skH1[]),sign((BYTES,framed(OT_ATTEST,algH[],issuerId[],fp(pk(skH1[])),h(authTuple(issuerId[],fp(pk(skH1[])),ssetH[],algH[],verH[])),canonVerH[],p2_5)),skH1[]),decl1_6),framed(OT_ATTEST,algH[],issuerId[],fp(pk(skH1[])),h(authTuple(issuerId[],fp(pk(skH1[])),ssetH[],algH[],verH[])),canonVerH[],p2_5)).
Using the function 1-proj-2-tuple the attacker may obtain attemptCore(authTuple(issuerId[],fp(pk(skH1[])),ssetH[],algH[],verH[]),sign((POSS,authTuple(issuerId[],fp(pk(skH1[])),ssetH[],algH[],verH[])),skH1[]),sign((BYTES,framed(OT_ATTEST,algH[],issuerId[],fp(pk(skH1[])),h(authTuple(issuerId[],fp(pk(skH1[])),ssetH[],algH[],verH[])),canonVerH[],p2_5)),skH1[]),decl1_6).
attacker(attemptCore(authTuple(issuerId[],fp(pk(skH1[])),ssetH[],algH[],verH[]),sign((POSS,authTuple(issuerId[],fp(pk(skH1[])),ssetH[],algH[],verH[])),skH1[]),sign((BYTES,framed(OT_ATTEST,algH[],issuerId[],fp(pk(skH1[])),h(authTuple(issuerId[],fp(pk(skH1[])),ssetH[],algH[],verH[])),canonVerH[],p2_5)),skH1[]),decl1_6)).

17. By 16, the attacker may know attemptCore(authTuple(issuerId[],fp(pk(skH1[])),ssetH[],algH[],verH[]),sign((POSS,authTuple(issuerId[],fp(pk(skH1[])),ssetH[],algH[],verH[])),skH1[]),sign((BYTES,framed(OT_ATTEST,algH[],issuerId[],fp(pk(skH1[])),h(authTuple(issuerId[],fp(pk(skH1[])),ssetH[],algH[],verH[])),canonVerH[],p2_5)),skH1[]),decl1_6).
Using the function 3-proj-attemptCore the attacker may obtain sign((BYTES,framed(OT_ATTEST,algH[],issuerId[],fp(pk(skH1[])),h(authTuple(issuerId[],fp(pk(skH1[])),ssetH[],algH[],verH[])),canonVerH[],p2_5)),skH1[]).
attacker(sign((BYTES,framed(OT_ATTEST,algH[],issuerId[],fp(pk(skH1[])),h(authTuple(issuerId[],fp(pk(skH1[])),ssetH[],algH[],verH[])),canonVerH[],p2_5)),skH1[])).

18. The attacker has some term p2_6.
attacker(p2_6).

19. The attacker has some term p1_6.
attacker(p1_6).

20. By 19, the attacker may know p1_6.
By 18, the attacker may know p2_6.
Using the function 2-tuple the attacker may obtain (p1_6,p2_6).
attacker((p1_6,p2_6)).

21. The message (p1_6,p2_6) that the attacker may have by 20 may be received at input {40}.
So the message (attemptCore(authTuple(issuerId[],fp(pk(skH1[])),ssetH[],algH[],verH[]),sign((POSS,authTuple(issuerId[],fp(pk(skH1[])),ssetH[],algH[],verH[])),skH1[]),sign((BYTES,framed(OT_ATTEST,algH[],issuerId[],fp(pk(skH1[])),h(authTuple(issuerId[],fp(pk(skH1[])),ssetH[],algH[],verH[])),canonVerH[],p1_6)),skH1[]),decl1_5),framed(OT_ATTEST,algH[],issuerId[],fp(pk(skH1[])),h(authTuple(issuerId[],fp(pk(skH1[])),ssetH[],algH[],verH[])),canonVerH[],p1_6)) may be sent to the attacker at output {50}.
attacker((attemptCore(authTuple(issuerId[],fp(pk(skH1[])),ssetH[],algH[],verH[]),sign((POSS,authTuple(issuerId[],fp(pk(skH1[])),ssetH[],algH[],verH[])),skH1[]),sign((BYTES,framed(OT_ATTEST,algH[],issuerId[],fp(pk(skH1[])),h(authTuple(issuerId[],fp(pk(skH1[])),ssetH[],algH[],verH[])),canonVerH[],p1_6)),skH1[]),decl1_5),framed(OT_ATTEST,algH[],issuerId[],fp(pk(skH1[])),h(authTuple(issuerId[],fp(pk(skH1[])),ssetH[],algH[],verH[])),canonVerH[],p1_6))).

22. By 21, the attacker may know (attemptCore(authTuple(issuerId[],fp(pk(skH1[])),ssetH[],algH[],verH[]),sign((POSS,authTuple(issuerId[],fp(pk(skH1[])),ssetH[],algH[],verH[])),skH1[]),sign((BYTES,framed(OT_ATTEST,algH[],issuerId[],fp(pk(skH1[])),h(authTuple(issuerId[],fp(pk(skH1[])),ssetH[],algH[],verH[])),canonVerH[],p1_6)),skH1[]),decl1_5),framed(OT_ATTEST,algH[],issuerId[],fp(pk(skH1[])),h(authTuple(issuerId[],fp(pk(skH1[])),ssetH[],algH[],verH[])),canonVerH[],p1_6)).
Using the function 1-proj-2-tuple the attacker may obtain attemptCore(authTuple(issuerId[],fp(pk(skH1[])),ssetH[],algH[],verH[]),sign((POSS,authTuple(issuerId[],fp(pk(skH1[])),ssetH[],algH[],verH[])),skH1[]),sign((BYTES,framed(OT_ATTEST,algH[],issuerId[],fp(pk(skH1[])),h(authTuple(issuerId[],fp(pk(skH1[])),ssetH[],algH[],verH[])),canonVerH[],p1_6)),skH1[]),decl1_5).
attacker(attemptCore(authTuple(issuerId[],fp(pk(skH1[])),ssetH[],algH[],verH[]),sign((POSS,authTuple(issuerId[],fp(pk(skH1[])),ssetH[],algH[],verH[])),skH1[]),sign((BYTES,framed(OT_ATTEST,algH[],issuerId[],fp(pk(skH1[])),h(authTuple(issuerId[],fp(pk(skH1[])),ssetH[],algH[],verH[])),canonVerH[],p1_6)),skH1[]),decl1_5)).

23. By 22, the attacker may know attemptCore(authTuple(issuerId[],fp(pk(skH1[])),ssetH[],algH[],verH[]),sign((POSS,authTuple(issuerId[],fp(pk(skH1[])),ssetH[],algH[],verH[])),skH1[]),sign((BYTES,framed(OT_ATTEST,algH[],issuerId[],fp(pk(skH1[])),h(authTuple(issuerId[],fp(pk(skH1[])),ssetH[],algH[],verH[])),canonVerH[],p1_6)),skH1[]),decl1_5).
Using the function 2-proj-attemptCore the attacker may obtain sign((POSS,authTuple(issuerId[],fp(pk(skH1[])),ssetH[],algH[],verH[])),skH1[]).
attacker(sign((POSS,authTuple(issuerId[],fp(pk(skH1[])),ssetH[],algH[],verH[])),skH1[])).

24. The attacker initially knows verH[].
attacker(verH[]).

25. The attacker initially knows algH[].
attacker(algH[]).

26. The attacker initially knows ssetH[].
attacker(ssetH[]).

27. By 7, the attacker may know pk(skH1[]).
Using the function fp the attacker may obtain fp(pk(skH1[])).
attacker(fp(pk(skH1[]))).

28. The attacker initially knows issuerId[].
attacker(issuerId[]).

29. By 28, the attacker may know issuerId[].
By 27, the attacker may know fp(pk(skH1[])).
By 26, the attacker may know ssetH[].
By 25, the attacker may know algH[].
By 24, the attacker may know verH[].
Using the function authTuple the attacker may obtain authTuple(issuerId[],fp(pk(skH1[])),ssetH[],algH[],verH[]).
attacker(authTuple(issuerId[],fp(pk(skH1[])),ssetH[],algH[],verH[])).

30. By 29, the attacker may know authTuple(issuerId[],fp(pk(skH1[])),ssetH[],algH[],verH[]).
By 23, the attacker may know sign((POSS,authTuple(issuerId[],fp(pk(skH1[])),ssetH[],algH[],verH[])),skH1[]).
By 17, the attacker may know sign((BYTES,framed(OT_ATTEST,algH[],issuerId[],fp(pk(skH1[])),h(authTuple(issuerId[],fp(pk(skH1[])),ssetH[],algH[],verH[])),canonVerH[],p2_5)),skH1[]).
By 12, the attacker may know decl2_4.
Using the function attemptCore the attacker may obtain attemptCore(authTuple(issuerId[],fp(pk(skH1[])),ssetH[],algH[],verH[]),sign((POSS,authTuple(issuerId[],fp(pk(skH1[])),ssetH[],algH[],verH[])),skH1[]),sign((BYTES,framed(OT_ATTEST,algH[],issuerId[],fp(pk(skH1[])),h(authTuple(issuerId[],fp(pk(skH1[])),ssetH[],algH[],verH[])),canonVerH[],p2_5)),skH1[]),decl2_4).
attacker(attemptCore(authTuple(issuerId[],fp(pk(skH1[])),ssetH[],algH[],verH[]),sign((POSS,authTuple(issuerId[],fp(pk(skH1[])),ssetH[],algH[],verH[])),skH1[]),sign((BYTES,framed(OT_ATTEST,algH[],issuerId[],fp(pk(skH1[])),h(authTuple(issuerId[],fp(pk(skH1[])),ssetH[],algH[],verH[])),canonVerH[],p2_5)),skH1[]),decl2_4)).

31. The message sign((STMT_DIGEST,h(authTuple(issuerIdAlias[],fp(pk(skH1[])),ssetH[],algH[],verH[]))),skR[]) may be sent to the attacker at output {36}.
attacker(sign((STMT_DIGEST,h(authTuple(issuerIdAlias[],fp(pk(skH1[])),ssetH[],algH[],verH[]))),skR[])).

32. The message sign((STMT_DIGEST,h(authTuple(issuerIdAlias[],fp(pk(skH1[])),ssetH[],algH[],verH[]))),skD[]) may be sent to the attacker at output {24}.
attacker(sign((STMT_DIGEST,h(authTuple(issuerIdAlias[],fp(pk(skH1[])),ssetH[],algH[],verH[]))),skD[])).

33. The attacker initially knows issuerIdAlias[].
attacker(issuerIdAlias[]).

34. By 33, the attacker may know issuerIdAlias[].
By 27, the attacker may know fp(pk(skH1[])).
By 26, the attacker may know ssetH[].
By 25, the attacker may know algH[].
By 24, the attacker may know verH[].
Using the function authTuple the attacker may obtain authTuple(issuerIdAlias[],fp(pk(skH1[])),ssetH[],algH[],verH[]).
attacker(authTuple(issuerIdAlias[],fp(pk(skH1[])),ssetH[],algH[],verH[])).

35. By 34, the attacker may know authTuple(issuerIdAlias[],fp(pk(skH1[])),ssetH[],algH[],verH[]).
By 32, the attacker may know sign((STMT_DIGEST,h(authTuple(issuerIdAlias[],fp(pk(skH1[])),ssetH[],algH[],verH[]))),skD[]).
By 31, the attacker may know sign((STMT_DIGEST,h(authTuple(issuerIdAlias[],fp(pk(skH1[])),ssetH[],algH[],verH[]))),skR[]).
By 7, the attacker may know pk(skH1[]).
By 30, the attacker may know attemptCore(authTuple(issuerId[],fp(pk(skH1[])),ssetH[],algH[],verH[]),sign((POSS,authTuple(issuerId[],fp(pk(skH1[])),ssetH[],algH[],verH[])),skH1[]),sign((BYTES,framed(OT_ATTEST,algH[],issuerId[],fp(pk(skH1[])),h(authTuple(issuerId[],fp(pk(skH1[])),ssetH[],algH[],verH[])),canonVerH[],p2_5)),skH1[]),decl2_4).
By 9, the attacker may know fb_2.
By 8, the attacker may know withTLR(pk(skH1[]),sign((TLR,(lineage2(entry(h(attemptCore(authTuple(issuerId[],fp(pk(skH1[])),ssetH[],algH[],verH[]),sign((POSS,authTuple(issuerId[],fp(pk(skH1[])),ssetH[],algH[],verH[])),skH1[]),sign((BYTES,framed(OT_ATTEST,algH[],issuerId[],fp(pk(skH1[])),h(authTuple(issuerId[],fp(pk(skH1[])),ssetH[],algH[],verH[])),canonVerH[],p1_5)),skH1[]),decl1_4)),DISP_ABANDONED),entry(h(attemptCore(authTuple(issuerId[],fp(pk(skH1[])),ssetH[],algH[],verH[]),sign((POSS,authTuple(issuerId[],fp(pk(skH1[])),ssetH[],algH[],verH[])),skH1[]),sign((BYTES,framed(OT_ATTEST,algH[],issuerId[],fp(pk(skH1[])),h(authTuple(issuerId[],fp(pk(skH1[])),ssetH[],algH[],verH[])),canonVerH[],p2_5)),skH1[]),decl2_4)),DISP_SHIPPED)),TERM_SHIPPED(h(attemptCore(authTuple(issuerId[],fp(pk(skH1[])),ssetH[],algH[],verH[]),sign((POSS,authTuple(issuerId[],fp(pk(skH1[])),ssetH[],algH[],verH[])),skH1[]),sign((BYTES,framed(OT_ATTEST,algH[],issuerId[],fp(pk(skH1[])),h(authTuple(issuerId[],fp(pk(skH1[])),ssetH[],algH[],verH[])),canonVerH[],p2_5)),skH1[]),decl2_4))),declT_5)),skH1[]),anchorProof(h(sign((TLR,(lineage2(entry(h(attemptCore(authTuple(issuerId[],fp(pk(skH1[])),ssetH[],algH[],verH[]),sign((POSS,authTuple(issuerId[],fp(pk(skH1[])),ssetH[],algH[],verH[])),skH1[]),sign((BYTES,framed(OT_ATTEST,algH[],issuerId[],fp(pk(skH1[])),h(authTuple(issuerId[],fp(pk(skH1[])),ssetH[],algH[],verH[])),canonVerH[],p1_5)),skH1[]),decl1_4)),DISP_ABANDONED),entry(h(attemptCore(authTuple(issuerId[],fp(pk(skH1[])),ssetH[],algH[],verH[]),sign((POSS,authTuple(issuerId[],fp(pk(skH1[])),ssetH[],algH[],verH[])),skH1[]),sign((BYTES,framed(OT_ATTEST,algH[],issuerId[],fp(pk(skH1[])),h(authTuple(issuerId[],fp(pk(skH1[])),ssetH[],algH[],verH[])),canonVerH[],p2_5)),skH1[]),decl2_4)),DISP_SHIPPED)),TERM_SHIPPED(h(attemptCore(authTuple(issuerId[],fp(pk(skH1[])),ssetH[],algH[],verH[]),sign((POSS,authTuple(issuerId[],fp(pk(skH1[])),ssetH[],algH[],verH[])),skH1[]),sign((BYTES,framed(OT_ATTEST,algH[],issuerId[],fp(pk(skH1[])),h(authTuple(issuerId[],fp(pk(skH1[])),ssetH[],algH[],verH[])),canonVerH[],p2_5)),skH1[]),decl2_4))),declT_5)),skH1[])))).
Using the function 7-tuple the attacker may obtain (authTuple(issuerIdAlias[],fp(pk(skH1[])),ssetH[],algH[],verH[]),sign((STMT_DIGEST,h(authTuple(issuerIdAlias[],fp(pk(skH1[])),ssetH[],algH[],verH[]))),skD[]),sign((STMT_DIGEST,h(authTuple(issuerIdAlias[],fp(pk(skH1[])),ssetH[],algH[],verH[]))),skR[]),pk(skH1[]),attemptCore(authTuple(issuerId[],fp(pk(skH1[])),ssetH[],algH[],verH[]),sign((POSS,authTuple(issuerId[],fp(pk(skH1[])),ssetH[],algH[],verH[])),skH1[]),sign((BYTES,framed(OT_ATTEST,algH[],issuerId[],fp(pk(skH1[])),h(authTuple(issuerId[],fp(pk(skH1[])),ssetH[],algH[],verH[])),canonVerH[],p2_5)),skH1[]),decl2_4),fb_2,withTLR(pk(skH1[]),sign((TLR,(lineage2(entry(h(attemptCore(authTuple(issuerId[],fp(pk(skH1[])),ssetH[],algH[],verH[]),sign((POSS,authTuple(issuerId[],fp(pk(skH1[])),ssetH[],algH[],verH[])),skH1[]),sign((BYTES,framed(OT_ATTEST,algH[],issuerId[],fp(pk(skH1[])),h(authTuple(issuerId[],fp(pk(skH1[])),ssetH[],algH[],verH[])),canonVerH[],p1_5)),skH1[]),decl1_4)),DISP_ABANDONED),entry(h(attemptCore(authTuple(issuerId[],fp(pk(skH1[])),ssetH[],algH[],verH[]),sign((POSS,authTuple(issuerId[],fp(pk(skH1[])),ssetH[],algH[],verH[])),skH1[]),sign((BYTES,framed(OT_ATTEST,algH[],issuerId[],fp(pk(skH1[])),h(authTuple(issuerId[],fp(pk(skH1[])),ssetH[],algH[],verH[])),canonVerH[],p2_5)),skH1[]),decl2_4)),DISP_SHIPPED)),TERM_SHIPPED(h(attemptCore(authTuple(issuerId[],fp(pk(skH1[])),ssetH[],algH[],verH[]),sign((POSS,authTuple(issuerId[],fp(pk(skH1[])),ssetH[],algH[],verH[])),skH1[]),sign((BYTES,framed(OT_ATTEST,algH[],issuerId[],fp(pk(skH1[])),h(authTuple(issuerId[],fp(pk(skH1[])),ssetH[],algH[],verH[])),canonVerH[],p2_5)),skH1[]),decl2_4))),declT_5)),skH1[]),anchorProof(h(sign((TLR,(lineage2(entry(h(attemptCore(authTuple(issuerId[],fp(pk(skH1[])),ssetH[],algH[],verH[]),sign((POSS,authTuple(issuerId[],fp(pk(skH1[])),ssetH[],algH[],verH[])),skH1[]),sign((BYTES,framed(OT_ATTEST,algH[],issuerId[],fp(pk(skH1[])),h(authTuple(issuerId[],fp(pk(skH1[])),ssetH[],algH[],verH[])),canonVerH[],p1_5)),skH1[]),decl1_4)),DISP_ABANDONED),entry(h(attemptCore(authTuple(issuerId[],fp(pk(skH1[])),ssetH[],algH[],verH[]),sign((POSS,authTuple(issuerId[],fp(pk(skH1[])),ssetH[],algH[],verH[])),skH1[]),sign((BYTES,framed(OT_ATTEST,algH[],issuerId[],fp(pk(skH1[])),h(authTuple(issuerId[],fp(pk(skH1[])),ssetH[],algH[],verH[])),canonVerH[],p2_5)),skH1[]),decl2_4)),DISP_SHIPPED)),TERM_SHIPPED(h(attemptCore(authTuple(issuerId[],fp(pk(skH1[])),ssetH[],algH[],verH[]),sign((POSS,authTuple(issuerId[],fp(pk(skH1[])),ssetH[],algH[],verH[])),skH1[]),sign((BYTES,framed(OT_ATTEST,algH[],issuerId[],fp(pk(skH1[])),h(authTuple(issuerId[],fp(pk(skH1[])),ssetH[],algH[],verH[])),canonVerH[],p2_5)),skH1[]),decl2_4))),declT_5)),skH1[]))))).
attacker((authTuple(issuerIdAlias[],fp(pk(skH1[])),ssetH[],algH[],verH[]),sign((STMT_DIGEST,h(authTuple(issuerIdAlias[],fp(pk(skH1[])),ssetH[],algH[],verH[]))),skD[]),sign((STMT_DIGEST,h(authTuple(issuerIdAlias[],fp(pk(skH1[])),ssetH[],algH[],verH[]))),skR[]),pk(skH1[]),attemptCore(authTuple(issuerId[],fp(pk(skH1[])),ssetH[],algH[],verH[]),sign((POSS,authTuple(issuerId[],fp(pk(skH1[])),ssetH[],algH[],verH[])),skH1[]),sign((BYTES,framed(OT_ATTEST,algH[],issuerId[],fp(pk(skH1[])),h(authTuple(issuerId[],fp(pk(skH1[])),ssetH[],algH[],verH[])),canonVerH[],p2_5)),skH1[]),decl2_4),fb_2,withTLR(pk(skH1[]),sign((TLR,(lineage2(entry(h(attemptCore(authTuple(issuerId[],fp(pk(skH1[])),ssetH[],algH[],verH[]),sign((POSS,authTuple(issuerId[],fp(pk(skH1[])),ssetH[],algH[],verH[])),skH1[]),sign((BYTES,framed(OT_ATTEST,algH[],issuerId[],fp(pk(skH1[])),h(authTuple(issuerId[],fp(pk(skH1[])),ssetH[],algH[],verH[])),canonVerH[],p1_5)),skH1[]),decl1_4)),DISP_ABANDONED),entry(h(attemptCore(authTuple(issuerId[],fp(pk(skH1[])),ssetH[],algH[],verH[]),sign((POSS,authTuple(issuerId[],fp(pk(skH1[])),ssetH[],algH[],verH[])),skH1[]),sign((BYTES,framed(OT_ATTEST,algH[],issuerId[],fp(pk(skH1[])),h(authTuple(issuerId[],fp(pk(skH1[])),ssetH[],algH[],verH[])),canonVerH[],p2_5)),skH1[]),decl2_4)),DISP_SHIPPED)),TERM_SHIPPED(h(attemptCore(authTuple(issuerId[],fp(pk(skH1[])),ssetH[],algH[],verH[]),sign((POSS,authTuple(issuerId[],fp(pk(skH1[])),ssetH[],algH[],verH[])),skH1[]),sign((BYTES,framed(OT_ATTEST,algH[],issuerId[],fp(pk(skH1[])),h(authTuple(issuerId[],fp(pk(skH1[])),ssetH[],algH[],verH[])),canonVerH[],p2_5)),skH1[]),decl2_4))),declT_5)),skH1[]),anchorProof(h(sign((TLR,(lineage2(entry(h(attemptCore(authTuple(issuerId[],fp(pk(skH1[])),ssetH[],algH[],verH[]),sign((POSS,authTuple(issuerId[],fp(pk(skH1[])),ssetH[],algH[],verH[])),skH1[]),sign((BYTES,framed(OT_ATTEST,algH[],issuerId[],fp(pk(skH1[])),h(authTuple(issuerId[],fp(pk(skH1[])),ssetH[],algH[],verH[])),canonVerH[],p1_5)),skH1[]),decl1_4)),DISP_ABANDONED),entry(h(attemptCore(authTuple(issuerId[],fp(pk(skH1[])),ssetH[],algH[],verH[]),sign((POSS,authTuple(issuerId[],fp(pk(skH1[])),ssetH[],algH[],verH[])),skH1[]),sign((BYTES,framed(OT_ATTEST,algH[],issuerId[],fp(pk(skH1[])),h(authTuple(issuerId[],fp(pk(skH1[])),ssetH[],algH[],verH[])),canonVerH[],p2_5)),skH1[]),decl2_4)),DISP_SHIPPED)),TERM_SHIPPED(h(attemptCore(authTuple(issuerId[],fp(pk(skH1[])),ssetH[],algH[],verH[]),sign((POSS,authTuple(issuerId[],fp(pk(skH1[])),ssetH[],algH[],verH[])),skH1[]),sign((BYTES,framed(OT_ATTEST,algH[],issuerId[],fp(pk(skH1[])),h(authTuple(issuerId[],fp(pk(skH1[])),ssetH[],algH[],verH[])),canonVerH[],p2_5)),skH1[]),decl2_4))),declT_5)),skH1[])))))).

36. The message (authTuple(issuerIdAlias[],fp(pk(skH1[])),ssetH[],algH[],verH[]),sign((STMT_DIGEST,h(authTuple(issuerIdAlias[],fp(pk(skH1[])),ssetH[],algH[],verH[]))),skD[]),sign((STMT_DIGEST,h(authTuple(issuerIdAlias[],fp(pk(skH1[])),ssetH[],algH[],verH[]))),skR[]),pk(skH1[]),attemptCore(authTuple(issuerId[],fp(pk(skH1[])),ssetH[],algH[],verH[]),sign((POSS,authTuple(issuerId[],fp(pk(skH1[])),ssetH[],algH[],verH[])),skH1[]),sign((BYTES,framed(OT_ATTEST,algH[],issuerId[],fp(pk(skH1[])),h(authTuple(issuerId[],fp(pk(skH1[])),ssetH[],algH[],verH[])),canonVerH[],p2_5)),skH1[]),decl2_4),fb_2,withTLR(pk(skH1[]),sign((TLR,(lineage2(entry(h(attemptCore(authTuple(issuerId[],fp(pk(skH1[])),ssetH[],algH[],verH[]),sign((POSS,authTuple(issuerId[],fp(pk(skH1[])),ssetH[],algH[],verH[])),skH1[]),sign((BYTES,framed(OT_ATTEST,algH[],issuerId[],fp(pk(skH1[])),h(authTuple(issuerId[],fp(pk(skH1[])),ssetH[],algH[],verH[])),canonVerH[],p1_5)),skH1[]),decl1_4)),DISP_ABANDONED),entry(h(attemptCore(authTuple(issuerId[],fp(pk(skH1[])),ssetH[],algH[],verH[]),sign((POSS,authTuple(issuerId[],fp(pk(skH1[])),ssetH[],algH[],verH[])),skH1[]),sign((BYTES,framed(OT_ATTEST,algH[],issuerId[],fp(pk(skH1[])),h(authTuple(issuerId[],fp(pk(skH1[])),ssetH[],algH[],verH[])),canonVerH[],p2_5)),skH1[]),decl2_4)),DISP_SHIPPED)),TERM_SHIPPED(h(attemptCore(authTuple(issuerId[],fp(pk(skH1[])),ssetH[],algH[],verH[]),sign((POSS,authTuple(issuerId[],fp(pk(skH1[])),ssetH[],algH[],verH[])),skH1[]),sign((BYTES,framed(OT_ATTEST,algH[],issuerId[],fp(pk(skH1[])),h(authTuple(issuerId[],fp(pk(skH1[])),ssetH[],algH[],verH[])),canonVerH[],p2_5)),skH1[]),decl2_4))),declT_5)),skH1[]),anchorProof(h(sign((TLR,(lineage2(entry(h(attemptCore(authTuple(issuerId[],fp(pk(skH1[])),ssetH[],algH[],verH[]),sign((POSS,authTuple(issuerId[],fp(pk(skH1[])),ssetH[],algH[],verH[])),skH1[]),sign((BYTES,framed(OT_ATTEST,algH[],issuerId[],fp(pk(skH1[])),h(authTuple(issuerId[],fp(pk(skH1[])),ssetH[],algH[],verH[])),canonVerH[],p1_5)),skH1[]),decl1_4)),DISP_ABANDONED),entry(h(attemptCore(authTuple(issuerId[],fp(pk(skH1[])),ssetH[],algH[],verH[]),sign((POSS,authTuple(issuerId[],fp(pk(skH1[])),ssetH[],algH[],verH[])),skH1[]),sign((BYTES,framed(OT_ATTEST,algH[],issuerId[],fp(pk(skH1[])),h(authTuple(issuerId[],fp(pk(skH1[])),ssetH[],algH[],verH[])),canonVerH[],p2_5)),skH1[]),decl2_4)),DISP_SHIPPED)),TERM_SHIPPED(h(attemptCore(authTuple(issuerId[],fp(pk(skH1[])),ssetH[],algH[],verH[]),sign((POSS,authTuple(issuerId[],fp(pk(skH1[])),ssetH[],algH[],verH[])),skH1[]),sign((BYTES,framed(OT_ATTEST,algH[],issuerId[],fp(pk(skH1[])),h(authTuple(issuerId[],fp(pk(skH1[])),ssetH[],algH[],verH[])),canonVerH[],p2_5)),skH1[]),decl2_4))),declT_5)),skH1[]))))) that the attacker may have by 35 may be received at input {132}.
We have h(attemptCore(authTuple(issuerId[],fp(pk(skH1[])),ssetH[],algH[],verH[]),sign((POSS,authTuple(issuerId[],fp(pk(skH1[])),ssetH[],algH[],verH[])),skH1[]),sign((BYTES,framed(OT_ATTEST,algH[],issuerId[],fp(pk(skH1[])),h(authTuple(issuerId[],fp(pk(skH1[])),ssetH[],algH[],verH[])),canonVerH[],p1_5)),skH1[]),decl1_4)) ≠ h(attemptCore(authTuple(issuerId[],fp(pk(skH1[])),ssetH[],algH[],verH[]),sign((POSS,authTuple(issuerId[],fp(pk(skH1[])),ssetH[],algH[],verH[])),skH1[]),sign((BYTES,framed(OT_ATTEST,algH[],issuerId[],fp(pk(skH1[])),h(authTuple(issuerId[],fp(pk(skH1[])),ssetH[],algH[],verH[])),canonVerH[],p2_5)),skH1[]),decl2_4)).
So the message (pk(skH1[]),authTuple(issuerIdAlias[],fp(pk(skH1[])),ssetH[],algH[],verH[]),attemptCore(authTuple(issuerId[],fp(pk(skH1[])),ssetH[],algH[],verH[]),sign((POSS,authTuple(issuerId[],fp(pk(skH1[])),ssetH[],algH[],verH[])),skH1[]),sign((BYTES,framed(OT_ATTEST,algH[],issuerId[],fp(pk(skH1[])),h(authTuple(issuerId[],fp(pk(skH1[])),ssetH[],algH[],verH[])),canonVerH[],p2_5)),skH1[]),decl2_4),h(attemptCore(authTuple(issuerId[],fp(pk(skH1[])),ssetH[],algH[],verH[]),sign((POSS,authTuple(issuerId[],fp(pk(skH1[])),ssetH[],algH[],verH[])),skH1[]),sign((BYTES,framed(OT_ATTEST,algH[],issuerId[],fp(pk(skH1[])),h(authTuple(issuerId[],fp(pk(skH1[])),ssetH[],algH[],verH[])),canonVerH[],p2_5)),skH1[]),decl2_4))) may be sent on channel aliasCh[] at output {155}.
mess(aliasCh[],(pk(skH1[]),authTuple(issuerIdAlias[],fp(pk(skH1[])),ssetH[],algH[],verH[]),attemptCore(authTuple(issuerId[],fp(pk(skH1[])),ssetH[],algH[],verH[]),sign((POSS,authTuple(issuerId[],fp(pk(skH1[])),ssetH[],algH[],verH[])),skH1[]),sign((BYTES,framed(OT_ATTEST,algH[],issuerId[],fp(pk(skH1[])),h(authTuple(issuerId[],fp(pk(skH1[])),ssetH[],algH[],verH[])),canonVerH[],p2_5)),skH1[]),decl2_4),h(attemptCore(authTuple(issuerId[],fp(pk(skH1[])),ssetH[],algH[],verH[]),sign((POSS,authTuple(issuerId[],fp(pk(skH1[])),ssetH[],algH[],verH[])),skH1[]),sign((BYTES,framed(OT_ATTEST,algH[],issuerId[],fp(pk(skH1[])),h(authTuple(issuerId[],fp(pk(skH1[])),ssetH[],algH[],verH[])),canonVerH[],p2_5)),skH1[]),decl2_4)))).

37. The message (pk(skH1[]),authTuple(issuerIdAlias[],fp(pk(skH1[])),ssetH[],algH[],verH[]),attemptCore(authTuple(issuerId[],fp(pk(skH1[])),ssetH[],algH[],verH[]),sign((POSS,authTuple(issuerId[],fp(pk(skH1[])),ssetH[],algH[],verH[])),skH1[]),sign((BYTES,framed(OT_ATTEST,algH[],issuerId[],fp(pk(skH1[])),h(authTuple(issuerId[],fp(pk(skH1[])),ssetH[],algH[],verH[])),canonVerH[],p2_5)),skH1[]),decl2_4),h(attemptCore(authTuple(issuerId[],fp(pk(skH1[])),ssetH[],algH[],verH[]),sign((POSS,authTuple(issuerId[],fp(pk(skH1[])),ssetH[],algH[],verH[])),skH1[]),sign((BYTES,framed(OT_ATTEST,algH[],issuerId[],fp(pk(skH1[])),h(authTuple(issuerId[],fp(pk(skH1[])),ssetH[],algH[],verH[])),canonVerH[],p2_5)),skH1[]),decl2_4))) that may be sent on channel aliasCh[] by 36 may be received at input {191}.
We have authTuple(issuerIdAlias[],fp(pk(skH1[])),ssetH[],algH[],verH[]) ≠ authTuple(issuerId[],fp(pk(skH1[])),ssetH[],algH[],verH[]).
So event Aliased(pk(skH1[]),authTuple(issuerIdAlias[],fp(pk(skH1[])),ssetH[],algH[],verH[]),authTuple(issuerId[],fp(pk(skH1[])),ssetH[],algH[],verH[]),h(attemptCore(authTuple(issuerId[],fp(pk(skH1[])),ssetH[],algH[],verH[]),sign((POSS,authTuple(issuerId[],fp(pk(skH1[])),ssetH[],algH[],verH[])),skH1[]),sign((BYTES,framed(OT_ATTEST,algH[],issuerId[],fp(pk(skH1[])),h(authTuple(issuerId[],fp(pk(skH1[])),ssetH[],algH[],verH[])),canonVerH[],p2_5)),skH1[]),decl2_4))) may be executed at {194}.
event(Aliased(pk(skH1[]),authTuple(issuerIdAlias[],fp(pk(skH1[])),ssetH[],algH[],verH[]),authTuple(issuerId[],fp(pk(skH1[])),ssetH[],algH[],verH[]),h(attemptCore(authTuple(issuerId[],fp(pk(skH1[])),ssetH[],algH[],verH[]),sign((POSS,authTuple(issuerId[],fp(pk(skH1[])),ssetH[],algH[],verH[])),skH1[]),sign((BYTES,framed(OT_ATTEST,algH[],issuerId[],fp(pk(skH1[])),h(authTuple(issuerId[],fp(pk(skH1[])),ssetH[],algH[],verH[])),canonVerH[],p2_5)),skH1[]),decl2_4)))).

38. By 37, event(Aliased(pk(skH1[]),authTuple(issuerIdAlias[],fp(pk(skH1[])),ssetH[],algH[],verH[]),authTuple(issuerId[],fp(pk(skH1[])),ssetH[],algH[],verH[]),h(attemptCore(authTuple(issuerId[],fp(pk(skH1[])),ssetH[],algH[],verH[]),sign((POSS,authTuple(issuerId[],fp(pk(skH1[])),ssetH[],algH[],verH[])),skH1[]),sign((BYTES,framed(OT_ATTEST,algH[],issuerId[],fp(pk(skH1[])),h(authTuple(issuerId[],fp(pk(skH1[])),ssetH[],algH[],verH[])),canonVerH[],p2_5)),skH1[]),decl2_4)))).
The goal is reached, represented in the following fact:
event(Aliased(pk(skH1[]),authTuple(issuerIdAlias[],fp(pk(skH1[])),ssetH[],algH[],verH[]),authTuple(issuerId[],fp(pk(skH1[])),ssetH[],algH[],verH[]),h(attemptCore(authTuple(issuerId[],fp(pk(skH1[])),ssetH[],algH[],verH[]),sign((POSS,authTuple(issuerId[],fp(pk(skH1[])),ssetH[],algH[],verH[])),skH1[]),sign((BYTES,framed(OT_ATTEST,algH[],issuerId[],fp(pk(skH1[])),h(authTuple(issuerId[],fp(pk(skH1[])),ssetH[],algH[],verH[])),canonVerH[],p2_5)),skH1[]),decl2_4)))).


A more detailed output of the traces is available with
  set traceDisplay = long.

new skD: skey creating skD_4 at {1}

new skR: skey creating skR_4 at {2}

out(c, ~M) with ~M = pk(skD_4) at {6}

out(c, ~M_1) with ~M_1 = pk(skR_4) at {7}

out(c, ~M_2) with ~M_2 = pk(skH1) at {8}

out(c, ~M_3) with ~M_3 = pk(skH2) at {9}

out(c, authTuple(~M_4,~M_5,~M_6,~M_7,~M_8)) with ~M_4 = issuerId, ~M_5 = fp(pk(skH1)), ~M_6 = ssetH, ~M_7 = algH, ~M_8 = verH at {10}

out(c, authTuple(~M_9,~M_10,~M_11,~M_12,~M_13)) with ~M_9 = issuerId2, ~M_10 = fp(pk(skH2)), ~M_11 = ssetH, ~M_12 = algH, ~M_13 = verH at {11}

out(c, authTuple(~M_14,~M_15,~M_16,~M_17,~M_18)) with ~M_14 = issuerIdAlias, ~M_15 = fp(pk(skH1)), ~M_16 = ssetH, ~M_17 = algH, ~M_18 = verH at {12}

event AuthorityPublishedRepo(authTuple(issuerIdAlias,fp(pk(skH1)),ssetH,algH,verH)) at {35} in copy a

out(c, ~M_19) with ~M_19 = sign((STMT_DIGEST,h(authTuple(issuerIdAlias,fp(pk(skH1)),ssetH,algH,verH))),skR_4) at {36} in copy a

event AuthorityPublishedDNS(authTuple(issuerIdAlias,fp(pk(skH1)),ssetH,algH,verH)) at {23} in copy a_1

out(c, ~M_20) with ~M_20 = sign((STMT_DIGEST,h(authTuple(issuerIdAlias,fp(pk(skH1)),ssetH,algH,verH))),skD_4) at {24} in copy a_1

in(c, (a_2,a_3)) at {40} in copy a_4

new decl1: bitstring creating decl1_7 at {41} in copy a_4

new decl2: bitstring creating decl2_5 at {42} in copy a_4

new declT: bitstring creating declT_6 at {43} in copy a_4

event IssuerPossession(pk(skH1)) at {44} in copy a_4

event IssuerSigned(pk(skH1),framed(OT_ATTEST,algH,issuerId,fp(pk(skH1)),h(authTuple(issuerId,fp(pk(skH1)),ssetH,algH,verH)),canonVerH,a_2)) at {49} in copy a_4

out(c, (attemptCore(authTuple(~M_21,~M_22,~M_23,~M_24,~M_25),~M_26,~M_27,~M_28),framed(~M_29,~M_30,~M_31,~M_32,~M_33,~M_34,~M_35))) with ~M_21 = issuerId, ~M_22 = fp(pk(skH1)), ~M_23 = ssetH, ~M_24 = algH, ~M_25 = verH, ~M_26 = sign((POSS,authTuple(issuerId,fp(pk(skH1)),ssetH,algH,verH)),skH1), ~M_27 = sign((BYTES,framed(OT_ATTEST,algH,issuerId,fp(pk(skH1)),h(authTuple(issuerId,fp(pk(skH1)),ssetH,algH,verH)),canonVerH,a_2)),skH1), ~M_28 = decl1_7, ~M_29 = OT_ATTEST, ~M_30 = algH, ~M_31 = issuerId, ~M_32 = fp(pk(skH1)), ~M_33 = h(authTuple(issuerId,fp(pk(skH1)),ssetH,algH,verH)), ~M_34 = canonVerH, ~M_35 = a_2 at {50} in copy a_4

event IssuerSigned(pk(skH1),framed(OT_ATTEST,algH,issuerId,fp(pk(skH1)),h(authTuple(issuerId,fp(pk(skH1)),ssetH,algH,verH)),canonVerH,a_3)) at {54} in copy a_4

out(c, (attemptCore(authTuple(~M_36,~M_37,~M_38,~M_39,~M_40),~M_41,~M_42,~M_43),framed(~M_44,~M_45,~M_46,~M_47,~M_48,~M_49,~M_50))) with ~M_36 = issuerId, ~M_37 = fp(pk(skH1)), ~M_38 = ssetH, ~M_39 = algH, ~M_40 = verH, ~M_41 = sign((POSS,authTuple(issuerId,fp(pk(skH1)),ssetH,algH,verH)),skH1), ~M_42 = sign((BYTES,framed(OT_ATTEST,algH,issuerId,fp(pk(skH1)),h(authTuple(issuerId,fp(pk(skH1)),ssetH,algH,verH)),canonVerH,a_3)),skH1), ~M_43 = decl2_5, ~M_44 = OT_ATTEST, ~M_45 = algH, ~M_46 = issuerId, ~M_47 = fp(pk(skH1)), ~M_48 = h(authTuple(issuerId,fp(pk(skH1)),ssetH,algH,verH)), ~M_49 = canonVerH, ~M_50 = a_3 at {55} in copy a_4

event Designated(pk(skH1),h(attemptCore(authTuple(issuerId,fp(pk(skH1)),ssetH,algH,verH),sign((POSS,authTuple(issuerId,fp(pk(skH1)),ssetH,algH,verH)),skH1),sign((BYTES,framed(OT_ATTEST,algH,issuerId,fp(pk(skH1)),h(authTuple(issuerId,fp(pk(skH1)),ssetH,algH,verH)),canonVerH,a_3)),skH1),decl2_5))) at {58} in copy a_4

out(c, ~M_51) with ~M_51 = sign((TLR,(lineage2(entry(h(attemptCore(authTuple(issuerId,fp(pk(skH1)),ssetH,algH,verH),sign((POSS,authTuple(issuerId,fp(pk(skH1)),ssetH,algH,verH)),skH1),sign((BYTES,framed(OT_ATTEST,algH,issuerId,fp(pk(skH1)),h(authTuple(issuerId,fp(pk(skH1)),ssetH,algH,verH)),canonVerH,a_2)),skH1),decl1_7)),DISP_ABANDONED),entry(h(attemptCore(authTuple(issuerId,fp(pk(skH1)),ssetH,algH,verH),sign((POSS,authTuple(issuerId,fp(pk(skH1)),ssetH,algH,verH)),skH1),sign((BYTES,framed(OT_ATTEST,algH,issuerId,fp(pk(skH1)),h(authTuple(issuerId,fp(pk(skH1)),ssetH,algH,verH)),canonVerH,a_3)),skH1),decl2_5)),DISP_SHIPPED)),TERM_SHIPPED(h(attemptCore(authTuple(issuerId,fp(pk(skH1)),ssetH,algH,verH),sign((POSS,authTuple(issuerId,fp(pk(skH1)),ssetH,algH,verH)),skH1),sign((BYTES,framed(OT_ATTEST,algH,issuerId,fp(pk(skH1)),h(authTuple(issuerId,fp(pk(skH1)),ssetH,algH,verH)),canonVerH,a_3)),skH1),decl2_5))),declT_6)),skH1) at {61} in copy a_4

in(c, (a_5,a_6)) at {40} in copy a_7

new decl1: bitstring creating decl1_8 at {41} in copy a_7

new decl2: bitstring creating decl2_6 at {42} in copy a_7

new declT: bitstring creating declT_7 at {43} in copy a_7

event IssuerPossession(pk(skH1)) at {44} in copy a_7

event IssuerSigned(pk(skH1),framed(OT_ATTEST,algH,issuerId,fp(pk(skH1)),h(authTuple(issuerId,fp(pk(skH1)),ssetH,algH,verH)),canonVerH,a_5)) at {49} in copy a_7

out(c, (attemptCore(authTuple(~M_52,~M_53,~M_54,~M_55,~M_56),~M_57,~M_58,~M_59),framed(~M_60,~M_61,~M_62,~M_63,~M_64,~M_65,~M_66))) with ~M_52 = issuerId, ~M_53 = fp(pk(skH1)), ~M_54 = ssetH, ~M_55 = algH, ~M_56 = verH, ~M_57 = sign((POSS,authTuple(issuerId,fp(pk(skH1)),ssetH,algH,verH)),skH1), ~M_58 = sign((BYTES,framed(OT_ATTEST,algH,issuerId,fp(pk(skH1)),h(authTuple(issuerId,fp(pk(skH1)),ssetH,algH,verH)),canonVerH,a_5)),skH1), ~M_59 = decl1_8, ~M_60 = OT_ATTEST, ~M_61 = algH, ~M_62 = issuerId, ~M_63 = fp(pk(skH1)), ~M_64 = h(authTuple(issuerId,fp(pk(skH1)),ssetH,algH,verH)), ~M_65 = canonVerH, ~M_66 = a_5 at {50} in copy a_7

event IssuerSigned(pk(skH1),framed(OT_ATTEST,algH,issuerId,fp(pk(skH1)),h(authTuple(issuerId,fp(pk(skH1)),ssetH,algH,verH)),canonVerH,a_6)) at {54} in copy a_7

out(c, (attemptCore(authTuple(~M_67,~M_68,~M_69,~M_70,~M_71),~M_72,~M_73,~M_74),framed(~M_75,~M_76,~M_77,~M_78,~M_79,~M_80,~M_81))) with ~M_67 = issuerId, ~M_68 = fp(pk(skH1)), ~M_69 = ssetH, ~M_70 = algH, ~M_71 = verH, ~M_72 = sign((POSS,authTuple(issuerId,fp(pk(skH1)),ssetH,algH,verH)),skH1), ~M_73 = sign((BYTES,framed(OT_ATTEST,algH,issuerId,fp(pk(skH1)),h(authTuple(issuerId,fp(pk(skH1)),ssetH,algH,verH)),canonVerH,a_6)),skH1), ~M_74 = decl2_6, ~M_75 = OT_ATTEST, ~M_76 = algH, ~M_77 = issuerId, ~M_78 = fp(pk(skH1)), ~M_79 = h(authTuple(issuerId,fp(pk(skH1)),ssetH,algH,verH)), ~M_80 = canonVerH, ~M_81 = a_6 at {55} in copy a_7

event Designated(pk(skH1),h(attemptCore(authTuple(issuerId,fp(pk(skH1)),ssetH,algH,verH),sign((POSS,authTuple(issuerId,fp(pk(skH1)),ssetH,algH,verH)),skH1),sign((BYTES,framed(OT_ATTEST,algH,issuerId,fp(pk(skH1)),h(authTuple(issuerId,fp(pk(skH1)),ssetH,algH,verH)),canonVerH,a_6)),skH1),decl2_6))) at {58} in copy a_7

out(c, ~M_82) with ~M_82 = sign((TLR,(lineage2(entry(h(attemptCore(authTuple(issuerId,fp(pk(skH1)),ssetH,algH,verH),sign((POSS,authTuple(issuerId,fp(pk(skH1)),ssetH,algH,verH)),skH1),sign((BYTES,framed(OT_ATTEST,algH,issuerId,fp(pk(skH1)),h(authTuple(issuerId,fp(pk(skH1)),ssetH,algH,verH)),canonVerH,a_5)),skH1),decl1_8)),DISP_ABANDONED),entry(h(attemptCore(authTuple(issuerId,fp(pk(skH1)),ssetH,algH,verH),sign((POSS,authTuple(issuerId,fp(pk(skH1)),ssetH,algH,verH)),skH1),sign((BYTES,framed(OT_ATTEST,algH,issuerId,fp(pk(skH1)),h(authTuple(issuerId,fp(pk(skH1)),ssetH,algH,verH)),canonVerH,a_6)),skH1),decl2_6)),DISP_SHIPPED)),TERM_SHIPPED(h(attemptCore(authTuple(issuerId,fp(pk(skH1)),ssetH,algH,verH),sign((POSS,authTuple(issuerId,fp(pk(skH1)),ssetH,algH,verH)),skH1),sign((BYTES,framed(OT_ATTEST,algH,issuerId,fp(pk(skH1)),h(authTuple(issuerId,fp(pk(skH1)),ssetH,algH,verH)),canonVerH,a_6)),skH1),decl2_6))),declT_7)),skH1) at {61} in copy a_7

in(c, (a_8,a_5)) at {40} in copy a_9

new decl1: bitstring creating decl1_9 at {41} in copy a_9

new decl2: bitstring creating decl2_7 at {42} in copy a_9

new declT: bitstring creating declT_8 at {43} in copy a_9

event IssuerPossession(pk(skH1)) at {44} in copy a_9

event IssuerSigned(pk(skH1),framed(OT_ATTEST,algH,issuerId,fp(pk(skH1)),h(authTuple(issuerId,fp(pk(skH1)),ssetH,algH,verH)),canonVerH,a_8)) at {49} in copy a_9

out(c, (attemptCore(authTuple(~M_83,~M_84,~M_85,~M_86,~M_87),~M_88,~M_89,~M_90),framed(~M_91,~M_92,~M_93,~M_94,~M_95,~M_96,~M_97))) with ~M_83 = issuerId, ~M_84 = fp(pk(skH1)), ~M_85 = ssetH, ~M_86 = algH, ~M_87 = verH, ~M_88 = sign((POSS,authTuple(issuerId,fp(pk(skH1)),ssetH,algH,verH)),skH1), ~M_89 = sign((BYTES,framed(OT_ATTEST,algH,issuerId,fp(pk(skH1)),h(authTuple(issuerId,fp(pk(skH1)),ssetH,algH,verH)),canonVerH,a_8)),skH1), ~M_90 = decl1_9, ~M_91 = OT_ATTEST, ~M_92 = algH, ~M_93 = issuerId, ~M_94 = fp(pk(skH1)), ~M_95 = h(authTuple(issuerId,fp(pk(skH1)),ssetH,algH,verH)), ~M_96 = canonVerH, ~M_97 = a_8 at {50} in copy a_9

event IssuerSigned(pk(skH1),framed(OT_ATTEST,algH,issuerId,fp(pk(skH1)),h(authTuple(issuerId,fp(pk(skH1)),ssetH,algH,verH)),canonVerH,a_5)) at {54} in copy a_9

out(c, (attemptCore(authTuple(~M_98,~M_99,~M_100,~M_101,~M_102),~M_103,~M_104,~M_105),framed(~M_106,~M_107,~M_108,~M_109,~M_110,~M_111,~M_112))) with ~M_98 = issuerId, ~M_99 = fp(pk(skH1)), ~M_100 = ssetH, ~M_101 = algH, ~M_102 = verH, ~M_103 = sign((POSS,authTuple(issuerId,fp(pk(skH1)),ssetH,algH,verH)),skH1), ~M_104 = sign((BYTES,framed(OT_ATTEST,algH,issuerId,fp(pk(skH1)),h(authTuple(issuerId,fp(pk(skH1)),ssetH,algH,verH)),canonVerH,a_5)),skH1), ~M_105 = decl2_7, ~M_106 = OT_ATTEST, ~M_107 = algH, ~M_108 = issuerId, ~M_109 = fp(pk(skH1)), ~M_110 = h(authTuple(issuerId,fp(pk(skH1)),ssetH,algH,verH)), ~M_111 = canonVerH, ~M_112 = a_5 at {55} in copy a_9

event Designated(pk(skH1),h(attemptCore(authTuple(issuerId,fp(pk(skH1)),ssetH,algH,verH),sign((POSS,authTuple(issuerId,fp(pk(skH1)),ssetH,algH,verH)),skH1),sign((BYTES,framed(OT_ATTEST,algH,issuerId,fp(pk(skH1)),h(authTuple(issuerId,fp(pk(skH1)),ssetH,algH,verH)),canonVerH,a_5)),skH1),decl2_7))) at {58} in copy a_9

out(c, ~M_113) with ~M_113 = sign((TLR,(lineage2(entry(h(attemptCore(authTuple(issuerId,fp(pk(skH1)),ssetH,algH,verH),sign((POSS,authTuple(issuerId,fp(pk(skH1)),ssetH,algH,verH)),skH1),sign((BYTES,framed(OT_ATTEST,algH,issuerId,fp(pk(skH1)),h(authTuple(issuerId,fp(pk(skH1)),ssetH,algH,verH)),canonVerH,a_8)),skH1),decl1_9)),DISP_ABANDONED),entry(h(attemptCore(authTuple(issuerId,fp(pk(skH1)),ssetH,algH,verH),sign((POSS,authTuple(issuerId,fp(pk(skH1)),ssetH,algH,verH)),skH1),sign((BYTES,framed(OT_ATTEST,algH,issuerId,fp(pk(skH1)),h(authTuple(issuerId,fp(pk(skH1)),ssetH,algH,verH)),canonVerH,a_5)),skH1),decl2_7)),DISP_SHIPPED)),TERM_SHIPPED(h(attemptCore(authTuple(issuerId,fp(pk(skH1)),ssetH,algH,verH),sign((POSS,authTuple(issuerId,fp(pk(skH1)),ssetH,algH,verH)),skH1),sign((BYTES,framed(OT_ATTEST,algH,issuerId,fp(pk(skH1)),h(authTuple(issuerId,fp(pk(skH1)),ssetH,algH,verH)),canonVerH,a_5)),skH1),decl2_7))),declT_8)),skH1) at {61} in copy a_9

in(c, (authTuple(issuerIdAlias,fp(~M_2),ssetH,algH,verH),~M_20,~M_19,~M_2,attemptCore(authTuple(issuerId,fp(~M_2),ssetH,algH,verH),~M_26,~M_58,~M_105),a_10,withTLR(~M_2,~M_113,anchorProof(h(~M_113))))) with fp(~M_2) = fp(pk(skH1)), ~M_20 = sign((STMT_DIGEST,h(authTuple(issuerIdAlias,fp(pk(skH1)),ssetH,algH,verH))),skD_4), ~M_19 = sign((STMT_DIGEST,h(authTuple(issuerIdAlias,fp(pk(skH1)),ssetH,algH,verH))),skR_4), ~M_2 = pk(skH1), fp(~M_2) = fp(pk(skH1)), ~M_26 = sign((POSS,authTuple(issuerId,fp(pk(skH1)),ssetH,algH,verH)),skH1), ~M_58 = sign((BYTES,framed(OT_ATTEST,algH,issuerId,fp(pk(skH1)),h(authTuple(issuerId,fp(pk(skH1)),ssetH,algH,verH)),canonVerH,a_5)),skH1), ~M_105 = decl2_7, ~M_2 = pk(skH1), ~M_113 = sign((TLR,(lineage2(entry(h(attemptCore(authTuple(issuerId,fp(pk(skH1)),ssetH,algH,verH),sign((POSS,authTuple(issuerId,fp(pk(skH1)),ssetH,algH,verH)),skH1),sign((BYTES,framed(OT_ATTEST,algH,issuerId,fp(pk(skH1)),h(authTuple(issuerId,fp(pk(skH1)),ssetH,algH,verH)),canonVerH,a_8)),skH1),decl1_9)),DISP_ABANDONED),entry(h(attemptCore(authTuple(issuerId,fp(pk(skH1)),ssetH,algH,verH),sign((POSS,authTuple(issuerId,fp(pk(skH1)),ssetH,algH,verH)),skH1),sign((BYTES,framed(OT_ATTEST,algH,issuerId,fp(pk(skH1)),h(authTuple(issuerId,fp(pk(skH1)),ssetH,algH,verH)),canonVerH,a_5)),skH1),decl2_7)),DISP_SHIPPED)),TERM_SHIPPED(h(attemptCore(authTuple(issuerId,fp(pk(skH1)),ssetH,algH,verH),sign((POSS,authTuple(issuerId,fp(pk(skH1)),ssetH,algH,verH)),skH1),sign((BYTES,framed(OT_ATTEST,algH,issuerId,fp(pk(skH1)),h(authTuple(issuerId,fp(pk(skH1)),ssetH,algH,verH)),canonVerH,a_5)),skH1),decl2_7))),declT_8)),skH1), h(~M_113) = h(sign((TLR,(lineage2(entry(h(attemptCore(authTuple(issuerId,fp(pk(skH1)),ssetH,algH,verH),sign((POSS,authTuple(issuerId,fp(pk(skH1)),ssetH,algH,verH)),skH1),sign((BYTES,framed(OT_ATTEST,algH,issuerId,fp(pk(skH1)),h(authTuple(issuerId,fp(pk(skH1)),ssetH,algH,verH)),canonVerH,a_8)),skH1),decl1_9)),DISP_ABANDONED),entry(h(attemptCore(authTuple(issuerId,fp(pk(skH1)),ssetH,algH,verH),sign((POSS,authTuple(issuerId,fp(pk(skH1)),ssetH,algH,verH)),skH1),sign((BYTES,framed(OT_ATTEST,algH,issuerId,fp(pk(skH1)),h(authTuple(issuerId,fp(pk(skH1)),ssetH,algH,verH)),canonVerH,a_5)),skH1),decl2_7)),DISP_SHIPPED)),TERM_SHIPPED(h(attemptCore(authTuple(issuerId,fp(pk(skH1)),ssetH,algH,verH),sign((POSS,authTuple(issuerId,fp(pk(skH1)),ssetH,algH,verH)),skH1),sign((BYTES,framed(OT_ATTEST,algH,issuerId,fp(pk(skH1)),h(authTuple(issuerId,fp(pk(skH1)),ssetH,algH,verH)),canonVerH,a_5)),skH1),decl2_7))),declT_8)),skH1)) at {132} in copy a_11

event Established(pk(skH1),authTuple(issuerIdAlias,fp(pk(skH1)),ssetH,algH,verH),h(attemptCore(authTuple(issuerId,fp(pk(skH1)),ssetH,algH,verH),sign((POSS,authTuple(issuerId,fp(pk(skH1)),ssetH,algH,verH)),skH1),sign((BYTES,framed(OT_ATTEST,algH,issuerId,fp(pk(skH1)),h(authTuple(issuerId,fp(pk(skH1)),ssetH,algH,verH)),canonVerH,a_5)),skH1),decl2_7))) at {152} in copy a_11

event StandingReport(ESTABLISHED,TERMINAL_DISPOSITION_SHOWN,pk(skH1),authTuple(issuerIdAlias,fp(pk(skH1)),ssetH,algH,verH),h(attemptCore(authTuple(issuerId,fp(pk(skH1)),ssetH,algH,verH),sign((POSS,authTuple(issuerId,fp(pk(skH1)),ssetH,algH,verH)),skH1),sign((BYTES,framed(OT_ATTEST,algH,issuerId,fp(pk(skH1)),h(authTuple(issuerId,fp(pk(skH1)),ssetH,algH,verH)),canonVerH,a_5)),skH1),decl2_7))) at {153} in copy a_11

out(aliasCh, (pk(skH1),authTuple(issuerIdAlias,fp(pk(skH1)),ssetH,algH,verH),attemptCore(authTuple(issuerId,fp(pk(skH1)),ssetH,algH,verH),sign((POSS,authTuple(issuerId,fp(pk(skH1)),ssetH,algH,verH)),skH1),sign((BYTES,framed(OT_ATTEST,algH,issuerId,fp(pk(skH1)),h(authTuple(issuerId,fp(pk(skH1)),ssetH,algH,verH)),canonVerH,a_5)),skH1),decl2_7),h(attemptCore(authTuple(issuerId,fp(pk(skH1)),ssetH,algH,verH),sign((POSS,authTuple(issuerId,fp(pk(skH1)),ssetH,algH,verH)),skH1),sign((BYTES,framed(OT_ATTEST,algH,issuerId,fp(pk(skH1)),h(authTuple(issuerId,fp(pk(skH1)),ssetH,algH,verH)),canonVerH,a_5)),skH1),decl2_7)))) at {155} in copy a_11 received at {191} in copy a_12

event Aliased(pk(skH1),authTuple(issuerIdAlias,fp(pk(skH1)),ssetH,algH,verH),authTuple(issuerId,fp(pk(skH1)),ssetH,algH,verH),h(attemptCore(authTuple(issuerId,fp(pk(skH1)),ssetH,algH,verH),sign((POSS,authTuple(issuerId,fp(pk(skH1)),ssetH,algH,verH)),skH1),sign((BYTES,framed(OT_ATTEST,algH,issuerId,fp(pk(skH1)),h(authTuple(issuerId,fp(pk(skH1)),ssetH,algH,verH)),canonVerH,a_5)),skH1),decl2_7))) at {194} in copy a_12 (goal)

The event Aliased(pk(skH1),authTuple(issuerIdAlias,fp(pk(skH1)),ssetH,algH,verH),authTuple(issuerId,fp(pk(skH1)),ssetH,algH,verH),h(attemptCore(authTuple(issuerId,fp(pk(skH1)),ssetH,algH,verH),sign((POSS,authTuple(issuerId,fp(pk(skH1)),ssetH,algH,verH)),skH1),sign((BYTES,framed(OT_ATTEST,algH,issuerId,fp(pk(skH1)),h(authTuple(issuerId,fp(pk(skH1)),ssetH,algH,verH)),canonVerH,a_5)),skH1),decl2_7))) is executed at {194} in copy a_12.
A trace has been found.
RESULT not event(Aliased(kX_3,t_3,tc,aid_2)) is false.
-- Query not event(Aliased(pk(skH1[]),authTuple(issuerIdAlias[],fp(pk(skH1[])),ssetH[],algH[],verH[]),authTuple(issuerId[],fp(pk(skH1[])),ssetH[],algH[],verH[]),h(attemptCore(authTuple(issuerId[],fp(pk(skH1[])),ssetH[],algH[],verH[]),sign((POSS,authTuple(issuerId[],fp(pk(skH1[])),ssetH[],algH[],verH[])),skH1[]),sign((BYTES,framed(OT_ATTEST,algH[],issuerId[],fp(pk(skH1[])),h(authTuple(issuerId[],fp(pk(skH1[])),ssetH[],algH[],verH[])),canonVerH[],pReview)),skH1[]),dReview)))) in process 1.
Translating the process into Horn clauses...
Completing...
200 rules inserted. Base: 168 rules (95 with conclusion selected). Queue: 39 rules.
400 rules inserted. Base: 208 rules (100 with conclusion selected). Queue: 40 rules.
Starting query not event(Aliased(pk(skH1[]),authTuple(issuerIdAlias[],fp(pk(skH1[])),ssetH[],algH[],verH[]),authTuple(issuerId[],fp(pk(skH1[])),ssetH[],algH[],verH[]),h(attemptCore(authTuple(issuerId[],fp(pk(skH1[])),ssetH[],algH[],verH[]),sign((POSS,authTuple(issuerId[],fp(pk(skH1[])),ssetH[],algH[],verH[])),skH1[]),sign((BYTES,framed(OT_ATTEST,algH[],issuerId[],fp(pk(skH1[])),h(authTuple(issuerId[],fp(pk(skH1[])),ssetH[],algH[],verH[])),canonVerH[],pReview)),skH1[]),dReview))))
goal reachable: attacker(p1_5) && attacker(pReview) -> event(Aliased(pk(skH1[]),authTuple(issuerIdAlias[],fp(pk(skH1[])),ssetH[],algH[],verH[]),authTuple(issuerId[],fp(pk(skH1[])),ssetH[],algH[],verH[]),h(attemptCore(authTuple(issuerId[],fp(pk(skH1[])),ssetH[],algH[],verH[]),sign((POSS,authTuple(issuerId[],fp(pk(skH1[])),ssetH[],algH[],verH[])),skH1[]),sign((BYTES,framed(OT_ATTEST,algH[],issuerId[],fp(pk(skH1[])),h(authTuple(issuerId[],fp(pk(skH1[])),ssetH[],algH[],verH[])),canonVerH[],pReview)),skH1[]),decl2_4))))
Abbreviations:
decl2_4 = decl2[p2 = pReview,p1 = p1_5,!1 = @sid]

Derivation:
Abbreviations:
decl2_4 = decl2[p2 = pReview,p1 = p1_5,!1 = @sid]
decl1_4 = decl1[p2 = pReview,p1 = p1_5,!1 = @sid]
declT_5 = declT[p2 = pReview,p1 = p1_5,!1 = @sid]
decl1_5 = decl1[p2 = p2_5,p1 = p1_6,!1 = @sid_1]
decl1_6 = decl1[p2 = p2_6,p1 = pReview,!1 = @sid_2]

1. We assume as hypothesis that
attacker(pReview).

2. We assume as hypothesis that
attacker(p1_5).

3. By 2, the attacker may know p1_5.
By 1, the attacker may know pReview.
Using the function 2-tuple the attacker may obtain (p1_5,pReview).
attacker((p1_5,pReview)).

4. The message (p1_5,pReview) that the attacker may have by 3 may be received at input {40}.
So the message sign((TLR,(lineage2(entry(h(attemptCore(authTuple(issuerId[],fp(pk(skH1[])),ssetH[],algH[],verH[]),sign((POSS,authTuple(issuerId[],fp(pk(skH1[])),ssetH[],algH[],verH[])),skH1[]),sign((BYTES,framed(OT_ATTEST,algH[],issuerId[],fp(pk(skH1[])),h(authTuple(issuerId[],fp(pk(skH1[])),ssetH[],algH[],verH[])),canonVerH[],p1_5)),skH1[]),decl1_4)),DISP_ABANDONED),entry(h(attemptCore(authTuple(issuerId[],fp(pk(skH1[])),ssetH[],algH[],verH[]),sign((POSS,authTuple(issuerId[],fp(pk(skH1[])),ssetH[],algH[],verH[])),skH1[]),sign((BYTES,framed(OT_ATTEST,algH[],issuerId[],fp(pk(skH1[])),h(authTuple(issuerId[],fp(pk(skH1[])),ssetH[],algH[],verH[])),canonVerH[],pReview)),skH1[]),decl2_4)),DISP_SHIPPED)),TERM_SHIPPED(h(attemptCore(authTuple(issuerId[],fp(pk(skH1[])),ssetH[],algH[],verH[]),sign((POSS,authTuple(issuerId[],fp(pk(skH1[])),ssetH[],algH[],verH[])),skH1[]),sign((BYTES,framed(OT_ATTEST,algH[],issuerId[],fp(pk(skH1[])),h(authTuple(issuerId[],fp(pk(skH1[])),ssetH[],algH[],verH[])),canonVerH[],pReview)),skH1[]),decl2_4))),declT_5)),skH1[]) may be sent to the attacker at output {61}.
attacker(sign((TLR,(lineage2(entry(h(attemptCore(authTuple(issuerId[],fp(pk(skH1[])),ssetH[],algH[],verH[]),sign((POSS,authTuple(issuerId[],fp(pk(skH1[])),ssetH[],algH[],verH[])),skH1[]),sign((BYTES,framed(OT_ATTEST,algH[],issuerId[],fp(pk(skH1[])),h(authTuple(issuerId[],fp(pk(skH1[])),ssetH[],algH[],verH[])),canonVerH[],p1_5)),skH1[]),decl1_4)),DISP_ABANDONED),entry(h(attemptCore(authTuple(issuerId[],fp(pk(skH1[])),ssetH[],algH[],verH[]),sign((POSS,authTuple(issuerId[],fp(pk(skH1[])),ssetH[],algH[],verH[])),skH1[]),sign((BYTES,framed(OT_ATTEST,algH[],issuerId[],fp(pk(skH1[])),h(authTuple(issuerId[],fp(pk(skH1[])),ssetH[],algH[],verH[])),canonVerH[],pReview)),skH1[]),decl2_4)),DISP_SHIPPED)),TERM_SHIPPED(h(attemptCore(authTuple(issuerId[],fp(pk(skH1[])),ssetH[],algH[],verH[]),sign((POSS,authTuple(issuerId[],fp(pk(skH1[])),ssetH[],algH[],verH[])),skH1[]),sign((BYTES,framed(OT_ATTEST,algH[],issuerId[],fp(pk(skH1[])),h(authTuple(issuerId[],fp(pk(skH1[])),ssetH[],algH[],verH[])),canonVerH[],pReview)),skH1[]),decl2_4))),declT_5)),skH1[])).

5. By 4, the attacker may know sign((TLR,(lineage2(entry(h(attemptCore(authTuple(issuerId[],fp(pk(skH1[])),ssetH[],algH[],verH[]),sign((POSS,authTuple(issuerId[],fp(pk(skH1[])),ssetH[],algH[],verH[])),skH1[]),sign((BYTES,framed(OT_ATTEST,algH[],issuerId[],fp(pk(skH1[])),h(authTuple(issuerId[],fp(pk(skH1[])),ssetH[],algH[],verH[])),canonVerH[],p1_5)),skH1[]),decl1_4)),DISP_ABANDONED),entry(h(attemptCore(authTuple(issuerId[],fp(pk(skH1[])),ssetH[],algH[],verH[]),sign((POSS,authTuple(issuerId[],fp(pk(skH1[])),ssetH[],algH[],verH[])),skH1[]),sign((BYTES,framed(OT_ATTEST,algH[],issuerId[],fp(pk(skH1[])),h(authTuple(issuerId[],fp(pk(skH1[])),ssetH[],algH[],verH[])),canonVerH[],pReview)),skH1[]),decl2_4)),DISP_SHIPPED)),TERM_SHIPPED(h(attemptCore(authTuple(issuerId[],fp(pk(skH1[])),ssetH[],algH[],verH[]),sign((POSS,authTuple(issuerId[],fp(pk(skH1[])),ssetH[],algH[],verH[])),skH1[]),sign((BYTES,framed(OT_ATTEST,algH[],issuerId[],fp(pk(skH1[])),h(authTuple(issuerId[],fp(pk(skH1[])),ssetH[],algH[],verH[])),canonVerH[],pReview)),skH1[]),decl2_4))),declT_5)),skH1[]).
Using the function h the attacker may obtain h(sign((TLR,(lineage2(entry(h(attemptCore(authTuple(issuerId[],fp(pk(skH1[])),ssetH[],algH[],verH[]),sign((POSS,authTuple(issuerId[],fp(pk(skH1[])),ssetH[],algH[],verH[])),skH1[]),sign((BYTES,framed(OT_ATTEST,algH[],issuerId[],fp(pk(skH1[])),h(authTuple(issuerId[],fp(pk(skH1[])),ssetH[],algH[],verH[])),canonVerH[],p1_5)),skH1[]),decl1_4)),DISP_ABANDONED),entry(h(attemptCore(authTuple(issuerId[],fp(pk(skH1[])),ssetH[],algH[],verH[]),sign((POSS,authTuple(issuerId[],fp(pk(skH1[])),ssetH[],algH[],verH[])),skH1[]),sign((BYTES,framed(OT_ATTEST,algH[],issuerId[],fp(pk(skH1[])),h(authTuple(issuerId[],fp(pk(skH1[])),ssetH[],algH[],verH[])),canonVerH[],pReview)),skH1[]),decl2_4)),DISP_SHIPPED)),TERM_SHIPPED(h(attemptCore(authTuple(issuerId[],fp(pk(skH1[])),ssetH[],algH[],verH[]),sign((POSS,authTuple(issuerId[],fp(pk(skH1[])),ssetH[],algH[],verH[])),skH1[]),sign((BYTES,framed(OT_ATTEST,algH[],issuerId[],fp(pk(skH1[])),h(authTuple(issuerId[],fp(pk(skH1[])),ssetH[],algH[],verH[])),canonVerH[],pReview)),skH1[]),decl2_4))),declT_5)),skH1[])).
attacker(h(sign((TLR,(lineage2(entry(h(attemptCore(authTuple(issuerId[],fp(pk(skH1[])),ssetH[],algH[],verH[]),sign((POSS,authTuple(issuerId[],fp(pk(skH1[])),ssetH[],algH[],verH[])),skH1[]),sign((BYTES,framed(OT_ATTEST,algH[],issuerId[],fp(pk(skH1[])),h(authTuple(issuerId[],fp(pk(skH1[])),ssetH[],algH[],verH[])),canonVerH[],p1_5)),skH1[]),decl1_4)),DISP_ABANDONED),entry(h(attemptCore(authTuple(issuerId[],fp(pk(skH1[])),ssetH[],algH[],verH[]),sign((POSS,authTuple(issuerId[],fp(pk(skH1[])),ssetH[],algH[],verH[])),skH1[]),sign((BYTES,framed(OT_ATTEST,algH[],issuerId[],fp(pk(skH1[])),h(authTuple(issuerId[],fp(pk(skH1[])),ssetH[],algH[],verH[])),canonVerH[],pReview)),skH1[]),decl2_4)),DISP_SHIPPED)),TERM_SHIPPED(h(attemptCore(authTuple(issuerId[],fp(pk(skH1[])),ssetH[],algH[],verH[]),sign((POSS,authTuple(issuerId[],fp(pk(skH1[])),ssetH[],algH[],verH[])),skH1[]),sign((BYTES,framed(OT_ATTEST,algH[],issuerId[],fp(pk(skH1[])),h(authTuple(issuerId[],fp(pk(skH1[])),ssetH[],algH[],verH[])),canonVerH[],pReview)),skH1[]),decl2_4))),declT_5)),skH1[]))).

6. By 5, the attacker may know h(sign((TLR,(lineage2(entry(h(attemptCore(authTuple(issuerId[],fp(pk(skH1[])),ssetH[],algH[],verH[]),sign((POSS,authTuple(issuerId[],fp(pk(skH1[])),ssetH[],algH[],verH[])),skH1[]),sign((BYTES,framed(OT_ATTEST,algH[],issuerId[],fp(pk(skH1[])),h(authTuple(issuerId[],fp(pk(skH1[])),ssetH[],algH[],verH[])),canonVerH[],p1_5)),skH1[]),decl1_4)),DISP_ABANDONED),entry(h(attemptCore(authTuple(issuerId[],fp(pk(skH1[])),ssetH[],algH[],verH[]),sign((POSS,authTuple(issuerId[],fp(pk(skH1[])),ssetH[],algH[],verH[])),skH1[]),sign((BYTES,framed(OT_ATTEST,algH[],issuerId[],fp(pk(skH1[])),h(authTuple(issuerId[],fp(pk(skH1[])),ssetH[],algH[],verH[])),canonVerH[],pReview)),skH1[]),decl2_4)),DISP_SHIPPED)),TERM_SHIPPED(h(attemptCore(authTuple(issuerId[],fp(pk(skH1[])),ssetH[],algH[],verH[]),sign((POSS,authTuple(issuerId[],fp(pk(skH1[])),ssetH[],algH[],verH[])),skH1[]),sign((BYTES,framed(OT_ATTEST,algH[],issuerId[],fp(pk(skH1[])),h(authTuple(issuerId[],fp(pk(skH1[])),ssetH[],algH[],verH[])),canonVerH[],pReview)),skH1[]),decl2_4))),declT_5)),skH1[])).
Using the function anchorProof the attacker may obtain anchorProof(h(sign((TLR,(lineage2(entry(h(attemptCore(authTuple(issuerId[],fp(pk(skH1[])),ssetH[],algH[],verH[]),sign((POSS,authTuple(issuerId[],fp(pk(skH1[])),ssetH[],algH[],verH[])),skH1[]),sign((BYTES,framed(OT_ATTEST,algH[],issuerId[],fp(pk(skH1[])),h(authTuple(issuerId[],fp(pk(skH1[])),ssetH[],algH[],verH[])),canonVerH[],p1_5)),skH1[]),decl1_4)),DISP_ABANDONED),entry(h(attemptCore(authTuple(issuerId[],fp(pk(skH1[])),ssetH[],algH[],verH[]),sign((POSS,authTuple(issuerId[],fp(pk(skH1[])),ssetH[],algH[],verH[])),skH1[]),sign((BYTES,framed(OT_ATTEST,algH[],issuerId[],fp(pk(skH1[])),h(authTuple(issuerId[],fp(pk(skH1[])),ssetH[],algH[],verH[])),canonVerH[],pReview)),skH1[]),decl2_4)),DISP_SHIPPED)),TERM_SHIPPED(h(attemptCore(authTuple(issuerId[],fp(pk(skH1[])),ssetH[],algH[],verH[]),sign((POSS,authTuple(issuerId[],fp(pk(skH1[])),ssetH[],algH[],verH[])),skH1[]),sign((BYTES,framed(OT_ATTEST,algH[],issuerId[],fp(pk(skH1[])),h(authTuple(issuerId[],fp(pk(skH1[])),ssetH[],algH[],verH[])),canonVerH[],pReview)),skH1[]),decl2_4))),declT_5)),skH1[]))).
attacker(anchorProof(h(sign((TLR,(lineage2(entry(h(attemptCore(authTuple(issuerId[],fp(pk(skH1[])),ssetH[],algH[],verH[]),sign((POSS,authTuple(issuerId[],fp(pk(skH1[])),ssetH[],algH[],verH[])),skH1[]),sign((BYTES,framed(OT_ATTEST,algH[],issuerId[],fp(pk(skH1[])),h(authTuple(issuerId[],fp(pk(skH1[])),ssetH[],algH[],verH[])),canonVerH[],p1_5)),skH1[]),decl1_4)),DISP_ABANDONED),entry(h(attemptCore(authTuple(issuerId[],fp(pk(skH1[])),ssetH[],algH[],verH[]),sign((POSS,authTuple(issuerId[],fp(pk(skH1[])),ssetH[],algH[],verH[])),skH1[]),sign((BYTES,framed(OT_ATTEST,algH[],issuerId[],fp(pk(skH1[])),h(authTuple(issuerId[],fp(pk(skH1[])),ssetH[],algH[],verH[])),canonVerH[],pReview)),skH1[]),decl2_4)),DISP_SHIPPED)),TERM_SHIPPED(h(attemptCore(authTuple(issuerId[],fp(pk(skH1[])),ssetH[],algH[],verH[]),sign((POSS,authTuple(issuerId[],fp(pk(skH1[])),ssetH[],algH[],verH[])),skH1[]),sign((BYTES,framed(OT_ATTEST,algH[],issuerId[],fp(pk(skH1[])),h(authTuple(issuerId[],fp(pk(skH1[])),ssetH[],algH[],verH[])),canonVerH[],pReview)),skH1[]),decl2_4))),declT_5)),skH1[])))).

7. The message pk(skH1[]) may be sent to the attacker at output {8}.
attacker(pk(skH1[])).

8. By 7, the attacker may know pk(skH1[]).
By 4, the attacker may know sign((TLR,(lineage2(entry(h(attemptCore(authTuple(issuerId[],fp(pk(skH1[])),ssetH[],algH[],verH[]),sign((POSS,authTuple(issuerId[],fp(pk(skH1[])),ssetH[],algH[],verH[])),skH1[]),sign((BYTES,framed(OT_ATTEST,algH[],issuerId[],fp(pk(skH1[])),h(authTuple(issuerId[],fp(pk(skH1[])),ssetH[],algH[],verH[])),canonVerH[],p1_5)),skH1[]),decl1_4)),DISP_ABANDONED),entry(h(attemptCore(authTuple(issuerId[],fp(pk(skH1[])),ssetH[],algH[],verH[]),sign((POSS,authTuple(issuerId[],fp(pk(skH1[])),ssetH[],algH[],verH[])),skH1[]),sign((BYTES,framed(OT_ATTEST,algH[],issuerId[],fp(pk(skH1[])),h(authTuple(issuerId[],fp(pk(skH1[])),ssetH[],algH[],verH[])),canonVerH[],pReview)),skH1[]),decl2_4)),DISP_SHIPPED)),TERM_SHIPPED(h(attemptCore(authTuple(issuerId[],fp(pk(skH1[])),ssetH[],algH[],verH[]),sign((POSS,authTuple(issuerId[],fp(pk(skH1[])),ssetH[],algH[],verH[])),skH1[]),sign((BYTES,framed(OT_ATTEST,algH[],issuerId[],fp(pk(skH1[])),h(authTuple(issuerId[],fp(pk(skH1[])),ssetH[],algH[],verH[])),canonVerH[],pReview)),skH1[]),decl2_4))),declT_5)),skH1[]).
By 6, the attacker may know anchorProof(h(sign((TLR,(lineage2(entry(h(attemptCore(authTuple(issuerId[],fp(pk(skH1[])),ssetH[],algH[],verH[]),sign((POSS,authTuple(issuerId[],fp(pk(skH1[])),ssetH[],algH[],verH[])),skH1[]),sign((BYTES,framed(OT_ATTEST,algH[],issuerId[],fp(pk(skH1[])),h(authTuple(issuerId[],fp(pk(skH1[])),ssetH[],algH[],verH[])),canonVerH[],p1_5)),skH1[]),decl1_4)),DISP_ABANDONED),entry(h(attemptCore(authTuple(issuerId[],fp(pk(skH1[])),ssetH[],algH[],verH[]),sign((POSS,authTuple(issuerId[],fp(pk(skH1[])),ssetH[],algH[],verH[])),skH1[]),sign((BYTES,framed(OT_ATTEST,algH[],issuerId[],fp(pk(skH1[])),h(authTuple(issuerId[],fp(pk(skH1[])),ssetH[],algH[],verH[])),canonVerH[],pReview)),skH1[]),decl2_4)),DISP_SHIPPED)),TERM_SHIPPED(h(attemptCore(authTuple(issuerId[],fp(pk(skH1[])),ssetH[],algH[],verH[]),sign((POSS,authTuple(issuerId[],fp(pk(skH1[])),ssetH[],algH[],verH[])),skH1[]),sign((BYTES,framed(OT_ATTEST,algH[],issuerId[],fp(pk(skH1[])),h(authTuple(issuerId[],fp(pk(skH1[])),ssetH[],algH[],verH[])),canonVerH[],pReview)),skH1[]),decl2_4))),declT_5)),skH1[]))).
Using the function withTLR the attacker may obtain withTLR(pk(skH1[]),sign((TLR,(lineage2(entry(h(attemptCore(authTuple(issuerId[],fp(pk(skH1[])),ssetH[],algH[],verH[]),sign((POSS,authTuple(issuerId[],fp(pk(skH1[])),ssetH[],algH[],verH[])),skH1[]),sign((BYTES,framed(OT_ATTEST,algH[],issuerId[],fp(pk(skH1[])),h(authTuple(issuerId[],fp(pk(skH1[])),ssetH[],algH[],verH[])),canonVerH[],p1_5)),skH1[]),decl1_4)),DISP_ABANDONED),entry(h(attemptCore(authTuple(issuerId[],fp(pk(skH1[])),ssetH[],algH[],verH[]),sign((POSS,authTuple(issuerId[],fp(pk(skH1[])),ssetH[],algH[],verH[])),skH1[]),sign((BYTES,framed(OT_ATTEST,algH[],issuerId[],fp(pk(skH1[])),h(authTuple(issuerId[],fp(pk(skH1[])),ssetH[],algH[],verH[])),canonVerH[],pReview)),skH1[]),decl2_4)),DISP_SHIPPED)),TERM_SHIPPED(h(attemptCore(authTuple(issuerId[],fp(pk(skH1[])),ssetH[],algH[],verH[]),sign((POSS,authTuple(issuerId[],fp(pk(skH1[])),ssetH[],algH[],verH[])),skH1[]),sign((BYTES,framed(OT_ATTEST,algH[],issuerId[],fp(pk(skH1[])),h(authTuple(issuerId[],fp(pk(skH1[])),ssetH[],algH[],verH[])),canonVerH[],pReview)),skH1[]),decl2_4))),declT_5)),skH1[]),anchorProof(h(sign((TLR,(lineage2(entry(h(attemptCore(authTuple(issuerId[],fp(pk(skH1[])),ssetH[],algH[],verH[]),sign((POSS,authTuple(issuerId[],fp(pk(skH1[])),ssetH[],algH[],verH[])),skH1[]),sign((BYTES,framed(OT_ATTEST,algH[],issuerId[],fp(pk(skH1[])),h(authTuple(issuerId[],fp(pk(skH1[])),ssetH[],algH[],verH[])),canonVerH[],p1_5)),skH1[]),decl1_4)),DISP_ABANDONED),entry(h(attemptCore(authTuple(issuerId[],fp(pk(skH1[])),ssetH[],algH[],verH[]),sign((POSS,authTuple(issuerId[],fp(pk(skH1[])),ssetH[],algH[],verH[])),skH1[]),sign((BYTES,framed(OT_ATTEST,algH[],issuerId[],fp(pk(skH1[])),h(authTuple(issuerId[],fp(pk(skH1[])),ssetH[],algH[],verH[])),canonVerH[],pReview)),skH1[]),decl2_4)),DISP_SHIPPED)),TERM_SHIPPED(h(attemptCore(authTuple(issuerId[],fp(pk(skH1[])),ssetH[],algH[],verH[]),sign((POSS,authTuple(issuerId[],fp(pk(skH1[])),ssetH[],algH[],verH[])),skH1[]),sign((BYTES,framed(OT_ATTEST,algH[],issuerId[],fp(pk(skH1[])),h(authTuple(issuerId[],fp(pk(skH1[])),ssetH[],algH[],verH[])),canonVerH[],pReview)),skH1[]),decl2_4))),declT_5)),skH1[])))).
attacker(withTLR(pk(skH1[]),sign((TLR,(lineage2(entry(h(attemptCore(authTuple(issuerId[],fp(pk(skH1[])),ssetH[],algH[],verH[]),sign((POSS,authTuple(issuerId[],fp(pk(skH1[])),ssetH[],algH[],verH[])),skH1[]),sign((BYTES,framed(OT_ATTEST,algH[],issuerId[],fp(pk(skH1[])),h(authTuple(issuerId[],fp(pk(skH1[])),ssetH[],algH[],verH[])),canonVerH[],p1_5)),skH1[]),decl1_4)),DISP_ABANDONED),entry(h(attemptCore(authTuple(issuerId[],fp(pk(skH1[])),ssetH[],algH[],verH[]),sign((POSS,authTuple(issuerId[],fp(pk(skH1[])),ssetH[],algH[],verH[])),skH1[]),sign((BYTES,framed(OT_ATTEST,algH[],issuerId[],fp(pk(skH1[])),h(authTuple(issuerId[],fp(pk(skH1[])),ssetH[],algH[],verH[])),canonVerH[],pReview)),skH1[]),decl2_4)),DISP_SHIPPED)),TERM_SHIPPED(h(attemptCore(authTuple(issuerId[],fp(pk(skH1[])),ssetH[],algH[],verH[]),sign((POSS,authTuple(issuerId[],fp(pk(skH1[])),ssetH[],algH[],verH[])),skH1[]),sign((BYTES,framed(OT_ATTEST,algH[],issuerId[],fp(pk(skH1[])),h(authTuple(issuerId[],fp(pk(skH1[])),ssetH[],algH[],verH[])),canonVerH[],pReview)),skH1[]),decl2_4))),declT_5)),skH1[]),anchorProof(h(sign((TLR,(lineage2(entry(h(attemptCore(authTuple(issuerId[],fp(pk(skH1[])),ssetH[],algH[],verH[]),sign((POSS,authTuple(issuerId[],fp(pk(skH1[])),ssetH[],algH[],verH[])),skH1[]),sign((BYTES,framed(OT_ATTEST,algH[],issuerId[],fp(pk(skH1[])),h(authTuple(issuerId[],fp(pk(skH1[])),ssetH[],algH[],verH[])),canonVerH[],p1_5)),skH1[]),decl1_4)),DISP_ABANDONED),entry(h(attemptCore(authTuple(issuerId[],fp(pk(skH1[])),ssetH[],algH[],verH[]),sign((POSS,authTuple(issuerId[],fp(pk(skH1[])),ssetH[],algH[],verH[])),skH1[]),sign((BYTES,framed(OT_ATTEST,algH[],issuerId[],fp(pk(skH1[])),h(authTuple(issuerId[],fp(pk(skH1[])),ssetH[],algH[],verH[])),canonVerH[],pReview)),skH1[]),decl2_4)),DISP_SHIPPED)),TERM_SHIPPED(h(attemptCore(authTuple(issuerId[],fp(pk(skH1[])),ssetH[],algH[],verH[]),sign((POSS,authTuple(issuerId[],fp(pk(skH1[])),ssetH[],algH[],verH[])),skH1[]),sign((BYTES,framed(OT_ATTEST,algH[],issuerId[],fp(pk(skH1[])),h(authTuple(issuerId[],fp(pk(skH1[])),ssetH[],algH[],verH[])),canonVerH[],pReview)),skH1[]),decl2_4))),declT_5)),skH1[]))))).

9. The attacker has some term fb_2.
attacker(fb_2).

10. The message (p1_5,pReview) that the attacker may have by 3 may be received at input {40}.
So the message (attemptCore(authTuple(issuerId[],fp(pk(skH1[])),ssetH[],algH[],verH[]),sign((POSS,authTuple(issuerId[],fp(pk(skH1[])),ssetH[],algH[],verH[])),skH1[]),sign((BYTES,framed(OT_ATTEST,algH[],issuerId[],fp(pk(skH1[])),h(authTuple(issuerId[],fp(pk(skH1[])),ssetH[],algH[],verH[])),canonVerH[],pReview)),skH1[]),decl2_4),framed(OT_ATTEST,algH[],issuerId[],fp(pk(skH1[])),h(authTuple(issuerId[],fp(pk(skH1[])),ssetH[],algH[],verH[])),canonVerH[],pReview)) may be sent to the attacker at output {55}.
attacker((attemptCore(authTuple(issuerId[],fp(pk(skH1[])),ssetH[],algH[],verH[]),sign((POSS,authTuple(issuerId[],fp(pk(skH1[])),ssetH[],algH[],verH[])),skH1[]),sign((BYTES,framed(OT_ATTEST,algH[],issuerId[],fp(pk(skH1[])),h(authTuple(issuerId[],fp(pk(skH1[])),ssetH[],algH[],verH[])),canonVerH[],pReview)),skH1[]),decl2_4),framed(OT_ATTEST,algH[],issuerId[],fp(pk(skH1[])),h(authTuple(issuerId[],fp(pk(skH1[])),ssetH[],algH[],verH[])),canonVerH[],pReview))).

11. By 10, the attacker may know (attemptCore(authTuple(issuerId[],fp(pk(skH1[])),ssetH[],algH[],verH[]),sign((POSS,authTuple(issuerId[],fp(pk(skH1[])),ssetH[],algH[],verH[])),skH1[]),sign((BYTES,framed(OT_ATTEST,algH[],issuerId[],fp(pk(skH1[])),h(authTuple(issuerId[],fp(pk(skH1[])),ssetH[],algH[],verH[])),canonVerH[],pReview)),skH1[]),decl2_4),framed(OT_ATTEST,algH[],issuerId[],fp(pk(skH1[])),h(authTuple(issuerId[],fp(pk(skH1[])),ssetH[],algH[],verH[])),canonVerH[],pReview)).
Using the function 1-proj-2-tuple the attacker may obtain attemptCore(authTuple(issuerId[],fp(pk(skH1[])),ssetH[],algH[],verH[]),sign((POSS,authTuple(issuerId[],fp(pk(skH1[])),ssetH[],algH[],verH[])),skH1[]),sign((BYTES,framed(OT_ATTEST,algH[],issuerId[],fp(pk(skH1[])),h(authTuple(issuerId[],fp(pk(skH1[])),ssetH[],algH[],verH[])),canonVerH[],pReview)),skH1[]),decl2_4).
attacker(attemptCore(authTuple(issuerId[],fp(pk(skH1[])),ssetH[],algH[],verH[]),sign((POSS,authTuple(issuerId[],fp(pk(skH1[])),ssetH[],algH[],verH[])),skH1[]),sign((BYTES,framed(OT_ATTEST,algH[],issuerId[],fp(pk(skH1[])),h(authTuple(issuerId[],fp(pk(skH1[])),ssetH[],algH[],verH[])),canonVerH[],pReview)),skH1[]),decl2_4)).

12. By 11, the attacker may know attemptCore(authTuple(issuerId[],fp(pk(skH1[])),ssetH[],algH[],verH[]),sign((POSS,authTuple(issuerId[],fp(pk(skH1[])),ssetH[],algH[],verH[])),skH1[]),sign((BYTES,framed(OT_ATTEST,algH[],issuerId[],fp(pk(skH1[])),h(authTuple(issuerId[],fp(pk(skH1[])),ssetH[],algH[],verH[])),canonVerH[],pReview)),skH1[]),decl2_4).
Using the function 4-proj-attemptCore the attacker may obtain decl2_4.
attacker(decl2_4).

13. The attacker has some term p2_6.
attacker(p2_6).

14. By 1, the attacker may know pReview.
By 13, the attacker may know p2_6.
Using the function 2-tuple the attacker may obtain (pReview,p2_6).
attacker((pReview,p2_6)).

15. The message (pReview,p2_6) that the attacker may have by 14 may be received at input {40}.
So the message (attemptCore(authTuple(issuerId[],fp(pk(skH1[])),ssetH[],algH[],verH[]),sign((POSS,authTuple(issuerId[],fp(pk(skH1[])),ssetH[],algH[],verH[])),skH1[]),sign((BYTES,framed(OT_ATTEST,algH[],issuerId[],fp(pk(skH1[])),h(authTuple(issuerId[],fp(pk(skH1[])),ssetH[],algH[],verH[])),canonVerH[],pReview)),skH1[]),decl1_6),framed(OT_ATTEST,algH[],issuerId[],fp(pk(skH1[])),h(authTuple(issuerId[],fp(pk(skH1[])),ssetH[],algH[],verH[])),canonVerH[],pReview)) may be sent to the attacker at output {50}.
attacker((attemptCore(authTuple(issuerId[],fp(pk(skH1[])),ssetH[],algH[],verH[]),sign((POSS,authTuple(issuerId[],fp(pk(skH1[])),ssetH[],algH[],verH[])),skH1[]),sign((BYTES,framed(OT_ATTEST,algH[],issuerId[],fp(pk(skH1[])),h(authTuple(issuerId[],fp(pk(skH1[])),ssetH[],algH[],verH[])),canonVerH[],pReview)),skH1[]),decl1_6),framed(OT_ATTEST,algH[],issuerId[],fp(pk(skH1[])),h(authTuple(issuerId[],fp(pk(skH1[])),ssetH[],algH[],verH[])),canonVerH[],pReview))).

16. By 15, the attacker may know (attemptCore(authTuple(issuerId[],fp(pk(skH1[])),ssetH[],algH[],verH[]),sign((POSS,authTuple(issuerId[],fp(pk(skH1[])),ssetH[],algH[],verH[])),skH1[]),sign((BYTES,framed(OT_ATTEST,algH[],issuerId[],fp(pk(skH1[])),h(authTuple(issuerId[],fp(pk(skH1[])),ssetH[],algH[],verH[])),canonVerH[],pReview)),skH1[]),decl1_6),framed(OT_ATTEST,algH[],issuerId[],fp(pk(skH1[])),h(authTuple(issuerId[],fp(pk(skH1[])),ssetH[],algH[],verH[])),canonVerH[],pReview)).
Using the function 1-proj-2-tuple the attacker may obtain attemptCore(authTuple(issuerId[],fp(pk(skH1[])),ssetH[],algH[],verH[]),sign((POSS,authTuple(issuerId[],fp(pk(skH1[])),ssetH[],algH[],verH[])),skH1[]),sign((BYTES,framed(OT_ATTEST,algH[],issuerId[],fp(pk(skH1[])),h(authTuple(issuerId[],fp(pk(skH1[])),ssetH[],algH[],verH[])),canonVerH[],pReview)),skH1[]),decl1_6).
attacker(attemptCore(authTuple(issuerId[],fp(pk(skH1[])),ssetH[],algH[],verH[]),sign((POSS,authTuple(issuerId[],fp(pk(skH1[])),ssetH[],algH[],verH[])),skH1[]),sign((BYTES,framed(OT_ATTEST,algH[],issuerId[],fp(pk(skH1[])),h(authTuple(issuerId[],fp(pk(skH1[])),ssetH[],algH[],verH[])),canonVerH[],pReview)),skH1[]),decl1_6)).

17. By 16, the attacker may know attemptCore(authTuple(issuerId[],fp(pk(skH1[])),ssetH[],algH[],verH[]),sign((POSS,authTuple(issuerId[],fp(pk(skH1[])),ssetH[],algH[],verH[])),skH1[]),sign((BYTES,framed(OT_ATTEST,algH[],issuerId[],fp(pk(skH1[])),h(authTuple(issuerId[],fp(pk(skH1[])),ssetH[],algH[],verH[])),canonVerH[],pReview)),skH1[]),decl1_6).
Using the function 3-proj-attemptCore the attacker may obtain sign((BYTES,framed(OT_ATTEST,algH[],issuerId[],fp(pk(skH1[])),h(authTuple(issuerId[],fp(pk(skH1[])),ssetH[],algH[],verH[])),canonVerH[],pReview)),skH1[]).
attacker(sign((BYTES,framed(OT_ATTEST,algH[],issuerId[],fp(pk(skH1[])),h(authTuple(issuerId[],fp(pk(skH1[])),ssetH[],algH[],verH[])),canonVerH[],pReview)),skH1[])).

18. The attacker has some term p2_5.
attacker(p2_5).

19. The attacker has some term p1_6.
attacker(p1_6).

20. By 19, the attacker may know p1_6.
By 18, the attacker may know p2_5.
Using the function 2-tuple the attacker may obtain (p1_6,p2_5).
attacker((p1_6,p2_5)).

21. The message (p1_6,p2_5) that the attacker may have by 20 may be received at input {40}.
So the message (attemptCore(authTuple(issuerId[],fp(pk(skH1[])),ssetH[],algH[],verH[]),sign((POSS,authTuple(issuerId[],fp(pk(skH1[])),ssetH[],algH[],verH[])),skH1[]),sign((BYTES,framed(OT_ATTEST,algH[],issuerId[],fp(pk(skH1[])),h(authTuple(issuerId[],fp(pk(skH1[])),ssetH[],algH[],verH[])),canonVerH[],p1_6)),skH1[]),decl1_5),framed(OT_ATTEST,algH[],issuerId[],fp(pk(skH1[])),h(authTuple(issuerId[],fp(pk(skH1[])),ssetH[],algH[],verH[])),canonVerH[],p1_6)) may be sent to the attacker at output {50}.
attacker((attemptCore(authTuple(issuerId[],fp(pk(skH1[])),ssetH[],algH[],verH[]),sign((POSS,authTuple(issuerId[],fp(pk(skH1[])),ssetH[],algH[],verH[])),skH1[]),sign((BYTES,framed(OT_ATTEST,algH[],issuerId[],fp(pk(skH1[])),h(authTuple(issuerId[],fp(pk(skH1[])),ssetH[],algH[],verH[])),canonVerH[],p1_6)),skH1[]),decl1_5),framed(OT_ATTEST,algH[],issuerId[],fp(pk(skH1[])),h(authTuple(issuerId[],fp(pk(skH1[])),ssetH[],algH[],verH[])),canonVerH[],p1_6))).

22. By 21, the attacker may know (attemptCore(authTuple(issuerId[],fp(pk(skH1[])),ssetH[],algH[],verH[]),sign((POSS,authTuple(issuerId[],fp(pk(skH1[])),ssetH[],algH[],verH[])),skH1[]),sign((BYTES,framed(OT_ATTEST,algH[],issuerId[],fp(pk(skH1[])),h(authTuple(issuerId[],fp(pk(skH1[])),ssetH[],algH[],verH[])),canonVerH[],p1_6)),skH1[]),decl1_5),framed(OT_ATTEST,algH[],issuerId[],fp(pk(skH1[])),h(authTuple(issuerId[],fp(pk(skH1[])),ssetH[],algH[],verH[])),canonVerH[],p1_6)).
Using the function 1-proj-2-tuple the attacker may obtain attemptCore(authTuple(issuerId[],fp(pk(skH1[])),ssetH[],algH[],verH[]),sign((POSS,authTuple(issuerId[],fp(pk(skH1[])),ssetH[],algH[],verH[])),skH1[]),sign((BYTES,framed(OT_ATTEST,algH[],issuerId[],fp(pk(skH1[])),h(authTuple(issuerId[],fp(pk(skH1[])),ssetH[],algH[],verH[])),canonVerH[],p1_6)),skH1[]),decl1_5).
attacker(attemptCore(authTuple(issuerId[],fp(pk(skH1[])),ssetH[],algH[],verH[]),sign((POSS,authTuple(issuerId[],fp(pk(skH1[])),ssetH[],algH[],verH[])),skH1[]),sign((BYTES,framed(OT_ATTEST,algH[],issuerId[],fp(pk(skH1[])),h(authTuple(issuerId[],fp(pk(skH1[])),ssetH[],algH[],verH[])),canonVerH[],p1_6)),skH1[]),decl1_5)).

23. By 22, the attacker may know attemptCore(authTuple(issuerId[],fp(pk(skH1[])),ssetH[],algH[],verH[]),sign((POSS,authTuple(issuerId[],fp(pk(skH1[])),ssetH[],algH[],verH[])),skH1[]),sign((BYTES,framed(OT_ATTEST,algH[],issuerId[],fp(pk(skH1[])),h(authTuple(issuerId[],fp(pk(skH1[])),ssetH[],algH[],verH[])),canonVerH[],p1_6)),skH1[]),decl1_5).
Using the function 2-proj-attemptCore the attacker may obtain sign((POSS,authTuple(issuerId[],fp(pk(skH1[])),ssetH[],algH[],verH[])),skH1[]).
attacker(sign((POSS,authTuple(issuerId[],fp(pk(skH1[])),ssetH[],algH[],verH[])),skH1[])).

24. The attacker initially knows verH[].
attacker(verH[]).

25. The attacker initially knows algH[].
attacker(algH[]).

26. The attacker initially knows ssetH[].
attacker(ssetH[]).

27. By 7, the attacker may know pk(skH1[]).
Using the function fp the attacker may obtain fp(pk(skH1[])).
attacker(fp(pk(skH1[]))).

28. The attacker initially knows issuerId[].
attacker(issuerId[]).

29. By 28, the attacker may know issuerId[].
By 27, the attacker may know fp(pk(skH1[])).
By 26, the attacker may know ssetH[].
By 25, the attacker may know algH[].
By 24, the attacker may know verH[].
Using the function authTuple the attacker may obtain authTuple(issuerId[],fp(pk(skH1[])),ssetH[],algH[],verH[]).
attacker(authTuple(issuerId[],fp(pk(skH1[])),ssetH[],algH[],verH[])).

30. By 29, the attacker may know authTuple(issuerId[],fp(pk(skH1[])),ssetH[],algH[],verH[]).
By 23, the attacker may know sign((POSS,authTuple(issuerId[],fp(pk(skH1[])),ssetH[],algH[],verH[])),skH1[]).
By 17, the attacker may know sign((BYTES,framed(OT_ATTEST,algH[],issuerId[],fp(pk(skH1[])),h(authTuple(issuerId[],fp(pk(skH1[])),ssetH[],algH[],verH[])),canonVerH[],pReview)),skH1[]).
By 12, the attacker may know decl2_4.
Using the function attemptCore the attacker may obtain attemptCore(authTuple(issuerId[],fp(pk(skH1[])),ssetH[],algH[],verH[]),sign((POSS,authTuple(issuerId[],fp(pk(skH1[])),ssetH[],algH[],verH[])),skH1[]),sign((BYTES,framed(OT_ATTEST,algH[],issuerId[],fp(pk(skH1[])),h(authTuple(issuerId[],fp(pk(skH1[])),ssetH[],algH[],verH[])),canonVerH[],pReview)),skH1[]),decl2_4).
attacker(attemptCore(authTuple(issuerId[],fp(pk(skH1[])),ssetH[],algH[],verH[]),sign((POSS,authTuple(issuerId[],fp(pk(skH1[])),ssetH[],algH[],verH[])),skH1[]),sign((BYTES,framed(OT_ATTEST,algH[],issuerId[],fp(pk(skH1[])),h(authTuple(issuerId[],fp(pk(skH1[])),ssetH[],algH[],verH[])),canonVerH[],pReview)),skH1[]),decl2_4)).

31. The message sign((STMT_DIGEST,h(authTuple(issuerIdAlias[],fp(pk(skH1[])),ssetH[],algH[],verH[]))),skR[]) may be sent to the attacker at output {36}.
attacker(sign((STMT_DIGEST,h(authTuple(issuerIdAlias[],fp(pk(skH1[])),ssetH[],algH[],verH[]))),skR[])).

32. The message sign((STMT_DIGEST,h(authTuple(issuerIdAlias[],fp(pk(skH1[])),ssetH[],algH[],verH[]))),skD[]) may be sent to the attacker at output {24}.
attacker(sign((STMT_DIGEST,h(authTuple(issuerIdAlias[],fp(pk(skH1[])),ssetH[],algH[],verH[]))),skD[])).

33. The attacker initially knows issuerIdAlias[].
attacker(issuerIdAlias[]).

34. By 33, the attacker may know issuerIdAlias[].
By 27, the attacker may know fp(pk(skH1[])).
By 26, the attacker may know ssetH[].
By 25, the attacker may know algH[].
By 24, the attacker may know verH[].
Using the function authTuple the attacker may obtain authTuple(issuerIdAlias[],fp(pk(skH1[])),ssetH[],algH[],verH[]).
attacker(authTuple(issuerIdAlias[],fp(pk(skH1[])),ssetH[],algH[],verH[])).

35. By 34, the attacker may know authTuple(issuerIdAlias[],fp(pk(skH1[])),ssetH[],algH[],verH[]).
By 32, the attacker may know sign((STMT_DIGEST,h(authTuple(issuerIdAlias[],fp(pk(skH1[])),ssetH[],algH[],verH[]))),skD[]).
By 31, the attacker may know sign((STMT_DIGEST,h(authTuple(issuerIdAlias[],fp(pk(skH1[])),ssetH[],algH[],verH[]))),skR[]).
By 7, the attacker may know pk(skH1[]).
By 30, the attacker may know attemptCore(authTuple(issuerId[],fp(pk(skH1[])),ssetH[],algH[],verH[]),sign((POSS,authTuple(issuerId[],fp(pk(skH1[])),ssetH[],algH[],verH[])),skH1[]),sign((BYTES,framed(OT_ATTEST,algH[],issuerId[],fp(pk(skH1[])),h(authTuple(issuerId[],fp(pk(skH1[])),ssetH[],algH[],verH[])),canonVerH[],pReview)),skH1[]),decl2_4).
By 9, the attacker may know fb_2.
By 8, the attacker may know withTLR(pk(skH1[]),sign((TLR,(lineage2(entry(h(attemptCore(authTuple(issuerId[],fp(pk(skH1[])),ssetH[],algH[],verH[]),sign((POSS,authTuple(issuerId[],fp(pk(skH1[])),ssetH[],algH[],verH[])),skH1[]),sign((BYTES,framed(OT_ATTEST,algH[],issuerId[],fp(pk(skH1[])),h(authTuple(issuerId[],fp(pk(skH1[])),ssetH[],algH[],verH[])),canonVerH[],p1_5)),skH1[]),decl1_4)),DISP_ABANDONED),entry(h(attemptCore(authTuple(issuerId[],fp(pk(skH1[])),ssetH[],algH[],verH[]),sign((POSS,authTuple(issuerId[],fp(pk(skH1[])),ssetH[],algH[],verH[])),skH1[]),sign((BYTES,framed(OT_ATTEST,algH[],issuerId[],fp(pk(skH1[])),h(authTuple(issuerId[],fp(pk(skH1[])),ssetH[],algH[],verH[])),canonVerH[],pReview)),skH1[]),decl2_4)),DISP_SHIPPED)),TERM_SHIPPED(h(attemptCore(authTuple(issuerId[],fp(pk(skH1[])),ssetH[],algH[],verH[]),sign((POSS,authTuple(issuerId[],fp(pk(skH1[])),ssetH[],algH[],verH[])),skH1[]),sign((BYTES,framed(OT_ATTEST,algH[],issuerId[],fp(pk(skH1[])),h(authTuple(issuerId[],fp(pk(skH1[])),ssetH[],algH[],verH[])),canonVerH[],pReview)),skH1[]),decl2_4))),declT_5)),skH1[]),anchorProof(h(sign((TLR,(lineage2(entry(h(attemptCore(authTuple(issuerId[],fp(pk(skH1[])),ssetH[],algH[],verH[]),sign((POSS,authTuple(issuerId[],fp(pk(skH1[])),ssetH[],algH[],verH[])),skH1[]),sign((BYTES,framed(OT_ATTEST,algH[],issuerId[],fp(pk(skH1[])),h(authTuple(issuerId[],fp(pk(skH1[])),ssetH[],algH[],verH[])),canonVerH[],p1_5)),skH1[]),decl1_4)),DISP_ABANDONED),entry(h(attemptCore(authTuple(issuerId[],fp(pk(skH1[])),ssetH[],algH[],verH[]),sign((POSS,authTuple(issuerId[],fp(pk(skH1[])),ssetH[],algH[],verH[])),skH1[]),sign((BYTES,framed(OT_ATTEST,algH[],issuerId[],fp(pk(skH1[])),h(authTuple(issuerId[],fp(pk(skH1[])),ssetH[],algH[],verH[])),canonVerH[],pReview)),skH1[]),decl2_4)),DISP_SHIPPED)),TERM_SHIPPED(h(attemptCore(authTuple(issuerId[],fp(pk(skH1[])),ssetH[],algH[],verH[]),sign((POSS,authTuple(issuerId[],fp(pk(skH1[])),ssetH[],algH[],verH[])),skH1[]),sign((BYTES,framed(OT_ATTEST,algH[],issuerId[],fp(pk(skH1[])),h(authTuple(issuerId[],fp(pk(skH1[])),ssetH[],algH[],verH[])),canonVerH[],pReview)),skH1[]),decl2_4))),declT_5)),skH1[])))).
Using the function 7-tuple the attacker may obtain (authTuple(issuerIdAlias[],fp(pk(skH1[])),ssetH[],algH[],verH[]),sign((STMT_DIGEST,h(authTuple(issuerIdAlias[],fp(pk(skH1[])),ssetH[],algH[],verH[]))),skD[]),sign((STMT_DIGEST,h(authTuple(issuerIdAlias[],fp(pk(skH1[])),ssetH[],algH[],verH[]))),skR[]),pk(skH1[]),attemptCore(authTuple(issuerId[],fp(pk(skH1[])),ssetH[],algH[],verH[]),sign((POSS,authTuple(issuerId[],fp(pk(skH1[])),ssetH[],algH[],verH[])),skH1[]),sign((BYTES,framed(OT_ATTEST,algH[],issuerId[],fp(pk(skH1[])),h(authTuple(issuerId[],fp(pk(skH1[])),ssetH[],algH[],verH[])),canonVerH[],pReview)),skH1[]),decl2_4),fb_2,withTLR(pk(skH1[]),sign((TLR,(lineage2(entry(h(attemptCore(authTuple(issuerId[],fp(pk(skH1[])),ssetH[],algH[],verH[]),sign((POSS,authTuple(issuerId[],fp(pk(skH1[])),ssetH[],algH[],verH[])),skH1[]),sign((BYTES,framed(OT_ATTEST,algH[],issuerId[],fp(pk(skH1[])),h(authTuple(issuerId[],fp(pk(skH1[])),ssetH[],algH[],verH[])),canonVerH[],p1_5)),skH1[]),decl1_4)),DISP_ABANDONED),entry(h(attemptCore(authTuple(issuerId[],fp(pk(skH1[])),ssetH[],algH[],verH[]),sign((POSS,authTuple(issuerId[],fp(pk(skH1[])),ssetH[],algH[],verH[])),skH1[]),sign((BYTES,framed(OT_ATTEST,algH[],issuerId[],fp(pk(skH1[])),h(authTuple(issuerId[],fp(pk(skH1[])),ssetH[],algH[],verH[])),canonVerH[],pReview)),skH1[]),decl2_4)),DISP_SHIPPED)),TERM_SHIPPED(h(attemptCore(authTuple(issuerId[],fp(pk(skH1[])),ssetH[],algH[],verH[]),sign((POSS,authTuple(issuerId[],fp(pk(skH1[])),ssetH[],algH[],verH[])),skH1[]),sign((BYTES,framed(OT_ATTEST,algH[],issuerId[],fp(pk(skH1[])),h(authTuple(issuerId[],fp(pk(skH1[])),ssetH[],algH[],verH[])),canonVerH[],pReview)),skH1[]),decl2_4))),declT_5)),skH1[]),anchorProof(h(sign((TLR,(lineage2(entry(h(attemptCore(authTuple(issuerId[],fp(pk(skH1[])),ssetH[],algH[],verH[]),sign((POSS,authTuple(issuerId[],fp(pk(skH1[])),ssetH[],algH[],verH[])),skH1[]),sign((BYTES,framed(OT_ATTEST,algH[],issuerId[],fp(pk(skH1[])),h(authTuple(issuerId[],fp(pk(skH1[])),ssetH[],algH[],verH[])),canonVerH[],p1_5)),skH1[]),decl1_4)),DISP_ABANDONED),entry(h(attemptCore(authTuple(issuerId[],fp(pk(skH1[])),ssetH[],algH[],verH[]),sign((POSS,authTuple(issuerId[],fp(pk(skH1[])),ssetH[],algH[],verH[])),skH1[]),sign((BYTES,framed(OT_ATTEST,algH[],issuerId[],fp(pk(skH1[])),h(authTuple(issuerId[],fp(pk(skH1[])),ssetH[],algH[],verH[])),canonVerH[],pReview)),skH1[]),decl2_4)),DISP_SHIPPED)),TERM_SHIPPED(h(attemptCore(authTuple(issuerId[],fp(pk(skH1[])),ssetH[],algH[],verH[]),sign((POSS,authTuple(issuerId[],fp(pk(skH1[])),ssetH[],algH[],verH[])),skH1[]),sign((BYTES,framed(OT_ATTEST,algH[],issuerId[],fp(pk(skH1[])),h(authTuple(issuerId[],fp(pk(skH1[])),ssetH[],algH[],verH[])),canonVerH[],pReview)),skH1[]),decl2_4))),declT_5)),skH1[]))))).
attacker((authTuple(issuerIdAlias[],fp(pk(skH1[])),ssetH[],algH[],verH[]),sign((STMT_DIGEST,h(authTuple(issuerIdAlias[],fp(pk(skH1[])),ssetH[],algH[],verH[]))),skD[]),sign((STMT_DIGEST,h(authTuple(issuerIdAlias[],fp(pk(skH1[])),ssetH[],algH[],verH[]))),skR[]),pk(skH1[]),attemptCore(authTuple(issuerId[],fp(pk(skH1[])),ssetH[],algH[],verH[]),sign((POSS,authTuple(issuerId[],fp(pk(skH1[])),ssetH[],algH[],verH[])),skH1[]),sign((BYTES,framed(OT_ATTEST,algH[],issuerId[],fp(pk(skH1[])),h(authTuple(issuerId[],fp(pk(skH1[])),ssetH[],algH[],verH[])),canonVerH[],pReview)),skH1[]),decl2_4),fb_2,withTLR(pk(skH1[]),sign((TLR,(lineage2(entry(h(attemptCore(authTuple(issuerId[],fp(pk(skH1[])),ssetH[],algH[],verH[]),sign((POSS,authTuple(issuerId[],fp(pk(skH1[])),ssetH[],algH[],verH[])),skH1[]),sign((BYTES,framed(OT_ATTEST,algH[],issuerId[],fp(pk(skH1[])),h(authTuple(issuerId[],fp(pk(skH1[])),ssetH[],algH[],verH[])),canonVerH[],p1_5)),skH1[]),decl1_4)),DISP_ABANDONED),entry(h(attemptCore(authTuple(issuerId[],fp(pk(skH1[])),ssetH[],algH[],verH[]),sign((POSS,authTuple(issuerId[],fp(pk(skH1[])),ssetH[],algH[],verH[])),skH1[]),sign((BYTES,framed(OT_ATTEST,algH[],issuerId[],fp(pk(skH1[])),h(authTuple(issuerId[],fp(pk(skH1[])),ssetH[],algH[],verH[])),canonVerH[],pReview)),skH1[]),decl2_4)),DISP_SHIPPED)),TERM_SHIPPED(h(attemptCore(authTuple(issuerId[],fp(pk(skH1[])),ssetH[],algH[],verH[]),sign((POSS,authTuple(issuerId[],fp(pk(skH1[])),ssetH[],algH[],verH[])),skH1[]),sign((BYTES,framed(OT_ATTEST,algH[],issuerId[],fp(pk(skH1[])),h(authTuple(issuerId[],fp(pk(skH1[])),ssetH[],algH[],verH[])),canonVerH[],pReview)),skH1[]),decl2_4))),declT_5)),skH1[]),anchorProof(h(sign((TLR,(lineage2(entry(h(attemptCore(authTuple(issuerId[],fp(pk(skH1[])),ssetH[],algH[],verH[]),sign((POSS,authTuple(issuerId[],fp(pk(skH1[])),ssetH[],algH[],verH[])),skH1[]),sign((BYTES,framed(OT_ATTEST,algH[],issuerId[],fp(pk(skH1[])),h(authTuple(issuerId[],fp(pk(skH1[])),ssetH[],algH[],verH[])),canonVerH[],p1_5)),skH1[]),decl1_4)),DISP_ABANDONED),entry(h(attemptCore(authTuple(issuerId[],fp(pk(skH1[])),ssetH[],algH[],verH[]),sign((POSS,authTuple(issuerId[],fp(pk(skH1[])),ssetH[],algH[],verH[])),skH1[]),sign((BYTES,framed(OT_ATTEST,algH[],issuerId[],fp(pk(skH1[])),h(authTuple(issuerId[],fp(pk(skH1[])),ssetH[],algH[],verH[])),canonVerH[],pReview)),skH1[]),decl2_4)),DISP_SHIPPED)),TERM_SHIPPED(h(attemptCore(authTuple(issuerId[],fp(pk(skH1[])),ssetH[],algH[],verH[]),sign((POSS,authTuple(issuerId[],fp(pk(skH1[])),ssetH[],algH[],verH[])),skH1[]),sign((BYTES,framed(OT_ATTEST,algH[],issuerId[],fp(pk(skH1[])),h(authTuple(issuerId[],fp(pk(skH1[])),ssetH[],algH[],verH[])),canonVerH[],pReview)),skH1[]),decl2_4))),declT_5)),skH1[])))))).

36. The message (authTuple(issuerIdAlias[],fp(pk(skH1[])),ssetH[],algH[],verH[]),sign((STMT_DIGEST,h(authTuple(issuerIdAlias[],fp(pk(skH1[])),ssetH[],algH[],verH[]))),skD[]),sign((STMT_DIGEST,h(authTuple(issuerIdAlias[],fp(pk(skH1[])),ssetH[],algH[],verH[]))),skR[]),pk(skH1[]),attemptCore(authTuple(issuerId[],fp(pk(skH1[])),ssetH[],algH[],verH[]),sign((POSS,authTuple(issuerId[],fp(pk(skH1[])),ssetH[],algH[],verH[])),skH1[]),sign((BYTES,framed(OT_ATTEST,algH[],issuerId[],fp(pk(skH1[])),h(authTuple(issuerId[],fp(pk(skH1[])),ssetH[],algH[],verH[])),canonVerH[],pReview)),skH1[]),decl2_4),fb_2,withTLR(pk(skH1[]),sign((TLR,(lineage2(entry(h(attemptCore(authTuple(issuerId[],fp(pk(skH1[])),ssetH[],algH[],verH[]),sign((POSS,authTuple(issuerId[],fp(pk(skH1[])),ssetH[],algH[],verH[])),skH1[]),sign((BYTES,framed(OT_ATTEST,algH[],issuerId[],fp(pk(skH1[])),h(authTuple(issuerId[],fp(pk(skH1[])),ssetH[],algH[],verH[])),canonVerH[],p1_5)),skH1[]),decl1_4)),DISP_ABANDONED),entry(h(attemptCore(authTuple(issuerId[],fp(pk(skH1[])),ssetH[],algH[],verH[]),sign((POSS,authTuple(issuerId[],fp(pk(skH1[])),ssetH[],algH[],verH[])),skH1[]),sign((BYTES,framed(OT_ATTEST,algH[],issuerId[],fp(pk(skH1[])),h(authTuple(issuerId[],fp(pk(skH1[])),ssetH[],algH[],verH[])),canonVerH[],pReview)),skH1[]),decl2_4)),DISP_SHIPPED)),TERM_SHIPPED(h(attemptCore(authTuple(issuerId[],fp(pk(skH1[])),ssetH[],algH[],verH[]),sign((POSS,authTuple(issuerId[],fp(pk(skH1[])),ssetH[],algH[],verH[])),skH1[]),sign((BYTES,framed(OT_ATTEST,algH[],issuerId[],fp(pk(skH1[])),h(authTuple(issuerId[],fp(pk(skH1[])),ssetH[],algH[],verH[])),canonVerH[],pReview)),skH1[]),decl2_4))),declT_5)),skH1[]),anchorProof(h(sign((TLR,(lineage2(entry(h(attemptCore(authTuple(issuerId[],fp(pk(skH1[])),ssetH[],algH[],verH[]),sign((POSS,authTuple(issuerId[],fp(pk(skH1[])),ssetH[],algH[],verH[])),skH1[]),sign((BYTES,framed(OT_ATTEST,algH[],issuerId[],fp(pk(skH1[])),h(authTuple(issuerId[],fp(pk(skH1[])),ssetH[],algH[],verH[])),canonVerH[],p1_5)),skH1[]),decl1_4)),DISP_ABANDONED),entry(h(attemptCore(authTuple(issuerId[],fp(pk(skH1[])),ssetH[],algH[],verH[]),sign((POSS,authTuple(issuerId[],fp(pk(skH1[])),ssetH[],algH[],verH[])),skH1[]),sign((BYTES,framed(OT_ATTEST,algH[],issuerId[],fp(pk(skH1[])),h(authTuple(issuerId[],fp(pk(skH1[])),ssetH[],algH[],verH[])),canonVerH[],pReview)),skH1[]),decl2_4)),DISP_SHIPPED)),TERM_SHIPPED(h(attemptCore(authTuple(issuerId[],fp(pk(skH1[])),ssetH[],algH[],verH[]),sign((POSS,authTuple(issuerId[],fp(pk(skH1[])),ssetH[],algH[],verH[])),skH1[]),sign((BYTES,framed(OT_ATTEST,algH[],issuerId[],fp(pk(skH1[])),h(authTuple(issuerId[],fp(pk(skH1[])),ssetH[],algH[],verH[])),canonVerH[],pReview)),skH1[]),decl2_4))),declT_5)),skH1[]))))) that the attacker may have by 35 may be received at input {132}.
We have h(attemptCore(authTuple(issuerId[],fp(pk(skH1[])),ssetH[],algH[],verH[]),sign((POSS,authTuple(issuerId[],fp(pk(skH1[])),ssetH[],algH[],verH[])),skH1[]),sign((BYTES,framed(OT_ATTEST,algH[],issuerId[],fp(pk(skH1[])),h(authTuple(issuerId[],fp(pk(skH1[])),ssetH[],algH[],verH[])),canonVerH[],p1_5)),skH1[]),decl1_4)) ≠ h(attemptCore(authTuple(issuerId[],fp(pk(skH1[])),ssetH[],algH[],verH[]),sign((POSS,authTuple(issuerId[],fp(pk(skH1[])),ssetH[],algH[],verH[])),skH1[]),sign((BYTES,framed(OT_ATTEST,algH[],issuerId[],fp(pk(skH1[])),h(authTuple(issuerId[],fp(pk(skH1[])),ssetH[],algH[],verH[])),canonVerH[],pReview)),skH1[]),decl2_4)).
So the message (pk(skH1[]),authTuple(issuerIdAlias[],fp(pk(skH1[])),ssetH[],algH[],verH[]),attemptCore(authTuple(issuerId[],fp(pk(skH1[])),ssetH[],algH[],verH[]),sign((POSS,authTuple(issuerId[],fp(pk(skH1[])),ssetH[],algH[],verH[])),skH1[]),sign((BYTES,framed(OT_ATTEST,algH[],issuerId[],fp(pk(skH1[])),h(authTuple(issuerId[],fp(pk(skH1[])),ssetH[],algH[],verH[])),canonVerH[],pReview)),skH1[]),decl2_4),h(attemptCore(authTuple(issuerId[],fp(pk(skH1[])),ssetH[],algH[],verH[]),sign((POSS,authTuple(issuerId[],fp(pk(skH1[])),ssetH[],algH[],verH[])),skH1[]),sign((BYTES,framed(OT_ATTEST,algH[],issuerId[],fp(pk(skH1[])),h(authTuple(issuerId[],fp(pk(skH1[])),ssetH[],algH[],verH[])),canonVerH[],pReview)),skH1[]),decl2_4))) may be sent on channel aliasCh[] at output {155}.
mess(aliasCh[],(pk(skH1[]),authTuple(issuerIdAlias[],fp(pk(skH1[])),ssetH[],algH[],verH[]),attemptCore(authTuple(issuerId[],fp(pk(skH1[])),ssetH[],algH[],verH[]),sign((POSS,authTuple(issuerId[],fp(pk(skH1[])),ssetH[],algH[],verH[])),skH1[]),sign((BYTES,framed(OT_ATTEST,algH[],issuerId[],fp(pk(skH1[])),h(authTuple(issuerId[],fp(pk(skH1[])),ssetH[],algH[],verH[])),canonVerH[],pReview)),skH1[]),decl2_4),h(attemptCore(authTuple(issuerId[],fp(pk(skH1[])),ssetH[],algH[],verH[]),sign((POSS,authTuple(issuerId[],fp(pk(skH1[])),ssetH[],algH[],verH[])),skH1[]),sign((BYTES,framed(OT_ATTEST,algH[],issuerId[],fp(pk(skH1[])),h(authTuple(issuerId[],fp(pk(skH1[])),ssetH[],algH[],verH[])),canonVerH[],pReview)),skH1[]),decl2_4)))).

37. The message (pk(skH1[]),authTuple(issuerIdAlias[],fp(pk(skH1[])),ssetH[],algH[],verH[]),attemptCore(authTuple(issuerId[],fp(pk(skH1[])),ssetH[],algH[],verH[]),sign((POSS,authTuple(issuerId[],fp(pk(skH1[])),ssetH[],algH[],verH[])),skH1[]),sign((BYTES,framed(OT_ATTEST,algH[],issuerId[],fp(pk(skH1[])),h(authTuple(issuerId[],fp(pk(skH1[])),ssetH[],algH[],verH[])),canonVerH[],pReview)),skH1[]),decl2_4),h(attemptCore(authTuple(issuerId[],fp(pk(skH1[])),ssetH[],algH[],verH[]),sign((POSS,authTuple(issuerId[],fp(pk(skH1[])),ssetH[],algH[],verH[])),skH1[]),sign((BYTES,framed(OT_ATTEST,algH[],issuerId[],fp(pk(skH1[])),h(authTuple(issuerId[],fp(pk(skH1[])),ssetH[],algH[],verH[])),canonVerH[],pReview)),skH1[]),decl2_4))) that may be sent on channel aliasCh[] by 36 may be received at input {191}.
We have authTuple(issuerIdAlias[],fp(pk(skH1[])),ssetH[],algH[],verH[]) ≠ authTuple(issuerId[],fp(pk(skH1[])),ssetH[],algH[],verH[]).
So event Aliased(pk(skH1[]),authTuple(issuerIdAlias[],fp(pk(skH1[])),ssetH[],algH[],verH[]),authTuple(issuerId[],fp(pk(skH1[])),ssetH[],algH[],verH[]),h(attemptCore(authTuple(issuerId[],fp(pk(skH1[])),ssetH[],algH[],verH[]),sign((POSS,authTuple(issuerId[],fp(pk(skH1[])),ssetH[],algH[],verH[])),skH1[]),sign((BYTES,framed(OT_ATTEST,algH[],issuerId[],fp(pk(skH1[])),h(authTuple(issuerId[],fp(pk(skH1[])),ssetH[],algH[],verH[])),canonVerH[],pReview)),skH1[]),decl2_4))) may be executed at {194}.
event(Aliased(pk(skH1[]),authTuple(issuerIdAlias[],fp(pk(skH1[])),ssetH[],algH[],verH[]),authTuple(issuerId[],fp(pk(skH1[])),ssetH[],algH[],verH[]),h(attemptCore(authTuple(issuerId[],fp(pk(skH1[])),ssetH[],algH[],verH[]),sign((POSS,authTuple(issuerId[],fp(pk(skH1[])),ssetH[],algH[],verH[])),skH1[]),sign((BYTES,framed(OT_ATTEST,algH[],issuerId[],fp(pk(skH1[])),h(authTuple(issuerId[],fp(pk(skH1[])),ssetH[],algH[],verH[])),canonVerH[],pReview)),skH1[]),decl2_4)))).

38. By 37, event(Aliased(pk(skH1[]),authTuple(issuerIdAlias[],fp(pk(skH1[])),ssetH[],algH[],verH[]),authTuple(issuerId[],fp(pk(skH1[])),ssetH[],algH[],verH[]),h(attemptCore(authTuple(issuerId[],fp(pk(skH1[])),ssetH[],algH[],verH[]),sign((POSS,authTuple(issuerId[],fp(pk(skH1[])),ssetH[],algH[],verH[])),skH1[]),sign((BYTES,framed(OT_ATTEST,algH[],issuerId[],fp(pk(skH1[])),h(authTuple(issuerId[],fp(pk(skH1[])),ssetH[],algH[],verH[])),canonVerH[],pReview)),skH1[]),decl2_4)))).
The goal is reached, represented in the following fact:
event(Aliased(pk(skH1[]),authTuple(issuerIdAlias[],fp(pk(skH1[])),ssetH[],algH[],verH[]),authTuple(issuerId[],fp(pk(skH1[])),ssetH[],algH[],verH[]),h(attemptCore(authTuple(issuerId[],fp(pk(skH1[])),ssetH[],algH[],verH[]),sign((POSS,authTuple(issuerId[],fp(pk(skH1[])),ssetH[],algH[],verH[])),skH1[]),sign((BYTES,framed(OT_ATTEST,algH[],issuerId[],fp(pk(skH1[])),h(authTuple(issuerId[],fp(pk(skH1[])),ssetH[],algH[],verH[])),canonVerH[],pReview)),skH1[]),decl2_4)))).


A more detailed output of the traces is available with
  set traceDisplay = long.

new skD: skey creating skD_4 at {1}

new skR: skey creating skR_4 at {2}

out(c, ~M) with ~M = pk(skD_4) at {6}

out(c, ~M_1) with ~M_1 = pk(skR_4) at {7}

out(c, ~M_2) with ~M_2 = pk(skH1) at {8}

out(c, ~M_3) with ~M_3 = pk(skH2) at {9}

out(c, authTuple(~M_4,~M_5,~M_6,~M_7,~M_8)) with ~M_4 = issuerId, ~M_5 = fp(pk(skH1)), ~M_6 = ssetH, ~M_7 = algH, ~M_8 = verH at {10}

out(c, authTuple(~M_9,~M_10,~M_11,~M_12,~M_13)) with ~M_9 = issuerId2, ~M_10 = fp(pk(skH2)), ~M_11 = ssetH, ~M_12 = algH, ~M_13 = verH at {11}

out(c, authTuple(~M_14,~M_15,~M_16,~M_17,~M_18)) with ~M_14 = issuerIdAlias, ~M_15 = fp(pk(skH1)), ~M_16 = ssetH, ~M_17 = algH, ~M_18 = verH at {12}

event AuthorityPublishedRepo(authTuple(issuerIdAlias,fp(pk(skH1)),ssetH,algH,verH)) at {35} in copy a

out(c, ~M_19) with ~M_19 = sign((STMT_DIGEST,h(authTuple(issuerIdAlias,fp(pk(skH1)),ssetH,algH,verH))),skR_4) at {36} in copy a

event AuthorityPublishedDNS(authTuple(issuerIdAlias,fp(pk(skH1)),ssetH,algH,verH)) at {23} in copy a_1

out(c, ~M_20) with ~M_20 = sign((STMT_DIGEST,h(authTuple(issuerIdAlias,fp(pk(skH1)),ssetH,algH,verH))),skD_4) at {24} in copy a_1

in(c, (a_2,a_3)) at {40} in copy a_4

new decl1: bitstring creating decl1_7 at {41} in copy a_4

new decl2: bitstring creating decl2_5 at {42} in copy a_4

new declT: bitstring creating declT_6 at {43} in copy a_4

event IssuerPossession(pk(skH1)) at {44} in copy a_4

event IssuerSigned(pk(skH1),framed(OT_ATTEST,algH,issuerId,fp(pk(skH1)),h(authTuple(issuerId,fp(pk(skH1)),ssetH,algH,verH)),canonVerH,a_2)) at {49} in copy a_4

out(c, (attemptCore(authTuple(~M_21,~M_22,~M_23,~M_24,~M_25),~M_26,~M_27,~M_28),framed(~M_29,~M_30,~M_31,~M_32,~M_33,~M_34,~M_35))) with ~M_21 = issuerId, ~M_22 = fp(pk(skH1)), ~M_23 = ssetH, ~M_24 = algH, ~M_25 = verH, ~M_26 = sign((POSS,authTuple(issuerId,fp(pk(skH1)),ssetH,algH,verH)),skH1), ~M_27 = sign((BYTES,framed(OT_ATTEST,algH,issuerId,fp(pk(skH1)),h(authTuple(issuerId,fp(pk(skH1)),ssetH,algH,verH)),canonVerH,a_2)),skH1), ~M_28 = decl1_7, ~M_29 = OT_ATTEST, ~M_30 = algH, ~M_31 = issuerId, ~M_32 = fp(pk(skH1)), ~M_33 = h(authTuple(issuerId,fp(pk(skH1)),ssetH,algH,verH)), ~M_34 = canonVerH, ~M_35 = a_2 at {50} in copy a_4

event IssuerSigned(pk(skH1),framed(OT_ATTEST,algH,issuerId,fp(pk(skH1)),h(authTuple(issuerId,fp(pk(skH1)),ssetH,algH,verH)),canonVerH,a_3)) at {54} in copy a_4

out(c, (attemptCore(authTuple(~M_36,~M_37,~M_38,~M_39,~M_40),~M_41,~M_42,~M_43),framed(~M_44,~M_45,~M_46,~M_47,~M_48,~M_49,~M_50))) with ~M_36 = issuerId, ~M_37 = fp(pk(skH1)), ~M_38 = ssetH, ~M_39 = algH, ~M_40 = verH, ~M_41 = sign((POSS,authTuple(issuerId,fp(pk(skH1)),ssetH,algH,verH)),skH1), ~M_42 = sign((BYTES,framed(OT_ATTEST,algH,issuerId,fp(pk(skH1)),h(authTuple(issuerId,fp(pk(skH1)),ssetH,algH,verH)),canonVerH,a_3)),skH1), ~M_43 = decl2_5, ~M_44 = OT_ATTEST, ~M_45 = algH, ~M_46 = issuerId, ~M_47 = fp(pk(skH1)), ~M_48 = h(authTuple(issuerId,fp(pk(skH1)),ssetH,algH,verH)), ~M_49 = canonVerH, ~M_50 = a_3 at {55} in copy a_4

event Designated(pk(skH1),h(attemptCore(authTuple(issuerId,fp(pk(skH1)),ssetH,algH,verH),sign((POSS,authTuple(issuerId,fp(pk(skH1)),ssetH,algH,verH)),skH1),sign((BYTES,framed(OT_ATTEST,algH,issuerId,fp(pk(skH1)),h(authTuple(issuerId,fp(pk(skH1)),ssetH,algH,verH)),canonVerH,a_3)),skH1),decl2_5))) at {58} in copy a_4

out(c, ~M_51) with ~M_51 = sign((TLR,(lineage2(entry(h(attemptCore(authTuple(issuerId,fp(pk(skH1)),ssetH,algH,verH),sign((POSS,authTuple(issuerId,fp(pk(skH1)),ssetH,algH,verH)),skH1),sign((BYTES,framed(OT_ATTEST,algH,issuerId,fp(pk(skH1)),h(authTuple(issuerId,fp(pk(skH1)),ssetH,algH,verH)),canonVerH,a_2)),skH1),decl1_7)),DISP_ABANDONED),entry(h(attemptCore(authTuple(issuerId,fp(pk(skH1)),ssetH,algH,verH),sign((POSS,authTuple(issuerId,fp(pk(skH1)),ssetH,algH,verH)),skH1),sign((BYTES,framed(OT_ATTEST,algH,issuerId,fp(pk(skH1)),h(authTuple(issuerId,fp(pk(skH1)),ssetH,algH,verH)),canonVerH,a_3)),skH1),decl2_5)),DISP_SHIPPED)),TERM_SHIPPED(h(attemptCore(authTuple(issuerId,fp(pk(skH1)),ssetH,algH,verH),sign((POSS,authTuple(issuerId,fp(pk(skH1)),ssetH,algH,verH)),skH1),sign((BYTES,framed(OT_ATTEST,algH,issuerId,fp(pk(skH1)),h(authTuple(issuerId,fp(pk(skH1)),ssetH,algH,verH)),canonVerH,a_3)),skH1),decl2_5))),declT_6)),skH1) at {61} in copy a_4

in(c, (a_5,a_6)) at {40} in copy a_7

new decl1: bitstring creating decl1_8 at {41} in copy a_7

new decl2: bitstring creating decl2_6 at {42} in copy a_7

new declT: bitstring creating declT_7 at {43} in copy a_7

event IssuerPossession(pk(skH1)) at {44} in copy a_7

event IssuerSigned(pk(skH1),framed(OT_ATTEST,algH,issuerId,fp(pk(skH1)),h(authTuple(issuerId,fp(pk(skH1)),ssetH,algH,verH)),canonVerH,a_5)) at {49} in copy a_7

out(c, (attemptCore(authTuple(~M_52,~M_53,~M_54,~M_55,~M_56),~M_57,~M_58,~M_59),framed(~M_60,~M_61,~M_62,~M_63,~M_64,~M_65,~M_66))) with ~M_52 = issuerId, ~M_53 = fp(pk(skH1)), ~M_54 = ssetH, ~M_55 = algH, ~M_56 = verH, ~M_57 = sign((POSS,authTuple(issuerId,fp(pk(skH1)),ssetH,algH,verH)),skH1), ~M_58 = sign((BYTES,framed(OT_ATTEST,algH,issuerId,fp(pk(skH1)),h(authTuple(issuerId,fp(pk(skH1)),ssetH,algH,verH)),canonVerH,a_5)),skH1), ~M_59 = decl1_8, ~M_60 = OT_ATTEST, ~M_61 = algH, ~M_62 = issuerId, ~M_63 = fp(pk(skH1)), ~M_64 = h(authTuple(issuerId,fp(pk(skH1)),ssetH,algH,verH)), ~M_65 = canonVerH, ~M_66 = a_5 at {50} in copy a_7

event IssuerSigned(pk(skH1),framed(OT_ATTEST,algH,issuerId,fp(pk(skH1)),h(authTuple(issuerId,fp(pk(skH1)),ssetH,algH,verH)),canonVerH,a_6)) at {54} in copy a_7

out(c, (attemptCore(authTuple(~M_67,~M_68,~M_69,~M_70,~M_71),~M_72,~M_73,~M_74),framed(~M_75,~M_76,~M_77,~M_78,~M_79,~M_80,~M_81))) with ~M_67 = issuerId, ~M_68 = fp(pk(skH1)), ~M_69 = ssetH, ~M_70 = algH, ~M_71 = verH, ~M_72 = sign((POSS,authTuple(issuerId,fp(pk(skH1)),ssetH,algH,verH)),skH1), ~M_73 = sign((BYTES,framed(OT_ATTEST,algH,issuerId,fp(pk(skH1)),h(authTuple(issuerId,fp(pk(skH1)),ssetH,algH,verH)),canonVerH,a_6)),skH1), ~M_74 = decl2_6, ~M_75 = OT_ATTEST, ~M_76 = algH, ~M_77 = issuerId, ~M_78 = fp(pk(skH1)), ~M_79 = h(authTuple(issuerId,fp(pk(skH1)),ssetH,algH,verH)), ~M_80 = canonVerH, ~M_81 = a_6 at {55} in copy a_7

event Designated(pk(skH1),h(attemptCore(authTuple(issuerId,fp(pk(skH1)),ssetH,algH,verH),sign((POSS,authTuple(issuerId,fp(pk(skH1)),ssetH,algH,verH)),skH1),sign((BYTES,framed(OT_ATTEST,algH,issuerId,fp(pk(skH1)),h(authTuple(issuerId,fp(pk(skH1)),ssetH,algH,verH)),canonVerH,a_6)),skH1),decl2_6))) at {58} in copy a_7

out(c, ~M_82) with ~M_82 = sign((TLR,(lineage2(entry(h(attemptCore(authTuple(issuerId,fp(pk(skH1)),ssetH,algH,verH),sign((POSS,authTuple(issuerId,fp(pk(skH1)),ssetH,algH,verH)),skH1),sign((BYTES,framed(OT_ATTEST,algH,issuerId,fp(pk(skH1)),h(authTuple(issuerId,fp(pk(skH1)),ssetH,algH,verH)),canonVerH,a_5)),skH1),decl1_8)),DISP_ABANDONED),entry(h(attemptCore(authTuple(issuerId,fp(pk(skH1)),ssetH,algH,verH),sign((POSS,authTuple(issuerId,fp(pk(skH1)),ssetH,algH,verH)),skH1),sign((BYTES,framed(OT_ATTEST,algH,issuerId,fp(pk(skH1)),h(authTuple(issuerId,fp(pk(skH1)),ssetH,algH,verH)),canonVerH,a_6)),skH1),decl2_6)),DISP_SHIPPED)),TERM_SHIPPED(h(attemptCore(authTuple(issuerId,fp(pk(skH1)),ssetH,algH,verH),sign((POSS,authTuple(issuerId,fp(pk(skH1)),ssetH,algH,verH)),skH1),sign((BYTES,framed(OT_ATTEST,algH,issuerId,fp(pk(skH1)),h(authTuple(issuerId,fp(pk(skH1)),ssetH,algH,verH)),canonVerH,a_6)),skH1),decl2_6))),declT_7)),skH1) at {61} in copy a_7

in(c, (a_8,a_5)) at {40} in copy a_9

new decl1: bitstring creating decl1_9 at {41} in copy a_9

new decl2: bitstring creating decl2_7 at {42} in copy a_9

new declT: bitstring creating declT_8 at {43} in copy a_9

event IssuerPossession(pk(skH1)) at {44} in copy a_9

event IssuerSigned(pk(skH1),framed(OT_ATTEST,algH,issuerId,fp(pk(skH1)),h(authTuple(issuerId,fp(pk(skH1)),ssetH,algH,verH)),canonVerH,a_8)) at {49} in copy a_9

out(c, (attemptCore(authTuple(~M_83,~M_84,~M_85,~M_86,~M_87),~M_88,~M_89,~M_90),framed(~M_91,~M_92,~M_93,~M_94,~M_95,~M_96,~M_97))) with ~M_83 = issuerId, ~M_84 = fp(pk(skH1)), ~M_85 = ssetH, ~M_86 = algH, ~M_87 = verH, ~M_88 = sign((POSS,authTuple(issuerId,fp(pk(skH1)),ssetH,algH,verH)),skH1), ~M_89 = sign((BYTES,framed(OT_ATTEST,algH,issuerId,fp(pk(skH1)),h(authTuple(issuerId,fp(pk(skH1)),ssetH,algH,verH)),canonVerH,a_8)),skH1), ~M_90 = decl1_9, ~M_91 = OT_ATTEST, ~M_92 = algH, ~M_93 = issuerId, ~M_94 = fp(pk(skH1)), ~M_95 = h(authTuple(issuerId,fp(pk(skH1)),ssetH,algH,verH)), ~M_96 = canonVerH, ~M_97 = a_8 at {50} in copy a_9

event IssuerSigned(pk(skH1),framed(OT_ATTEST,algH,issuerId,fp(pk(skH1)),h(authTuple(issuerId,fp(pk(skH1)),ssetH,algH,verH)),canonVerH,a_5)) at {54} in copy a_9

out(c, (attemptCore(authTuple(~M_98,~M_99,~M_100,~M_101,~M_102),~M_103,~M_104,~M_105),framed(~M_106,~M_107,~M_108,~M_109,~M_110,~M_111,~M_112))) with ~M_98 = issuerId, ~M_99 = fp(pk(skH1)), ~M_100 = ssetH, ~M_101 = algH, ~M_102 = verH, ~M_103 = sign((POSS,authTuple(issuerId,fp(pk(skH1)),ssetH,algH,verH)),skH1), ~M_104 = sign((BYTES,framed(OT_ATTEST,algH,issuerId,fp(pk(skH1)),h(authTuple(issuerId,fp(pk(skH1)),ssetH,algH,verH)),canonVerH,a_5)),skH1), ~M_105 = decl2_7, ~M_106 = OT_ATTEST, ~M_107 = algH, ~M_108 = issuerId, ~M_109 = fp(pk(skH1)), ~M_110 = h(authTuple(issuerId,fp(pk(skH1)),ssetH,algH,verH)), ~M_111 = canonVerH, ~M_112 = a_5 at {55} in copy a_9

event Designated(pk(skH1),h(attemptCore(authTuple(issuerId,fp(pk(skH1)),ssetH,algH,verH),sign((POSS,authTuple(issuerId,fp(pk(skH1)),ssetH,algH,verH)),skH1),sign((BYTES,framed(OT_ATTEST,algH,issuerId,fp(pk(skH1)),h(authTuple(issuerId,fp(pk(skH1)),ssetH,algH,verH)),canonVerH,a_5)),skH1),decl2_7))) at {58} in copy a_9

out(c, ~M_113) with ~M_113 = sign((TLR,(lineage2(entry(h(attemptCore(authTuple(issuerId,fp(pk(skH1)),ssetH,algH,verH),sign((POSS,authTuple(issuerId,fp(pk(skH1)),ssetH,algH,verH)),skH1),sign((BYTES,framed(OT_ATTEST,algH,issuerId,fp(pk(skH1)),h(authTuple(issuerId,fp(pk(skH1)),ssetH,algH,verH)),canonVerH,a_8)),skH1),decl1_9)),DISP_ABANDONED),entry(h(attemptCore(authTuple(issuerId,fp(pk(skH1)),ssetH,algH,verH),sign((POSS,authTuple(issuerId,fp(pk(skH1)),ssetH,algH,verH)),skH1),sign((BYTES,framed(OT_ATTEST,algH,issuerId,fp(pk(skH1)),h(authTuple(issuerId,fp(pk(skH1)),ssetH,algH,verH)),canonVerH,a_5)),skH1),decl2_7)),DISP_SHIPPED)),TERM_SHIPPED(h(attemptCore(authTuple(issuerId,fp(pk(skH1)),ssetH,algH,verH),sign((POSS,authTuple(issuerId,fp(pk(skH1)),ssetH,algH,verH)),skH1),sign((BYTES,framed(OT_ATTEST,algH,issuerId,fp(pk(skH1)),h(authTuple(issuerId,fp(pk(skH1)),ssetH,algH,verH)),canonVerH,a_5)),skH1),decl2_7))),declT_8)),skH1) at {61} in copy a_9

in(c, (authTuple(issuerIdAlias,fp(~M_2),ssetH,algH,verH),~M_20,~M_19,~M_2,attemptCore(authTuple(issuerId,fp(~M_2),ssetH,algH,verH),~M_26,~M_58,~M_105),a_10,withTLR(~M_2,~M_113,anchorProof(h(~M_113))))) with fp(~M_2) = fp(pk(skH1)), ~M_20 = sign((STMT_DIGEST,h(authTuple(issuerIdAlias,fp(pk(skH1)),ssetH,algH,verH))),skD_4), ~M_19 = sign((STMT_DIGEST,h(authTuple(issuerIdAlias,fp(pk(skH1)),ssetH,algH,verH))),skR_4), ~M_2 = pk(skH1), fp(~M_2) = fp(pk(skH1)), ~M_26 = sign((POSS,authTuple(issuerId,fp(pk(skH1)),ssetH,algH,verH)),skH1), ~M_58 = sign((BYTES,framed(OT_ATTEST,algH,issuerId,fp(pk(skH1)),h(authTuple(issuerId,fp(pk(skH1)),ssetH,algH,verH)),canonVerH,a_5)),skH1), ~M_105 = decl2_7, ~M_2 = pk(skH1), ~M_113 = sign((TLR,(lineage2(entry(h(attemptCore(authTuple(issuerId,fp(pk(skH1)),ssetH,algH,verH),sign((POSS,authTuple(issuerId,fp(pk(skH1)),ssetH,algH,verH)),skH1),sign((BYTES,framed(OT_ATTEST,algH,issuerId,fp(pk(skH1)),h(authTuple(issuerId,fp(pk(skH1)),ssetH,algH,verH)),canonVerH,a_8)),skH1),decl1_9)),DISP_ABANDONED),entry(h(attemptCore(authTuple(issuerId,fp(pk(skH1)),ssetH,algH,verH),sign((POSS,authTuple(issuerId,fp(pk(skH1)),ssetH,algH,verH)),skH1),sign((BYTES,framed(OT_ATTEST,algH,issuerId,fp(pk(skH1)),h(authTuple(issuerId,fp(pk(skH1)),ssetH,algH,verH)),canonVerH,a_5)),skH1),decl2_7)),DISP_SHIPPED)),TERM_SHIPPED(h(attemptCore(authTuple(issuerId,fp(pk(skH1)),ssetH,algH,verH),sign((POSS,authTuple(issuerId,fp(pk(skH1)),ssetH,algH,verH)),skH1),sign((BYTES,framed(OT_ATTEST,algH,issuerId,fp(pk(skH1)),h(authTuple(issuerId,fp(pk(skH1)),ssetH,algH,verH)),canonVerH,a_5)),skH1),decl2_7))),declT_8)),skH1), h(~M_113) = h(sign((TLR,(lineage2(entry(h(attemptCore(authTuple(issuerId,fp(pk(skH1)),ssetH,algH,verH),sign((POSS,authTuple(issuerId,fp(pk(skH1)),ssetH,algH,verH)),skH1),sign((BYTES,framed(OT_ATTEST,algH,issuerId,fp(pk(skH1)),h(authTuple(issuerId,fp(pk(skH1)),ssetH,algH,verH)),canonVerH,a_8)),skH1),decl1_9)),DISP_ABANDONED),entry(h(attemptCore(authTuple(issuerId,fp(pk(skH1)),ssetH,algH,verH),sign((POSS,authTuple(issuerId,fp(pk(skH1)),ssetH,algH,verH)),skH1),sign((BYTES,framed(OT_ATTEST,algH,issuerId,fp(pk(skH1)),h(authTuple(issuerId,fp(pk(skH1)),ssetH,algH,verH)),canonVerH,a_5)),skH1),decl2_7)),DISP_SHIPPED)),TERM_SHIPPED(h(attemptCore(authTuple(issuerId,fp(pk(skH1)),ssetH,algH,verH),sign((POSS,authTuple(issuerId,fp(pk(skH1)),ssetH,algH,verH)),skH1),sign((BYTES,framed(OT_ATTEST,algH,issuerId,fp(pk(skH1)),h(authTuple(issuerId,fp(pk(skH1)),ssetH,algH,verH)),canonVerH,a_5)),skH1),decl2_7))),declT_8)),skH1)) at {132} in copy a_11

event Established(pk(skH1),authTuple(issuerIdAlias,fp(pk(skH1)),ssetH,algH,verH),h(attemptCore(authTuple(issuerId,fp(pk(skH1)),ssetH,algH,verH),sign((POSS,authTuple(issuerId,fp(pk(skH1)),ssetH,algH,verH)),skH1),sign((BYTES,framed(OT_ATTEST,algH,issuerId,fp(pk(skH1)),h(authTuple(issuerId,fp(pk(skH1)),ssetH,algH,verH)),canonVerH,a_5)),skH1),decl2_7))) at {152} in copy a_11

event StandingReport(ESTABLISHED,TERMINAL_DISPOSITION_SHOWN,pk(skH1),authTuple(issuerIdAlias,fp(pk(skH1)),ssetH,algH,verH),h(attemptCore(authTuple(issuerId,fp(pk(skH1)),ssetH,algH,verH),sign((POSS,authTuple(issuerId,fp(pk(skH1)),ssetH,algH,verH)),skH1),sign((BYTES,framed(OT_ATTEST,algH,issuerId,fp(pk(skH1)),h(authTuple(issuerId,fp(pk(skH1)),ssetH,algH,verH)),canonVerH,a_5)),skH1),decl2_7))) at {153} in copy a_11

out(aliasCh, (pk(skH1),authTuple(issuerIdAlias,fp(pk(skH1)),ssetH,algH,verH),attemptCore(authTuple(issuerId,fp(pk(skH1)),ssetH,algH,verH),sign((POSS,authTuple(issuerId,fp(pk(skH1)),ssetH,algH,verH)),skH1),sign((BYTES,framed(OT_ATTEST,algH,issuerId,fp(pk(skH1)),h(authTuple(issuerId,fp(pk(skH1)),ssetH,algH,verH)),canonVerH,a_5)),skH1),decl2_7),h(attemptCore(authTuple(issuerId,fp(pk(skH1)),ssetH,algH,verH),sign((POSS,authTuple(issuerId,fp(pk(skH1)),ssetH,algH,verH)),skH1),sign((BYTES,framed(OT_ATTEST,algH,issuerId,fp(pk(skH1)),h(authTuple(issuerId,fp(pk(skH1)),ssetH,algH,verH)),canonVerH,a_5)),skH1),decl2_7)))) at {155} in copy a_11 received at {191} in copy a_12

event Aliased(pk(skH1),authTuple(issuerIdAlias,fp(pk(skH1)),ssetH,algH,verH),authTuple(issuerId,fp(pk(skH1)),ssetH,algH,verH),h(attemptCore(authTuple(issuerId,fp(pk(skH1)),ssetH,algH,verH),sign((POSS,authTuple(issuerId,fp(pk(skH1)),ssetH,algH,verH)),skH1),sign((BYTES,framed(OT_ATTEST,algH,issuerId,fp(pk(skH1)),h(authTuple(issuerId,fp(pk(skH1)),ssetH,algH,verH)),canonVerH,a_5)),skH1),decl2_7))) at {194} in copy a_12 (goal)

The event Aliased(pk(skH1),authTuple(issuerIdAlias,fp(pk(skH1)),ssetH,algH,verH),authTuple(issuerId,fp(pk(skH1)),ssetH,algH,verH),h(attemptCore(authTuple(issuerId,fp(pk(skH1)),ssetH,algH,verH),sign((POSS,authTuple(issuerId,fp(pk(skH1)),ssetH,algH,verH)),skH1),sign((BYTES,framed(OT_ATTEST,algH,issuerId,fp(pk(skH1)),h(authTuple(issuerId,fp(pk(skH1)),ssetH,algH,verH)),canonVerH,a_5)),skH1),decl2_7))) is executed at {194} in copy a_12.
A trace has been found.
RESULT not event(Aliased(pk(skH1[]),authTuple(issuerIdAlias[],fp(pk(skH1[])),ssetH[],algH[],verH[]),authTuple(issuerId[],fp(pk(skH1[])),ssetH[],algH[],verH[]),h(attemptCore(authTuple(issuerId[],fp(pk(skH1[])),ssetH[],algH[],verH[]),sign((POSS,authTuple(issuerId[],fp(pk(skH1[])),ssetH[],algH[],verH[])),skH1[]),sign((BYTES,framed(OT_ATTEST,algH[],issuerId[],fp(pk(skH1[])),h(authTuple(issuerId[],fp(pk(skH1[])),ssetH[],algH[],verH[])),canonVerH[],pReview)),skH1[]),dReview)))) is false.

--------------------------------------------------------------
Verification summary:

Query event(Established(kX_3,t_3,aid_2)) ==> event(Designated(kX_3,aid_2)) is true.

Query event(Established(pk(skH1[]),t_3,aid_2)) ==> event(Designated(pk(skH1[]),aid_2)) is true.

Query event(Established(pk(skH2[]),t_3,aid_2)) ==> event(Designated(pk(skH2[]),aid_2)) is true.

Query not event(StandingUnentitled(kX_3,t_3)) is true.

Query not event(HonestStandingEstablished(k,aid_2)) is false.

Query not event(StandingReport(ESTABLISHED,TERMINAL_DISPOSITION_SHOWN,k,t_3,a)) is false.

Query not event(StandingReport(ABSENT,SUPERSEDED,k,t_3,a)) is false.

Query not event(StandingReport(ABSENT,NO_TERMINAL_DISPOSITION_EVIDENCE,k,t_3,a)) is false.

Query not event(StandingReport(ABSENT,ISSUANCE_REFUSED,k,t_3,a)) is false.

Query not event(StandingReport(ABSENT,STANDING_EVIDENCE_MISMATCH,k,t_3,a)) is false.

Query not event(ReasonCollapsed(p1_5,p2_5,r)) is true.

Query not event(Aliased(kX_3,t_3,tc,aid_2)) is false.

Query not event(Aliased(pk(skH1[]),authTuple(issuerIdAlias[],fp(pk(skH1[])),ssetH[],algH[],verH[]),authTuple(issuerId[],fp(pk(skH1[])),ssetH[],algH[],verH[]),h(attemptCore(authTuple(issuerId[],fp(pk(skH1[])),ssetH[],algH[],verH[]),sign((POSS,authTuple(issuerId[],fp(pk(skH1[])),ssetH[],algH[],verH[])),skH1[]),sign((BYTES,framed(OT_ATTEST,algH[],issuerId[],fp(pk(skH1[])),h(authTuple(issuerId[],fp(pk(skH1[])),ssetH[],algH[],verH[])),canonVerH[],pReview)),skH1[]),dReview)))) is false.

--------------------------------------------------------------

