Process 0 (that is, the initial process):
{1}new skS: skey;
{2}new skI1: skey;
{3}new skI2: skey;
{4}new skW1: skey;
{5}new skW2: skey;
{6}let mI1: bitstring = authTuple(issuerId,fp(pk(skI1)),ssetH,algH,verH) in
{7}let mI2: bitstring = authTuple(issuerId2,fp(pk(skI2)),ssetH,algH,verH) in
{8}let mW1: bitstring = authTuple(idW1,fp(pk(skW1)),ssetH,algH,verH) in
{9}let mW2: bitstring = authTuple(idW2,fp(pk(skW2)),ssetH,algH,verH) in
{10}out(c, pk(skS));
{11}out(c, pk(skI1));
{12}out(c, pk(skI2));
{13}out(c, pk(skW1));
{14}out(c, pk(skW2));
{15}out(c, mI1);
{16}out(c, mI2);
{17}out(c, mW1);
{18}out(c, mW2);
{19}out(c, skS);
(
    {20}!
    {21}let skS_1: skey = skS in
    {22}event AuthorityPublishedDNS(mI1);
    {23}out(c, sign((STMT_DIGEST,h(mI1)),skS_1))
) | (
    {24}!
    {25}let skS_2: skey = skS in
    {26}event AuthorityPublishedDNS(mI2);
    {27}out(c, sign((STMT_DIGEST,h(mI2)),skS_2))
) | (
    {28}!
    {29}let skS_3: skey = skS in
    {30}event AuthorityPublishedDNS(mW1);
    {31}out(c, sign((STMT_DIGEST,h(mW1)),skS_3))
) | (
    {32}!
    {33}let skS_4: skey = skS in
    {34}event AuthorityPublishedDNS(mW2);
    {35}out(c, sign((STMT_DIGEST,h(mW2)),skS_4))
) | (
    {36}!
    {37}let skI: skey = skI1 in
    {38}let idI: bitstring = issuerId in
    {39}let cvI: bitstring = cvA in
    {40}in(c, payload: bitstring);
    {41}event IssuerPossession(pk(skI));
    {42}let ppfI: bitstring = sign((POSS,mI1),skI) in
    {43}out(c, ppfI);
    {44}let fbI: bitstring = framed(OT_ATTEST,algH,idI,fp(pk(skI)),h(mI1),cvI,payload) in
    {45}let sgI: bitstring = sign((BYTES,fbI),skI) in
    {46}event IssuerSigned(pk(skI),fbI);
    (
        {47}out(honestTypeCh, (OT_ATTEST,fbI))
    ) | (
        {48}out(honestCh, (pk(skI),fbI))
    ) | (
        {49}out(honestInnerCh, (pk(skI),idI,fbI))
    ) | (
        {50}out(honestSigCh, (pk(skI),sgI))
    ) | (
        {51}out(c, sgI)
    )
) | (
    {52}!
    {53}let skW: skey = skI1 in
    {54}let idW: bitstring = issuerId in
    {55}let cvW: bitstring = cvB in
    {56}in(c, (cvIw: bitstring,fbIn: bitstring,sgIn: bitstring));
    {57}event IssuerPossession(pk(skW));
    {58}let ppfW: bitstring = sign((POSS,mI1),skW) in
    {59}out(c, ppfW);
    {60}let fbW: bitstring = framed(OT_WRAPPER,algH,idW,fp(pk(skW)),h(mI1),cvW,wrap(cvIw,(fbIn,sgIn))) in
    {61}event IssuerSigned(pk(skW),fbW);
    (
        {62}out(honestTypeCh, (OT_WRAPPER,fbW))
    ) | (
        {63}out(c, sign((BYTES,fbW),skW))
    )
) | (
    {64}!
    {65}let skI_1: skey = skI2 in
    {66}let idI_1: bitstring = issuerId2 in
    {67}let cvI_1: bitstring = cvB in
    {68}in(c, payload_1: bitstring);
    {69}event IssuerPossession(pk(skI_1));
    {70}let ppfI_1: bitstring = sign((POSS,mI2),skI_1) in
    {71}out(c, ppfI_1);
    {72}let fbI_1: bitstring = framed(OT_ATTEST,algH,idI_1,fp(pk(skI_1)),h(mI2),cvI_1,payload_1) in
    {73}let sgI_1: bitstring = sign((BYTES,fbI_1),skI_1) in
    {74}event IssuerSigned(pk(skI_1),fbI_1);
    (
        {75}out(honestTypeCh, (OT_ATTEST,fbI_1))
    ) | (
        {76}out(honestCh, (pk(skI_1),fbI_1))
    ) | (
        {77}out(honestInnerCh, (pk(skI_1),idI_1,fbI_1))
    ) | (
        {78}out(honestSigCh, (pk(skI_1),sgI_1))
    ) | (
        {79}out(c, sgI_1)
    )
) | (
    {80}!
    {81}let skO: skey = skI2 in
    {82}let idO: bitstring = issuerId2 in
    {83}let ot: bitstring = OT_REVIEWREC in
    {84}let cvO: bitstring = cvA in
    {85}in(c, payload_2: bitstring);
    {86}event IssuerPossession(pk(skO));
    {87}let ppfO: bitstring = sign((POSS,mI2),skO) in
    {88}out(c, ppfO);
    {89}let fbO: bitstring = framed(ot,algH,idO,fp(pk(skO)),h(mI2),cvO,payload_2) in
    {90}event IssuerSigned(pk(skO),fbO);
    (
        {91}out(honestTypeCh, (ot,fbO))
    ) | (
        {92}out(c, sign((BYTES,fbO),skO))
    )
) | (
    {93}!
    {94}let skW_1: skey = skW1 in
    {95}let idW_1: bitstring = idW1 in
    {96}let cvW_1: bitstring = cvB in
    {97}in(c, (cvIw_1: bitstring,fbIn_1: bitstring,sgIn_1: bitstring));
    {98}event IssuerPossession(pk(skW_1));
    {99}let ppfW_1: bitstring = sign((POSS,mW1),skW_1) in
    {100}out(c, ppfW_1);
    {101}let fbW_1: bitstring = framed(OT_WRAPPER,algH,idW_1,fp(pk(skW_1)),h(mW1),cvW_1,wrap(cvIw_1,(fbIn_1,sgIn_1))) in
    {102}event IssuerSigned(pk(skW_1),fbW_1);
    (
        {103}out(honestTypeCh, (OT_WRAPPER,fbW_1))
    ) | (
        {104}out(c, sign((BYTES,fbW_1),skW_1))
    )
) | (
    {105}!
    {106}let skW_2: skey = skW2 in
    {107}let idW_2: bitstring = idW2 in
    {108}let cvW_2: bitstring = cvA in
    {109}in(c, (cvIw_2: bitstring,fbIn_2: bitstring,sgIn_2: bitstring));
    {110}event IssuerPossession(pk(skW_2));
    {111}let ppfW_2: bitstring = sign((POSS,mW2),skW_2) in
    {112}out(c, ppfW_2);
    {113}let fbW_2: bitstring = framed(OT_WRAPPER,algH,idW_2,fp(pk(skW_2)),h(mW2),cvW_2,wrap(cvIw_2,(fbIn_2,sgIn_2))) in
    {114}event IssuerSigned(pk(skW_2),fbW_2);
    (
        {115}out(honestTypeCh, (OT_WRAPPER,fbW_2))
    ) | (
        {116}out(c, sign((BYTES,fbW_2),skW_2))
    )
) | (
    {117}!
    {118}let pkS: pkey = pk(skS) in
    {119}in(c, (tI: bitstring,evI: bitstring,kI: pkey,ppfI_2: bitstring,sgI_2: bitstring,fbI_2: bitstring));
    {120}let ctx: bitstring = BASE in
    {121}let (=STMT_DIGEST,=h(tI)) = checksign(evI,pkS) in
    {122}let authTuple(idI_2: bitstring,kfprI: bitstring,ssI: bitstring,algI: bitstring,verI: bitstring) = tI in
    {123}if (fp(kI) = kfprI) then
    {124}let (=POSS,=tI) = checksign(ppfI_2,kI) in
    {125}let (=BYTES,=fbI_2) = checksign(sgI_2,kI) in
    {126}let framed(=OT_ATTEST,=algI,=idI_2,=fp(kI),mhI: bitstring,cvI_2: bitstring,plI: bitstring) = fbI_2 in
    {127}if (mhI = h(tI)) then
    {128}event AcceptInner(ctx,kI,idI_2,fbI_2);
    (
        {129}out(typeCh, (OT_ATTEST,fbI_2))
    ) | (
        {130}out(acceptCh, (ctx,kI,idI_2,fbI_2))
    ) | (
        {131}out(scopeCh, (ctx,kI,idI_2,fbI_2))
    ) | (
        {132}out(sigCh, (ctx,kI,sgI_2))
    )
) | (
    {133}!
    {134}let pkS_1: pkey = pk(skS) in
    {135}in(c, (tW: bitstring,evW: bitstring,kW: pkey,ppfW_3: bitstring,sgW: bitstring,fbW_3: bitstring,tI_1: bitstring,evI_1: bitstring,kI_1: pkey,ppfI_3: bitstring));
    {136}let (=STMT_DIGEST,=h(tW)) = checksign(evW,pkS_1) in
    {137}let authTuple(idW_3: bitstring,kfprW: bitstring,ssW: bitstring,algW: bitstring,verW: bitstring) = tW in
    {138}if (fp(kW) = kfprW) then
    {139}let (=POSS,=tW) = checksign(ppfW_3,kW) in
    {140}let (=BYTES,=fbW_3) = checksign(sgW,kW) in
    {141}let framed(=OT_WRAPPER,=algW,=idW_3,=fp(kW),mhW: bitstring,cvW_3: bitstring,wrap(cvIw_3: bitstring,(fbI_3: bitstring,sgI_3: bitstring))) = fbW_3 in
    {142}if (mhW = h(tW)) then
    {143}event AcceptOuter(kW,idW_3,fbW_3);
    (
        {144}out(typeCh, (OT_WRAPPER,fbW_3))
    ) | (
        {145}let ctx_1: bitstring = wctx(kW,idW_3,fbW_3) in
        {146}let (=STMT_DIGEST,=h(tI_1)) = checksign(evI_1,pkS_1) in
        {147}let authTuple(idI_3: bitstring,kfprI_1: bitstring,ssI_1: bitstring,algI_1: bitstring,verI_1: bitstring) = tI_1 in
        {148}if (fp(kI_1) = kfprI_1) then
        {149}let (=POSS,=tI_1) = checksign(ppfI_3,kI_1) in
        {150}let (=BYTES,=fbI_3) = checksign(sgI_3,kI_1) in
        {151}let framed(=OT_ATTEST,=algI_1,=idI_3,=fp(kI_1),mhI_1: bitstring,cvI_3: bitstring,plI_1: bitstring) = fbI_3 in
        {152}if (mhI_1 = h(tI_1)) then
        {153}event AcceptInner(ctx_1,kI_1,idI_3,fbI_3);
        (
            {154}out(typeCh, (OT_ATTEST,fbI_3))
        ) | (
            {155}out(acceptCh, (ctx_1,kI_1,idI_3,fbI_3))
        ) | (
            {156}out(scopeCh, (ctx_1,kI_1,idI_3,fbI_3))
        ) | (
            {157}out(sigCh, (ctx_1,kI_1,sgI_3))
        )
    )
) | (
    {158}!
    {159}let pkS_2: pkey = pk(skS) in
    {160}in(c, (tO: bitstring,evO: bitstring,kO: pkey,ppfO_1: bitstring,sgO: bitstring,fbO_1: bitstring,tM: bitstring,evM: bitstring,kM: pkey,ppfM: bitstring,tI_2: bitstring,evI_2: bitstring,kI_2: pkey,ppfI_4: bitstring));
    {161}let (=STMT_DIGEST,=h(tO)) = checksign(evO,pkS_2) in
    {162}let authTuple(idO_1: bitstring,kfprO: bitstring,ssO: bitstring,algO: bitstring,verO: bitstring) = tO in
    {163}if (fp(kO) = kfprO) then
    {164}let (=POSS,=tO) = checksign(ppfO_1,kO) in
    {165}let (=BYTES,=fbO_1) = checksign(sgO,kO) in
    {166}let framed(=OT_WRAPPER,=algO,=idO_1,=fp(kO),mhO: bitstring,cvO_1: bitstring,wrap(cvMw: bitstring,(fbM: bitstring,sgM: bitstring))) = fbO_1 in
    {167}if (mhO = h(tO)) then
    {168}event AcceptOuter(kO,idO_1,fbO_1);
    (
        {169}out(typeCh, (OT_WRAPPER,fbO_1))
    ) | (
        {170}let (=STMT_DIGEST,=h(tM)) = checksign(evM,pkS_2) in
        {171}let authTuple(idM: bitstring,kfprM: bitstring,ssM: bitstring,algM: bitstring,verM: bitstring) = tM in
        {172}if (fp(kM) = kfprM) then
        {173}let (=POSS,=tM) = checksign(ppfM,kM) in
        {174}let (=BYTES,=fbM) = checksign(sgM,kM) in
        {175}let framed(=OT_WRAPPER,=algM,=idM,=fp(kM),mhM: bitstring,cvM: bitstring,wrap(cvIw_4: bitstring,(fbI_4: bitstring,sgI_4: bitstring))) = fbM in
        {176}if (mhM = h(tM)) then
        {177}event AcceptMiddle(kO,idO_1,kM,idM,fbM);
        (
            {178}out(typeCh, (OT_WRAPPER,fbM))
        ) | (
            {179}let (=STMT_DIGEST,=h(tI_2)) = checksign(evI_2,pkS_2) in
            {180}let authTuple(idI_4: bitstring,kfprI_2: bitstring,ssI_2: bitstring,algI_2: bitstring,verI_2: bitstring) = tI_2 in
            {181}if (fp(kI_2) = kfprI_2) then
            {182}let (=POSS,=tI_2) = checksign(ppfI_4,kI_2) in
            {183}let (=BYTES,=fbI_4) = checksign(sgI_4,kI_2) in
            {184}let framed(=OT_ATTEST,=algI_2,=idI_4,=fp(kI_2),mhI_2: bitstring,cvI_4: bitstring,plI_2: bitstring) = fbI_4 in
            {185}if (mhI_2 = h(tI_2)) then
            {186}event AcceptInner(wctx2(kO,idO_1,kM,idM),kM,idM,fbI_4);
            (
                {187}out(typeCh, (OT_ATTEST,fbI_4))
            ) | (
                {188}out(acceptCh, (wctx2(kO,idO_1,kM,idM),kI_2,idI_4,fbI_4))
            ) | (
                {189}out(scopeCh, (wctx2(kO,idO_1,kM,idM),kM,idM,fbI_4))
            ) | (
                {190}out(sigCh, (wctx2(kO,idO_1,kM,idM),kI_2,sgI_4))
            )
        )
    )
) | (
    {191}!
    {192}in(honestCh, (kH: pkey,fbHon: bitstring));
    {193}in(acceptCh, (ctx_2: bitstring,kX: pkey,idX: bitstring,=fbHon));
    {194}if (kX = kH) then
    (
        {195}if (ctx_2 = BASE) then
        {196}event HonestAccepted(kX,fbHon)
    )
    else
        {197}event Reattributed(kX,kH,fbHon)
) | (
    {198}!
    {199}in(honestTypeCh, (otS: bitstring,fbT: bitstring));
    {200}in(typeCh, (otA: bitstring,=fbT));
    {201}if (otS = otA) then
        0
    else
        {202}event TypeConfused(otS,otA,fbT)
) | (
    {203}!
    {204}in(honestInnerCh, (kH_1: pkey,idH: bitstring,fbHon_1: bitstring));
    {205}in(scopeCh, (wctx(kW_1: pkey,idW_4: bitstring,fbW_4: bitstring),kIrep: pkey,idIrep: bitstring,=fbHon_1));
    {206}if ((kIrep = kH_1) && (idIrep = idH)) then
        {207}event HonestWrappedAcceptedD1(kH_1,fbHon_1,kW_1)
    else
        {208}event RescopedD1(kIrep,idIrep,kH_1,idH,fbHon_1)
) | (
    {209}!
    {210}in(honestInnerCh, (kH_2: pkey,idH_1: bitstring,fbHon_2: bitstring));
    {211}in(scopeCh, (wctx2(kO_1: pkey,idO_2: bitstring,kM_1: pkey,idM_1: bitstring),kIrep_1: pkey,idIrep_1: bitstring,=fbHon_2));
    {212}if ((kIrep_1 = kH_2) && (idIrep_1 = idH_1)) then
        {213}event HonestWrappedAcceptedD2(kH_2,fbHon_2,kO_1)
    else
        {214}event RescopedD2(kIrep_1,idIrep_1,kH_2,idH_1,fbHon_2)
) | (
    {215}!
    {216}in(honestSigCh, (kH_3: pkey,sgH: bitstring));
    {217}in(sigCh, (wctx(kW_2: pkey,idW_5: bitstring,fbW_5: bitstring),kIrep_2: pkey,=sgH));
    {218}if (kIrep_2 = kH_3) then
        0
    else
        {219}event InnerSigTransplanted(kIrep_2,sgH)
) | (
    {220}!
    {221}in(honestSigCh, (kH_4: pkey,sgH_1: bitstring));
    {222}in(sigCh, (wctx2(kO_2: pkey,idO_3: bitstring,kM_2: pkey,idM_2: bitstring),kIrep_3: pkey,=sgH_1));
    {223}if (kIrep_3 = kH_4) then
        0
    else
        {224}event InnerSigTransplanted(kIrep_3,sgH_1)
)

--  Process 1 (that is, process 0, with let moved downwards):
{1}new skS: skey;
{2}new skI1: skey;
{3}new skI2: skey;
{4}new skW1: skey;
{5}new skW2: skey;
{10}out(c, pk(skS));
{11}out(c, pk(skI1));
{12}out(c, pk(skI2));
{13}out(c, pk(skW1));
{14}out(c, pk(skW2));
{6}let mI1: bitstring = authTuple(issuerId,fp(pk(skI1)),ssetH,algH,verH) in
{15}out(c, mI1);
{7}let mI2: bitstring = authTuple(issuerId2,fp(pk(skI2)),ssetH,algH,verH) in
{16}out(c, mI2);
{8}let mW1: bitstring = authTuple(idW1,fp(pk(skW1)),ssetH,algH,verH) in
{17}out(c, mW1);
{9}let mW2: bitstring = authTuple(idW2,fp(pk(skW2)),ssetH,algH,verH) in
{18}out(c, mW2);
{19}out(c, skS);
(
    {20}!
    {22}event AuthorityPublishedDNS(mI1);
    {21}let skS_1: skey = skS in
    {23}out(c, sign((STMT_DIGEST,h(mI1)),skS_1))
) | (
    {24}!
    {26}event AuthorityPublishedDNS(mI2);
    {25}let skS_2: skey = skS in
    {27}out(c, sign((STMT_DIGEST,h(mI2)),skS_2))
) | (
    {28}!
    {30}event AuthorityPublishedDNS(mW1);
    {29}let skS_3: skey = skS in
    {31}out(c, sign((STMT_DIGEST,h(mW1)),skS_3))
) | (
    {32}!
    {34}event AuthorityPublishedDNS(mW2);
    {33}let skS_4: skey = skS in
    {35}out(c, sign((STMT_DIGEST,h(mW2)),skS_4))
) | (
    {36}!
    {40}in(c, payload: bitstring);
    {37}let skI: skey = skI1 in
    {41}event IssuerPossession(pk(skI));
    {42}let ppfI: bitstring = sign((POSS,mI1),skI) in
    {43}out(c, ppfI);
    {39}let cvI: bitstring = cvA in
    {38}let idI: bitstring = issuerId in
    {44}let fbI: bitstring = framed(OT_ATTEST,algH,idI,fp(pk(skI)),h(mI1),cvI,payload) in
    {46}event IssuerSigned(pk(skI),fbI);
    (
        {47}out(honestTypeCh, (OT_ATTEST,fbI))
    ) | (
        {48}out(honestCh, (pk(skI),fbI))
    ) | (
        {49}out(honestInnerCh, (pk(skI),idI,fbI))
    ) | (
        {45}let sgI: bitstring = sign((BYTES,fbI),skI) in
        (
            {50}out(honestSigCh, (pk(skI),sgI))
        ) | (
            {51}out(c, sgI)
        )
    )
) | (
    {52}!
    {56}in(c, (cvIw: bitstring,fbIn: bitstring,sgIn: bitstring));
    {53}let skW: skey = skI1 in
    {57}event IssuerPossession(pk(skW));
    {58}let ppfW: bitstring = sign((POSS,mI1),skW) in
    {59}out(c, ppfW);
    {55}let cvW: bitstring = cvB in
    {54}let idW: bitstring = issuerId in
    {60}let fbW: bitstring = framed(OT_WRAPPER,algH,idW,fp(pk(skW)),h(mI1),cvW,wrap(cvIw,(fbIn,sgIn))) in
    {61}event IssuerSigned(pk(skW),fbW);
    (
        {62}out(honestTypeCh, (OT_WRAPPER,fbW))
    ) | (
        {63}out(c, sign((BYTES,fbW),skW))
    )
) | (
    {64}!
    {68}in(c, payload_1: bitstring);
    {65}let skI_1: skey = skI2 in
    {69}event IssuerPossession(pk(skI_1));
    {70}let ppfI_1: bitstring = sign((POSS,mI2),skI_1) in
    {71}out(c, ppfI_1);
    {67}let cvI_1: bitstring = cvB in
    {66}let idI_1: bitstring = issuerId2 in
    {72}let fbI_1: bitstring = framed(OT_ATTEST,algH,idI_1,fp(pk(skI_1)),h(mI2),cvI_1,payload_1) in
    {74}event IssuerSigned(pk(skI_1),fbI_1);
    (
        {75}out(honestTypeCh, (OT_ATTEST,fbI_1))
    ) | (
        {76}out(honestCh, (pk(skI_1),fbI_1))
    ) | (
        {77}out(honestInnerCh, (pk(skI_1),idI_1,fbI_1))
    ) | (
        {73}let sgI_1: bitstring = sign((BYTES,fbI_1),skI_1) in
        (
            {78}out(honestSigCh, (pk(skI_1),sgI_1))
        ) | (
            {79}out(c, sgI_1)
        )
    )
) | (
    {80}!
    {85}in(c, payload_2: bitstring);
    {81}let skO: skey = skI2 in
    {86}event IssuerPossession(pk(skO));
    {87}let ppfO: bitstring = sign((POSS,mI2),skO) in
    {88}out(c, ppfO);
    {84}let cvO: bitstring = cvA in
    {83}let ot: bitstring = OT_REVIEWREC in
    {82}let idO: bitstring = issuerId2 in
    {89}let fbO: bitstring = framed(ot,algH,idO,fp(pk(skO)),h(mI2),cvO,payload_2) in
    {90}event IssuerSigned(pk(skO),fbO);
    (
        {91}out(honestTypeCh, (ot,fbO))
    ) | (
        {92}out(c, sign((BYTES,fbO),skO))
    )
) | (
    {93}!
    {97}in(c, (cvIw_1: bitstring,fbIn_1: bitstring,sgIn_1: bitstring));
    {94}let skW_1: skey = skW1 in
    {98}event IssuerPossession(pk(skW_1));
    {99}let ppfW_1: bitstring = sign((POSS,mW1),skW_1) in
    {100}out(c, ppfW_1);
    {96}let cvW_1: bitstring = cvB in
    {95}let idW_1: bitstring = idW1 in
    {101}let fbW_1: bitstring = framed(OT_WRAPPER,algH,idW_1,fp(pk(skW_1)),h(mW1),cvW_1,wrap(cvIw_1,(fbIn_1,sgIn_1))) in
    {102}event IssuerSigned(pk(skW_1),fbW_1);
    (
        {103}out(honestTypeCh, (OT_WRAPPER,fbW_1))
    ) | (
        {104}out(c, sign((BYTES,fbW_1),skW_1))
    )
) | (
    {105}!
    {109}in(c, (cvIw_2: bitstring,fbIn_2: bitstring,sgIn_2: bitstring));
    {106}let skW_2: skey = skW2 in
    {110}event IssuerPossession(pk(skW_2));
    {111}let ppfW_2: bitstring = sign((POSS,mW2),skW_2) in
    {112}out(c, ppfW_2);
    {108}let cvW_2: bitstring = cvA in
    {107}let idW_2: bitstring = idW2 in
    {113}let fbW_2: bitstring = framed(OT_WRAPPER,algH,idW_2,fp(pk(skW_2)),h(mW2),cvW_2,wrap(cvIw_2,(fbIn_2,sgIn_2))) in
    {114}event IssuerSigned(pk(skW_2),fbW_2);
    (
        {115}out(honestTypeCh, (OT_WRAPPER,fbW_2))
    ) | (
        {116}out(c, sign((BYTES,fbW_2),skW_2))
    )
) | (
    {117}!
    {119}in(c, (tI: bitstring,evI: bitstring,kI: pkey,ppfI_2: bitstring,sgI_2: bitstring,fbI_2: bitstring));
    {118}let pkS: pkey = pk(skS) in
    {121}let (=STMT_DIGEST,=h(tI)) = checksign(evI,pkS) in
    {122}let authTuple(idI_2: bitstring,kfprI: bitstring,ssI: bitstring,algI: bitstring,verI: bitstring) = tI in
    {123}if (fp(kI) = kfprI) then
    {124}let (=POSS,=tI) = checksign(ppfI_2,kI) in
    {125}let (=BYTES,=fbI_2) = checksign(sgI_2,kI) in
    {126}let framed(=OT_ATTEST,=algI,=idI_2,=fp(kI),mhI: bitstring,cvI_2: bitstring,plI: bitstring) = fbI_2 in
    {127}if (mhI = h(tI)) then
    {120}let ctx: bitstring = BASE in
    {128}event AcceptInner(ctx,kI,idI_2,fbI_2);
    (
        {129}out(typeCh, (OT_ATTEST,fbI_2))
    ) | (
        {130}out(acceptCh, (ctx,kI,idI_2,fbI_2))
    ) | (
        {131}out(scopeCh, (ctx,kI,idI_2,fbI_2))
    ) | (
        {132}out(sigCh, (ctx,kI,sgI_2))
    )
) | (
    {133}!
    {135}in(c, (tW: bitstring,evW: bitstring,kW: pkey,ppfW_3: bitstring,sgW: bitstring,fbW_3: bitstring,tI_1: bitstring,evI_1: bitstring,kI_1: pkey,ppfI_3: bitstring));
    {134}let pkS_1: pkey = pk(skS) in
    {136}let (=STMT_DIGEST,=h(tW)) = checksign(evW,pkS_1) in
    {137}let authTuple(idW_3: bitstring,kfprW: bitstring,ssW: bitstring,algW: bitstring,verW: bitstring) = tW in
    {138}if (fp(kW) = kfprW) then
    {139}let (=POSS,=tW) = checksign(ppfW_3,kW) in
    {140}let (=BYTES,=fbW_3) = checksign(sgW,kW) in
    {141}let framed(=OT_WRAPPER,=algW,=idW_3,=fp(kW),mhW: bitstring,cvW_3: bitstring,wrap(cvIw_3: bitstring,(fbI_3: bitstring,sgI_3: bitstring))) = fbW_3 in
    {142}if (mhW = h(tW)) then
    {143}event AcceptOuter(kW,idW_3,fbW_3);
    (
        {144}out(typeCh, (OT_WRAPPER,fbW_3))
    ) | (
        {146}let (=STMT_DIGEST,=h(tI_1)) = checksign(evI_1,pkS_1) in
        {147}let authTuple(idI_3: bitstring,kfprI_1: bitstring,ssI_1: bitstring,algI_1: bitstring,verI_1: bitstring) = tI_1 in
        {148}if (fp(kI_1) = kfprI_1) then
        {149}let (=POSS,=tI_1) = checksign(ppfI_3,kI_1) in
        {150}let (=BYTES,=fbI_3) = checksign(sgI_3,kI_1) in
        {151}let framed(=OT_ATTEST,=algI_1,=idI_3,=fp(kI_1),mhI_1: bitstring,cvI_3: bitstring,plI_1: bitstring) = fbI_3 in
        {152}if (mhI_1 = h(tI_1)) then
        {145}let ctx_1: bitstring = wctx(kW,idW_3,fbW_3) in
        {153}event AcceptInner(ctx_1,kI_1,idI_3,fbI_3);
        (
            {154}out(typeCh, (OT_ATTEST,fbI_3))
        ) | (
            {155}out(acceptCh, (ctx_1,kI_1,idI_3,fbI_3))
        ) | (
            {156}out(scopeCh, (ctx_1,kI_1,idI_3,fbI_3))
        ) | (
            {157}out(sigCh, (ctx_1,kI_1,sgI_3))
        )
    )
) | (
    {158}!
    {160}in(c, (tO: bitstring,evO: bitstring,kO: pkey,ppfO_1: bitstring,sgO: bitstring,fbO_1: bitstring,tM: bitstring,evM: bitstring,kM: pkey,ppfM: bitstring,tI_2: bitstring,evI_2: bitstring,kI_2: pkey,ppfI_4: bitstring));
    {159}let pkS_2: pkey = pk(skS) in
    {161}let (=STMT_DIGEST,=h(tO)) = checksign(evO,pkS_2) in
    {162}let authTuple(idO_1: bitstring,kfprO: bitstring,ssO: bitstring,algO: bitstring,verO: bitstring) = tO in
    {163}if (fp(kO) = kfprO) then
    {164}let (=POSS,=tO) = checksign(ppfO_1,kO) in
    {165}let (=BYTES,=fbO_1) = checksign(sgO,kO) in
    {166}let framed(=OT_WRAPPER,=algO,=idO_1,=fp(kO),mhO: bitstring,cvO_1: bitstring,wrap(cvMw: bitstring,(fbM: bitstring,sgM: bitstring))) = fbO_1 in
    {167}if (mhO = h(tO)) then
    {168}event AcceptOuter(kO,idO_1,fbO_1);
    (
        {169}out(typeCh, (OT_WRAPPER,fbO_1))
    ) | (
        {170}let (=STMT_DIGEST,=h(tM)) = checksign(evM,pkS_2) in
        {171}let authTuple(idM: bitstring,kfprM: bitstring,ssM: bitstring,algM: bitstring,verM: bitstring) = tM in
        {172}if (fp(kM) = kfprM) then
        {173}let (=POSS,=tM) = checksign(ppfM,kM) in
        {174}let (=BYTES,=fbM) = checksign(sgM,kM) in
        {175}let framed(=OT_WRAPPER,=algM,=idM,=fp(kM),mhM: bitstring,cvM: bitstring,wrap(cvIw_4: bitstring,(fbI_4: bitstring,sgI_4: bitstring))) = fbM in
        {176}if (mhM = h(tM)) then
        {177}event AcceptMiddle(kO,idO_1,kM,idM,fbM);
        (
            {178}out(typeCh, (OT_WRAPPER,fbM))
        ) | (
            {179}let (=STMT_DIGEST,=h(tI_2)) = checksign(evI_2,pkS_2) in
            {180}let authTuple(idI_4: bitstring,kfprI_2: bitstring,ssI_2: bitstring,algI_2: bitstring,verI_2: bitstring) = tI_2 in
            {181}if (fp(kI_2) = kfprI_2) then
            {182}let (=POSS,=tI_2) = checksign(ppfI_4,kI_2) in
            {183}let (=BYTES,=fbI_4) = checksign(sgI_4,kI_2) in
            {184}let framed(=OT_ATTEST,=algI_2,=idI_4,=fp(kI_2),mhI_2: bitstring,cvI_4: bitstring,plI_2: bitstring) = fbI_4 in
            {185}if (mhI_2 = h(tI_2)) then
            {186}event AcceptInner(wctx2(kO,idO_1,kM,idM),kM,idM,fbI_4);
            (
                {187}out(typeCh, (OT_ATTEST,fbI_4))
            ) | (
                {188}out(acceptCh, (wctx2(kO,idO_1,kM,idM),kI_2,idI_4,fbI_4))
            ) | (
                {189}out(scopeCh, (wctx2(kO,idO_1,kM,idM),kM,idM,fbI_4))
            ) | (
                {190}out(sigCh, (wctx2(kO,idO_1,kM,idM),kI_2,sgI_4))
            )
        )
    )
) | (
    {191}!
    {192}in(honestCh, (kH: pkey,fbHon: bitstring));
    {193}in(acceptCh, (ctx_2: bitstring,kX: pkey,idX: bitstring,=fbHon));
    {194}if (kX = kH) then
    (
        {195}if (ctx_2 = BASE) then
        {196}event HonestAccepted(kX,fbHon)
    )
    else
        {197}event Reattributed(kX,kH,fbHon)
) | (
    {198}!
    {199}in(honestTypeCh, (otS: bitstring,fbT: bitstring));
    {200}in(typeCh, (otA: bitstring,=fbT));
    {201}if (otS = otA) then
        0
    else
        {202}event TypeConfused(otS,otA,fbT)
) | (
    {203}!
    {204}in(honestInnerCh, (kH_1: pkey,idH: bitstring,fbHon_1: bitstring));
    {205}in(scopeCh, (wctx(kW_1: pkey,idW_4: bitstring,fbW_4: bitstring),kIrep: pkey,idIrep: bitstring,=fbHon_1));
    {206}if ((kIrep = kH_1) && (idIrep = idH)) then
        {207}event HonestWrappedAcceptedD1(kH_1,fbHon_1,kW_1)
    else
        {208}event RescopedD1(kIrep,idIrep,kH_1,idH,fbHon_1)
) | (
    {209}!
    {210}in(honestInnerCh, (kH_2: pkey,idH_1: bitstring,fbHon_2: bitstring));
    {211}in(scopeCh, (wctx2(kO_1: pkey,idO_2: bitstring,kM_1: pkey,idM_1: bitstring),kIrep_1: pkey,idIrep_1: bitstring,=fbHon_2));
    {212}if ((kIrep_1 = kH_2) && (idIrep_1 = idH_1)) then
        {213}event HonestWrappedAcceptedD2(kH_2,fbHon_2,kO_1)
    else
        {214}event RescopedD2(kIrep_1,idIrep_1,kH_2,idH_1,fbHon_2)
) | (
    {215}!
    {216}in(honestSigCh, (kH_3: pkey,sgH: bitstring));
    {217}in(sigCh, (wctx(kW_2: pkey,idW_5: bitstring,fbW_5: bitstring),kIrep_2: pkey,=sgH));
    {218}if (kIrep_2 = kH_3) then
        0
    else
        {219}event InnerSigTransplanted(kIrep_2,sgH)
) | (
    {220}!
    {221}in(honestSigCh, (kH_4: pkey,sgH_1: bitstring));
    {222}in(sigCh, (wctx2(kO_2: pkey,idO_3: bitstring,kM_2: pkey,idM_2: bitstring),kIrep_3: pkey,=sgH_1));
    {223}if (kIrep_3 = kH_4) then
        0
    else
        {224}event InnerSigTransplanted(kIrep_3,sgH_1)
)

-- Query not event(TypeConfused(otS_1,otA_1,fb)) in process 1.
Translating the process into Horn clauses...
Completing...
200 rules inserted. Base: 177 rules (79 with conclusion selected). Queue: 46 rules.
400 rules inserted. Base: 265 rules (79 with conclusion selected). Queue: 132 rules.
600 rules inserted. Base: 294 rules (79 with conclusion selected). Queue: 198 rules.
800 rules inserted. Base: 288 rules (79 with conclusion selected). Queue: 204 rules.
1000 rules inserted. Base: 335 rules (92 with conclusion selected). Queue: 356 rules.
1200 rules inserted. Base: 342 rules (95 with conclusion selected). Queue: 360 rules.
1400 rules inserted. Base: 372 rules (95 with conclusion selected). Queue: 370 rules.
1600 rules inserted. Base: 372 rules (95 with conclusion selected). Queue: 403 rules.
1800 rules inserted. Base: 372 rules (95 with conclusion selected). Queue: 460 rules.
2000 rules inserted. Base: 372 rules (95 with conclusion selected). Queue: 477 rules.
2200 rules inserted. Base: 395 rules (97 with conclusion selected). Queue: 520 rules.
2400 rules inserted. Base: 409 rules (98 with conclusion selected). Queue: 586 rules.
2600 rules inserted. Base: 409 rules (98 with conclusion selected). Queue: 738 rules.
2800 rules inserted. Base: 418 rules (98 with conclusion selected). Queue: 738 rules.
3000 rules inserted. Base: 423 rules (99 with conclusion selected). Queue: 710 rules.
3200 rules inserted. Base: 428 rules (101 with conclusion selected). Queue: 680 rules.
3400 rules inserted. Base: 512 rules (101 with conclusion selected). Queue: 583 rules.
3600 rules inserted. Base: 545 rules (101 with conclusion selected). Queue: 546 rules.
3800 rules inserted. Base: 545 rules (101 with conclusion selected). Queue: 546 rules.
4000 rules inserted. Base: 581 rules (134 with conclusion selected). Queue: 528 rules.
4200 rules inserted. Base: 590 rules (134 with conclusion selected). Queue: 519 rules.
4400 rules inserted. Base: 602 rules (134 with conclusion selected). Queue: 507 rules.
4600 rules inserted. Base: 631 rules (142 with conclusion selected). Queue: 479 rules.
4800 rules inserted. Base: 641 rules (150 with conclusion selected). Queue: 471 rules.
5000 rules inserted. Base: 653 rules (158 with conclusion selected). Queue: 462 rules.
5200 rules inserted. Base: 662 rules (158 with conclusion selected). Queue: 462 rules.
5400 rules inserted. Base: 673 rules (158 with conclusion selected). Queue: 459 rules.
5600 rules inserted. Base: 729 rules (164 with conclusion selected). Queue: 421 rules.
5800 rules inserted. Base: 798 rules (171 with conclusion selected). Queue: 385 rules.
6000 rules inserted. Base: 859 rules (176 with conclusion selected). Queue: 360 rules.
6200 rules inserted. Base: 923 rules (176 with conclusion selected). Queue: 350 rules.
6400 rules inserted. Base: 1029 rules (176 with conclusion selected). Queue: 255 rules.
6600 rules inserted. Base: 1172 rules (200 with conclusion selected). Queue: 84 rules.
Starting query not event(TypeConfused(otS_1,otA_1,fb))
RESULT not event(TypeConfused(otS_1,otA_1,fb)) is true.
-- Query not event(RescopedD1(kX_1,idX_1,kH_5,idH_2,fb)) in process 1.
Translating the process into Horn clauses...
Completing...
200 rules inserted. Base: 177 rules (79 with conclusion selected). Queue: 47 rules.
400 rules inserted. Base: 268 rules (79 with conclusion selected). Queue: 130 rules.
600 rules inserted. Base: 297 rules (79 with conclusion selected). Queue: 196 rules.
800 rules inserted. Base: 289 rules (79 with conclusion selected). Queue: 204 rules.
1000 rules inserted. Base: 341 rules (94 with conclusion selected). Queue: 349 rules.
1200 rules inserted. Base: 343 rules (95 with conclusion selected). Queue: 353 rules.
1400 rules inserted. Base: 366 rules (95 with conclusion selected). Queue: 363 rules.
1600 rules inserted. Base: 366 rules (95 with conclusion selected). Queue: 396 rules.
1800 rules inserted. Base: 366 rules (95 with conclusion selected). Queue: 453 rules.
2000 rules inserted. Base: 366 rules (95 with conclusion selected). Queue: 488 rules.
2200 rules inserted. Base: 386 rules (97 with conclusion selected). Queue: 512 rules.
2400 rules inserted. Base: 396 rules (98 with conclusion selected). Queue: 604 rules.
2600 rules inserted. Base: 396 rules (98 with conclusion selected). Queue: 733 rules.
2800 rules inserted. Base: 411 rules (98 with conclusion selected). Queue: 732 rules.
3000 rules inserted. Base: 417 rules (100 with conclusion selected). Queue: 701 rules.
3200 rules inserted. Base: 421 rules (101 with conclusion selected). Queue: 673 rules.
3400 rules inserted. Base: 526 rules (101 with conclusion selected). Queue: 554 rules.
3600 rules inserted. Base: 532 rules (101 with conclusion selected). Queue: 548 rules.
3800 rules inserted. Base: 532 rules (101 with conclusion selected). Queue: 548 rules.
4000 rules inserted. Base: 571 rules (134 with conclusion selected). Queue: 532 rules.
4200 rules inserted. Base: 581 rules (134 with conclusion selected). Queue: 522 rules.
4400 rules inserted. Base: 593 rules (134 with conclusion selected). Queue: 510 rules.
4600 rules inserted. Base: 622 rules (142 with conclusion selected). Queue: 485 rules.
4800 rules inserted. Base: 634 rules (150 with conclusion selected). Queue: 476 rules.
5000 rules inserted. Base: 646 rules (158 with conclusion selected). Queue: 466 rules.
5200 rules inserted. Base: 656 rules (158 with conclusion selected). Queue: 465 rules.
5400 rules inserted. Base: 666 rules (158 with conclusion selected). Queue: 467 rules.
5600 rules inserted. Base: 728 rules (164 with conclusion selected). Queue: 433 rules.
5800 rules inserted. Base: 798 rules (172 with conclusion selected). Queue: 384 rules.
6000 rules inserted. Base: 857 rules (176 with conclusion selected). Queue: 370 rules.
6200 rules inserted. Base: 920 rules (176 with conclusion selected). Queue: 358 rules.
6400 rules inserted. Base: 1032 rules (176 with conclusion selected). Queue: 247 rules.
6600 rules inserted. Base: 1178 rules (208 with conclusion selected). Queue: 74 rules.
Starting query not event(RescopedD1(kX_1,idX_1,kH_5,idH_2,fb))
RESULT not event(RescopedD1(kX_1,idX_1,kH_5,idH_2,fb)) is true.
-- Query not event(RescopedD2(kX_1,idX_1,kH_5,idH_2,fb)) in process 1.
Translating the process into Horn clauses...
Completing...
200 rules inserted. Base: 177 rules (79 with conclusion selected). Queue: 47 rules.
400 rules inserted. Base: 268 rules (79 with conclusion selected). Queue: 130 rules.
600 rules inserted. Base: 297 rules (79 with conclusion selected). Queue: 196 rules.
800 rules inserted. Base: 289 rules (79 with conclusion selected). Queue: 204 rules.
1000 rules inserted. Base: 341 rules (94 with conclusion selected). Queue: 349 rules.
1200 rules inserted. Base: 343 rules (95 with conclusion selected). Queue: 353 rules.
1400 rules inserted. Base: 366 rules (95 with conclusion selected). Queue: 363 rules.
1600 rules inserted. Base: 366 rules (95 with conclusion selected). Queue: 396 rules.
1800 rules inserted. Base: 366 rules (95 with conclusion selected). Queue: 453 rules.
2000 rules inserted. Base: 366 rules (95 with conclusion selected). Queue: 488 rules.
2200 rules inserted. Base: 386 rules (97 with conclusion selected). Queue: 510 rules.
2400 rules inserted. Base: 396 rules (98 with conclusion selected). Queue: 602 rules.
2600 rules inserted. Base: 396 rules (98 with conclusion selected). Queue: 731 rules.
2800 rules inserted. Base: 409 rules (98 with conclusion selected). Queue: 728 rules.
3000 rules inserted. Base: 415 rules (100 with conclusion selected). Queue: 701 rules.
3200 rules inserted. Base: 419 rules (101 with conclusion selected). Queue: 672 rules.
3400 rules inserted. Base: 528 rules (101 with conclusion selected). Queue: 550 rules.
3600 rules inserted. Base: 530 rules (101 with conclusion selected). Queue: 548 rules.
3800 rules inserted. Base: 532 rules (101 with conclusion selected). Queue: 548 rules.
4000 rules inserted. Base: 571 rules (134 with conclusion selected). Queue: 527 rules.
4200 rules inserted. Base: 580 rules (134 with conclusion selected). Queue: 518 rules.
4400 rules inserted. Base: 592 rules (134 with conclusion selected). Queue: 506 rules.
4600 rules inserted. Base: 618 rules (142 with conclusion selected). Queue: 481 rules.
4800 rules inserted. Base: 631 rules (150 with conclusion selected). Queue: 488 rules.
5000 rules inserted. Base: 642 rules (158 with conclusion selected). Queue: 479 rules.
5200 rules inserted. Base: 663 rules (158 with conclusion selected). Queue: 483 rules.
5400 rules inserted. Base: 676 rules (158 with conclusion selected). Queue: 484 rules.
5600 rules inserted. Base: 736 rules (164 with conclusion selected). Queue: 451 rules.
5800 rules inserted. Base: 807 rules (176 with conclusion selected). Queue: 403 rules.
6000 rules inserted. Base: 868 rules (181 with conclusion selected). Queue: 372 rules.
6200 rules inserted. Base: 940 rules (181 with conclusion selected). Queue: 376 rules.
6400 rules inserted. Base: 1038 rules (181 with conclusion selected). Queue: 294 rules.
6600 rules inserted. Base: 1162 rules (182 with conclusion selected). Queue: 143 rules.
Starting query not event(RescopedD2(kX_1,idX_1,kH_5,idH_2,fb))
goal reachable: k ≠ skI2[] && attacker(idX_1) && attacker(k) && attacker(plI_3) -> event(RescopedD2(pk(k),idX_1,pk(skI2[]),issuerId2[],framed(OT_ATTEST,algH[],issuerId2[],fp(pk(skI2[])),h(authTuple(issuerId2[],fp(pk(skI2[])),ssetH[],algH[],verH[])),cvB[],plI_3)))

Derivation:

1. We assume as hypothesis that
attacker(plI_3).

2. The message plI_3 that the attacker may have by 1 may be received at input {68}.
So the message (pk(skI2[]),issuerId2[],framed(OT_ATTEST,algH[],issuerId2[],fp(pk(skI2[])),h(authTuple(issuerId2[],fp(pk(skI2[])),ssetH[],algH[],verH[])),cvB[],plI_3)) may be sent on channel honestInnerCh[] at output {77}.
mess(honestInnerCh[],(pk(skI2[]),issuerId2[],framed(OT_ATTEST,algH[],issuerId2[],fp(pk(skI2[])),h(authTuple(issuerId2[],fp(pk(skI2[])),ssetH[],algH[],verH[])),cvB[],plI_3))).

3. The attacker has some term payload_3.
attacker(payload_3).

4. The message payload_3 that the attacker may have by 3 may be received at input {68}.
So the message sign((POSS,authTuple(issuerId2[],fp(pk(skI2[])),ssetH[],algH[],verH[])),skI2[]) may be sent to the attacker at output {71}.
attacker(sign((POSS,authTuple(issuerId2[],fp(pk(skI2[])),ssetH[],algH[],verH[])),skI2[])).

5. The message pk(skI2[]) may be sent to the attacker at output {12}.
attacker(pk(skI2[])).

6. The message skS[] may be sent to the attacker at output {19}.
attacker(skS[]).

7. The attacker initially knows verH[].
attacker(verH[]).

8. The attacker initially knows algH[].
attacker(algH[]).

9. The attacker initially knows ssetH[].
attacker(ssetH[]).

10. By 5, the attacker may know pk(skI2[]).
Using the function fp the attacker may obtain fp(pk(skI2[])).
attacker(fp(pk(skI2[]))).

11. The attacker initially knows issuerId2[].
attacker(issuerId2[]).

12. By 11, the attacker may know issuerId2[].
By 10, the attacker may know fp(pk(skI2[])).
By 9, the attacker may know ssetH[].
By 8, the attacker may know algH[].
By 7, the attacker may know verH[].
Using the function authTuple the attacker may obtain authTuple(issuerId2[],fp(pk(skI2[])),ssetH[],algH[],verH[]).
attacker(authTuple(issuerId2[],fp(pk(skI2[])),ssetH[],algH[],verH[])).

13. By 12, the attacker may know authTuple(issuerId2[],fp(pk(skI2[])),ssetH[],algH[],verH[]).
Using the function h the attacker may obtain h(authTuple(issuerId2[],fp(pk(skI2[])),ssetH[],algH[],verH[])).
attacker(h(authTuple(issuerId2[],fp(pk(skI2[])),ssetH[],algH[],verH[]))).

14. Using the function STMT_DIGEST the attacker may obtain STMT_DIGEST.
attacker(STMT_DIGEST).

15. By 14, the attacker may know STMT_DIGEST.
By 13, the attacker may know h(authTuple(issuerId2[],fp(pk(skI2[])),ssetH[],algH[],verH[])).
Using the function 2-tuple the attacker may obtain (STMT_DIGEST,h(authTuple(issuerId2[],fp(pk(skI2[])),ssetH[],algH[],verH[]))).
attacker((STMT_DIGEST,h(authTuple(issuerId2[],fp(pk(skI2[])),ssetH[],algH[],verH[])))).

16. By 15, the attacker may know (STMT_DIGEST,h(authTuple(issuerId2[],fp(pk(skI2[])),ssetH[],algH[],verH[]))).
By 6, the attacker may know skS[].
Using the function sign the attacker may obtain sign((STMT_DIGEST,h(authTuple(issuerId2[],fp(pk(skI2[])),ssetH[],algH[],verH[]))),skS[]).
attacker(sign((STMT_DIGEST,h(authTuple(issuerId2[],fp(pk(skI2[])),ssetH[],algH[],verH[]))),skS[])).

17. We assume as hypothesis that
attacker(k).

18. The attacker has some term verM_1.
attacker(verM_1).

19. The attacker has some term algM_1.
attacker(algM_1).

20. The attacker has some term ssM_1.
attacker(ssM_1).

21. By 17, the attacker may know k.
Using the function pk the attacker may obtain pk(k).
attacker(pk(k)).

22. By 21, the attacker may know pk(k).
Using the function fp the attacker may obtain fp(pk(k)).
attacker(fp(pk(k))).

23. We assume as hypothesis that
attacker(idX_1).

24. By 23, the attacker may know idX_1.
By 22, the attacker may know fp(pk(k)).
By 20, the attacker may know ssM_1.
By 19, the attacker may know algM_1.
By 18, the attacker may know verM_1.
Using the function authTuple the attacker may obtain authTuple(idX_1,fp(pk(k)),ssM_1,algM_1,verM_1).
attacker(authTuple(idX_1,fp(pk(k)),ssM_1,algM_1,verM_1)).

25. Using the function POSS the attacker may obtain POSS.
attacker(POSS).

26. By 25, the attacker may know POSS.
By 24, the attacker may know authTuple(idX_1,fp(pk(k)),ssM_1,algM_1,verM_1).
Using the function 2-tuple the attacker may obtain (POSS,authTuple(idX_1,fp(pk(k)),ssM_1,algM_1,verM_1)).
attacker((POSS,authTuple(idX_1,fp(pk(k)),ssM_1,algM_1,verM_1))).

27. By 26, the attacker may know (POSS,authTuple(idX_1,fp(pk(k)),ssM_1,algM_1,verM_1)).
By 17, the attacker may know k.
Using the function sign the attacker may obtain sign((POSS,authTuple(idX_1,fp(pk(k)),ssM_1,algM_1,verM_1)),k).
attacker(sign((POSS,authTuple(idX_1,fp(pk(k)),ssM_1,algM_1,verM_1)),k)).

28. By 24, the attacker may know authTuple(idX_1,fp(pk(k)),ssM_1,algM_1,verM_1).
Using the function h the attacker may obtain h(authTuple(idX_1,fp(pk(k)),ssM_1,algM_1,verM_1)).
attacker(h(authTuple(idX_1,fp(pk(k)),ssM_1,algM_1,verM_1))).

29. By 14, the attacker may know STMT_DIGEST.
By 28, the attacker may know h(authTuple(idX_1,fp(pk(k)),ssM_1,algM_1,verM_1)).
Using the function 2-tuple the attacker may obtain (STMT_DIGEST,h(authTuple(idX_1,fp(pk(k)),ssM_1,algM_1,verM_1))).
attacker((STMT_DIGEST,h(authTuple(idX_1,fp(pk(k)),ssM_1,algM_1,verM_1)))).

30. By 29, the attacker may know (STMT_DIGEST,h(authTuple(idX_1,fp(pk(k)),ssM_1,algM_1,verM_1))).
By 6, the attacker may know skS[].
Using the function sign the attacker may obtain sign((STMT_DIGEST,h(authTuple(idX_1,fp(pk(k)),ssM_1,algM_1,verM_1))),skS[]).
attacker(sign((STMT_DIGEST,h(authTuple(idX_1,fp(pk(k)),ssM_1,algM_1,verM_1))),skS[])).

31. The message plI_3 that the attacker may have by 1 may be received at input {68}.
So the message sign((BYTES,framed(OT_ATTEST,algH[],issuerId2[],fp(pk(skI2[])),h(authTuple(issuerId2[],fp(pk(skI2[])),ssetH[],algH[],verH[])),cvB[],plI_3)),skI2[]) may be sent to the attacker at output {79}.
attacker(sign((BYTES,framed(OT_ATTEST,algH[],issuerId2[],fp(pk(skI2[])),h(authTuple(issuerId2[],fp(pk(skI2[])),ssetH[],algH[],verH[])),cvB[],plI_3)),skI2[])).

32. The attacker initially knows cvB[].
attacker(cvB[]).

33. Using the function OT_ATTEST the attacker may obtain OT_ATTEST.
attacker(OT_ATTEST).

34. By 33, the attacker may know OT_ATTEST.
By 8, the attacker may know algH[].
By 11, the attacker may know issuerId2[].
By 10, the attacker may know fp(pk(skI2[])).
By 13, the attacker may know h(authTuple(issuerId2[],fp(pk(skI2[])),ssetH[],algH[],verH[])).
By 32, the attacker may know cvB[].
By 1, the attacker may know plI_3.
Using the function framed the attacker may obtain framed(OT_ATTEST,algH[],issuerId2[],fp(pk(skI2[])),h(authTuple(issuerId2[],fp(pk(skI2[])),ssetH[],algH[],verH[])),cvB[],plI_3).
attacker(framed(OT_ATTEST,algH[],issuerId2[],fp(pk(skI2[])),h(authTuple(issuerId2[],fp(pk(skI2[])),ssetH[],algH[],verH[])),cvB[],plI_3)).

35. By 34, the attacker may know framed(OT_ATTEST,algH[],issuerId2[],fp(pk(skI2[])),h(authTuple(issuerId2[],fp(pk(skI2[])),ssetH[],algH[],verH[])),cvB[],plI_3).
By 31, the attacker may know sign((BYTES,framed(OT_ATTEST,algH[],issuerId2[],fp(pk(skI2[])),h(authTuple(issuerId2[],fp(pk(skI2[])),ssetH[],algH[],verH[])),cvB[],plI_3)),skI2[]).
Using the function 2-tuple the attacker may obtain (framed(OT_ATTEST,algH[],issuerId2[],fp(pk(skI2[])),h(authTuple(issuerId2[],fp(pk(skI2[])),ssetH[],algH[],verH[])),cvB[],plI_3),sign((BYTES,framed(OT_ATTEST,algH[],issuerId2[],fp(pk(skI2[])),h(authTuple(issuerId2[],fp(pk(skI2[])),ssetH[],algH[],verH[])),cvB[],plI_3)),skI2[])).
attacker((framed(OT_ATTEST,algH[],issuerId2[],fp(pk(skI2[])),h(authTuple(issuerId2[],fp(pk(skI2[])),ssetH[],algH[],verH[])),cvB[],plI_3),sign((BYTES,framed(OT_ATTEST,algH[],issuerId2[],fp(pk(skI2[])),h(authTuple(issuerId2[],fp(pk(skI2[])),ssetH[],algH[],verH[])),cvB[],plI_3)),skI2[]))).

36. The attacker has some term cvIw_5.
attacker(cvIw_5).

37. By 36, the attacker may know cvIw_5.
By 35, the attacker may know (framed(OT_ATTEST,algH[],issuerId2[],fp(pk(skI2[])),h(authTuple(issuerId2[],fp(pk(skI2[])),ssetH[],algH[],verH[])),cvB[],plI_3),sign((BYTES,framed(OT_ATTEST,algH[],issuerId2[],fp(pk(skI2[])),h(authTuple(issuerId2[],fp(pk(skI2[])),ssetH[],algH[],verH[])),cvB[],plI_3)),skI2[])).
Using the function wrap the attacker may obtain wrap(cvIw_5,(framed(OT_ATTEST,algH[],issuerId2[],fp(pk(skI2[])),h(authTuple(issuerId2[],fp(pk(skI2[])),ssetH[],algH[],verH[])),cvB[],plI_3),sign((BYTES,framed(OT_ATTEST,algH[],issuerId2[],fp(pk(skI2[])),h(authTuple(issuerId2[],fp(pk(skI2[])),ssetH[],algH[],verH[])),cvB[],plI_3)),skI2[]))).
attacker(wrap(cvIw_5,(framed(OT_ATTEST,algH[],issuerId2[],fp(pk(skI2[])),h(authTuple(issuerId2[],fp(pk(skI2[])),ssetH[],algH[],verH[])),cvB[],plI_3),sign((BYTES,framed(OT_ATTEST,algH[],issuerId2[],fp(pk(skI2[])),h(authTuple(issuerId2[],fp(pk(skI2[])),ssetH[],algH[],verH[])),cvB[],plI_3)),skI2[])))).

38. The attacker has some term cvM_1.
attacker(cvM_1).

39. Using the function OT_WRAPPER the attacker may obtain OT_WRAPPER.
attacker(OT_WRAPPER).

40. By 39, the attacker may know OT_WRAPPER.
By 19, the attacker may know algM_1.
By 23, the attacker may know idX_1.
By 22, the attacker may know fp(pk(k)).
By 28, the attacker may know h(authTuple(idX_1,fp(pk(k)),ssM_1,algM_1,verM_1)).
By 38, the attacker may know cvM_1.
By 37, the attacker may know wrap(cvIw_5,(framed(OT_ATTEST,algH[],issuerId2[],fp(pk(skI2[])),h(authTuple(issuerId2[],fp(pk(skI2[])),ssetH[],algH[],verH[])),cvB[],plI_3),sign((BYTES,framed(OT_ATTEST,algH[],issuerId2[],fp(pk(skI2[])),h(authTuple(issuerId2[],fp(pk(skI2[])),ssetH[],algH[],verH[])),cvB[],plI_3)),skI2[]))).
Using the function framed the attacker may obtain framed(OT_WRAPPER,algM_1,idX_1,fp(pk(k)),h(authTuple(idX_1,fp(pk(k)),ssM_1,algM_1,verM_1)),cvM_1,wrap(cvIw_5,(framed(OT_ATTEST,algH[],issuerId2[],fp(pk(skI2[])),h(authTuple(issuerId2[],fp(pk(skI2[])),ssetH[],algH[],verH[])),cvB[],plI_3),sign((BYTES,framed(OT_ATTEST,algH[],issuerId2[],fp(pk(skI2[])),h(authTuple(issuerId2[],fp(pk(skI2[])),ssetH[],algH[],verH[])),cvB[],plI_3)),skI2[])))).
attacker(framed(OT_WRAPPER,algM_1,idX_1,fp(pk(k)),h(authTuple(idX_1,fp(pk(k)),ssM_1,algM_1,verM_1)),cvM_1,wrap(cvIw_5,(framed(OT_ATTEST,algH[],issuerId2[],fp(pk(skI2[])),h(authTuple(issuerId2[],fp(pk(skI2[])),ssetH[],algH[],verH[])),cvB[],plI_3),sign((BYTES,framed(OT_ATTEST,algH[],issuerId2[],fp(pk(skI2[])),h(authTuple(issuerId2[],fp(pk(skI2[])),ssetH[],algH[],verH[])),cvB[],plI_3)),skI2[]))))).

41. Using the function BYTES the attacker may obtain BYTES.
attacker(BYTES).

42. By 41, the attacker may know BYTES.
By 40, the attacker may know framed(OT_WRAPPER,algM_1,idX_1,fp(pk(k)),h(authTuple(idX_1,fp(pk(k)),ssM_1,algM_1,verM_1)),cvM_1,wrap(cvIw_5,(framed(OT_ATTEST,algH[],issuerId2[],fp(pk(skI2[])),h(authTuple(issuerId2[],fp(pk(skI2[])),ssetH[],algH[],verH[])),cvB[],plI_3),sign((BYTES,framed(OT_ATTEST,algH[],issuerId2[],fp(pk(skI2[])),h(authTuple(issuerId2[],fp(pk(skI2[])),ssetH[],algH[],verH[])),cvB[],plI_3)),skI2[])))).
Using the function 2-tuple the attacker may obtain (BYTES,framed(OT_WRAPPER,algM_1,idX_1,fp(pk(k)),h(authTuple(idX_1,fp(pk(k)),ssM_1,algM_1,verM_1)),cvM_1,wrap(cvIw_5,(framed(OT_ATTEST,algH[],issuerId2[],fp(pk(skI2[])),h(authTuple(issuerId2[],fp(pk(skI2[])),ssetH[],algH[],verH[])),cvB[],plI_3),sign((BYTES,framed(OT_ATTEST,algH[],issuerId2[],fp(pk(skI2[])),h(authTuple(issuerId2[],fp(pk(skI2[])),ssetH[],algH[],verH[])),cvB[],plI_3)),skI2[]))))).
attacker((BYTES,framed(OT_WRAPPER,algM_1,idX_1,fp(pk(k)),h(authTuple(idX_1,fp(pk(k)),ssM_1,algM_1,verM_1)),cvM_1,wrap(cvIw_5,(framed(OT_ATTEST,algH[],issuerId2[],fp(pk(skI2[])),h(authTuple(issuerId2[],fp(pk(skI2[])),ssetH[],algH[],verH[])),cvB[],plI_3),sign((BYTES,framed(OT_ATTEST,algH[],issuerId2[],fp(pk(skI2[])),h(authTuple(issuerId2[],fp(pk(skI2[])),ssetH[],algH[],verH[])),cvB[],plI_3)),skI2[])))))).

43. By 42, the attacker may know (BYTES,framed(OT_WRAPPER,algM_1,idX_1,fp(pk(k)),h(authTuple(idX_1,fp(pk(k)),ssM_1,algM_1,verM_1)),cvM_1,wrap(cvIw_5,(framed(OT_ATTEST,algH[],issuerId2[],fp(pk(skI2[])),h(authTuple(issuerId2[],fp(pk(skI2[])),ssetH[],algH[],verH[])),cvB[],plI_3),sign((BYTES,framed(OT_ATTEST,algH[],issuerId2[],fp(pk(skI2[])),h(authTuple(issuerId2[],fp(pk(skI2[])),ssetH[],algH[],verH[])),cvB[],plI_3)),skI2[]))))).
By 17, the attacker may know k.
Using the function sign the attacker may obtain sign((BYTES,framed(OT_WRAPPER,algM_1,idX_1,fp(pk(k)),h(authTuple(idX_1,fp(pk(k)),ssM_1,algM_1,verM_1)),cvM_1,wrap(cvIw_5,(framed(OT_ATTEST,algH[],issuerId2[],fp(pk(skI2[])),h(authTuple(issuerId2[],fp(pk(skI2[])),ssetH[],algH[],verH[])),cvB[],plI_3),sign((BYTES,framed(OT_ATTEST,algH[],issuerId2[],fp(pk(skI2[])),h(authTuple(issuerId2[],fp(pk(skI2[])),ssetH[],algH[],verH[])),cvB[],plI_3)),skI2[]))))),k).
attacker(sign((BYTES,framed(OT_WRAPPER,algM_1,idX_1,fp(pk(k)),h(authTuple(idX_1,fp(pk(k)),ssM_1,algM_1,verM_1)),cvM_1,wrap(cvIw_5,(framed(OT_ATTEST,algH[],issuerId2[],fp(pk(skI2[])),h(authTuple(issuerId2[],fp(pk(skI2[])),ssetH[],algH[],verH[])),cvB[],plI_3),sign((BYTES,framed(OT_ATTEST,algH[],issuerId2[],fp(pk(skI2[])),h(authTuple(issuerId2[],fp(pk(skI2[])),ssetH[],algH[],verH[])),cvB[],plI_3)),skI2[]))))),k)).

44. By 40, the attacker may know framed(OT_WRAPPER,algM_1,idX_1,fp(pk(k)),h(authTuple(idX_1,fp(pk(k)),ssM_1,algM_1,verM_1)),cvM_1,wrap(cvIw_5,(framed(OT_ATTEST,algH[],issuerId2[],fp(pk(skI2[])),h(authTuple(issuerId2[],fp(pk(skI2[])),ssetH[],algH[],verH[])),cvB[],plI_3),sign((BYTES,framed(OT_ATTEST,algH[],issuerId2[],fp(pk(skI2[])),h(authTuple(issuerId2[],fp(pk(skI2[])),ssetH[],algH[],verH[])),cvB[],plI_3)),skI2[])))).
By 43, the attacker may know sign((BYTES,framed(OT_WRAPPER,algM_1,idX_1,fp(pk(k)),h(authTuple(idX_1,fp(pk(k)),ssM_1,algM_1,verM_1)),cvM_1,wrap(cvIw_5,(framed(OT_ATTEST,algH[],issuerId2[],fp(pk(skI2[])),h(authTuple(issuerId2[],fp(pk(skI2[])),ssetH[],algH[],verH[])),cvB[],plI_3),sign((BYTES,framed(OT_ATTEST,algH[],issuerId2[],fp(pk(skI2[])),h(authTuple(issuerId2[],fp(pk(skI2[])),ssetH[],algH[],verH[])),cvB[],plI_3)),skI2[]))))),k).
Using the function 2-tuple the attacker may obtain (framed(OT_WRAPPER,algM_1,idX_1,fp(pk(k)),h(authTuple(idX_1,fp(pk(k)),ssM_1,algM_1,verM_1)),cvM_1,wrap(cvIw_5,(framed(OT_ATTEST,algH[],issuerId2[],fp(pk(skI2[])),h(authTuple(issuerId2[],fp(pk(skI2[])),ssetH[],algH[],verH[])),cvB[],plI_3),sign((BYTES,framed(OT_ATTEST,algH[],issuerId2[],fp(pk(skI2[])),h(authTuple(issuerId2[],fp(pk(skI2[])),ssetH[],algH[],verH[])),cvB[],plI_3)),skI2[])))),sign((BYTES,framed(OT_WRAPPER,algM_1,idX_1,fp(pk(k)),h(authTuple(idX_1,fp(pk(k)),ssM_1,algM_1,verM_1)),cvM_1,wrap(cvIw_5,(framed(OT_ATTEST,algH[],issuerId2[],fp(pk(skI2[])),h(authTuple(issuerId2[],fp(pk(skI2[])),ssetH[],algH[],verH[])),cvB[],plI_3),sign((BYTES,framed(OT_ATTEST,algH[],issuerId2[],fp(pk(skI2[])),h(authTuple(issuerId2[],fp(pk(skI2[])),ssetH[],algH[],verH[])),cvB[],plI_3)),skI2[]))))),k)).
attacker((framed(OT_WRAPPER,algM_1,idX_1,fp(pk(k)),h(authTuple(idX_1,fp(pk(k)),ssM_1,algM_1,verM_1)),cvM_1,wrap(cvIw_5,(framed(OT_ATTEST,algH[],issuerId2[],fp(pk(skI2[])),h(authTuple(issuerId2[],fp(pk(skI2[])),ssetH[],algH[],verH[])),cvB[],plI_3),sign((BYTES,framed(OT_ATTEST,algH[],issuerId2[],fp(pk(skI2[])),h(authTuple(issuerId2[],fp(pk(skI2[])),ssetH[],algH[],verH[])),cvB[],plI_3)),skI2[])))),sign((BYTES,framed(OT_WRAPPER,algM_1,idX_1,fp(pk(k)),h(authTuple(idX_1,fp(pk(k)),ssM_1,algM_1,verM_1)),cvM_1,wrap(cvIw_5,(framed(OT_ATTEST,algH[],issuerId2[],fp(pk(skI2[])),h(authTuple(issuerId2[],fp(pk(skI2[])),ssetH[],algH[],verH[])),cvB[],plI_3),sign((BYTES,framed(OT_ATTEST,algH[],issuerId2[],fp(pk(skI2[])),h(authTuple(issuerId2[],fp(pk(skI2[])),ssetH[],algH[],verH[])),cvB[],plI_3)),skI2[]))))),k))).

45. The attacker has some term cvMw_1.
attacker(cvMw_1).

46. By 45, the attacker may know cvMw_1.
By 44, the attacker may know (framed(OT_WRAPPER,algM_1,idX_1,fp(pk(k)),h(authTuple(idX_1,fp(pk(k)),ssM_1,algM_1,verM_1)),cvM_1,wrap(cvIw_5,(framed(OT_ATTEST,algH[],issuerId2[],fp(pk(skI2[])),h(authTuple(issuerId2[],fp(pk(skI2[])),ssetH[],algH[],verH[])),cvB[],plI_3),sign((BYTES,framed(OT_ATTEST,algH[],issuerId2[],fp(pk(skI2[])),h(authTuple(issuerId2[],fp(pk(skI2[])),ssetH[],algH[],verH[])),cvB[],plI_3)),skI2[])))),sign((BYTES,framed(OT_WRAPPER,algM_1,idX_1,fp(pk(k)),h(authTuple(idX_1,fp(pk(k)),ssM_1,algM_1,verM_1)),cvM_1,wrap(cvIw_5,(framed(OT_ATTEST,algH[],issuerId2[],fp(pk(skI2[])),h(authTuple(issuerId2[],fp(pk(skI2[])),ssetH[],algH[],verH[])),cvB[],plI_3),sign((BYTES,framed(OT_ATTEST,algH[],issuerId2[],fp(pk(skI2[])),h(authTuple(issuerId2[],fp(pk(skI2[])),ssetH[],algH[],verH[])),cvB[],plI_3)),skI2[]))))),k)).
Using the function wrap the attacker may obtain wrap(cvMw_1,(framed(OT_WRAPPER,algM_1,idX_1,fp(pk(k)),h(authTuple(idX_1,fp(pk(k)),ssM_1,algM_1,verM_1)),cvM_1,wrap(cvIw_5,(framed(OT_ATTEST,algH[],issuerId2[],fp(pk(skI2[])),h(authTuple(issuerId2[],fp(pk(skI2[])),ssetH[],algH[],verH[])),cvB[],plI_3),sign((BYTES,framed(OT_ATTEST,algH[],issuerId2[],fp(pk(skI2[])),h(authTuple(issuerId2[],fp(pk(skI2[])),ssetH[],algH[],verH[])),cvB[],plI_3)),skI2[])))),sign((BYTES,framed(OT_WRAPPER,algM_1,idX_1,fp(pk(k)),h(authTuple(idX_1,fp(pk(k)),ssM_1,algM_1,verM_1)),cvM_1,wrap(cvIw_5,(framed(OT_ATTEST,algH[],issuerId2[],fp(pk(skI2[])),h(authTuple(issuerId2[],fp(pk(skI2[])),ssetH[],algH[],verH[])),cvB[],plI_3),sign((BYTES,framed(OT_ATTEST,algH[],issuerId2[],fp(pk(skI2[])),h(authTuple(issuerId2[],fp(pk(skI2[])),ssetH[],algH[],verH[])),cvB[],plI_3)),skI2[]))))),k))).
attacker(wrap(cvMw_1,(framed(OT_WRAPPER,algM_1,idX_1,fp(pk(k)),h(authTuple(idX_1,fp(pk(k)),ssM_1,algM_1,verM_1)),cvM_1,wrap(cvIw_5,(framed(OT_ATTEST,algH[],issuerId2[],fp(pk(skI2[])),h(authTuple(issuerId2[],fp(pk(skI2[])),ssetH[],algH[],verH[])),cvB[],plI_3),sign((BYTES,framed(OT_ATTEST,algH[],issuerId2[],fp(pk(skI2[])),h(authTuple(issuerId2[],fp(pk(skI2[])),ssetH[],algH[],verH[])),cvB[],plI_3)),skI2[])))),sign((BYTES,framed(OT_WRAPPER,algM_1,idX_1,fp(pk(k)),h(authTuple(idX_1,fp(pk(k)),ssM_1,algM_1,verM_1)),cvM_1,wrap(cvIw_5,(framed(OT_ATTEST,algH[],issuerId2[],fp(pk(skI2[])),h(authTuple(issuerId2[],fp(pk(skI2[])),ssetH[],algH[],verH[])),cvB[],plI_3),sign((BYTES,framed(OT_ATTEST,algH[],issuerId2[],fp(pk(skI2[])),h(authTuple(issuerId2[],fp(pk(skI2[])),ssetH[],algH[],verH[])),cvB[],plI_3)),skI2[]))))),k)))).

47. The attacker initially knows cvA[].
attacker(cvA[]).

48. The message pk(skW2[]) may be sent to the attacker at output {14}.
attacker(pk(skW2[])).

49. By 48, the attacker may know pk(skW2[]).
Using the function fp the attacker may obtain fp(pk(skW2[])).
attacker(fp(pk(skW2[]))).

50. The attacker initially knows idW2[].
attacker(idW2[]).

51. By 50, the attacker may know idW2[].
By 49, the attacker may know fp(pk(skW2[])).
By 9, the attacker may know ssetH[].
By 8, the attacker may know algH[].
By 7, the attacker may know verH[].
Using the function authTuple the attacker may obtain authTuple(idW2[],fp(pk(skW2[])),ssetH[],algH[],verH[]).
attacker(authTuple(idW2[],fp(pk(skW2[])),ssetH[],algH[],verH[])).

52. By 51, the attacker may know authTuple(idW2[],fp(pk(skW2[])),ssetH[],algH[],verH[]).
Using the function h the attacker may obtain h(authTuple(idW2[],fp(pk(skW2[])),ssetH[],algH[],verH[])).
attacker(h(authTuple(idW2[],fp(pk(skW2[])),ssetH[],algH[],verH[]))).

53. By 39, the attacker may know OT_WRAPPER.
By 8, the attacker may know algH[].
By 50, the attacker may know idW2[].
By 49, the attacker may know fp(pk(skW2[])).
By 52, the attacker may know h(authTuple(idW2[],fp(pk(skW2[])),ssetH[],algH[],verH[])).
By 47, the attacker may know cvA[].
By 46, the attacker may know wrap(cvMw_1,(framed(OT_WRAPPER,algM_1,idX_1,fp(pk(k)),h(authTuple(idX_1,fp(pk(k)),ssM_1,algM_1,verM_1)),cvM_1,wrap(cvIw_5,(framed(OT_ATTEST,algH[],issuerId2[],fp(pk(skI2[])),h(authTuple(issuerId2[],fp(pk(skI2[])),ssetH[],algH[],verH[])),cvB[],plI_3),sign((BYTES,framed(OT_ATTEST,algH[],issuerId2[],fp(pk(skI2[])),h(authTuple(issuerId2[],fp(pk(skI2[])),ssetH[],algH[],verH[])),cvB[],plI_3)),skI2[])))),sign((BYTES,framed(OT_WRAPPER,algM_1,idX_1,fp(pk(k)),h(authTuple(idX_1,fp(pk(k)),ssM_1,algM_1,verM_1)),cvM_1,wrap(cvIw_5,(framed(OT_ATTEST,algH[],issuerId2[],fp(pk(skI2[])),h(authTuple(issuerId2[],fp(pk(skI2[])),ssetH[],algH[],verH[])),cvB[],plI_3),sign((BYTES,framed(OT_ATTEST,algH[],issuerId2[],fp(pk(skI2[])),h(authTuple(issuerId2[],fp(pk(skI2[])),ssetH[],algH[],verH[])),cvB[],plI_3)),skI2[]))))),k))).
Using the function framed the attacker may obtain framed(OT_WRAPPER,algH[],idW2[],fp(pk(skW2[])),h(authTuple(idW2[],fp(pk(skW2[])),ssetH[],algH[],verH[])),cvA[],wrap(cvMw_1,(framed(OT_WRAPPER,algM_1,idX_1,fp(pk(k)),h(authTuple(idX_1,fp(pk(k)),ssM_1,algM_1,verM_1)),cvM_1,wrap(cvIw_5,(framed(OT_ATTEST,algH[],issuerId2[],fp(pk(skI2[])),h(authTuple(issuerId2[],fp(pk(skI2[])),ssetH[],algH[],verH[])),cvB[],plI_3),sign((BYTES,framed(OT_ATTEST,algH[],issuerId2[],fp(pk(skI2[])),h(authTuple(issuerId2[],fp(pk(skI2[])),ssetH[],algH[],verH[])),cvB[],plI_3)),skI2[])))),sign((BYTES,framed(OT_WRAPPER,algM_1,idX_1,fp(pk(k)),h(authTuple(idX_1,fp(pk(k)),ssM_1,algM_1,verM_1)),cvM_1,wrap(cvIw_5,(framed(OT_ATTEST,algH[],issuerId2[],fp(pk(skI2[])),h(authTuple(issuerId2[],fp(pk(skI2[])),ssetH[],algH[],verH[])),cvB[],plI_3),sign((BYTES,framed(OT_ATTEST,algH[],issuerId2[],fp(pk(skI2[])),h(authTuple(issuerId2[],fp(pk(skI2[])),ssetH[],algH[],verH[])),cvB[],plI_3)),skI2[]))))),k)))).
attacker(framed(OT_WRAPPER,algH[],idW2[],fp(pk(skW2[])),h(authTuple(idW2[],fp(pk(skW2[])),ssetH[],algH[],verH[])),cvA[],wrap(cvMw_1,(framed(OT_WRAPPER,algM_1,idX_1,fp(pk(k)),h(authTuple(idX_1,fp(pk(k)),ssM_1,algM_1,verM_1)),cvM_1,wrap(cvIw_5,(framed(OT_ATTEST,algH[],issuerId2[],fp(pk(skI2[])),h(authTuple(issuerId2[],fp(pk(skI2[])),ssetH[],algH[],verH[])),cvB[],plI_3),sign((BYTES,framed(OT_ATTEST,algH[],issuerId2[],fp(pk(skI2[])),h(authTuple(issuerId2[],fp(pk(skI2[])),ssetH[],algH[],verH[])),cvB[],plI_3)),skI2[])))),sign((BYTES,framed(OT_WRAPPER,algM_1,idX_1,fp(pk(k)),h(authTuple(idX_1,fp(pk(k)),ssM_1,algM_1,verM_1)),cvM_1,wrap(cvIw_5,(framed(OT_ATTEST,algH[],issuerId2[],fp(pk(skI2[])),h(authTuple(issuerId2[],fp(pk(skI2[])),ssetH[],algH[],verH[])),cvB[],plI_3),sign((BYTES,framed(OT_ATTEST,algH[],issuerId2[],fp(pk(skI2[])),h(authTuple(issuerId2[],fp(pk(skI2[])),ssetH[],algH[],verH[])),cvB[],plI_3)),skI2[]))))),k))))).

54. By 45, the attacker may know cvMw_1.
By 40, the attacker may know framed(OT_WRAPPER,algM_1,idX_1,fp(pk(k)),h(authTuple(idX_1,fp(pk(k)),ssM_1,algM_1,verM_1)),cvM_1,wrap(cvIw_5,(framed(OT_ATTEST,algH[],issuerId2[],fp(pk(skI2[])),h(authTuple(issuerId2[],fp(pk(skI2[])),ssetH[],algH[],verH[])),cvB[],plI_3),sign((BYTES,framed(OT_ATTEST,algH[],issuerId2[],fp(pk(skI2[])),h(authTuple(issuerId2[],fp(pk(skI2[])),ssetH[],algH[],verH[])),cvB[],plI_3)),skI2[])))).
By 43, the attacker may know sign((BYTES,framed(OT_WRAPPER,algM_1,idX_1,fp(pk(k)),h(authTuple(idX_1,fp(pk(k)),ssM_1,algM_1,verM_1)),cvM_1,wrap(cvIw_5,(framed(OT_ATTEST,algH[],issuerId2[],fp(pk(skI2[])),h(authTuple(issuerId2[],fp(pk(skI2[])),ssetH[],algH[],verH[])),cvB[],plI_3),sign((BYTES,framed(OT_ATTEST,algH[],issuerId2[],fp(pk(skI2[])),h(authTuple(issuerId2[],fp(pk(skI2[])),ssetH[],algH[],verH[])),cvB[],plI_3)),skI2[]))))),k).
Using the function 3-tuple the attacker may obtain (cvMw_1,framed(OT_WRAPPER,algM_1,idX_1,fp(pk(k)),h(authTuple(idX_1,fp(pk(k)),ssM_1,algM_1,verM_1)),cvM_1,wrap(cvIw_5,(framed(OT_ATTEST,algH[],issuerId2[],fp(pk(skI2[])),h(authTuple(issuerId2[],fp(pk(skI2[])),ssetH[],algH[],verH[])),cvB[],plI_3),sign((BYTES,framed(OT_ATTEST,algH[],issuerId2[],fp(pk(skI2[])),h(authTuple(issuerId2[],fp(pk(skI2[])),ssetH[],algH[],verH[])),cvB[],plI_3)),skI2[])))),sign((BYTES,framed(OT_WRAPPER,algM_1,idX_1,fp(pk(k)),h(authTuple(idX_1,fp(pk(k)),ssM_1,algM_1,verM_1)),cvM_1,wrap(cvIw_5,(framed(OT_ATTEST,algH[],issuerId2[],fp(pk(skI2[])),h(authTuple(issuerId2[],fp(pk(skI2[])),ssetH[],algH[],verH[])),cvB[],plI_3),sign((BYTES,framed(OT_ATTEST,algH[],issuerId2[],fp(pk(skI2[])),h(authTuple(issuerId2[],fp(pk(skI2[])),ssetH[],algH[],verH[])),cvB[],plI_3)),skI2[]))))),k)).
attacker((cvMw_1,framed(OT_WRAPPER,algM_1,idX_1,fp(pk(k)),h(authTuple(idX_1,fp(pk(k)),ssM_1,algM_1,verM_1)),cvM_1,wrap(cvIw_5,(framed(OT_ATTEST,algH[],issuerId2[],fp(pk(skI2[])),h(authTuple(issuerId2[],fp(pk(skI2[])),ssetH[],algH[],verH[])),cvB[],plI_3),sign((BYTES,framed(OT_ATTEST,algH[],issuerId2[],fp(pk(skI2[])),h(authTuple(issuerId2[],fp(pk(skI2[])),ssetH[],algH[],verH[])),cvB[],plI_3)),skI2[])))),sign((BYTES,framed(OT_WRAPPER,algM_1,idX_1,fp(pk(k)),h(authTuple(idX_1,fp(pk(k)),ssM_1,algM_1,verM_1)),cvM_1,wrap(cvIw_5,(framed(OT_ATTEST,algH[],issuerId2[],fp(pk(skI2[])),h(authTuple(issuerId2[],fp(pk(skI2[])),ssetH[],algH[],verH[])),cvB[],plI_3),sign((BYTES,framed(OT_ATTEST,algH[],issuerId2[],fp(pk(skI2[])),h(authTuple(issuerId2[],fp(pk(skI2[])),ssetH[],algH[],verH[])),cvB[],plI_3)),skI2[]))))),k))).

55. The message (cvMw_1,framed(OT_WRAPPER,algM_1,idX_1,fp(pk(k)),h(authTuple(idX_1,fp(pk(k)),ssM_1,algM_1,verM_1)),cvM_1,wrap(cvIw_5,(framed(OT_ATTEST,algH[],issuerId2[],fp(pk(skI2[])),h(authTuple(issuerId2[],fp(pk(skI2[])),ssetH[],algH[],verH[])),cvB[],plI_3),sign((BYTES,framed(OT_ATTEST,algH[],issuerId2[],fp(pk(skI2[])),h(authTuple(issuerId2[],fp(pk(skI2[])),ssetH[],algH[],verH[])),cvB[],plI_3)),skI2[])))),sign((BYTES,framed(OT_WRAPPER,algM_1,idX_1,fp(pk(k)),h(authTuple(idX_1,fp(pk(k)),ssM_1,algM_1,verM_1)),cvM_1,wrap(cvIw_5,(framed(OT_ATTEST,algH[],issuerId2[],fp(pk(skI2[])),h(authTuple(issuerId2[],fp(pk(skI2[])),ssetH[],algH[],verH[])),cvB[],plI_3),sign((BYTES,framed(OT_ATTEST,algH[],issuerId2[],fp(pk(skI2[])),h(authTuple(issuerId2[],fp(pk(skI2[])),ssetH[],algH[],verH[])),cvB[],plI_3)),skI2[]))))),k)) that the attacker may have by 54 may be received at input {109}.
So the message sign((BYTES,framed(OT_WRAPPER,algH[],idW2[],fp(pk(skW2[])),h(authTuple(idW2[],fp(pk(skW2[])),ssetH[],algH[],verH[])),cvA[],wrap(cvMw_1,(framed(OT_WRAPPER,algM_1,idX_1,fp(pk(k)),h(authTuple(idX_1,fp(pk(k)),ssM_1,algM_1,verM_1)),cvM_1,wrap(cvIw_5,(framed(OT_ATTEST,algH[],issuerId2[],fp(pk(skI2[])),h(authTuple(issuerId2[],fp(pk(skI2[])),ssetH[],algH[],verH[])),cvB[],plI_3),sign((BYTES,framed(OT_ATTEST,algH[],issuerId2[],fp(pk(skI2[])),h(authTuple(issuerId2[],fp(pk(skI2[])),ssetH[],algH[],verH[])),cvB[],plI_3)),skI2[])))),sign((BYTES,framed(OT_WRAPPER,algM_1,idX_1,fp(pk(k)),h(authTuple(idX_1,fp(pk(k)),ssM_1,algM_1,verM_1)),cvM_1,wrap(cvIw_5,(framed(OT_ATTEST,algH[],issuerId2[],fp(pk(skI2[])),h(authTuple(issuerId2[],fp(pk(skI2[])),ssetH[],algH[],verH[])),cvB[],plI_3),sign((BYTES,framed(OT_ATTEST,algH[],issuerId2[],fp(pk(skI2[])),h(authTuple(issuerId2[],fp(pk(skI2[])),ssetH[],algH[],verH[])),cvB[],plI_3)),skI2[]))))),k))))),skW2[]) may be sent to the attacker at output {116}.
attacker(sign((BYTES,framed(OT_WRAPPER,algH[],idW2[],fp(pk(skW2[])),h(authTuple(idW2[],fp(pk(skW2[])),ssetH[],algH[],verH[])),cvA[],wrap(cvMw_1,(framed(OT_WRAPPER,algM_1,idX_1,fp(pk(k)),h(authTuple(idX_1,fp(pk(k)),ssM_1,algM_1,verM_1)),cvM_1,wrap(cvIw_5,(framed(OT_ATTEST,algH[],issuerId2[],fp(pk(skI2[])),h(authTuple(issuerId2[],fp(pk(skI2[])),ssetH[],algH[],verH[])),cvB[],plI_3),sign((BYTES,framed(OT_ATTEST,algH[],issuerId2[],fp(pk(skI2[])),h(authTuple(issuerId2[],fp(pk(skI2[])),ssetH[],algH[],verH[])),cvB[],plI_3)),skI2[])))),sign((BYTES,framed(OT_WRAPPER,algM_1,idX_1,fp(pk(k)),h(authTuple(idX_1,fp(pk(k)),ssM_1,algM_1,verM_1)),cvM_1,wrap(cvIw_5,(framed(OT_ATTEST,algH[],issuerId2[],fp(pk(skI2[])),h(authTuple(issuerId2[],fp(pk(skI2[])),ssetH[],algH[],verH[])),cvB[],plI_3),sign((BYTES,framed(OT_ATTEST,algH[],issuerId2[],fp(pk(skI2[])),h(authTuple(issuerId2[],fp(pk(skI2[])),ssetH[],algH[],verH[])),cvB[],plI_3)),skI2[]))))),k))))),skW2[])).

56. The attacker has some term sgIn_3.
attacker(sgIn_3).

57. The attacker has some term fbIn_3.
attacker(fbIn_3).

58. The attacker has some term cvIw_6.
attacker(cvIw_6).

59. By 58, the attacker may know cvIw_6.
By 57, the attacker may know fbIn_3.
By 56, the attacker may know sgIn_3.
Using the function 3-tuple the attacker may obtain (cvIw_6,fbIn_3,sgIn_3).
attacker((cvIw_6,fbIn_3,sgIn_3)).

60. The message (cvIw_6,fbIn_3,sgIn_3) that the attacker may have by 59 may be received at input {109}.
So the message sign((POSS,authTuple(idW2[],fp(pk(skW2[])),ssetH[],algH[],verH[])),skW2[]) may be sent to the attacker at output {112}.
attacker(sign((POSS,authTuple(idW2[],fp(pk(skW2[])),ssetH[],algH[],verH[])),skW2[])).

61. By 14, the attacker may know STMT_DIGEST.
By 52, the attacker may know h(authTuple(idW2[],fp(pk(skW2[])),ssetH[],algH[],verH[])).
Using the function 2-tuple the attacker may obtain (STMT_DIGEST,h(authTuple(idW2[],fp(pk(skW2[])),ssetH[],algH[],verH[]))).
attacker((STMT_DIGEST,h(authTuple(idW2[],fp(pk(skW2[])),ssetH[],algH[],verH[])))).

62. By 61, the attacker may know (STMT_DIGEST,h(authTuple(idW2[],fp(pk(skW2[])),ssetH[],algH[],verH[]))).
By 6, the attacker may know skS[].
Using the function sign the attacker may obtain sign((STMT_DIGEST,h(authTuple(idW2[],fp(pk(skW2[])),ssetH[],algH[],verH[]))),skS[]).
attacker(sign((STMT_DIGEST,h(authTuple(idW2[],fp(pk(skW2[])),ssetH[],algH[],verH[]))),skS[])).

63. By 51, the attacker may know authTuple(idW2[],fp(pk(skW2[])),ssetH[],algH[],verH[]).
By 62, the attacker may know sign((STMT_DIGEST,h(authTuple(idW2[],fp(pk(skW2[])),ssetH[],algH[],verH[]))),skS[]).
By 48, the attacker may know pk(skW2[]).
By 60, the attacker may know sign((POSS,authTuple(idW2[],fp(pk(skW2[])),ssetH[],algH[],verH[])),skW2[]).
By 55, the attacker may know sign((BYTES,framed(OT_WRAPPER,algH[],idW2[],fp(pk(skW2[])),h(authTuple(idW2[],fp(pk(skW2[])),ssetH[],algH[],verH[])),cvA[],wrap(cvMw_1,(framed(OT_WRAPPER,algM_1,idX_1,fp(pk(k)),h(authTuple(idX_1,fp(pk(k)),ssM_1,algM_1,verM_1)),cvM_1,wrap(cvIw_5,(framed(OT_ATTEST,algH[],issuerId2[],fp(pk(skI2[])),h(authTuple(issuerId2[],fp(pk(skI2[])),ssetH[],algH[],verH[])),cvB[],plI_3),sign((BYTES,framed(OT_ATTEST,algH[],issuerId2[],fp(pk(skI2[])),h(authTuple(issuerId2[],fp(pk(skI2[])),ssetH[],algH[],verH[])),cvB[],plI_3)),skI2[])))),sign((BYTES,framed(OT_WRAPPER,algM_1,idX_1,fp(pk(k)),h(authTuple(idX_1,fp(pk(k)),ssM_1,algM_1,verM_1)),cvM_1,wrap(cvIw_5,(framed(OT_ATTEST,algH[],issuerId2[],fp(pk(skI2[])),h(authTuple(issuerId2[],fp(pk(skI2[])),ssetH[],algH[],verH[])),cvB[],plI_3),sign((BYTES,framed(OT_ATTEST,algH[],issuerId2[],fp(pk(skI2[])),h(authTuple(issuerId2[],fp(pk(skI2[])),ssetH[],algH[],verH[])),cvB[],plI_3)),skI2[]))))),k))))),skW2[]).
By 53, the attacker may know framed(OT_WRAPPER,algH[],idW2[],fp(pk(skW2[])),h(authTuple(idW2[],fp(pk(skW2[])),ssetH[],algH[],verH[])),cvA[],wrap(cvMw_1,(framed(OT_WRAPPER,algM_1,idX_1,fp(pk(k)),h(authTuple(idX_1,fp(pk(k)),ssM_1,algM_1,verM_1)),cvM_1,wrap(cvIw_5,(framed(OT_ATTEST,algH[],issuerId2[],fp(pk(skI2[])),h(authTuple(issuerId2[],fp(pk(skI2[])),ssetH[],algH[],verH[])),cvB[],plI_3),sign((BYTES,framed(OT_ATTEST,algH[],issuerId2[],fp(pk(skI2[])),h(authTuple(issuerId2[],fp(pk(skI2[])),ssetH[],algH[],verH[])),cvB[],plI_3)),skI2[])))),sign((BYTES,framed(OT_WRAPPER,algM_1,idX_1,fp(pk(k)),h(authTuple(idX_1,fp(pk(k)),ssM_1,algM_1,verM_1)),cvM_1,wrap(cvIw_5,(framed(OT_ATTEST,algH[],issuerId2[],fp(pk(skI2[])),h(authTuple(issuerId2[],fp(pk(skI2[])),ssetH[],algH[],verH[])),cvB[],plI_3),sign((BYTES,framed(OT_ATTEST,algH[],issuerId2[],fp(pk(skI2[])),h(authTuple(issuerId2[],fp(pk(skI2[])),ssetH[],algH[],verH[])),cvB[],plI_3)),skI2[]))))),k)))).
By 24, the attacker may know authTuple(idX_1,fp(pk(k)),ssM_1,algM_1,verM_1).
By 30, the attacker may know sign((STMT_DIGEST,h(authTuple(idX_1,fp(pk(k)),ssM_1,algM_1,verM_1))),skS[]).
By 21, the attacker may know pk(k).
By 27, the attacker may know sign((POSS,authTuple(idX_1,fp(pk(k)),ssM_1,algM_1,verM_1)),k).
By 12, the attacker may know authTuple(issuerId2[],fp(pk(skI2[])),ssetH[],algH[],verH[]).
By 16, the attacker may know sign((STMT_DIGEST,h(authTuple(issuerId2[],fp(pk(skI2[])),ssetH[],algH[],verH[]))),skS[]).
By 5, the attacker may know pk(skI2[]).
By 4, the attacker may know sign((POSS,authTuple(issuerId2[],fp(pk(skI2[])),ssetH[],algH[],verH[])),skI2[]).
Using the function 14-tuple the attacker may obtain (authTuple(idW2[],fp(pk(skW2[])),ssetH[],algH[],verH[]),sign((STMT_DIGEST,h(authTuple(idW2[],fp(pk(skW2[])),ssetH[],algH[],verH[]))),skS[]),pk(skW2[]),sign((POSS,authTuple(idW2[],fp(pk(skW2[])),ssetH[],algH[],verH[])),skW2[]),sign((BYTES,framed(OT_WRAPPER,algH[],idW2[],fp(pk(skW2[])),h(authTuple(idW2[],fp(pk(skW2[])),ssetH[],algH[],verH[])),cvA[],wrap(cvMw_1,(framed(OT_WRAPPER,algM_1,idX_1,fp(pk(k)),h(authTuple(idX_1,fp(pk(k)),ssM_1,algM_1,verM_1)),cvM_1,wrap(cvIw_5,(framed(OT_ATTEST,algH[],issuerId2[],fp(pk(skI2[])),h(authTuple(issuerId2[],fp(pk(skI2[])),ssetH[],algH[],verH[])),cvB[],plI_3),sign((BYTES,framed(OT_ATTEST,algH[],issuerId2[],fp(pk(skI2[])),h(authTuple(issuerId2[],fp(pk(skI2[])),ssetH[],algH[],verH[])),cvB[],plI_3)),skI2[])))),sign((BYTES,framed(OT_WRAPPER,algM_1,idX_1,fp(pk(k)),h(authTuple(idX_1,fp(pk(k)),ssM_1,algM_1,verM_1)),cvM_1,wrap(cvIw_5,(framed(OT_ATTEST,algH[],issuerId2[],fp(pk(skI2[])),h(authTuple(issuerId2[],fp(pk(skI2[])),ssetH[],algH[],verH[])),cvB[],plI_3),sign((BYTES,framed(OT_ATTEST,algH[],issuerId2[],fp(pk(skI2[])),h(authTuple(issuerId2[],fp(pk(skI2[])),ssetH[],algH[],verH[])),cvB[],plI_3)),skI2[]))))),k))))),skW2[]),framed(OT_WRAPPER,algH[],idW2[],fp(pk(skW2[])),h(authTuple(idW2[],fp(pk(skW2[])),ssetH[],algH[],verH[])),cvA[],wrap(cvMw_1,(framed(OT_WRAPPER,algM_1,idX_1,fp(pk(k)),h(authTuple(idX_1,fp(pk(k)),ssM_1,algM_1,verM_1)),cvM_1,wrap(cvIw_5,(framed(OT_ATTEST,algH[],issuerId2[],fp(pk(skI2[])),h(authTuple(issuerId2[],fp(pk(skI2[])),ssetH[],algH[],verH[])),cvB[],plI_3),sign((BYTES,framed(OT_ATTEST,algH[],issuerId2[],fp(pk(skI2[])),h(authTuple(issuerId2[],fp(pk(skI2[])),ssetH[],algH[],verH[])),cvB[],plI_3)),skI2[])))),sign((BYTES,framed(OT_WRAPPER,algM_1,idX_1,fp(pk(k)),h(authTuple(idX_1,fp(pk(k)),ssM_1,algM_1,verM_1)),cvM_1,wrap(cvIw_5,(framed(OT_ATTEST,algH[],issuerId2[],fp(pk(skI2[])),h(authTuple(issuerId2[],fp(pk(skI2[])),ssetH[],algH[],verH[])),cvB[],plI_3),sign((BYTES,framed(OT_ATTEST,algH[],issuerId2[],fp(pk(skI2[])),h(authTuple(issuerId2[],fp(pk(skI2[])),ssetH[],algH[],verH[])),cvB[],plI_3)),skI2[]))))),k)))),authTuple(idX_1,fp(pk(k)),ssM_1,algM_1,verM_1),sign((STMT_DIGEST,h(authTuple(idX_1,fp(pk(k)),ssM_1,algM_1,verM_1))),skS[]),pk(k),sign((POSS,authTuple(idX_1,fp(pk(k)),ssM_1,algM_1,verM_1)),k),authTuple(issuerId2[],fp(pk(skI2[])),ssetH[],algH[],verH[]),sign((STMT_DIGEST,h(authTuple(issuerId2[],fp(pk(skI2[])),ssetH[],algH[],verH[]))),skS[]),pk(skI2[]),sign((POSS,authTuple(issuerId2[],fp(pk(skI2[])),ssetH[],algH[],verH[])),skI2[])).
attacker((authTuple(idW2[],fp(pk(skW2[])),ssetH[],algH[],verH[]),sign((STMT_DIGEST,h(authTuple(idW2[],fp(pk(skW2[])),ssetH[],algH[],verH[]))),skS[]),pk(skW2[]),sign((POSS,authTuple(idW2[],fp(pk(skW2[])),ssetH[],algH[],verH[])),skW2[]),sign((BYTES,framed(OT_WRAPPER,algH[],idW2[],fp(pk(skW2[])),h(authTuple(idW2[],fp(pk(skW2[])),ssetH[],algH[],verH[])),cvA[],wrap(cvMw_1,(framed(OT_WRAPPER,algM_1,idX_1,fp(pk(k)),h(authTuple(idX_1,fp(pk(k)),ssM_1,algM_1,verM_1)),cvM_1,wrap(cvIw_5,(framed(OT_ATTEST,algH[],issuerId2[],fp(pk(skI2[])),h(authTuple(issuerId2[],fp(pk(skI2[])),ssetH[],algH[],verH[])),cvB[],plI_3),sign((BYTES,framed(OT_ATTEST,algH[],issuerId2[],fp(pk(skI2[])),h(authTuple(issuerId2[],fp(pk(skI2[])),ssetH[],algH[],verH[])),cvB[],plI_3)),skI2[])))),sign((BYTES,framed(OT_WRAPPER,algM_1,idX_1,fp(pk(k)),h(authTuple(idX_1,fp(pk(k)),ssM_1,algM_1,verM_1)),cvM_1,wrap(cvIw_5,(framed(OT_ATTEST,algH[],issuerId2[],fp(pk(skI2[])),h(authTuple(issuerId2[],fp(pk(skI2[])),ssetH[],algH[],verH[])),cvB[],plI_3),sign((BYTES,framed(OT_ATTEST,algH[],issuerId2[],fp(pk(skI2[])),h(authTuple(issuerId2[],fp(pk(skI2[])),ssetH[],algH[],verH[])),cvB[],plI_3)),skI2[]))))),k))))),skW2[]),framed(OT_WRAPPER,algH[],idW2[],fp(pk(skW2[])),h(authTuple(idW2[],fp(pk(skW2[])),ssetH[],algH[],verH[])),cvA[],wrap(cvMw_1,(framed(OT_WRAPPER,algM_1,idX_1,fp(pk(k)),h(authTuple(idX_1,fp(pk(k)),ssM_1,algM_1,verM_1)),cvM_1,wrap(cvIw_5,(framed(OT_ATTEST,algH[],issuerId2[],fp(pk(skI2[])),h(authTuple(issuerId2[],fp(pk(skI2[])),ssetH[],algH[],verH[])),cvB[],plI_3),sign((BYTES,framed(OT_ATTEST,algH[],issuerId2[],fp(pk(skI2[])),h(authTuple(issuerId2[],fp(pk(skI2[])),ssetH[],algH[],verH[])),cvB[],plI_3)),skI2[])))),sign((BYTES,framed(OT_WRAPPER,algM_1,idX_1,fp(pk(k)),h(authTuple(idX_1,fp(pk(k)),ssM_1,algM_1,verM_1)),cvM_1,wrap(cvIw_5,(framed(OT_ATTEST,algH[],issuerId2[],fp(pk(skI2[])),h(authTuple(issuerId2[],fp(pk(skI2[])),ssetH[],algH[],verH[])),cvB[],plI_3),sign((BYTES,framed(OT_ATTEST,algH[],issuerId2[],fp(pk(skI2[])),h(authTuple(issuerId2[],fp(pk(skI2[])),ssetH[],algH[],verH[])),cvB[],plI_3)),skI2[]))))),k)))),authTuple(idX_1,fp(pk(k)),ssM_1,algM_1,verM_1),sign((STMT_DIGEST,h(authTuple(idX_1,fp(pk(k)),ssM_1,algM_1,verM_1))),skS[]),pk(k),sign((POSS,authTuple(idX_1,fp(pk(k)),ssM_1,algM_1,verM_1)),k),authTuple(issuerId2[],fp(pk(skI2[])),ssetH[],algH[],verH[]),sign((STMT_DIGEST,h(authTuple(issuerId2[],fp(pk(skI2[])),ssetH[],algH[],verH[]))),skS[]),pk(skI2[]),sign((POSS,authTuple(issuerId2[],fp(pk(skI2[])),ssetH[],algH[],verH[])),skI2[]))).

64. The message (authTuple(idW2[],fp(pk(skW2[])),ssetH[],algH[],verH[]),sign((STMT_DIGEST,h(authTuple(idW2[],fp(pk(skW2[])),ssetH[],algH[],verH[]))),skS[]),pk(skW2[]),sign((POSS,authTuple(idW2[],fp(pk(skW2[])),ssetH[],algH[],verH[])),skW2[]),sign((BYTES,framed(OT_WRAPPER,algH[],idW2[],fp(pk(skW2[])),h(authTuple(idW2[],fp(pk(skW2[])),ssetH[],algH[],verH[])),cvA[],wrap(cvMw_1,(framed(OT_WRAPPER,algM_1,idX_1,fp(pk(k)),h(authTuple(idX_1,fp(pk(k)),ssM_1,algM_1,verM_1)),cvM_1,wrap(cvIw_5,(framed(OT_ATTEST,algH[],issuerId2[],fp(pk(skI2[])),h(authTuple(issuerId2[],fp(pk(skI2[])),ssetH[],algH[],verH[])),cvB[],plI_3),sign((BYTES,framed(OT_ATTEST,algH[],issuerId2[],fp(pk(skI2[])),h(authTuple(issuerId2[],fp(pk(skI2[])),ssetH[],algH[],verH[])),cvB[],plI_3)),skI2[])))),sign((BYTES,framed(OT_WRAPPER,algM_1,idX_1,fp(pk(k)),h(authTuple(idX_1,fp(pk(k)),ssM_1,algM_1,verM_1)),cvM_1,wrap(cvIw_5,(framed(OT_ATTEST,algH[],issuerId2[],fp(pk(skI2[])),h(authTuple(issuerId2[],fp(pk(skI2[])),ssetH[],algH[],verH[])),cvB[],plI_3),sign((BYTES,framed(OT_ATTEST,algH[],issuerId2[],fp(pk(skI2[])),h(authTuple(issuerId2[],fp(pk(skI2[])),ssetH[],algH[],verH[])),cvB[],plI_3)),skI2[]))))),k))))),skW2[]),framed(OT_WRAPPER,algH[],idW2[],fp(pk(skW2[])),h(authTuple(idW2[],fp(pk(skW2[])),ssetH[],algH[],verH[])),cvA[],wrap(cvMw_1,(framed(OT_WRAPPER,algM_1,idX_1,fp(pk(k)),h(authTuple(idX_1,fp(pk(k)),ssM_1,algM_1,verM_1)),cvM_1,wrap(cvIw_5,(framed(OT_ATTEST,algH[],issuerId2[],fp(pk(skI2[])),h(authTuple(issuerId2[],fp(pk(skI2[])),ssetH[],algH[],verH[])),cvB[],plI_3),sign((BYTES,framed(OT_ATTEST,algH[],issuerId2[],fp(pk(skI2[])),h(authTuple(issuerId2[],fp(pk(skI2[])),ssetH[],algH[],verH[])),cvB[],plI_3)),skI2[])))),sign((BYTES,framed(OT_WRAPPER,algM_1,idX_1,fp(pk(k)),h(authTuple(idX_1,fp(pk(k)),ssM_1,algM_1,verM_1)),cvM_1,wrap(cvIw_5,(framed(OT_ATTEST,algH[],issuerId2[],fp(pk(skI2[])),h(authTuple(issuerId2[],fp(pk(skI2[])),ssetH[],algH[],verH[])),cvB[],plI_3),sign((BYTES,framed(OT_ATTEST,algH[],issuerId2[],fp(pk(skI2[])),h(authTuple(issuerId2[],fp(pk(skI2[])),ssetH[],algH[],verH[])),cvB[],plI_3)),skI2[]))))),k)))),authTuple(idX_1,fp(pk(k)),ssM_1,algM_1,verM_1),sign((STMT_DIGEST,h(authTuple(idX_1,fp(pk(k)),ssM_1,algM_1,verM_1))),skS[]),pk(k),sign((POSS,authTuple(idX_1,fp(pk(k)),ssM_1,algM_1,verM_1)),k),authTuple(issuerId2[],fp(pk(skI2[])),ssetH[],algH[],verH[]),sign((STMT_DIGEST,h(authTuple(issuerId2[],fp(pk(skI2[])),ssetH[],algH[],verH[]))),skS[]),pk(skI2[]),sign((POSS,authTuple(issuerId2[],fp(pk(skI2[])),ssetH[],algH[],verH[])),skI2[])) that the attacker may have by 63 may be received at input {160}.
So the message (wctx2(pk(skW2[]),idW2[],pk(k),idX_1),pk(k),idX_1,framed(OT_ATTEST,algH[],issuerId2[],fp(pk(skI2[])),h(authTuple(issuerId2[],fp(pk(skI2[])),ssetH[],algH[],verH[])),cvB[],plI_3)) may be sent on channel scopeCh[] at output {189}.
mess(scopeCh[],(wctx2(pk(skW2[]),idW2[],pk(k),idX_1),pk(k),idX_1,framed(OT_ATTEST,algH[],issuerId2[],fp(pk(skI2[])),h(authTuple(issuerId2[],fp(pk(skI2[])),ssetH[],algH[],verH[])),cvB[],plI_3))).

65. The message (pk(skI2[]),issuerId2[],framed(OT_ATTEST,algH[],issuerId2[],fp(pk(skI2[])),h(authTuple(issuerId2[],fp(pk(skI2[])),ssetH[],algH[],verH[])),cvB[],plI_3)) that may be sent on channel honestInnerCh[] by 2 may be received at input {210}.
The message (wctx2(pk(skW2[]),idW2[],pk(k),idX_1),pk(k),idX_1,framed(OT_ATTEST,algH[],issuerId2[],fp(pk(skI2[])),h(authTuple(issuerId2[],fp(pk(skI2[])),ssetH[],algH[],verH[])),cvB[],plI_3)) that may be sent on channel scopeCh[] by 64 may be received at input {211}.
We have pk(k) ≠ pk(skI2[]).
So event RescopedD2(pk(k),idX_1,pk(skI2[]),issuerId2[],framed(OT_ATTEST,algH[],issuerId2[],fp(pk(skI2[])),h(authTuple(issuerId2[],fp(pk(skI2[])),ssetH[],algH[],verH[])),cvB[],plI_3)) may be executed at {214}.
event(RescopedD2(pk(k),idX_1,pk(skI2[]),issuerId2[],framed(OT_ATTEST,algH[],issuerId2[],fp(pk(skI2[])),h(authTuple(issuerId2[],fp(pk(skI2[])),ssetH[],algH[],verH[])),cvB[],plI_3))).

66. By 65, event(RescopedD2(pk(k),idX_1,pk(skI2[]),issuerId2[],framed(OT_ATTEST,algH[],issuerId2[],fp(pk(skI2[])),h(authTuple(issuerId2[],fp(pk(skI2[])),ssetH[],algH[],verH[])),cvB[],plI_3))).
The goal is reached, represented in the following fact:
event(RescopedD2(pk(k),idX_1,pk(skI2[]),issuerId2[],framed(OT_ATTEST,algH[],issuerId2[],fp(pk(skI2[])),h(authTuple(issuerId2[],fp(pk(skI2[])),ssetH[],algH[],verH[])),cvB[],plI_3))).


A more detailed output of the traces is available with
  set traceDisplay = long.

new skS: skey creating skS_5 at {1}

new skI1: skey creating skI1_1 at {2}

new skI2: skey creating skI2_1 at {3}

new skW1: skey creating skW1_1 at {4}

new skW2: skey creating skW2_1 at {5}

out(c, ~M) with ~M = pk(skS_5) at {10}

out(c, ~M_1) with ~M_1 = pk(skI1_1) at {11}

out(c, ~M_2) with ~M_2 = pk(skI2_1) at {12}

out(c, ~M_3) with ~M_3 = pk(skW1_1) at {13}

out(c, ~M_4) with ~M_4 = pk(skW2_1) at {14}

out(c, authTuple(~M_5,~M_6,~M_7,~M_8,~M_9)) with ~M_5 = issuerId, ~M_6 = fp(pk(skI1_1)), ~M_7 = ssetH, ~M_8 = algH, ~M_9 = verH at {15}

out(c, authTuple(~M_10,~M_11,~M_12,~M_13,~M_14)) with ~M_10 = issuerId2, ~M_11 = fp(pk(skI2_1)), ~M_12 = ssetH, ~M_13 = algH, ~M_14 = verH at {16}

out(c, authTuple(~M_15,~M_16,~M_17,~M_18,~M_19)) with ~M_15 = idW1, ~M_16 = fp(pk(skW1_1)), ~M_17 = ssetH, ~M_18 = algH, ~M_19 = verH at {17}

out(c, authTuple(~M_20,~M_21,~M_22,~M_23,~M_24)) with ~M_20 = idW2, ~M_21 = fp(pk(skW2_1)), ~M_22 = ssetH, ~M_23 = algH, ~M_24 = verH at {18}

out(c, ~M_25) with ~M_25 = skS_5 at {19}

in(c, a) at {68} in copy a_1

event IssuerPossession(pk(skI2_1)) at {69} in copy a_1

out(c, ~M_26) with ~M_26 = sign((POSS,authTuple(issuerId2,fp(pk(skI2_1)),ssetH,algH,verH)),skI2_1) at {71} in copy a_1

event IssuerSigned(pk(skI2_1),framed(OT_ATTEST,algH,issuerId2,fp(pk(skI2_1)),h(authTuple(issuerId2,fp(pk(skI2_1)),ssetH,algH,verH)),cvB,a)) at {74} in copy a_1

out(c, ~M_27) with ~M_27 = sign((BYTES,framed(OT_ATTEST,algH,issuerId2,fp(pk(skI2_1)),h(authTuple(issuerId2,fp(pk(skI2_1)),ssetH,algH,verH)),cvB,a)),skI2_1) at {79} in copy a_1

in(c, a_2) at {68} in copy a_3

event IssuerPossession(pk(skI2_1)) at {69} in copy a_3

out(c, ~M_28) with ~M_28 = sign((POSS,authTuple(issuerId2,fp(pk(skI2_1)),ssetH,algH,verH)),skI2_1) at {71} in copy a_3

event IssuerSigned(pk(skI2_1),framed(OT_ATTEST,algH,issuerId2,fp(pk(skI2_1)),h(authTuple(issuerId2,fp(pk(skI2_1)),ssetH,algH,verH)),cvB,a_2)) at {74} in copy a_3

out(c, ~M_29) with ~M_29 = sign((BYTES,framed(OT_ATTEST,algH,issuerId2,fp(pk(skI2_1)),h(authTuple(issuerId2,fp(pk(skI2_1)),ssetH,algH,verH)),cvB,a_2)),skI2_1) at {79} in copy a_3

in(c, a) at {68} in copy a_4

event IssuerPossession(pk(skI2_1)) at {69} in copy a_4

out(c, ~M_30) with ~M_30 = sign((POSS,authTuple(issuerId2,fp(pk(skI2_1)),ssetH,algH,verH)),skI2_1) at {71} in copy a_4

event IssuerSigned(pk(skI2_1),framed(OT_ATTEST,algH,issuerId2,fp(pk(skI2_1)),h(authTuple(issuerId2,fp(pk(skI2_1)),ssetH,algH,verH)),cvB,a)) at {74} in copy a_4

out(c, ~M_31) with ~M_31 = sign((BYTES,framed(OT_ATTEST,algH,issuerId2,fp(pk(skI2_1)),h(authTuple(issuerId2,fp(pk(skI2_1)),ssetH,algH,verH)),cvB,a)),skI2_1) at {79} in copy a_4

in(c, (a_5,a_6,a_7)) at {109} in copy a_8

event IssuerPossession(pk(skW2_1)) at {110} in copy a_8

out(c, ~M_32) with ~M_32 = sign((POSS,authTuple(idW2,fp(pk(skW2_1)),ssetH,algH,verH)),skW2_1) at {112} in copy a_8

event IssuerSigned(pk(skW2_1),framed(OT_WRAPPER,algH,idW2,fp(pk(skW2_1)),h(authTuple(idW2,fp(pk(skW2_1)),ssetH,algH,verH)),cvA,wrap(a_5,(a_6,a_7)))) at {114} in copy a_8

out(c, ~M_33) with ~M_33 = sign((BYTES,framed(OT_WRAPPER,algH,idW2,fp(pk(skW2_1)),h(authTuple(idW2,fp(pk(skW2_1)),ssetH,algH,verH)),cvA,wrap(a_5,(a_6,a_7)))),skW2_1) at {116} in copy a_8

in(c, (a_9,framed(OT_WRAPPER,a_10,a_11,fp(pk(a_12)),h(authTuple(a_11,fp(pk(a_12)),a_13,a_10,a_14)),a_15,wrap(a_16,(framed(OT_ATTEST,algH,issuerId2,fp(~M_2),h(authTuple(issuerId2,fp(~M_2),ssetH,algH,verH)),cvB,a),~M_27))),sign((BYTES,framed(OT_WRAPPER,a_10,a_11,fp(pk(a_12)),h(authTuple(a_11,fp(pk(a_12)),a_13,a_10,a_14)),a_15,wrap(a_16,(framed(OT_ATTEST,algH,issuerId2,fp(~M_2),h(authTuple(issuerId2,fp(~M_2),ssetH,algH,verH)),cvB,a),~M_27)))),a_12))) with fp(~M_2) = fp(pk(skI2_1)), h(authTuple(issuerId2,fp(~M_2),ssetH,algH,verH)) = h(authTuple(issuerId2,fp(pk(skI2_1)),ssetH,algH,verH)), ~M_27 = sign((BYTES,framed(OT_ATTEST,algH,issuerId2,fp(pk(skI2_1)),h(authTuple(issuerId2,fp(pk(skI2_1)),ssetH,algH,verH)),cvB,a)),skI2_1), sign((BYTES,framed(OT_WRAPPER,a_10,a_11,fp(pk(a_12)),h(authTuple(a_11,fp(pk(a_12)),a_13,a_10,a_14)),a_15,wrap(a_16,(framed(OT_ATTEST,algH,issuerId2,fp(~M_2),h(authTuple(issuerId2,fp(~M_2),ssetH,algH,verH)),cvB,a),~M_27)))),a_12) = sign((BYTES,framed(OT_WRAPPER,a_10,a_11,fp(pk(a_12)),h(authTuple(a_11,fp(pk(a_12)),a_13,a_10,a_14)),a_15,wrap(a_16,(framed(OT_ATTEST,algH,issuerId2,fp(pk(skI2_1)),h(authTuple(issuerId2,fp(pk(skI2_1)),ssetH,algH,verH)),cvB,a),sign((BYTES,framed(OT_ATTEST,algH,issuerId2,fp(pk(skI2_1)),h(authTuple(issuerId2,fp(pk(skI2_1)),ssetH,algH,verH)),cvB,a)),skI2_1))))),a_12) at {109} in copy a_17

event IssuerPossession(pk(skW2_1)) at {110} in copy a_17

out(c, ~M_34) with ~M_34 = sign((POSS,authTuple(idW2,fp(pk(skW2_1)),ssetH,algH,verH)),skW2_1) at {112} in copy a_17

event IssuerSigned(pk(skW2_1),framed(OT_WRAPPER,algH,idW2,fp(pk(skW2_1)),h(authTuple(idW2,fp(pk(skW2_1)),ssetH,algH,verH)),cvA,wrap(a_9,(framed(OT_WRAPPER,a_10,a_11,fp(pk(a_12)),h(authTuple(a_11,fp(pk(a_12)),a_13,a_10,a_14)),a_15,wrap(a_16,(framed(OT_ATTEST,algH,issuerId2,fp(pk(skI2_1)),h(authTuple(issuerId2,fp(pk(skI2_1)),ssetH,algH,verH)),cvB,a),sign((BYTES,framed(OT_ATTEST,algH,issuerId2,fp(pk(skI2_1)),h(authTuple(issuerId2,fp(pk(skI2_1)),ssetH,algH,verH)),cvB,a)),skI2_1)))),sign((BYTES,framed(OT_WRAPPER,a_10,a_11,fp(pk(a_12)),h(authTuple(a_11,fp(pk(a_12)),a_13,a_10,a_14)),a_15,wrap(a_16,(framed(OT_ATTEST,algH,issuerId2,fp(pk(skI2_1)),h(authTuple(issuerId2,fp(pk(skI2_1)),ssetH,algH,verH)),cvB,a),sign((BYTES,framed(OT_ATTEST,algH,issuerId2,fp(pk(skI2_1)),h(authTuple(issuerId2,fp(pk(skI2_1)),ssetH,algH,verH)),cvB,a)),skI2_1))))),a_12))))) at {114} in copy a_17

out(c, ~M_35) with ~M_35 = sign((BYTES,framed(OT_WRAPPER,algH,idW2,fp(pk(skW2_1)),h(authTuple(idW2,fp(pk(skW2_1)),ssetH,algH,verH)),cvA,wrap(a_9,(framed(OT_WRAPPER,a_10,a_11,fp(pk(a_12)),h(authTuple(a_11,fp(pk(a_12)),a_13,a_10,a_14)),a_15,wrap(a_16,(framed(OT_ATTEST,algH,issuerId2,fp(pk(skI2_1)),h(authTuple(issuerId2,fp(pk(skI2_1)),ssetH,algH,verH)),cvB,a),sign((BYTES,framed(OT_ATTEST,algH,issuerId2,fp(pk(skI2_1)),h(authTuple(issuerId2,fp(pk(skI2_1)),ssetH,algH,verH)),cvB,a)),skI2_1)))),sign((BYTES,framed(OT_WRAPPER,a_10,a_11,fp(pk(a_12)),h(authTuple(a_11,fp(pk(a_12)),a_13,a_10,a_14)),a_15,wrap(a_16,(framed(OT_ATTEST,algH,issuerId2,fp(pk(skI2_1)),h(authTuple(issuerId2,fp(pk(skI2_1)),ssetH,algH,verH)),cvB,a),sign((BYTES,framed(OT_ATTEST,algH,issuerId2,fp(pk(skI2_1)),h(authTuple(issuerId2,fp(pk(skI2_1)),ssetH,algH,verH)),cvB,a)),skI2_1))))),a_12))))),skW2_1) at {116} in copy a_17

in(c, (authTuple(idW2,fp(~M_4),ssetH,algH,verH),sign((STMT_DIGEST,h(authTuple(idW2,fp(~M_4),ssetH,algH,verH))),~M_25),~M_4,~M_32,~M_35,framed(OT_WRAPPER,algH,idW2,fp(~M_4),h(authTuple(idW2,fp(~M_4),ssetH,algH,verH)),cvA,wrap(a_9,(framed(OT_WRAPPER,a_10,a_11,fp(pk(a_12)),h(authTuple(a_11,fp(pk(a_12)),a_13,a_10,a_14)),a_15,wrap(a_16,(framed(OT_ATTEST,algH,issuerId2,fp(~M_2),h(authTuple(issuerId2,fp(~M_2),ssetH,algH,verH)),cvB,a),~M_27))),sign((BYTES,framed(OT_WRAPPER,a_10,a_11,fp(pk(a_12)),h(authTuple(a_11,fp(pk(a_12)),a_13,a_10,a_14)),a_15,wrap(a_16,(framed(OT_ATTEST,algH,issuerId2,fp(~M_2),h(authTuple(issuerId2,fp(~M_2),ssetH,algH,verH)),cvB,a),~M_27)))),a_12)))),authTuple(a_11,fp(pk(a_12)),a_13,a_10,a_14),sign((STMT_DIGEST,h(authTuple(a_11,fp(pk(a_12)),a_13,a_10,a_14))),~M_25),pk(a_12),sign((POSS,authTuple(a_11,fp(pk(a_12)),a_13,a_10,a_14)),a_12),authTuple(issuerId2,fp(~M_2),ssetH,algH,verH),sign((STMT_DIGEST,h(authTuple(issuerId2,fp(~M_2),ssetH,algH,verH))),~M_25),~M_2,~M_26)) with fp(~M_4) = fp(pk(skW2_1)), sign((STMT_DIGEST,h(authTuple(idW2,fp(~M_4),ssetH,algH,verH))),~M_25) = sign((STMT_DIGEST,h(authTuple(idW2,fp(pk(skW2_1)),ssetH,algH,verH))),skS_5), ~M_4 = pk(skW2_1), ~M_32 = sign((POSS,authTuple(idW2,fp(pk(skW2_1)),ssetH,algH,verH)),skW2_1), ~M_35 = sign((BYTES,framed(OT_WRAPPER,algH,idW2,fp(pk(skW2_1)),h(authTuple(idW2,fp(pk(skW2_1)),ssetH,algH,verH)),cvA,wrap(a_9,(framed(OT_WRAPPER,a_10,a_11,fp(pk(a_12)),h(authTuple(a_11,fp(pk(a_12)),a_13,a_10,a_14)),a_15,wrap(a_16,(framed(OT_ATTEST,algH,issuerId2,fp(pk(skI2_1)),h(authTuple(issuerId2,fp(pk(skI2_1)),ssetH,algH,verH)),cvB,a),sign((BYTES,framed(OT_ATTEST,algH,issuerId2,fp(pk(skI2_1)),h(authTuple(issuerId2,fp(pk(skI2_1)),ssetH,algH,verH)),cvB,a)),skI2_1)))),sign((BYTES,framed(OT_WRAPPER,a_10,a_11,fp(pk(a_12)),h(authTuple(a_11,fp(pk(a_12)),a_13,a_10,a_14)),a_15,wrap(a_16,(framed(OT_ATTEST,algH,issuerId2,fp(pk(skI2_1)),h(authTuple(issuerId2,fp(pk(skI2_1)),ssetH,algH,verH)),cvB,a),sign((BYTES,framed(OT_ATTEST,algH,issuerId2,fp(pk(skI2_1)),h(authTuple(issuerId2,fp(pk(skI2_1)),ssetH,algH,verH)),cvB,a)),skI2_1))))),a_12))))),skW2_1), fp(~M_4) = fp(pk(skW2_1)), h(authTuple(idW2,fp(~M_4),ssetH,algH,verH)) = h(authTuple(idW2,fp(pk(skW2_1)),ssetH,algH,verH)), fp(~M_2) = fp(pk(skI2_1)), h(authTuple(issuerId2,fp(~M_2),ssetH,algH,verH)) = h(authTuple(issuerId2,fp(pk(skI2_1)),ssetH,algH,verH)), ~M_27 = sign((BYTES,framed(OT_ATTEST,algH,issuerId2,fp(pk(skI2_1)),h(authTuple(issuerId2,fp(pk(skI2_1)),ssetH,algH,verH)),cvB,a)),skI2_1), sign((BYTES,framed(OT_WRAPPER,a_10,a_11,fp(pk(a_12)),h(authTuple(a_11,fp(pk(a_12)),a_13,a_10,a_14)),a_15,wrap(a_16,(framed(OT_ATTEST,algH,issuerId2,fp(~M_2),h(authTuple(issuerId2,fp(~M_2),ssetH,algH,verH)),cvB,a),~M_27)))),a_12) = sign((BYTES,framed(OT_WRAPPER,a_10,a_11,fp(pk(a_12)),h(authTuple(a_11,fp(pk(a_12)),a_13,a_10,a_14)),a_15,wrap(a_16,(framed(OT_ATTEST,algH,issuerId2,fp(pk(skI2_1)),h(authTuple(issuerId2,fp(pk(skI2_1)),ssetH,algH,verH)),cvB,a),sign((BYTES,framed(OT_ATTEST,algH,issuerId2,fp(pk(skI2_1)),h(authTuple(issuerId2,fp(pk(skI2_1)),ssetH,algH,verH)),cvB,a)),skI2_1))))),a_12), sign((STMT_DIGEST,h(authTuple(a_11,fp(pk(a_12)),a_13,a_10,a_14))),~M_25) = sign((STMT_DIGEST,h(authTuple(a_11,fp(pk(a_12)),a_13,a_10,a_14))),skS_5), fp(~M_2) = fp(pk(skI2_1)), sign((STMT_DIGEST,h(authTuple(issuerId2,fp(~M_2),ssetH,algH,verH))),~M_25) = sign((STMT_DIGEST,h(authTuple(issuerId2,fp(pk(skI2_1)),ssetH,algH,verH))),skS_5), ~M_2 = pk(skI2_1), ~M_26 = sign((POSS,authTuple(issuerId2,fp(pk(skI2_1)),ssetH,algH,verH)),skI2_1) at {160} in copy a_18

event AcceptOuter(pk(skW2_1),idW2,framed(OT_WRAPPER,algH,idW2,fp(pk(skW2_1)),h(authTuple(idW2,fp(pk(skW2_1)),ssetH,algH,verH)),cvA,wrap(a_9,(framed(OT_WRAPPER,a_10,a_11,fp(pk(a_12)),h(authTuple(a_11,fp(pk(a_12)),a_13,a_10,a_14)),a_15,wrap(a_16,(framed(OT_ATTEST,algH,issuerId2,fp(pk(skI2_1)),h(authTuple(issuerId2,fp(pk(skI2_1)),ssetH,algH,verH)),cvB,a),sign((BYTES,framed(OT_ATTEST,algH,issuerId2,fp(pk(skI2_1)),h(authTuple(issuerId2,fp(pk(skI2_1)),ssetH,algH,verH)),cvB,a)),skI2_1)))),sign((BYTES,framed(OT_WRAPPER,a_10,a_11,fp(pk(a_12)),h(authTuple(a_11,fp(pk(a_12)),a_13,a_10,a_14)),a_15,wrap(a_16,(framed(OT_ATTEST,algH,issuerId2,fp(pk(skI2_1)),h(authTuple(issuerId2,fp(pk(skI2_1)),ssetH,algH,verH)),cvB,a),sign((BYTES,framed(OT_ATTEST,algH,issuerId2,fp(pk(skI2_1)),h(authTuple(issuerId2,fp(pk(skI2_1)),ssetH,algH,verH)),cvB,a)),skI2_1))))),a_12))))) at {168} in copy a_18

event AcceptMiddle(pk(skW2_1),idW2,pk(a_12),a_11,framed(OT_WRAPPER,a_10,a_11,fp(pk(a_12)),h(authTuple(a_11,fp(pk(a_12)),a_13,a_10,a_14)),a_15,wrap(a_16,(framed(OT_ATTEST,algH,issuerId2,fp(pk(skI2_1)),h(authTuple(issuerId2,fp(pk(skI2_1)),ssetH,algH,verH)),cvB,a),sign((BYTES,framed(OT_ATTEST,algH,issuerId2,fp(pk(skI2_1)),h(authTuple(issuerId2,fp(pk(skI2_1)),ssetH,algH,verH)),cvB,a)),skI2_1))))) at {177} in copy a_18

event AcceptInner(wctx2(pk(skW2_1),idW2,pk(a_12),a_11),pk(a_12),a_11,framed(OT_ATTEST,algH,issuerId2,fp(pk(skI2_1)),h(authTuple(issuerId2,fp(pk(skI2_1)),ssetH,algH,verH)),cvB,a)) at {186} in copy a_18

out(honestInnerCh, (pk(skI2_1),issuerId2,framed(OT_ATTEST,algH,issuerId2,fp(pk(skI2_1)),h(authTuple(issuerId2,fp(pk(skI2_1)),ssetH,algH,verH)),cvB,a))) at {77} in copy a_1 received at {210} in copy a_19

out(scopeCh, (wctx2(pk(skW2_1),idW2,pk(a_12),a_11),pk(a_12),a_11,framed(OT_ATTEST,algH,issuerId2,fp(pk(skI2_1)),h(authTuple(issuerId2,fp(pk(skI2_1)),ssetH,algH,verH)),cvB,a))) at {189} in copy a_18 received at {211} in copy a_19

event RescopedD2(pk(a_12),a_11,pk(skI2_1),issuerId2,framed(OT_ATTEST,algH,issuerId2,fp(pk(skI2_1)),h(authTuple(issuerId2,fp(pk(skI2_1)),ssetH,algH,verH)),cvB,a)) at {214} in copy a_19 (goal)

The event RescopedD2(pk(a_12),a_11,pk(skI2_1),issuerId2,framed(OT_ATTEST,algH,issuerId2,fp(pk(skI2_1)),h(authTuple(issuerId2,fp(pk(skI2_1)),ssetH,algH,verH)),cvB,a)) is executed at {214} in copy a_19.
A trace has been found.
RESULT not event(RescopedD2(kX_1,idX_1,kH_5,idH_2,fb)) is false.
-- Query not event(InnerSigTransplanted(kX_1,s)) in process 1.
Translating the process into Horn clauses...
Completing...
200 rules inserted. Base: 177 rules (79 with conclusion selected). Queue: 46 rules.
400 rules inserted. Base: 266 rules (79 with conclusion selected). Queue: 128 rules.
600 rules inserted. Base: 296 rules (79 with conclusion selected). Queue: 192 rules.
800 rules inserted. Base: 285 rules (79 with conclusion selected). Queue: 240 rules.
1000 rules inserted. Base: 339 rules (95 with conclusion selected). Queue: 347 rules.
1200 rules inserted. Base: 339 rules (95 with conclusion selected). Queue: 356 rules.
1400 rules inserted. Base: 362 rules (95 with conclusion selected). Queue: 363 rules.
1600 rules inserted. Base: 362 rules (95 with conclusion selected). Queue: 399 rules.
1800 rules inserted. Base: 362 rules (95 with conclusion selected). Queue: 453 rules.
2000 rules inserted. Base: 362 rules (95 with conclusion selected). Queue: 503 rules.
2200 rules inserted. Base: 384 rules (97 with conclusion selected). Queue: 508 rules.
2400 rules inserted. Base: 392 rules (98 with conclusion selected). Queue: 618 rules.
2600 rules inserted. Base: 392 rules (98 with conclusion selected). Queue: 734 rules.
2800 rules inserted. Base: 406 rules (98 with conclusion selected). Queue: 727 rules.
3000 rules inserted. Base: 412 rules (100 with conclusion selected). Queue: 698 rules.
3200 rules inserted. Base: 416 rules (101 with conclusion selected). Queue: 670 rules.
3400 rules inserted. Base: 527 rules (101 with conclusion selected). Queue: 547 rules.
3600 rules inserted. Base: 527 rules (101 with conclusion selected). Queue: 547 rules.
3800 rules inserted. Base: 527 rules (101 with conclusion selected). Queue: 547 rules.
4000 rules inserted. Base: 567 rules (134 with conclusion selected). Queue: 527 rules.
4200 rules inserted. Base: 579 rules (134 with conclusion selected). Queue: 515 rules.
4400 rules inserted. Base: 588 rules (134 with conclusion selected). Queue: 506 rules.
4600 rules inserted. Base: 616 rules (142 with conclusion selected). Queue: 482 rules.
4800 rules inserted. Base: 631 rules (153 with conclusion selected). Queue: 469 rules.
5000 rules inserted. Base: 640 rules (158 with conclusion selected). Queue: 463 rules.
5200 rules inserted. Base: 651 rules (158 with conclusion selected). Queue: 460 rules.
5400 rules inserted. Base: 662 rules (158 with conclusion selected). Queue: 465 rules.
5600 rules inserted. Base: 728 rules (165 with conclusion selected). Queue: 423 rules.
5800 rules inserted. Base: 800 rules (175 with conclusion selected). Queue: 372 rules.
6000 rules inserted. Base: 866 rules (176 with conclusion selected). Queue: 359 rules.
6200 rules inserted. Base: 919 rules (176 with conclusion selected). Queue: 377 rules.
6400 rules inserted. Base: 1049 rules (176 with conclusion selected). Queue: 218 rules.
6600 rules inserted. Base: 1199 rules (238 with conclusion selected). Queue: 43 rules.
Starting query not event(InnerSigTransplanted(kX_1,s))
RESULT not event(InnerSigTransplanted(kX_1,s)) is true.
-- Query not event(HonestWrappedAcceptedD1(kH_5,fb,kW_3)) in process 1.
Translating the process into Horn clauses...
Completing...
200 rules inserted. Base: 177 rules (79 with conclusion selected). Queue: 46 rules.
400 rules inserted. Base: 265 rules (79 with conclusion selected). Queue: 128 rules.
600 rules inserted. Base: 293 rules (79 with conclusion selected). Queue: 194 rules.
800 rules inserted. Base: 284 rules (79 with conclusion selected). Queue: 232 rules.
1000 rules inserted. Base: 338 rules (95 with conclusion selected). Queue: 347 rules.
1200 rules inserted. Base: 338 rules (95 with conclusion selected). Queue: 356 rules.
1400 rules inserted. Base: 361 rules (95 with conclusion selected). Queue: 363 rules.
1600 rules inserted. Base: 361 rules (95 with conclusion selected). Queue: 399 rules.
1800 rules inserted. Base: 361 rules (95 with conclusion selected). Queue: 453 rules.
2000 rules inserted. Base: 361 rules (95 with conclusion selected). Queue: 503 rules.
2200 rules inserted. Base: 383 rules (97 with conclusion selected). Queue: 509 rules.
2400 rules inserted. Base: 391 rules (98 with conclusion selected). Queue: 615 rules.
2600 rules inserted. Base: 391 rules (98 with conclusion selected). Queue: 733 rules.
2800 rules inserted. Base: 404 rules (98 with conclusion selected). Queue: 727 rules.
3000 rules inserted. Base: 410 rules (100 with conclusion selected). Queue: 699 rules.
3200 rules inserted. Base: 414 rules (101 with conclusion selected). Queue: 671 rules.
3400 rules inserted. Base: 526 rules (102 with conclusion selected). Queue: 546 rules.
3600 rules inserted. Base: 526 rules (102 with conclusion selected). Queue: 546 rules.
3800 rules inserted. Base: 526 rules (102 with conclusion selected). Queue: 546 rules.
4000 rules inserted. Base: 565 rules (135 with conclusion selected). Queue: 536 rules.
4200 rules inserted. Base: 577 rules (135 with conclusion selected). Queue: 524 rules.
4400 rules inserted. Base: 586 rules (135 with conclusion selected). Queue: 515 rules.
4600 rules inserted. Base: 616 rules (143 with conclusion selected). Queue: 490 rules.
4800 rules inserted. Base: 628 rules (151 with conclusion selected). Queue: 481 rules.
5000 rules inserted. Base: 645 rules (166 with conclusion selected). Queue: 466 rules.
5200 rules inserted. Base: 655 rules (166 with conclusion selected). Queue: 465 rules.
5400 rules inserted. Base: 666 rules (166 with conclusion selected). Queue: 465 rules.
5600 rules inserted. Base: 727 rules (172 with conclusion selected). Queue: 431 rules.
5800 rules inserted. Base: 797 rules (180 with conclusion selected). Queue: 382 rules.
6000 rules inserted. Base: 860 rules (184 with conclusion selected). Queue: 369 rules.
6200 rules inserted. Base: 921 rules (184 with conclusion selected). Queue: 356 rules.
6400 rules inserted. Base: 1037 rules (184 with conclusion selected). Queue: 240 rules.
6600 rules inserted. Base: 1182 rules (222 with conclusion selected). Queue: 67 rules.
Starting query not event(HonestWrappedAcceptedD1(kH_5,fb,kW_3))
goal reachable: attacker(k) && attacker(plI_3) -> event(HonestWrappedAcceptedD1(pk(skI2[]),framed(OT_ATTEST,algH[],issuerId2[],fp(pk(skI2[])),h(authTuple(issuerId2[],fp(pk(skI2[])),ssetH[],algH[],verH[])),cvB[],plI_3),pk(k)))

Derivation:

1. We assume as hypothesis that
attacker(plI_3).

2. The message plI_3 that the attacker may have by 1 may be received at input {68}.
So the message (pk(skI2[]),issuerId2[],framed(OT_ATTEST,algH[],issuerId2[],fp(pk(skI2[])),h(authTuple(issuerId2[],fp(pk(skI2[])),ssetH[],algH[],verH[])),cvB[],plI_3)) may be sent on channel honestInnerCh[] at output {77}.
mess(honestInnerCh[],(pk(skI2[]),issuerId2[],framed(OT_ATTEST,algH[],issuerId2[],fp(pk(skI2[])),h(authTuple(issuerId2[],fp(pk(skI2[])),ssetH[],algH[],verH[])),cvB[],plI_3))).

3. The attacker has some term payload_3.
attacker(payload_3).

4. The message payload_3 that the attacker may have by 3 may be received at input {68}.
So the message sign((POSS,authTuple(issuerId2[],fp(pk(skI2[])),ssetH[],algH[],verH[])),skI2[]) may be sent to the attacker at output {71}.
attacker(sign((POSS,authTuple(issuerId2[],fp(pk(skI2[])),ssetH[],algH[],verH[])),skI2[])).

5. The message pk(skI2[]) may be sent to the attacker at output {12}.
attacker(pk(skI2[])).

6. The message skS[] may be sent to the attacker at output {19}.
attacker(skS[]).

7. The attacker initially knows verH[].
attacker(verH[]).

8. The attacker initially knows algH[].
attacker(algH[]).

9. The attacker initially knows ssetH[].
attacker(ssetH[]).

10. By 5, the attacker may know pk(skI2[]).
Using the function fp the attacker may obtain fp(pk(skI2[])).
attacker(fp(pk(skI2[]))).

11. The attacker initially knows issuerId2[].
attacker(issuerId2[]).

12. By 11, the attacker may know issuerId2[].
By 10, the attacker may know fp(pk(skI2[])).
By 9, the attacker may know ssetH[].
By 8, the attacker may know algH[].
By 7, the attacker may know verH[].
Using the function authTuple the attacker may obtain authTuple(issuerId2[],fp(pk(skI2[])),ssetH[],algH[],verH[]).
attacker(authTuple(issuerId2[],fp(pk(skI2[])),ssetH[],algH[],verH[])).

13. By 12, the attacker may know authTuple(issuerId2[],fp(pk(skI2[])),ssetH[],algH[],verH[]).
Using the function h the attacker may obtain h(authTuple(issuerId2[],fp(pk(skI2[])),ssetH[],algH[],verH[])).
attacker(h(authTuple(issuerId2[],fp(pk(skI2[])),ssetH[],algH[],verH[]))).

14. Using the function STMT_DIGEST the attacker may obtain STMT_DIGEST.
attacker(STMT_DIGEST).

15. By 14, the attacker may know STMT_DIGEST.
By 13, the attacker may know h(authTuple(issuerId2[],fp(pk(skI2[])),ssetH[],algH[],verH[])).
Using the function 2-tuple the attacker may obtain (STMT_DIGEST,h(authTuple(issuerId2[],fp(pk(skI2[])),ssetH[],algH[],verH[]))).
attacker((STMT_DIGEST,h(authTuple(issuerId2[],fp(pk(skI2[])),ssetH[],algH[],verH[])))).

16. By 15, the attacker may know (STMT_DIGEST,h(authTuple(issuerId2[],fp(pk(skI2[])),ssetH[],algH[],verH[]))).
By 6, the attacker may know skS[].
Using the function sign the attacker may obtain sign((STMT_DIGEST,h(authTuple(issuerId2[],fp(pk(skI2[])),ssetH[],algH[],verH[]))),skS[]).
attacker(sign((STMT_DIGEST,h(authTuple(issuerId2[],fp(pk(skI2[])),ssetH[],algH[],verH[]))),skS[])).

17. The message plI_3 that the attacker may have by 1 may be received at input {68}.
So the message sign((BYTES,framed(OT_ATTEST,algH[],issuerId2[],fp(pk(skI2[])),h(authTuple(issuerId2[],fp(pk(skI2[])),ssetH[],algH[],verH[])),cvB[],plI_3)),skI2[]) may be sent to the attacker at output {79}.
attacker(sign((BYTES,framed(OT_ATTEST,algH[],issuerId2[],fp(pk(skI2[])),h(authTuple(issuerId2[],fp(pk(skI2[])),ssetH[],algH[],verH[])),cvB[],plI_3)),skI2[])).

18. The attacker initially knows cvB[].
attacker(cvB[]).

19. Using the function OT_ATTEST the attacker may obtain OT_ATTEST.
attacker(OT_ATTEST).

20. By 19, the attacker may know OT_ATTEST.
By 8, the attacker may know algH[].
By 11, the attacker may know issuerId2[].
By 10, the attacker may know fp(pk(skI2[])).
By 13, the attacker may know h(authTuple(issuerId2[],fp(pk(skI2[])),ssetH[],algH[],verH[])).
By 18, the attacker may know cvB[].
By 1, the attacker may know plI_3.
Using the function framed the attacker may obtain framed(OT_ATTEST,algH[],issuerId2[],fp(pk(skI2[])),h(authTuple(issuerId2[],fp(pk(skI2[])),ssetH[],algH[],verH[])),cvB[],plI_3).
attacker(framed(OT_ATTEST,algH[],issuerId2[],fp(pk(skI2[])),h(authTuple(issuerId2[],fp(pk(skI2[])),ssetH[],algH[],verH[])),cvB[],plI_3)).

21. By 20, the attacker may know framed(OT_ATTEST,algH[],issuerId2[],fp(pk(skI2[])),h(authTuple(issuerId2[],fp(pk(skI2[])),ssetH[],algH[],verH[])),cvB[],plI_3).
By 17, the attacker may know sign((BYTES,framed(OT_ATTEST,algH[],issuerId2[],fp(pk(skI2[])),h(authTuple(issuerId2[],fp(pk(skI2[])),ssetH[],algH[],verH[])),cvB[],plI_3)),skI2[]).
Using the function 2-tuple the attacker may obtain (framed(OT_ATTEST,algH[],issuerId2[],fp(pk(skI2[])),h(authTuple(issuerId2[],fp(pk(skI2[])),ssetH[],algH[],verH[])),cvB[],plI_3),sign((BYTES,framed(OT_ATTEST,algH[],issuerId2[],fp(pk(skI2[])),h(authTuple(issuerId2[],fp(pk(skI2[])),ssetH[],algH[],verH[])),cvB[],plI_3)),skI2[])).
attacker((framed(OT_ATTEST,algH[],issuerId2[],fp(pk(skI2[])),h(authTuple(issuerId2[],fp(pk(skI2[])),ssetH[],algH[],verH[])),cvB[],plI_3),sign((BYTES,framed(OT_ATTEST,algH[],issuerId2[],fp(pk(skI2[])),h(authTuple(issuerId2[],fp(pk(skI2[])),ssetH[],algH[],verH[])),cvB[],plI_3)),skI2[]))).

22. The attacker has some term cvIw_5.
attacker(cvIw_5).

23. By 22, the attacker may know cvIw_5.
By 21, the attacker may know (framed(OT_ATTEST,algH[],issuerId2[],fp(pk(skI2[])),h(authTuple(issuerId2[],fp(pk(skI2[])),ssetH[],algH[],verH[])),cvB[],plI_3),sign((BYTES,framed(OT_ATTEST,algH[],issuerId2[],fp(pk(skI2[])),h(authTuple(issuerId2[],fp(pk(skI2[])),ssetH[],algH[],verH[])),cvB[],plI_3)),skI2[])).
Using the function wrap the attacker may obtain wrap(cvIw_5,(framed(OT_ATTEST,algH[],issuerId2[],fp(pk(skI2[])),h(authTuple(issuerId2[],fp(pk(skI2[])),ssetH[],algH[],verH[])),cvB[],plI_3),sign((BYTES,framed(OT_ATTEST,algH[],issuerId2[],fp(pk(skI2[])),h(authTuple(issuerId2[],fp(pk(skI2[])),ssetH[],algH[],verH[])),cvB[],plI_3)),skI2[]))).
attacker(wrap(cvIw_5,(framed(OT_ATTEST,algH[],issuerId2[],fp(pk(skI2[])),h(authTuple(issuerId2[],fp(pk(skI2[])),ssetH[],algH[],verH[])),cvB[],plI_3),sign((BYTES,framed(OT_ATTEST,algH[],issuerId2[],fp(pk(skI2[])),h(authTuple(issuerId2[],fp(pk(skI2[])),ssetH[],algH[],verH[])),cvB[],plI_3)),skI2[])))).

24. The attacker has some term cvW_4.
attacker(cvW_4).

25. The attacker has some term verW_1.
attacker(verW_1).

26. The attacker has some term algW_1.
attacker(algW_1).

27. The attacker has some term ssW_1.
attacker(ssW_1).

28. We assume as hypothesis that
attacker(k).

29. By 28, the attacker may know k.
Using the function pk the attacker may obtain pk(k).
attacker(pk(k)).

30. By 29, the attacker may know pk(k).
Using the function fp the attacker may obtain fp(pk(k)).
attacker(fp(pk(k))).

31. The attacker has some term idW_6.
attacker(idW_6).

32. By 31, the attacker may know idW_6.
By 30, the attacker may know fp(pk(k)).
By 27, the attacker may know ssW_1.
By 26, the attacker may know algW_1.
By 25, the attacker may know verW_1.
Using the function authTuple the attacker may obtain authTuple(idW_6,fp(pk(k)),ssW_1,algW_1,verW_1).
attacker(authTuple(idW_6,fp(pk(k)),ssW_1,algW_1,verW_1)).

33. By 32, the attacker may know authTuple(idW_6,fp(pk(k)),ssW_1,algW_1,verW_1).
Using the function h the attacker may obtain h(authTuple(idW_6,fp(pk(k)),ssW_1,algW_1,verW_1)).
attacker(h(authTuple(idW_6,fp(pk(k)),ssW_1,algW_1,verW_1))).

34. Using the function OT_WRAPPER the attacker may obtain OT_WRAPPER.
attacker(OT_WRAPPER).

35. By 34, the attacker may know OT_WRAPPER.
By 26, the attacker may know algW_1.
By 31, the attacker may know idW_6.
By 30, the attacker may know fp(pk(k)).
By 33, the attacker may know h(authTuple(idW_6,fp(pk(k)),ssW_1,algW_1,verW_1)).
By 24, the attacker may know cvW_4.
By 23, the attacker may know wrap(cvIw_5,(framed(OT_ATTEST,algH[],issuerId2[],fp(pk(skI2[])),h(authTuple(issuerId2[],fp(pk(skI2[])),ssetH[],algH[],verH[])),cvB[],plI_3),sign((BYTES,framed(OT_ATTEST,algH[],issuerId2[],fp(pk(skI2[])),h(authTuple(issuerId2[],fp(pk(skI2[])),ssetH[],algH[],verH[])),cvB[],plI_3)),skI2[]))).
Using the function framed the attacker may obtain framed(OT_WRAPPER,algW_1,idW_6,fp(pk(k)),h(authTuple(idW_6,fp(pk(k)),ssW_1,algW_1,verW_1)),cvW_4,wrap(cvIw_5,(framed(OT_ATTEST,algH[],issuerId2[],fp(pk(skI2[])),h(authTuple(issuerId2[],fp(pk(skI2[])),ssetH[],algH[],verH[])),cvB[],plI_3),sign((BYTES,framed(OT_ATTEST,algH[],issuerId2[],fp(pk(skI2[])),h(authTuple(issuerId2[],fp(pk(skI2[])),ssetH[],algH[],verH[])),cvB[],plI_3)),skI2[])))).
attacker(framed(OT_WRAPPER,algW_1,idW_6,fp(pk(k)),h(authTuple(idW_6,fp(pk(k)),ssW_1,algW_1,verW_1)),cvW_4,wrap(cvIw_5,(framed(OT_ATTEST,algH[],issuerId2[],fp(pk(skI2[])),h(authTuple(issuerId2[],fp(pk(skI2[])),ssetH[],algH[],verH[])),cvB[],plI_3),sign((BYTES,framed(OT_ATTEST,algH[],issuerId2[],fp(pk(skI2[])),h(authTuple(issuerId2[],fp(pk(skI2[])),ssetH[],algH[],verH[])),cvB[],plI_3)),skI2[]))))).

36. Using the function BYTES the attacker may obtain BYTES.
attacker(BYTES).

37. By 36, the attacker may know BYTES.
By 35, the attacker may know framed(OT_WRAPPER,algW_1,idW_6,fp(pk(k)),h(authTuple(idW_6,fp(pk(k)),ssW_1,algW_1,verW_1)),cvW_4,wrap(cvIw_5,(framed(OT_ATTEST,algH[],issuerId2[],fp(pk(skI2[])),h(authTuple(issuerId2[],fp(pk(skI2[])),ssetH[],algH[],verH[])),cvB[],plI_3),sign((BYTES,framed(OT_ATTEST,algH[],issuerId2[],fp(pk(skI2[])),h(authTuple(issuerId2[],fp(pk(skI2[])),ssetH[],algH[],verH[])),cvB[],plI_3)),skI2[])))).
Using the function 2-tuple the attacker may obtain (BYTES,framed(OT_WRAPPER,algW_1,idW_6,fp(pk(k)),h(authTuple(idW_6,fp(pk(k)),ssW_1,algW_1,verW_1)),cvW_4,wrap(cvIw_5,(framed(OT_ATTEST,algH[],issuerId2[],fp(pk(skI2[])),h(authTuple(issuerId2[],fp(pk(skI2[])),ssetH[],algH[],verH[])),cvB[],plI_3),sign((BYTES,framed(OT_ATTEST,algH[],issuerId2[],fp(pk(skI2[])),h(authTuple(issuerId2[],fp(pk(skI2[])),ssetH[],algH[],verH[])),cvB[],plI_3)),skI2[]))))).
attacker((BYTES,framed(OT_WRAPPER,algW_1,idW_6,fp(pk(k)),h(authTuple(idW_6,fp(pk(k)),ssW_1,algW_1,verW_1)),cvW_4,wrap(cvIw_5,(framed(OT_ATTEST,algH[],issuerId2[],fp(pk(skI2[])),h(authTuple(issuerId2[],fp(pk(skI2[])),ssetH[],algH[],verH[])),cvB[],plI_3),sign((BYTES,framed(OT_ATTEST,algH[],issuerId2[],fp(pk(skI2[])),h(authTuple(issuerId2[],fp(pk(skI2[])),ssetH[],algH[],verH[])),cvB[],plI_3)),skI2[])))))).

38. By 37, the attacker may know (BYTES,framed(OT_WRAPPER,algW_1,idW_6,fp(pk(k)),h(authTuple(idW_6,fp(pk(k)),ssW_1,algW_1,verW_1)),cvW_4,wrap(cvIw_5,(framed(OT_ATTEST,algH[],issuerId2[],fp(pk(skI2[])),h(authTuple(issuerId2[],fp(pk(skI2[])),ssetH[],algH[],verH[])),cvB[],plI_3),sign((BYTES,framed(OT_ATTEST,algH[],issuerId2[],fp(pk(skI2[])),h(authTuple(issuerId2[],fp(pk(skI2[])),ssetH[],algH[],verH[])),cvB[],plI_3)),skI2[]))))).
By 28, the attacker may know k.
Using the function sign the attacker may obtain sign((BYTES,framed(OT_WRAPPER,algW_1,idW_6,fp(pk(k)),h(authTuple(idW_6,fp(pk(k)),ssW_1,algW_1,verW_1)),cvW_4,wrap(cvIw_5,(framed(OT_ATTEST,algH[],issuerId2[],fp(pk(skI2[])),h(authTuple(issuerId2[],fp(pk(skI2[])),ssetH[],algH[],verH[])),cvB[],plI_3),sign((BYTES,framed(OT_ATTEST,algH[],issuerId2[],fp(pk(skI2[])),h(authTuple(issuerId2[],fp(pk(skI2[])),ssetH[],algH[],verH[])),cvB[],plI_3)),skI2[]))))),k).
attacker(sign((BYTES,framed(OT_WRAPPER,algW_1,idW_6,fp(pk(k)),h(authTuple(idW_6,fp(pk(k)),ssW_1,algW_1,verW_1)),cvW_4,wrap(cvIw_5,(framed(OT_ATTEST,algH[],issuerId2[],fp(pk(skI2[])),h(authTuple(issuerId2[],fp(pk(skI2[])),ssetH[],algH[],verH[])),cvB[],plI_3),sign((BYTES,framed(OT_ATTEST,algH[],issuerId2[],fp(pk(skI2[])),h(authTuple(issuerId2[],fp(pk(skI2[])),ssetH[],algH[],verH[])),cvB[],plI_3)),skI2[]))))),k)).

39. Using the function POSS the attacker may obtain POSS.
attacker(POSS).

40. By 39, the attacker may know POSS.
By 32, the attacker may know authTuple(idW_6,fp(pk(k)),ssW_1,algW_1,verW_1).
Using the function 2-tuple the attacker may obtain (POSS,authTuple(idW_6,fp(pk(k)),ssW_1,algW_1,verW_1)).
attacker((POSS,authTuple(idW_6,fp(pk(k)),ssW_1,algW_1,verW_1))).

41. By 40, the attacker may know (POSS,authTuple(idW_6,fp(pk(k)),ssW_1,algW_1,verW_1)).
By 28, the attacker may know k.
Using the function sign the attacker may obtain sign((POSS,authTuple(idW_6,fp(pk(k)),ssW_1,algW_1,verW_1)),k).
attacker(sign((POSS,authTuple(idW_6,fp(pk(k)),ssW_1,algW_1,verW_1)),k)).

42. By 14, the attacker may know STMT_DIGEST.
By 33, the attacker may know h(authTuple(idW_6,fp(pk(k)),ssW_1,algW_1,verW_1)).
Using the function 2-tuple the attacker may obtain (STMT_DIGEST,h(authTuple(idW_6,fp(pk(k)),ssW_1,algW_1,verW_1))).
attacker((STMT_DIGEST,h(authTuple(idW_6,fp(pk(k)),ssW_1,algW_1,verW_1)))).

43. By 42, the attacker may know (STMT_DIGEST,h(authTuple(idW_6,fp(pk(k)),ssW_1,algW_1,verW_1))).
By 6, the attacker may know skS[].
Using the function sign the attacker may obtain sign((STMT_DIGEST,h(authTuple(idW_6,fp(pk(k)),ssW_1,algW_1,verW_1))),skS[]).
attacker(sign((STMT_DIGEST,h(authTuple(idW_6,fp(pk(k)),ssW_1,algW_1,verW_1))),skS[])).

44. By 32, the attacker may know authTuple(idW_6,fp(pk(k)),ssW_1,algW_1,verW_1).
By 43, the attacker may know sign((STMT_DIGEST,h(authTuple(idW_6,fp(pk(k)),ssW_1,algW_1,verW_1))),skS[]).
By 29, the attacker may know pk(k).
By 41, the attacker may know sign((POSS,authTuple(idW_6,fp(pk(k)),ssW_1,algW_1,verW_1)),k).
By 38, the attacker may know sign((BYTES,framed(OT_WRAPPER,algW_1,idW_6,fp(pk(k)),h(authTuple(idW_6,fp(pk(k)),ssW_1,algW_1,verW_1)),cvW_4,wrap(cvIw_5,(framed(OT_ATTEST,algH[],issuerId2[],fp(pk(skI2[])),h(authTuple(issuerId2[],fp(pk(skI2[])),ssetH[],algH[],verH[])),cvB[],plI_3),sign((BYTES,framed(OT_ATTEST,algH[],issuerId2[],fp(pk(skI2[])),h(authTuple(issuerId2[],fp(pk(skI2[])),ssetH[],algH[],verH[])),cvB[],plI_3)),skI2[]))))),k).
By 35, the attacker may know framed(OT_WRAPPER,algW_1,idW_6,fp(pk(k)),h(authTuple(idW_6,fp(pk(k)),ssW_1,algW_1,verW_1)),cvW_4,wrap(cvIw_5,(framed(OT_ATTEST,algH[],issuerId2[],fp(pk(skI2[])),h(authTuple(issuerId2[],fp(pk(skI2[])),ssetH[],algH[],verH[])),cvB[],plI_3),sign((BYTES,framed(OT_ATTEST,algH[],issuerId2[],fp(pk(skI2[])),h(authTuple(issuerId2[],fp(pk(skI2[])),ssetH[],algH[],verH[])),cvB[],plI_3)),skI2[])))).
By 12, the attacker may know authTuple(issuerId2[],fp(pk(skI2[])),ssetH[],algH[],verH[]).
By 16, the attacker may know sign((STMT_DIGEST,h(authTuple(issuerId2[],fp(pk(skI2[])),ssetH[],algH[],verH[]))),skS[]).
By 5, the attacker may know pk(skI2[]).
By 4, the attacker may know sign((POSS,authTuple(issuerId2[],fp(pk(skI2[])),ssetH[],algH[],verH[])),skI2[]).
Using the function 10-tuple the attacker may obtain (authTuple(idW_6,fp(pk(k)),ssW_1,algW_1,verW_1),sign((STMT_DIGEST,h(authTuple(idW_6,fp(pk(k)),ssW_1,algW_1,verW_1))),skS[]),pk(k),sign((POSS,authTuple(idW_6,fp(pk(k)),ssW_1,algW_1,verW_1)),k),sign((BYTES,framed(OT_WRAPPER,algW_1,idW_6,fp(pk(k)),h(authTuple(idW_6,fp(pk(k)),ssW_1,algW_1,verW_1)),cvW_4,wrap(cvIw_5,(framed(OT_ATTEST,algH[],issuerId2[],fp(pk(skI2[])),h(authTuple(issuerId2[],fp(pk(skI2[])),ssetH[],algH[],verH[])),cvB[],plI_3),sign((BYTES,framed(OT_ATTEST,algH[],issuerId2[],fp(pk(skI2[])),h(authTuple(issuerId2[],fp(pk(skI2[])),ssetH[],algH[],verH[])),cvB[],plI_3)),skI2[]))))),k),framed(OT_WRAPPER,algW_1,idW_6,fp(pk(k)),h(authTuple(idW_6,fp(pk(k)),ssW_1,algW_1,verW_1)),cvW_4,wrap(cvIw_5,(framed(OT_ATTEST,algH[],issuerId2[],fp(pk(skI2[])),h(authTuple(issuerId2[],fp(pk(skI2[])),ssetH[],algH[],verH[])),cvB[],plI_3),sign((BYTES,framed(OT_ATTEST,algH[],issuerId2[],fp(pk(skI2[])),h(authTuple(issuerId2[],fp(pk(skI2[])),ssetH[],algH[],verH[])),cvB[],plI_3)),skI2[])))),authTuple(issuerId2[],fp(pk(skI2[])),ssetH[],algH[],verH[]),sign((STMT_DIGEST,h(authTuple(issuerId2[],fp(pk(skI2[])),ssetH[],algH[],verH[]))),skS[]),pk(skI2[]),sign((POSS,authTuple(issuerId2[],fp(pk(skI2[])),ssetH[],algH[],verH[])),skI2[])).
attacker((authTuple(idW_6,fp(pk(k)),ssW_1,algW_1,verW_1),sign((STMT_DIGEST,h(authTuple(idW_6,fp(pk(k)),ssW_1,algW_1,verW_1))),skS[]),pk(k),sign((POSS,authTuple(idW_6,fp(pk(k)),ssW_1,algW_1,verW_1)),k),sign((BYTES,framed(OT_WRAPPER,algW_1,idW_6,fp(pk(k)),h(authTuple(idW_6,fp(pk(k)),ssW_1,algW_1,verW_1)),cvW_4,wrap(cvIw_5,(framed(OT_ATTEST,algH[],issuerId2[],fp(pk(skI2[])),h(authTuple(issuerId2[],fp(pk(skI2[])),ssetH[],algH[],verH[])),cvB[],plI_3),sign((BYTES,framed(OT_ATTEST,algH[],issuerId2[],fp(pk(skI2[])),h(authTuple(issuerId2[],fp(pk(skI2[])),ssetH[],algH[],verH[])),cvB[],plI_3)),skI2[]))))),k),framed(OT_WRAPPER,algW_1,idW_6,fp(pk(k)),h(authTuple(idW_6,fp(pk(k)),ssW_1,algW_1,verW_1)),cvW_4,wrap(cvIw_5,(framed(OT_ATTEST,algH[],issuerId2[],fp(pk(skI2[])),h(authTuple(issuerId2[],fp(pk(skI2[])),ssetH[],algH[],verH[])),cvB[],plI_3),sign((BYTES,framed(OT_ATTEST,algH[],issuerId2[],fp(pk(skI2[])),h(authTuple(issuerId2[],fp(pk(skI2[])),ssetH[],algH[],verH[])),cvB[],plI_3)),skI2[])))),authTuple(issuerId2[],fp(pk(skI2[])),ssetH[],algH[],verH[]),sign((STMT_DIGEST,h(authTuple(issuerId2[],fp(pk(skI2[])),ssetH[],algH[],verH[]))),skS[]),pk(skI2[]),sign((POSS,authTuple(issuerId2[],fp(pk(skI2[])),ssetH[],algH[],verH[])),skI2[]))).

45. The message (authTuple(idW_6,fp(pk(k)),ssW_1,algW_1,verW_1),sign((STMT_DIGEST,h(authTuple(idW_6,fp(pk(k)),ssW_1,algW_1,verW_1))),skS[]),pk(k),sign((POSS,authTuple(idW_6,fp(pk(k)),ssW_1,algW_1,verW_1)),k),sign((BYTES,framed(OT_WRAPPER,algW_1,idW_6,fp(pk(k)),h(authTuple(idW_6,fp(pk(k)),ssW_1,algW_1,verW_1)),cvW_4,wrap(cvIw_5,(framed(OT_ATTEST,algH[],issuerId2[],fp(pk(skI2[])),h(authTuple(issuerId2[],fp(pk(skI2[])),ssetH[],algH[],verH[])),cvB[],plI_3),sign((BYTES,framed(OT_ATTEST,algH[],issuerId2[],fp(pk(skI2[])),h(authTuple(issuerId2[],fp(pk(skI2[])),ssetH[],algH[],verH[])),cvB[],plI_3)),skI2[]))))),k),framed(OT_WRAPPER,algW_1,idW_6,fp(pk(k)),h(authTuple(idW_6,fp(pk(k)),ssW_1,algW_1,verW_1)),cvW_4,wrap(cvIw_5,(framed(OT_ATTEST,algH[],issuerId2[],fp(pk(skI2[])),h(authTuple(issuerId2[],fp(pk(skI2[])),ssetH[],algH[],verH[])),cvB[],plI_3),sign((BYTES,framed(OT_ATTEST,algH[],issuerId2[],fp(pk(skI2[])),h(authTuple(issuerId2[],fp(pk(skI2[])),ssetH[],algH[],verH[])),cvB[],plI_3)),skI2[])))),authTuple(issuerId2[],fp(pk(skI2[])),ssetH[],algH[],verH[]),sign((STMT_DIGEST,h(authTuple(issuerId2[],fp(pk(skI2[])),ssetH[],algH[],verH[]))),skS[]),pk(skI2[]),sign((POSS,authTuple(issuerId2[],fp(pk(skI2[])),ssetH[],algH[],verH[])),skI2[])) that the attacker may have by 44 may be received at input {135}.
So the message (wctx(pk(k),idW_6,framed(OT_WRAPPER,algW_1,idW_6,fp(pk(k)),h(authTuple(idW_6,fp(pk(k)),ssW_1,algW_1,verW_1)),cvW_4,wrap(cvIw_5,(framed(OT_ATTEST,algH[],issuerId2[],fp(pk(skI2[])),h(authTuple(issuerId2[],fp(pk(skI2[])),ssetH[],algH[],verH[])),cvB[],plI_3),sign((BYTES,framed(OT_ATTEST,algH[],issuerId2[],fp(pk(skI2[])),h(authTuple(issuerId2[],fp(pk(skI2[])),ssetH[],algH[],verH[])),cvB[],plI_3)),skI2[]))))),pk(skI2[]),issuerId2[],framed(OT_ATTEST,algH[],issuerId2[],fp(pk(skI2[])),h(authTuple(issuerId2[],fp(pk(skI2[])),ssetH[],algH[],verH[])),cvB[],plI_3)) may be sent on channel scopeCh[] at output {156}.
mess(scopeCh[],(wctx(pk(k),idW_6,framed(OT_WRAPPER,algW_1,idW_6,fp(pk(k)),h(authTuple(idW_6,fp(pk(k)),ssW_1,algW_1,verW_1)),cvW_4,wrap(cvIw_5,(framed(OT_ATTEST,algH[],issuerId2[],fp(pk(skI2[])),h(authTuple(issuerId2[],fp(pk(skI2[])),ssetH[],algH[],verH[])),cvB[],plI_3),sign((BYTES,framed(OT_ATTEST,algH[],issuerId2[],fp(pk(skI2[])),h(authTuple(issuerId2[],fp(pk(skI2[])),ssetH[],algH[],verH[])),cvB[],plI_3)),skI2[]))))),pk(skI2[]),issuerId2[],framed(OT_ATTEST,algH[],issuerId2[],fp(pk(skI2[])),h(authTuple(issuerId2[],fp(pk(skI2[])),ssetH[],algH[],verH[])),cvB[],plI_3))).

46. The message (pk(skI2[]),issuerId2[],framed(OT_ATTEST,algH[],issuerId2[],fp(pk(skI2[])),h(authTuple(issuerId2[],fp(pk(skI2[])),ssetH[],algH[],verH[])),cvB[],plI_3)) that may be sent on channel honestInnerCh[] by 2 may be received at input {204}.
The message (wctx(pk(k),idW_6,framed(OT_WRAPPER,algW_1,idW_6,fp(pk(k)),h(authTuple(idW_6,fp(pk(k)),ssW_1,algW_1,verW_1)),cvW_4,wrap(cvIw_5,(framed(OT_ATTEST,algH[],issuerId2[],fp(pk(skI2[])),h(authTuple(issuerId2[],fp(pk(skI2[])),ssetH[],algH[],verH[])),cvB[],plI_3),sign((BYTES,framed(OT_ATTEST,algH[],issuerId2[],fp(pk(skI2[])),h(authTuple(issuerId2[],fp(pk(skI2[])),ssetH[],algH[],verH[])),cvB[],plI_3)),skI2[]))))),pk(skI2[]),issuerId2[],framed(OT_ATTEST,algH[],issuerId2[],fp(pk(skI2[])),h(authTuple(issuerId2[],fp(pk(skI2[])),ssetH[],algH[],verH[])),cvB[],plI_3)) that may be sent on channel scopeCh[] by 45 may be received at input {205}.
So event HonestWrappedAcceptedD1(pk(skI2[]),framed(OT_ATTEST,algH[],issuerId2[],fp(pk(skI2[])),h(authTuple(issuerId2[],fp(pk(skI2[])),ssetH[],algH[],verH[])),cvB[],plI_3),pk(k)) may be executed at {207}.
event(HonestWrappedAcceptedD1(pk(skI2[]),framed(OT_ATTEST,algH[],issuerId2[],fp(pk(skI2[])),h(authTuple(issuerId2[],fp(pk(skI2[])),ssetH[],algH[],verH[])),cvB[],plI_3),pk(k))).

47. By 46, event(HonestWrappedAcceptedD1(pk(skI2[]),framed(OT_ATTEST,algH[],issuerId2[],fp(pk(skI2[])),h(authTuple(issuerId2[],fp(pk(skI2[])),ssetH[],algH[],verH[])),cvB[],plI_3),pk(k))).
The goal is reached, represented in the following fact:
event(HonestWrappedAcceptedD1(pk(skI2[]),framed(OT_ATTEST,algH[],issuerId2[],fp(pk(skI2[])),h(authTuple(issuerId2[],fp(pk(skI2[])),ssetH[],algH[],verH[])),cvB[],plI_3),pk(k))).


A more detailed output of the traces is available with
  set traceDisplay = long.

new skS: skey creating skS_5 at {1}

new skI1: skey creating skI1_1 at {2}

new skI2: skey creating skI2_1 at {3}

new skW1: skey creating skW1_1 at {4}

new skW2: skey creating skW2_1 at {5}

out(c, ~M) with ~M = pk(skS_5) at {10}

out(c, ~M_1) with ~M_1 = pk(skI1_1) at {11}

out(c, ~M_2) with ~M_2 = pk(skI2_1) at {12}

out(c, ~M_3) with ~M_3 = pk(skW1_1) at {13}

out(c, ~M_4) with ~M_4 = pk(skW2_1) at {14}

out(c, authTuple(~M_5,~M_6,~M_7,~M_8,~M_9)) with ~M_5 = issuerId, ~M_6 = fp(pk(skI1_1)), ~M_7 = ssetH, ~M_8 = algH, ~M_9 = verH at {15}

out(c, authTuple(~M_10,~M_11,~M_12,~M_13,~M_14)) with ~M_10 = issuerId2, ~M_11 = fp(pk(skI2_1)), ~M_12 = ssetH, ~M_13 = algH, ~M_14 = verH at {16}

out(c, authTuple(~M_15,~M_16,~M_17,~M_18,~M_19)) with ~M_15 = idW1, ~M_16 = fp(pk(skW1_1)), ~M_17 = ssetH, ~M_18 = algH, ~M_19 = verH at {17}

out(c, authTuple(~M_20,~M_21,~M_22,~M_23,~M_24)) with ~M_20 = idW2, ~M_21 = fp(pk(skW2_1)), ~M_22 = ssetH, ~M_23 = algH, ~M_24 = verH at {18}

out(c, ~M_25) with ~M_25 = skS_5 at {19}

in(c, a) at {68} in copy a_1

event IssuerPossession(pk(skI2_1)) at {69} in copy a_1

out(c, ~M_26) with ~M_26 = sign((POSS,authTuple(issuerId2,fp(pk(skI2_1)),ssetH,algH,verH)),skI2_1) at {71} in copy a_1

event IssuerSigned(pk(skI2_1),framed(OT_ATTEST,algH,issuerId2,fp(pk(skI2_1)),h(authTuple(issuerId2,fp(pk(skI2_1)),ssetH,algH,verH)),cvB,a)) at {74} in copy a_1

out(c, ~M_27) with ~M_27 = sign((BYTES,framed(OT_ATTEST,algH,issuerId2,fp(pk(skI2_1)),h(authTuple(issuerId2,fp(pk(skI2_1)),ssetH,algH,verH)),cvB,a)),skI2_1) at {79} in copy a_1

in(c, a_2) at {68} in copy a_3

event IssuerPossession(pk(skI2_1)) at {69} in copy a_3

out(c, ~M_28) with ~M_28 = sign((POSS,authTuple(issuerId2,fp(pk(skI2_1)),ssetH,algH,verH)),skI2_1) at {71} in copy a_3

event IssuerSigned(pk(skI2_1),framed(OT_ATTEST,algH,issuerId2,fp(pk(skI2_1)),h(authTuple(issuerId2,fp(pk(skI2_1)),ssetH,algH,verH)),cvB,a_2)) at {74} in copy a_3

out(c, ~M_29) with ~M_29 = sign((BYTES,framed(OT_ATTEST,algH,issuerId2,fp(pk(skI2_1)),h(authTuple(issuerId2,fp(pk(skI2_1)),ssetH,algH,verH)),cvB,a_2)),skI2_1) at {79} in copy a_3

in(c, a) at {68} in copy a_4

event IssuerPossession(pk(skI2_1)) at {69} in copy a_4

out(c, ~M_30) with ~M_30 = sign((POSS,authTuple(issuerId2,fp(pk(skI2_1)),ssetH,algH,verH)),skI2_1) at {71} in copy a_4

event IssuerSigned(pk(skI2_1),framed(OT_ATTEST,algH,issuerId2,fp(pk(skI2_1)),h(authTuple(issuerId2,fp(pk(skI2_1)),ssetH,algH,verH)),cvB,a)) at {74} in copy a_4

out(c, ~M_31) with ~M_31 = sign((BYTES,framed(OT_ATTEST,algH,issuerId2,fp(pk(skI2_1)),h(authTuple(issuerId2,fp(pk(skI2_1)),ssetH,algH,verH)),cvB,a)),skI2_1) at {79} in copy a_4

in(c, (authTuple(a_5,fp(pk(a_6)),a_7,a_8,a_9),sign((STMT_DIGEST,h(authTuple(a_5,fp(pk(a_6)),a_7,a_8,a_9))),~M_25),pk(a_6),sign((POSS,authTuple(a_5,fp(pk(a_6)),a_7,a_8,a_9)),a_6),sign((BYTES,framed(OT_WRAPPER,a_8,a_5,fp(pk(a_6)),h(authTuple(a_5,fp(pk(a_6)),a_7,a_8,a_9)),a_10,wrap(a_11,(framed(OT_ATTEST,algH,issuerId2,fp(~M_2),h(authTuple(issuerId2,fp(~M_2),ssetH,algH,verH)),cvB,a),~M_27)))),a_6),framed(OT_WRAPPER,a_8,a_5,fp(pk(a_6)),h(authTuple(a_5,fp(pk(a_6)),a_7,a_8,a_9)),a_10,wrap(a_11,(framed(OT_ATTEST,algH,issuerId2,fp(~M_2),h(authTuple(issuerId2,fp(~M_2),ssetH,algH,verH)),cvB,a),~M_27))),authTuple(issuerId2,fp(~M_2),ssetH,algH,verH),sign((STMT_DIGEST,h(authTuple(issuerId2,fp(~M_2),ssetH,algH,verH))),~M_25),~M_2,~M_26)) with sign((STMT_DIGEST,h(authTuple(a_5,fp(pk(a_6)),a_7,a_8,a_9))),~M_25) = sign((STMT_DIGEST,h(authTuple(a_5,fp(pk(a_6)),a_7,a_8,a_9))),skS_5), sign((BYTES,framed(OT_WRAPPER,a_8,a_5,fp(pk(a_6)),h(authTuple(a_5,fp(pk(a_6)),a_7,a_8,a_9)),a_10,wrap(a_11,(framed(OT_ATTEST,algH,issuerId2,fp(~M_2),h(authTuple(issuerId2,fp(~M_2),ssetH,algH,verH)),cvB,a),~M_27)))),a_6) = sign((BYTES,framed(OT_WRAPPER,a_8,a_5,fp(pk(a_6)),h(authTuple(a_5,fp(pk(a_6)),a_7,a_8,a_9)),a_10,wrap(a_11,(framed(OT_ATTEST,algH,issuerId2,fp(pk(skI2_1)),h(authTuple(issuerId2,fp(pk(skI2_1)),ssetH,algH,verH)),cvB,a),sign((BYTES,framed(OT_ATTEST,algH,issuerId2,fp(pk(skI2_1)),h(authTuple(issuerId2,fp(pk(skI2_1)),ssetH,algH,verH)),cvB,a)),skI2_1))))),a_6), fp(~M_2) = fp(pk(skI2_1)), h(authTuple(issuerId2,fp(~M_2),ssetH,algH,verH)) = h(authTuple(issuerId2,fp(pk(skI2_1)),ssetH,algH,verH)), ~M_27 = sign((BYTES,framed(OT_ATTEST,algH,issuerId2,fp(pk(skI2_1)),h(authTuple(issuerId2,fp(pk(skI2_1)),ssetH,algH,verH)),cvB,a)),skI2_1), fp(~M_2) = fp(pk(skI2_1)), sign((STMT_DIGEST,h(authTuple(issuerId2,fp(~M_2),ssetH,algH,verH))),~M_25) = sign((STMT_DIGEST,h(authTuple(issuerId2,fp(pk(skI2_1)),ssetH,algH,verH))),skS_5), ~M_2 = pk(skI2_1), ~M_26 = sign((POSS,authTuple(issuerId2,fp(pk(skI2_1)),ssetH,algH,verH)),skI2_1) at {135} in copy a_12

event AcceptOuter(pk(a_6),a_5,framed(OT_WRAPPER,a_8,a_5,fp(pk(a_6)),h(authTuple(a_5,fp(pk(a_6)),a_7,a_8,a_9)),a_10,wrap(a_11,(framed(OT_ATTEST,algH,issuerId2,fp(pk(skI2_1)),h(authTuple(issuerId2,fp(pk(skI2_1)),ssetH,algH,verH)),cvB,a),sign((BYTES,framed(OT_ATTEST,algH,issuerId2,fp(pk(skI2_1)),h(authTuple(issuerId2,fp(pk(skI2_1)),ssetH,algH,verH)),cvB,a)),skI2_1))))) at {143} in copy a_12

event AcceptInner(wctx(pk(a_6),a_5,framed(OT_WRAPPER,a_8,a_5,fp(pk(a_6)),h(authTuple(a_5,fp(pk(a_6)),a_7,a_8,a_9)),a_10,wrap(a_11,(framed(OT_ATTEST,algH,issuerId2,fp(pk(skI2_1)),h(authTuple(issuerId2,fp(pk(skI2_1)),ssetH,algH,verH)),cvB,a),sign((BYTES,framed(OT_ATTEST,algH,issuerId2,fp(pk(skI2_1)),h(authTuple(issuerId2,fp(pk(skI2_1)),ssetH,algH,verH)),cvB,a)),skI2_1))))),pk(skI2_1),issuerId2,framed(OT_ATTEST,algH,issuerId2,fp(pk(skI2_1)),h(authTuple(issuerId2,fp(pk(skI2_1)),ssetH,algH,verH)),cvB,a)) at {153} in copy a_12

out(honestInnerCh, (pk(skI2_1),issuerId2,framed(OT_ATTEST,algH,issuerId2,fp(pk(skI2_1)),h(authTuple(issuerId2,fp(pk(skI2_1)),ssetH,algH,verH)),cvB,a))) at {77} in copy a_1 received at {204} in copy a_13

out(scopeCh, (wctx(pk(a_6),a_5,framed(OT_WRAPPER,a_8,a_5,fp(pk(a_6)),h(authTuple(a_5,fp(pk(a_6)),a_7,a_8,a_9)),a_10,wrap(a_11,(framed(OT_ATTEST,algH,issuerId2,fp(pk(skI2_1)),h(authTuple(issuerId2,fp(pk(skI2_1)),ssetH,algH,verH)),cvB,a),sign((BYTES,framed(OT_ATTEST,algH,issuerId2,fp(pk(skI2_1)),h(authTuple(issuerId2,fp(pk(skI2_1)),ssetH,algH,verH)),cvB,a)),skI2_1))))),pk(skI2_1),issuerId2,framed(OT_ATTEST,algH,issuerId2,fp(pk(skI2_1)),h(authTuple(issuerId2,fp(pk(skI2_1)),ssetH,algH,verH)),cvB,a))) at {156} in copy a_12 received at {205} in copy a_13

event HonestWrappedAcceptedD1(pk(skI2_1),framed(OT_ATTEST,algH,issuerId2,fp(pk(skI2_1)),h(authTuple(issuerId2,fp(pk(skI2_1)),ssetH,algH,verH)),cvB,a),pk(a_6)) at {207} in copy a_13 (goal)

The event HonestWrappedAcceptedD1(pk(skI2_1),framed(OT_ATTEST,algH,issuerId2,fp(pk(skI2_1)),h(authTuple(issuerId2,fp(pk(skI2_1)),ssetH,algH,verH)),cvB,a),pk(a_6)) is executed at {207} in copy a_13.
A trace has been found.
RESULT not event(HonestWrappedAcceptedD1(kH_5,fb,kW_3)) is false.
-- Query not event(HonestWrappedAcceptedD2(kH_5,fb,kW_3)) in process 1.
Translating the process into Horn clauses...
Completing...
200 rules inserted. Base: 177 rules (79 with conclusion selected). Queue: 46 rules.
400 rules inserted. Base: 265 rules (79 with conclusion selected). Queue: 128 rules.
600 rules inserted. Base: 293 rules (79 with conclusion selected). Queue: 194 rules.
800 rules inserted. Base: 284 rules (79 with conclusion selected). Queue: 232 rules.
1000 rules inserted. Base: 338 rules (95 with conclusion selected). Queue: 347 rules.
1200 rules inserted. Base: 338 rules (95 with conclusion selected). Queue: 356 rules.
1400 rules inserted. Base: 361 rules (95 with conclusion selected). Queue: 363 rules.
1600 rules inserted. Base: 361 rules (95 with conclusion selected). Queue: 399 rules.
1800 rules inserted. Base: 361 rules (95 with conclusion selected). Queue: 453 rules.
2000 rules inserted. Base: 361 rules (95 with conclusion selected). Queue: 503 rules.
2200 rules inserted. Base: 383 rules (97 with conclusion selected). Queue: 508 rules.
2400 rules inserted. Base: 391 rules (98 with conclusion selected). Queue: 614 rules.
2600 rules inserted. Base: 391 rules (98 with conclusion selected). Queue: 732 rules.
2800 rules inserted. Base: 404 rules (98 with conclusion selected). Queue: 726 rules.
3000 rules inserted. Base: 410 rules (100 with conclusion selected). Queue: 698 rules.
3200 rules inserted. Base: 414 rules (101 with conclusion selected). Queue: 671 rules.
3400 rules inserted. Base: 525 rules (101 with conclusion selected). Queue: 547 rules.
3600 rules inserted. Base: 525 rules (101 with conclusion selected). Queue: 547 rules.
3800 rules inserted. Base: 525 rules (101 with conclusion selected). Queue: 547 rules.
4000 rules inserted. Base: 564 rules (134 with conclusion selected). Queue: 526 rules.
4200 rules inserted. Base: 577 rules (135 with conclusion selected). Queue: 513 rules.
4400 rules inserted. Base: 586 rules (135 with conclusion selected). Queue: 504 rules.
4600 rules inserted. Base: 612 rules (143 with conclusion selected). Queue: 480 rules.
4800 rules inserted. Base: 627 rules (154 with conclusion selected). Queue: 475 rules.
5000 rules inserted. Base: 635 rules (159 with conclusion selected). Queue: 469 rules.
5200 rules inserted. Base: 654 rules (159 with conclusion selected). Queue: 466 rules.
5400 rules inserted. Base: 664 rules (159 with conclusion selected). Queue: 472 rules.
5600 rules inserted. Base: 730 rules (166 with conclusion selected). Queue: 430 rules.
5800 rules inserted. Base: 797 rules (174 with conclusion selected). Queue: 390 rules.
6000 rules inserted. Base: 865 rules (177 with conclusion selected). Queue: 377 rules.
6200 rules inserted. Base: 922 rules (177 with conclusion selected). Queue: 370 rules.
6400 rules inserted. Base: 1033 rules (179 with conclusion selected). Queue: 264 rules.
6600 rules inserted. Base: 1178 rules (207 with conclusion selected). Queue: 92 rules.
6800 rules inserted. Base: 1311 rules (279 with conclusion selected). Queue: 33 rules.
Starting query not event(HonestWrappedAcceptedD2(kH_5,fb,kW_3))
goal reachable: attacker(k) && attacker(plI_3) -> event(HonestWrappedAcceptedD2(pk(skI1[]),framed(OT_ATTEST,algH[],issuerId[],fp(pk(skI1[])),h(authTuple(issuerId[],fp(pk(skI1[])),ssetH[],algH[],verH[])),cvA[],plI_3),pk(k)))

Derivation:

1. We assume as hypothesis that
attacker(plI_3).

2. The message plI_3 that the attacker may have by 1 may be received at input {40}.
So the message (pk(skI1[]),issuerId[],framed(OT_ATTEST,algH[],issuerId[],fp(pk(skI1[])),h(authTuple(issuerId[],fp(pk(skI1[])),ssetH[],algH[],verH[])),cvA[],plI_3)) may be sent on channel honestInnerCh[] at output {49}.
mess(honestInnerCh[],(pk(skI1[]),issuerId[],framed(OT_ATTEST,algH[],issuerId[],fp(pk(skI1[])),h(authTuple(issuerId[],fp(pk(skI1[])),ssetH[],algH[],verH[])),cvA[],plI_3))).

3. The attacker has some term payload_3.
attacker(payload_3).

4. The message payload_3 that the attacker may have by 3 may be received at input {40}.
So the message sign((POSS,authTuple(issuerId[],fp(pk(skI1[])),ssetH[],algH[],verH[])),skI1[]) may be sent to the attacker at output {43}.
attacker(sign((POSS,authTuple(issuerId[],fp(pk(skI1[])),ssetH[],algH[],verH[])),skI1[])).

5. The message pk(skI1[]) may be sent to the attacker at output {11}.
attacker(pk(skI1[])).

6. The message skS[] may be sent to the attacker at output {19}.
attacker(skS[]).

7. The attacker initially knows verH[].
attacker(verH[]).

8. The attacker initially knows algH[].
attacker(algH[]).

9. The attacker initially knows ssetH[].
attacker(ssetH[]).

10. By 5, the attacker may know pk(skI1[]).
Using the function fp the attacker may obtain fp(pk(skI1[])).
attacker(fp(pk(skI1[]))).

11. The attacker initially knows issuerId[].
attacker(issuerId[]).

12. By 11, the attacker may know issuerId[].
By 10, the attacker may know fp(pk(skI1[])).
By 9, the attacker may know ssetH[].
By 8, the attacker may know algH[].
By 7, the attacker may know verH[].
Using the function authTuple the attacker may obtain authTuple(issuerId[],fp(pk(skI1[])),ssetH[],algH[],verH[]).
attacker(authTuple(issuerId[],fp(pk(skI1[])),ssetH[],algH[],verH[])).

13. By 12, the attacker may know authTuple(issuerId[],fp(pk(skI1[])),ssetH[],algH[],verH[]).
Using the function h the attacker may obtain h(authTuple(issuerId[],fp(pk(skI1[])),ssetH[],algH[],verH[])).
attacker(h(authTuple(issuerId[],fp(pk(skI1[])),ssetH[],algH[],verH[]))).

14. Using the function STMT_DIGEST the attacker may obtain STMT_DIGEST.
attacker(STMT_DIGEST).

15. By 14, the attacker may know STMT_DIGEST.
By 13, the attacker may know h(authTuple(issuerId[],fp(pk(skI1[])),ssetH[],algH[],verH[])).
Using the function 2-tuple the attacker may obtain (STMT_DIGEST,h(authTuple(issuerId[],fp(pk(skI1[])),ssetH[],algH[],verH[]))).
attacker((STMT_DIGEST,h(authTuple(issuerId[],fp(pk(skI1[])),ssetH[],algH[],verH[])))).

16. By 15, the attacker may know (STMT_DIGEST,h(authTuple(issuerId[],fp(pk(skI1[])),ssetH[],algH[],verH[]))).
By 6, the attacker may know skS[].
Using the function sign the attacker may obtain sign((STMT_DIGEST,h(authTuple(issuerId[],fp(pk(skI1[])),ssetH[],algH[],verH[]))),skS[]).
attacker(sign((STMT_DIGEST,h(authTuple(issuerId[],fp(pk(skI1[])),ssetH[],algH[],verH[]))),skS[])).

17. The message plI_3 that the attacker may have by 1 may be received at input {40}.
So the message sign((BYTES,framed(OT_ATTEST,algH[],issuerId[],fp(pk(skI1[])),h(authTuple(issuerId[],fp(pk(skI1[])),ssetH[],algH[],verH[])),cvA[],plI_3)),skI1[]) may be sent to the attacker at output {51}.
attacker(sign((BYTES,framed(OT_ATTEST,algH[],issuerId[],fp(pk(skI1[])),h(authTuple(issuerId[],fp(pk(skI1[])),ssetH[],algH[],verH[])),cvA[],plI_3)),skI1[])).

18. The attacker initially knows cvA[].
attacker(cvA[]).

19. Using the function OT_ATTEST the attacker may obtain OT_ATTEST.
attacker(OT_ATTEST).

20. By 19, the attacker may know OT_ATTEST.
By 8, the attacker may know algH[].
By 11, the attacker may know issuerId[].
By 10, the attacker may know fp(pk(skI1[])).
By 13, the attacker may know h(authTuple(issuerId[],fp(pk(skI1[])),ssetH[],algH[],verH[])).
By 18, the attacker may know cvA[].
By 1, the attacker may know plI_3.
Using the function framed the attacker may obtain framed(OT_ATTEST,algH[],issuerId[],fp(pk(skI1[])),h(authTuple(issuerId[],fp(pk(skI1[])),ssetH[],algH[],verH[])),cvA[],plI_3).
attacker(framed(OT_ATTEST,algH[],issuerId[],fp(pk(skI1[])),h(authTuple(issuerId[],fp(pk(skI1[])),ssetH[],algH[],verH[])),cvA[],plI_3)).

21. The attacker has some term cvIw_5.
attacker(cvIw_5).

22. By 21, the attacker may know cvIw_5.
By 20, the attacker may know framed(OT_ATTEST,algH[],issuerId[],fp(pk(skI1[])),h(authTuple(issuerId[],fp(pk(skI1[])),ssetH[],algH[],verH[])),cvA[],plI_3).
By 17, the attacker may know sign((BYTES,framed(OT_ATTEST,algH[],issuerId[],fp(pk(skI1[])),h(authTuple(issuerId[],fp(pk(skI1[])),ssetH[],algH[],verH[])),cvA[],plI_3)),skI1[]).
Using the function 3-tuple the attacker may obtain (cvIw_5,framed(OT_ATTEST,algH[],issuerId[],fp(pk(skI1[])),h(authTuple(issuerId[],fp(pk(skI1[])),ssetH[],algH[],verH[])),cvA[],plI_3),sign((BYTES,framed(OT_ATTEST,algH[],issuerId[],fp(pk(skI1[])),h(authTuple(issuerId[],fp(pk(skI1[])),ssetH[],algH[],verH[])),cvA[],plI_3)),skI1[])).
attacker((cvIw_5,framed(OT_ATTEST,algH[],issuerId[],fp(pk(skI1[])),h(authTuple(issuerId[],fp(pk(skI1[])),ssetH[],algH[],verH[])),cvA[],plI_3),sign((BYTES,framed(OT_ATTEST,algH[],issuerId[],fp(pk(skI1[])),h(authTuple(issuerId[],fp(pk(skI1[])),ssetH[],algH[],verH[])),cvA[],plI_3)),skI1[]))).

23. The message (cvIw_5,framed(OT_ATTEST,algH[],issuerId[],fp(pk(skI1[])),h(authTuple(issuerId[],fp(pk(skI1[])),ssetH[],algH[],verH[])),cvA[],plI_3),sign((BYTES,framed(OT_ATTEST,algH[],issuerId[],fp(pk(skI1[])),h(authTuple(issuerId[],fp(pk(skI1[])),ssetH[],algH[],verH[])),cvA[],plI_3)),skI1[])) that the attacker may have by 22 may be received at input {56}.
So the message sign((BYTES,framed(OT_WRAPPER,algH[],issuerId[],fp(pk(skI1[])),h(authTuple(issuerId[],fp(pk(skI1[])),ssetH[],algH[],verH[])),cvB[],wrap(cvIw_5,(framed(OT_ATTEST,algH[],issuerId[],fp(pk(skI1[])),h(authTuple(issuerId[],fp(pk(skI1[])),ssetH[],algH[],verH[])),cvA[],plI_3),sign((BYTES,framed(OT_ATTEST,algH[],issuerId[],fp(pk(skI1[])),h(authTuple(issuerId[],fp(pk(skI1[])),ssetH[],algH[],verH[])),cvA[],plI_3)),skI1[]))))),skI1[]) may be sent to the attacker at output {63}.
attacker(sign((BYTES,framed(OT_WRAPPER,algH[],issuerId[],fp(pk(skI1[])),h(authTuple(issuerId[],fp(pk(skI1[])),ssetH[],algH[],verH[])),cvB[],wrap(cvIw_5,(framed(OT_ATTEST,algH[],issuerId[],fp(pk(skI1[])),h(authTuple(issuerId[],fp(pk(skI1[])),ssetH[],algH[],verH[])),cvA[],plI_3),sign((BYTES,framed(OT_ATTEST,algH[],issuerId[],fp(pk(skI1[])),h(authTuple(issuerId[],fp(pk(skI1[])),ssetH[],algH[],verH[])),cvA[],plI_3)),skI1[]))))),skI1[])).

24. By 20, the attacker may know framed(OT_ATTEST,algH[],issuerId[],fp(pk(skI1[])),h(authTuple(issuerId[],fp(pk(skI1[])),ssetH[],algH[],verH[])),cvA[],plI_3).
By 17, the attacker may know sign((BYTES,framed(OT_ATTEST,algH[],issuerId[],fp(pk(skI1[])),h(authTuple(issuerId[],fp(pk(skI1[])),ssetH[],algH[],verH[])),cvA[],plI_3)),skI1[]).
Using the function 2-tuple the attacker may obtain (framed(OT_ATTEST,algH[],issuerId[],fp(pk(skI1[])),h(authTuple(issuerId[],fp(pk(skI1[])),ssetH[],algH[],verH[])),cvA[],plI_3),sign((BYTES,framed(OT_ATTEST,algH[],issuerId[],fp(pk(skI1[])),h(authTuple(issuerId[],fp(pk(skI1[])),ssetH[],algH[],verH[])),cvA[],plI_3)),skI1[])).
attacker((framed(OT_ATTEST,algH[],issuerId[],fp(pk(skI1[])),h(authTuple(issuerId[],fp(pk(skI1[])),ssetH[],algH[],verH[])),cvA[],plI_3),sign((BYTES,framed(OT_ATTEST,algH[],issuerId[],fp(pk(skI1[])),h(authTuple(issuerId[],fp(pk(skI1[])),ssetH[],algH[],verH[])),cvA[],plI_3)),skI1[]))).

25. By 21, the attacker may know cvIw_5.
By 24, the attacker may know (framed(OT_ATTEST,algH[],issuerId[],fp(pk(skI1[])),h(authTuple(issuerId[],fp(pk(skI1[])),ssetH[],algH[],verH[])),cvA[],plI_3),sign((BYTES,framed(OT_ATTEST,algH[],issuerId[],fp(pk(skI1[])),h(authTuple(issuerId[],fp(pk(skI1[])),ssetH[],algH[],verH[])),cvA[],plI_3)),skI1[])).
Using the function wrap the attacker may obtain wrap(cvIw_5,(framed(OT_ATTEST,algH[],issuerId[],fp(pk(skI1[])),h(authTuple(issuerId[],fp(pk(skI1[])),ssetH[],algH[],verH[])),cvA[],plI_3),sign((BYTES,framed(OT_ATTEST,algH[],issuerId[],fp(pk(skI1[])),h(authTuple(issuerId[],fp(pk(skI1[])),ssetH[],algH[],verH[])),cvA[],plI_3)),skI1[]))).
attacker(wrap(cvIw_5,(framed(OT_ATTEST,algH[],issuerId[],fp(pk(skI1[])),h(authTuple(issuerId[],fp(pk(skI1[])),ssetH[],algH[],verH[])),cvA[],plI_3),sign((BYTES,framed(OT_ATTEST,algH[],issuerId[],fp(pk(skI1[])),h(authTuple(issuerId[],fp(pk(skI1[])),ssetH[],algH[],verH[])),cvA[],plI_3)),skI1[])))).

26. The attacker initially knows cvB[].
attacker(cvB[]).

27. Using the function OT_WRAPPER the attacker may obtain OT_WRAPPER.
attacker(OT_WRAPPER).

28. By 27, the attacker may know OT_WRAPPER.
By 8, the attacker may know algH[].
By 11, the attacker may know issuerId[].
By 10, the attacker may know fp(pk(skI1[])).
By 13, the attacker may know h(authTuple(issuerId[],fp(pk(skI1[])),ssetH[],algH[],verH[])).
By 26, the attacker may know cvB[].
By 25, the attacker may know wrap(cvIw_5,(framed(OT_ATTEST,algH[],issuerId[],fp(pk(skI1[])),h(authTuple(issuerId[],fp(pk(skI1[])),ssetH[],algH[],verH[])),cvA[],plI_3),sign((BYTES,framed(OT_ATTEST,algH[],issuerId[],fp(pk(skI1[])),h(authTuple(issuerId[],fp(pk(skI1[])),ssetH[],algH[],verH[])),cvA[],plI_3)),skI1[]))).
Using the function framed the attacker may obtain framed(OT_WRAPPER,algH[],issuerId[],fp(pk(skI1[])),h(authTuple(issuerId[],fp(pk(skI1[])),ssetH[],algH[],verH[])),cvB[],wrap(cvIw_5,(framed(OT_ATTEST,algH[],issuerId[],fp(pk(skI1[])),h(authTuple(issuerId[],fp(pk(skI1[])),ssetH[],algH[],verH[])),cvA[],plI_3),sign((BYTES,framed(OT_ATTEST,algH[],issuerId[],fp(pk(skI1[])),h(authTuple(issuerId[],fp(pk(skI1[])),ssetH[],algH[],verH[])),cvA[],plI_3)),skI1[])))).
attacker(framed(OT_WRAPPER,algH[],issuerId[],fp(pk(skI1[])),h(authTuple(issuerId[],fp(pk(skI1[])),ssetH[],algH[],verH[])),cvB[],wrap(cvIw_5,(framed(OT_ATTEST,algH[],issuerId[],fp(pk(skI1[])),h(authTuple(issuerId[],fp(pk(skI1[])),ssetH[],algH[],verH[])),cvA[],plI_3),sign((BYTES,framed(OT_ATTEST,algH[],issuerId[],fp(pk(skI1[])),h(authTuple(issuerId[],fp(pk(skI1[])),ssetH[],algH[],verH[])),cvA[],plI_3)),skI1[]))))).

29. By 28, the attacker may know framed(OT_WRAPPER,algH[],issuerId[],fp(pk(skI1[])),h(authTuple(issuerId[],fp(pk(skI1[])),ssetH[],algH[],verH[])),cvB[],wrap(cvIw_5,(framed(OT_ATTEST,algH[],issuerId[],fp(pk(skI1[])),h(authTuple(issuerId[],fp(pk(skI1[])),ssetH[],algH[],verH[])),cvA[],plI_3),sign((BYTES,framed(OT_ATTEST,algH[],issuerId[],fp(pk(skI1[])),h(authTuple(issuerId[],fp(pk(skI1[])),ssetH[],algH[],verH[])),cvA[],plI_3)),skI1[])))).
By 23, the attacker may know sign((BYTES,framed(OT_WRAPPER,algH[],issuerId[],fp(pk(skI1[])),h(authTuple(issuerId[],fp(pk(skI1[])),ssetH[],algH[],verH[])),cvB[],wrap(cvIw_5,(framed(OT_ATTEST,algH[],issuerId[],fp(pk(skI1[])),h(authTuple(issuerId[],fp(pk(skI1[])),ssetH[],algH[],verH[])),cvA[],plI_3),sign((BYTES,framed(OT_ATTEST,algH[],issuerId[],fp(pk(skI1[])),h(authTuple(issuerId[],fp(pk(skI1[])),ssetH[],algH[],verH[])),cvA[],plI_3)),skI1[]))))),skI1[]).
Using the function 2-tuple the attacker may obtain (framed(OT_WRAPPER,algH[],issuerId[],fp(pk(skI1[])),h(authTuple(issuerId[],fp(pk(skI1[])),ssetH[],algH[],verH[])),cvB[],wrap(cvIw_5,(framed(OT_ATTEST,algH[],issuerId[],fp(pk(skI1[])),h(authTuple(issuerId[],fp(pk(skI1[])),ssetH[],algH[],verH[])),cvA[],plI_3),sign((BYTES,framed(OT_ATTEST,algH[],issuerId[],fp(pk(skI1[])),h(authTuple(issuerId[],fp(pk(skI1[])),ssetH[],algH[],verH[])),cvA[],plI_3)),skI1[])))),sign((BYTES,framed(OT_WRAPPER,algH[],issuerId[],fp(pk(skI1[])),h(authTuple(issuerId[],fp(pk(skI1[])),ssetH[],algH[],verH[])),cvB[],wrap(cvIw_5,(framed(OT_ATTEST,algH[],issuerId[],fp(pk(skI1[])),h(authTuple(issuerId[],fp(pk(skI1[])),ssetH[],algH[],verH[])),cvA[],plI_3),sign((BYTES,framed(OT_ATTEST,algH[],issuerId[],fp(pk(skI1[])),h(authTuple(issuerId[],fp(pk(skI1[])),ssetH[],algH[],verH[])),cvA[],plI_3)),skI1[]))))),skI1[])).
attacker((framed(OT_WRAPPER,algH[],issuerId[],fp(pk(skI1[])),h(authTuple(issuerId[],fp(pk(skI1[])),ssetH[],algH[],verH[])),cvB[],wrap(cvIw_5,(framed(OT_ATTEST,algH[],issuerId[],fp(pk(skI1[])),h(authTuple(issuerId[],fp(pk(skI1[])),ssetH[],algH[],verH[])),cvA[],plI_3),sign((BYTES,framed(OT_ATTEST,algH[],issuerId[],fp(pk(skI1[])),h(authTuple(issuerId[],fp(pk(skI1[])),ssetH[],algH[],verH[])),cvA[],plI_3)),skI1[])))),sign((BYTES,framed(OT_WRAPPER,algH[],issuerId[],fp(pk(skI1[])),h(authTuple(issuerId[],fp(pk(skI1[])),ssetH[],algH[],verH[])),cvB[],wrap(cvIw_5,(framed(OT_ATTEST,algH[],issuerId[],fp(pk(skI1[])),h(authTuple(issuerId[],fp(pk(skI1[])),ssetH[],algH[],verH[])),cvA[],plI_3),sign((BYTES,framed(OT_ATTEST,algH[],issuerId[],fp(pk(skI1[])),h(authTuple(issuerId[],fp(pk(skI1[])),ssetH[],algH[],verH[])),cvA[],plI_3)),skI1[]))))),skI1[]))).

30. The attacker has some term cvMw_1.
attacker(cvMw_1).

31. By 30, the attacker may know cvMw_1.
By 29, the attacker may know (framed(OT_WRAPPER,algH[],issuerId[],fp(pk(skI1[])),h(authTuple(issuerId[],fp(pk(skI1[])),ssetH[],algH[],verH[])),cvB[],wrap(cvIw_5,(framed(OT_ATTEST,algH[],issuerId[],fp(pk(skI1[])),h(authTuple(issuerId[],fp(pk(skI1[])),ssetH[],algH[],verH[])),cvA[],plI_3),sign((BYTES,framed(OT_ATTEST,algH[],issuerId[],fp(pk(skI1[])),h(authTuple(issuerId[],fp(pk(skI1[])),ssetH[],algH[],verH[])),cvA[],plI_3)),skI1[])))),sign((BYTES,framed(OT_WRAPPER,algH[],issuerId[],fp(pk(skI1[])),h(authTuple(issuerId[],fp(pk(skI1[])),ssetH[],algH[],verH[])),cvB[],wrap(cvIw_5,(framed(OT_ATTEST,algH[],issuerId[],fp(pk(skI1[])),h(authTuple(issuerId[],fp(pk(skI1[])),ssetH[],algH[],verH[])),cvA[],plI_3),sign((BYTES,framed(OT_ATTEST,algH[],issuerId[],fp(pk(skI1[])),h(authTuple(issuerId[],fp(pk(skI1[])),ssetH[],algH[],verH[])),cvA[],plI_3)),skI1[]))))),skI1[])).
Using the function wrap the attacker may obtain wrap(cvMw_1,(framed(OT_WRAPPER,algH[],issuerId[],fp(pk(skI1[])),h(authTuple(issuerId[],fp(pk(skI1[])),ssetH[],algH[],verH[])),cvB[],wrap(cvIw_5,(framed(OT_ATTEST,algH[],issuerId[],fp(pk(skI1[])),h(authTuple(issuerId[],fp(pk(skI1[])),ssetH[],algH[],verH[])),cvA[],plI_3),sign((BYTES,framed(OT_ATTEST,algH[],issuerId[],fp(pk(skI1[])),h(authTuple(issuerId[],fp(pk(skI1[])),ssetH[],algH[],verH[])),cvA[],plI_3)),skI1[])))),sign((BYTES,framed(OT_WRAPPER,algH[],issuerId[],fp(pk(skI1[])),h(authTuple(issuerId[],fp(pk(skI1[])),ssetH[],algH[],verH[])),cvB[],wrap(cvIw_5,(framed(OT_ATTEST,algH[],issuerId[],fp(pk(skI1[])),h(authTuple(issuerId[],fp(pk(skI1[])),ssetH[],algH[],verH[])),cvA[],plI_3),sign((BYTES,framed(OT_ATTEST,algH[],issuerId[],fp(pk(skI1[])),h(authTuple(issuerId[],fp(pk(skI1[])),ssetH[],algH[],verH[])),cvA[],plI_3)),skI1[]))))),skI1[]))).
attacker(wrap(cvMw_1,(framed(OT_WRAPPER,algH[],issuerId[],fp(pk(skI1[])),h(authTuple(issuerId[],fp(pk(skI1[])),ssetH[],algH[],verH[])),cvB[],wrap(cvIw_5,(framed(OT_ATTEST,algH[],issuerId[],fp(pk(skI1[])),h(authTuple(issuerId[],fp(pk(skI1[])),ssetH[],algH[],verH[])),cvA[],plI_3),sign((BYTES,framed(OT_ATTEST,algH[],issuerId[],fp(pk(skI1[])),h(authTuple(issuerId[],fp(pk(skI1[])),ssetH[],algH[],verH[])),cvA[],plI_3)),skI1[])))),sign((BYTES,framed(OT_WRAPPER,algH[],issuerId[],fp(pk(skI1[])),h(authTuple(issuerId[],fp(pk(skI1[])),ssetH[],algH[],verH[])),cvB[],wrap(cvIw_5,(framed(OT_ATTEST,algH[],issuerId[],fp(pk(skI1[])),h(authTuple(issuerId[],fp(pk(skI1[])),ssetH[],algH[],verH[])),cvA[],plI_3),sign((BYTES,framed(OT_ATTEST,algH[],issuerId[],fp(pk(skI1[])),h(authTuple(issuerId[],fp(pk(skI1[])),ssetH[],algH[],verH[])),cvA[],plI_3)),skI1[]))))),skI1[])))).

32. The attacker has some term cvO_2.
attacker(cvO_2).

33. The attacker has some term verO_1.
attacker(verO_1).

34. The attacker has some term algO_1.
attacker(algO_1).

35. The attacker has some term ssO_1.
attacker(ssO_1).

36. We assume as hypothesis that
attacker(k).

37. By 36, the attacker may know k.
Using the function pk the attacker may obtain pk(k).
attacker(pk(k)).

38. By 37, the attacker may know pk(k).
Using the function fp the attacker may obtain fp(pk(k)).
attacker(fp(pk(k))).

39. The attacker has some term idO_4.
attacker(idO_4).

40. By 39, the attacker may know idO_4.
By 38, the attacker may know fp(pk(k)).
By 35, the attacker may know ssO_1.
By 34, the attacker may know algO_1.
By 33, the attacker may know verO_1.
Using the function authTuple the attacker may obtain authTuple(idO_4,fp(pk(k)),ssO_1,algO_1,verO_1).
attacker(authTuple(idO_4,fp(pk(k)),ssO_1,algO_1,verO_1)).

41. By 40, the attacker may know authTuple(idO_4,fp(pk(k)),ssO_1,algO_1,verO_1).
Using the function h the attacker may obtain h(authTuple(idO_4,fp(pk(k)),ssO_1,algO_1,verO_1)).
attacker(h(authTuple(idO_4,fp(pk(k)),ssO_1,algO_1,verO_1))).

42. By 27, the attacker may know OT_WRAPPER.
By 34, the attacker may know algO_1.
By 39, the attacker may know idO_4.
By 38, the attacker may know fp(pk(k)).
By 41, the attacker may know h(authTuple(idO_4,fp(pk(k)),ssO_1,algO_1,verO_1)).
By 32, the attacker may know cvO_2.
By 31, the attacker may know wrap(cvMw_1,(framed(OT_WRAPPER,algH[],issuerId[],fp(pk(skI1[])),h(authTuple(issuerId[],fp(pk(skI1[])),ssetH[],algH[],verH[])),cvB[],wrap(cvIw_5,(framed(OT_ATTEST,algH[],issuerId[],fp(pk(skI1[])),h(authTuple(issuerId[],fp(pk(skI1[])),ssetH[],algH[],verH[])),cvA[],plI_3),sign((BYTES,framed(OT_ATTEST,algH[],issuerId[],fp(pk(skI1[])),h(authTuple(issuerId[],fp(pk(skI1[])),ssetH[],algH[],verH[])),cvA[],plI_3)),skI1[])))),sign((BYTES,framed(OT_WRAPPER,algH[],issuerId[],fp(pk(skI1[])),h(authTuple(issuerId[],fp(pk(skI1[])),ssetH[],algH[],verH[])),cvB[],wrap(cvIw_5,(framed(OT_ATTEST,algH[],issuerId[],fp(pk(skI1[])),h(authTuple(issuerId[],fp(pk(skI1[])),ssetH[],algH[],verH[])),cvA[],plI_3),sign((BYTES,framed(OT_ATTEST,algH[],issuerId[],fp(pk(skI1[])),h(authTuple(issuerId[],fp(pk(skI1[])),ssetH[],algH[],verH[])),cvA[],plI_3)),skI1[]))))),skI1[]))).
Using the function framed the attacker may obtain framed(OT_WRAPPER,algO_1,idO_4,fp(pk(k)),h(authTuple(idO_4,fp(pk(k)),ssO_1,algO_1,verO_1)),cvO_2,wrap(cvMw_1,(framed(OT_WRAPPER,algH[],issuerId[],fp(pk(skI1[])),h(authTuple(issuerId[],fp(pk(skI1[])),ssetH[],algH[],verH[])),cvB[],wrap(cvIw_5,(framed(OT_ATTEST,algH[],issuerId[],fp(pk(skI1[])),h(authTuple(issuerId[],fp(pk(skI1[])),ssetH[],algH[],verH[])),cvA[],plI_3),sign((BYTES,framed(OT_ATTEST,algH[],issuerId[],fp(pk(skI1[])),h(authTuple(issuerId[],fp(pk(skI1[])),ssetH[],algH[],verH[])),cvA[],plI_3)),skI1[])))),sign((BYTES,framed(OT_WRAPPER,algH[],issuerId[],fp(pk(skI1[])),h(authTuple(issuerId[],fp(pk(skI1[])),ssetH[],algH[],verH[])),cvB[],wrap(cvIw_5,(framed(OT_ATTEST,algH[],issuerId[],fp(pk(skI1[])),h(authTuple(issuerId[],fp(pk(skI1[])),ssetH[],algH[],verH[])),cvA[],plI_3),sign((BYTES,framed(OT_ATTEST,algH[],issuerId[],fp(pk(skI1[])),h(authTuple(issuerId[],fp(pk(skI1[])),ssetH[],algH[],verH[])),cvA[],plI_3)),skI1[]))))),skI1[])))).
attacker(framed(OT_WRAPPER,algO_1,idO_4,fp(pk(k)),h(authTuple(idO_4,fp(pk(k)),ssO_1,algO_1,verO_1)),cvO_2,wrap(cvMw_1,(framed(OT_WRAPPER,algH[],issuerId[],fp(pk(skI1[])),h(authTuple(issuerId[],fp(pk(skI1[])),ssetH[],algH[],verH[])),cvB[],wrap(cvIw_5,(framed(OT_ATTEST,algH[],issuerId[],fp(pk(skI1[])),h(authTuple(issuerId[],fp(pk(skI1[])),ssetH[],algH[],verH[])),cvA[],plI_3),sign((BYTES,framed(OT_ATTEST,algH[],issuerId[],fp(pk(skI1[])),h(authTuple(issuerId[],fp(pk(skI1[])),ssetH[],algH[],verH[])),cvA[],plI_3)),skI1[])))),sign((BYTES,framed(OT_WRAPPER,algH[],issuerId[],fp(pk(skI1[])),h(authTuple(issuerId[],fp(pk(skI1[])),ssetH[],algH[],verH[])),cvB[],wrap(cvIw_5,(framed(OT_ATTEST,algH[],issuerId[],fp(pk(skI1[])),h(authTuple(issuerId[],fp(pk(skI1[])),ssetH[],algH[],verH[])),cvA[],plI_3),sign((BYTES,framed(OT_ATTEST,algH[],issuerId[],fp(pk(skI1[])),h(authTuple(issuerId[],fp(pk(skI1[])),ssetH[],algH[],verH[])),cvA[],plI_3)),skI1[]))))),skI1[]))))).

43. Using the function BYTES the attacker may obtain BYTES.
attacker(BYTES).

44. By 43, the attacker may know BYTES.
By 42, the attacker may know framed(OT_WRAPPER,algO_1,idO_4,fp(pk(k)),h(authTuple(idO_4,fp(pk(k)),ssO_1,algO_1,verO_1)),cvO_2,wrap(cvMw_1,(framed(OT_WRAPPER,algH[],issuerId[],fp(pk(skI1[])),h(authTuple(issuerId[],fp(pk(skI1[])),ssetH[],algH[],verH[])),cvB[],wrap(cvIw_5,(framed(OT_ATTEST,algH[],issuerId[],fp(pk(skI1[])),h(authTuple(issuerId[],fp(pk(skI1[])),ssetH[],algH[],verH[])),cvA[],plI_3),sign((BYTES,framed(OT_ATTEST,algH[],issuerId[],fp(pk(skI1[])),h(authTuple(issuerId[],fp(pk(skI1[])),ssetH[],algH[],verH[])),cvA[],plI_3)),skI1[])))),sign((BYTES,framed(OT_WRAPPER,algH[],issuerId[],fp(pk(skI1[])),h(authTuple(issuerId[],fp(pk(skI1[])),ssetH[],algH[],verH[])),cvB[],wrap(cvIw_5,(framed(OT_ATTEST,algH[],issuerId[],fp(pk(skI1[])),h(authTuple(issuerId[],fp(pk(skI1[])),ssetH[],algH[],verH[])),cvA[],plI_3),sign((BYTES,framed(OT_ATTEST,algH[],issuerId[],fp(pk(skI1[])),h(authTuple(issuerId[],fp(pk(skI1[])),ssetH[],algH[],verH[])),cvA[],plI_3)),skI1[]))))),skI1[])))).
Using the function 2-tuple the attacker may obtain (BYTES,framed(OT_WRAPPER,algO_1,idO_4,fp(pk(k)),h(authTuple(idO_4,fp(pk(k)),ssO_1,algO_1,verO_1)),cvO_2,wrap(cvMw_1,(framed(OT_WRAPPER,algH[],issuerId[],fp(pk(skI1[])),h(authTuple(issuerId[],fp(pk(skI1[])),ssetH[],algH[],verH[])),cvB[],wrap(cvIw_5,(framed(OT_ATTEST,algH[],issuerId[],fp(pk(skI1[])),h(authTuple(issuerId[],fp(pk(skI1[])),ssetH[],algH[],verH[])),cvA[],plI_3),sign((BYTES,framed(OT_ATTEST,algH[],issuerId[],fp(pk(skI1[])),h(authTuple(issuerId[],fp(pk(skI1[])),ssetH[],algH[],verH[])),cvA[],plI_3)),skI1[])))),sign((BYTES,framed(OT_WRAPPER,algH[],issuerId[],fp(pk(skI1[])),h(authTuple(issuerId[],fp(pk(skI1[])),ssetH[],algH[],verH[])),cvB[],wrap(cvIw_5,(framed(OT_ATTEST,algH[],issuerId[],fp(pk(skI1[])),h(authTuple(issuerId[],fp(pk(skI1[])),ssetH[],algH[],verH[])),cvA[],plI_3),sign((BYTES,framed(OT_ATTEST,algH[],issuerId[],fp(pk(skI1[])),h(authTuple(issuerId[],fp(pk(skI1[])),ssetH[],algH[],verH[])),cvA[],plI_3)),skI1[]))))),skI1[]))))).
attacker((BYTES,framed(OT_WRAPPER,algO_1,idO_4,fp(pk(k)),h(authTuple(idO_4,fp(pk(k)),ssO_1,algO_1,verO_1)),cvO_2,wrap(cvMw_1,(framed(OT_WRAPPER,algH[],issuerId[],fp(pk(skI1[])),h(authTuple(issuerId[],fp(pk(skI1[])),ssetH[],algH[],verH[])),cvB[],wrap(cvIw_5,(framed(OT_ATTEST,algH[],issuerId[],fp(pk(skI1[])),h(authTuple(issuerId[],fp(pk(skI1[])),ssetH[],algH[],verH[])),cvA[],plI_3),sign((BYTES,framed(OT_ATTEST,algH[],issuerId[],fp(pk(skI1[])),h(authTuple(issuerId[],fp(pk(skI1[])),ssetH[],algH[],verH[])),cvA[],plI_3)),skI1[])))),sign((BYTES,framed(OT_WRAPPER,algH[],issuerId[],fp(pk(skI1[])),h(authTuple(issuerId[],fp(pk(skI1[])),ssetH[],algH[],verH[])),cvB[],wrap(cvIw_5,(framed(OT_ATTEST,algH[],issuerId[],fp(pk(skI1[])),h(authTuple(issuerId[],fp(pk(skI1[])),ssetH[],algH[],verH[])),cvA[],plI_3),sign((BYTES,framed(OT_ATTEST,algH[],issuerId[],fp(pk(skI1[])),h(authTuple(issuerId[],fp(pk(skI1[])),ssetH[],algH[],verH[])),cvA[],plI_3)),skI1[]))))),skI1[])))))).

45. By 44, the attacker may know (BYTES,framed(OT_WRAPPER,algO_1,idO_4,fp(pk(k)),h(authTuple(idO_4,fp(pk(k)),ssO_1,algO_1,verO_1)),cvO_2,wrap(cvMw_1,(framed(OT_WRAPPER,algH[],issuerId[],fp(pk(skI1[])),h(authTuple(issuerId[],fp(pk(skI1[])),ssetH[],algH[],verH[])),cvB[],wrap(cvIw_5,(framed(OT_ATTEST,algH[],issuerId[],fp(pk(skI1[])),h(authTuple(issuerId[],fp(pk(skI1[])),ssetH[],algH[],verH[])),cvA[],plI_3),sign((BYTES,framed(OT_ATTEST,algH[],issuerId[],fp(pk(skI1[])),h(authTuple(issuerId[],fp(pk(skI1[])),ssetH[],algH[],verH[])),cvA[],plI_3)),skI1[])))),sign((BYTES,framed(OT_WRAPPER,algH[],issuerId[],fp(pk(skI1[])),h(authTuple(issuerId[],fp(pk(skI1[])),ssetH[],algH[],verH[])),cvB[],wrap(cvIw_5,(framed(OT_ATTEST,algH[],issuerId[],fp(pk(skI1[])),h(authTuple(issuerId[],fp(pk(skI1[])),ssetH[],algH[],verH[])),cvA[],plI_3),sign((BYTES,framed(OT_ATTEST,algH[],issuerId[],fp(pk(skI1[])),h(authTuple(issuerId[],fp(pk(skI1[])),ssetH[],algH[],verH[])),cvA[],plI_3)),skI1[]))))),skI1[]))))).
By 36, the attacker may know k.
Using the function sign the attacker may obtain sign((BYTES,framed(OT_WRAPPER,algO_1,idO_4,fp(pk(k)),h(authTuple(idO_4,fp(pk(k)),ssO_1,algO_1,verO_1)),cvO_2,wrap(cvMw_1,(framed(OT_WRAPPER,algH[],issuerId[],fp(pk(skI1[])),h(authTuple(issuerId[],fp(pk(skI1[])),ssetH[],algH[],verH[])),cvB[],wrap(cvIw_5,(framed(OT_ATTEST,algH[],issuerId[],fp(pk(skI1[])),h(authTuple(issuerId[],fp(pk(skI1[])),ssetH[],algH[],verH[])),cvA[],plI_3),sign((BYTES,framed(OT_ATTEST,algH[],issuerId[],fp(pk(skI1[])),h(authTuple(issuerId[],fp(pk(skI1[])),ssetH[],algH[],verH[])),cvA[],plI_3)),skI1[])))),sign((BYTES,framed(OT_WRAPPER,algH[],issuerId[],fp(pk(skI1[])),h(authTuple(issuerId[],fp(pk(skI1[])),ssetH[],algH[],verH[])),cvB[],wrap(cvIw_5,(framed(OT_ATTEST,algH[],issuerId[],fp(pk(skI1[])),h(authTuple(issuerId[],fp(pk(skI1[])),ssetH[],algH[],verH[])),cvA[],plI_3),sign((BYTES,framed(OT_ATTEST,algH[],issuerId[],fp(pk(skI1[])),h(authTuple(issuerId[],fp(pk(skI1[])),ssetH[],algH[],verH[])),cvA[],plI_3)),skI1[]))))),skI1[]))))),k).
attacker(sign((BYTES,framed(OT_WRAPPER,algO_1,idO_4,fp(pk(k)),h(authTuple(idO_4,fp(pk(k)),ssO_1,algO_1,verO_1)),cvO_2,wrap(cvMw_1,(framed(OT_WRAPPER,algH[],issuerId[],fp(pk(skI1[])),h(authTuple(issuerId[],fp(pk(skI1[])),ssetH[],algH[],verH[])),cvB[],wrap(cvIw_5,(framed(OT_ATTEST,algH[],issuerId[],fp(pk(skI1[])),h(authTuple(issuerId[],fp(pk(skI1[])),ssetH[],algH[],verH[])),cvA[],plI_3),sign((BYTES,framed(OT_ATTEST,algH[],issuerId[],fp(pk(skI1[])),h(authTuple(issuerId[],fp(pk(skI1[])),ssetH[],algH[],verH[])),cvA[],plI_3)),skI1[])))),sign((BYTES,framed(OT_WRAPPER,algH[],issuerId[],fp(pk(skI1[])),h(authTuple(issuerId[],fp(pk(skI1[])),ssetH[],algH[],verH[])),cvB[],wrap(cvIw_5,(framed(OT_ATTEST,algH[],issuerId[],fp(pk(skI1[])),h(authTuple(issuerId[],fp(pk(skI1[])),ssetH[],algH[],verH[])),cvA[],plI_3),sign((BYTES,framed(OT_ATTEST,algH[],issuerId[],fp(pk(skI1[])),h(authTuple(issuerId[],fp(pk(skI1[])),ssetH[],algH[],verH[])),cvA[],plI_3)),skI1[]))))),skI1[]))))),k)).

46. Using the function POSS the attacker may obtain POSS.
attacker(POSS).

47. By 46, the attacker may know POSS.
By 40, the attacker may know authTuple(idO_4,fp(pk(k)),ssO_1,algO_1,verO_1).
Using the function 2-tuple the attacker may obtain (POSS,authTuple(idO_4,fp(pk(k)),ssO_1,algO_1,verO_1)).
attacker((POSS,authTuple(idO_4,fp(pk(k)),ssO_1,algO_1,verO_1))).

48. By 47, the attacker may know (POSS,authTuple(idO_4,fp(pk(k)),ssO_1,algO_1,verO_1)).
By 36, the attacker may know k.
Using the function sign the attacker may obtain sign((POSS,authTuple(idO_4,fp(pk(k)),ssO_1,algO_1,verO_1)),k).
attacker(sign((POSS,authTuple(idO_4,fp(pk(k)),ssO_1,algO_1,verO_1)),k)).

49. By 14, the attacker may know STMT_DIGEST.
By 41, the attacker may know h(authTuple(idO_4,fp(pk(k)),ssO_1,algO_1,verO_1)).
Using the function 2-tuple the attacker may obtain (STMT_DIGEST,h(authTuple(idO_4,fp(pk(k)),ssO_1,algO_1,verO_1))).
attacker((STMT_DIGEST,h(authTuple(idO_4,fp(pk(k)),ssO_1,algO_1,verO_1)))).

50. By 49, the attacker may know (STMT_DIGEST,h(authTuple(idO_4,fp(pk(k)),ssO_1,algO_1,verO_1))).
By 6, the attacker may know skS[].
Using the function sign the attacker may obtain sign((STMT_DIGEST,h(authTuple(idO_4,fp(pk(k)),ssO_1,algO_1,verO_1))),skS[]).
attacker(sign((STMT_DIGEST,h(authTuple(idO_4,fp(pk(k)),ssO_1,algO_1,verO_1))),skS[])).

51. By 40, the attacker may know authTuple(idO_4,fp(pk(k)),ssO_1,algO_1,verO_1).
By 50, the attacker may know sign((STMT_DIGEST,h(authTuple(idO_4,fp(pk(k)),ssO_1,algO_1,verO_1))),skS[]).
By 37, the attacker may know pk(k).
By 48, the attacker may know sign((POSS,authTuple(idO_4,fp(pk(k)),ssO_1,algO_1,verO_1)),k).
By 45, the attacker may know sign((BYTES,framed(OT_WRAPPER,algO_1,idO_4,fp(pk(k)),h(authTuple(idO_4,fp(pk(k)),ssO_1,algO_1,verO_1)),cvO_2,wrap(cvMw_1,(framed(OT_WRAPPER,algH[],issuerId[],fp(pk(skI1[])),h(authTuple(issuerId[],fp(pk(skI1[])),ssetH[],algH[],verH[])),cvB[],wrap(cvIw_5,(framed(OT_ATTEST,algH[],issuerId[],fp(pk(skI1[])),h(authTuple(issuerId[],fp(pk(skI1[])),ssetH[],algH[],verH[])),cvA[],plI_3),sign((BYTES,framed(OT_ATTEST,algH[],issuerId[],fp(pk(skI1[])),h(authTuple(issuerId[],fp(pk(skI1[])),ssetH[],algH[],verH[])),cvA[],plI_3)),skI1[])))),sign((BYTES,framed(OT_WRAPPER,algH[],issuerId[],fp(pk(skI1[])),h(authTuple(issuerId[],fp(pk(skI1[])),ssetH[],algH[],verH[])),cvB[],wrap(cvIw_5,(framed(OT_ATTEST,algH[],issuerId[],fp(pk(skI1[])),h(authTuple(issuerId[],fp(pk(skI1[])),ssetH[],algH[],verH[])),cvA[],plI_3),sign((BYTES,framed(OT_ATTEST,algH[],issuerId[],fp(pk(skI1[])),h(authTuple(issuerId[],fp(pk(skI1[])),ssetH[],algH[],verH[])),cvA[],plI_3)),skI1[]))))),skI1[]))))),k).
By 42, the attacker may know framed(OT_WRAPPER,algO_1,idO_4,fp(pk(k)),h(authTuple(idO_4,fp(pk(k)),ssO_1,algO_1,verO_1)),cvO_2,wrap(cvMw_1,(framed(OT_WRAPPER,algH[],issuerId[],fp(pk(skI1[])),h(authTuple(issuerId[],fp(pk(skI1[])),ssetH[],algH[],verH[])),cvB[],wrap(cvIw_5,(framed(OT_ATTEST,algH[],issuerId[],fp(pk(skI1[])),h(authTuple(issuerId[],fp(pk(skI1[])),ssetH[],algH[],verH[])),cvA[],plI_3),sign((BYTES,framed(OT_ATTEST,algH[],issuerId[],fp(pk(skI1[])),h(authTuple(issuerId[],fp(pk(skI1[])),ssetH[],algH[],verH[])),cvA[],plI_3)),skI1[])))),sign((BYTES,framed(OT_WRAPPER,algH[],issuerId[],fp(pk(skI1[])),h(authTuple(issuerId[],fp(pk(skI1[])),ssetH[],algH[],verH[])),cvB[],wrap(cvIw_5,(framed(OT_ATTEST,algH[],issuerId[],fp(pk(skI1[])),h(authTuple(issuerId[],fp(pk(skI1[])),ssetH[],algH[],verH[])),cvA[],plI_3),sign((BYTES,framed(OT_ATTEST,algH[],issuerId[],fp(pk(skI1[])),h(authTuple(issuerId[],fp(pk(skI1[])),ssetH[],algH[],verH[])),cvA[],plI_3)),skI1[]))))),skI1[])))).
By 12, the attacker may know authTuple(issuerId[],fp(pk(skI1[])),ssetH[],algH[],verH[]).
By 16, the attacker may know sign((STMT_DIGEST,h(authTuple(issuerId[],fp(pk(skI1[])),ssetH[],algH[],verH[]))),skS[]).
By 5, the attacker may know pk(skI1[]).
By 4, the attacker may know sign((POSS,authTuple(issuerId[],fp(pk(skI1[])),ssetH[],algH[],verH[])),skI1[]).
By 12, the attacker may know authTuple(issuerId[],fp(pk(skI1[])),ssetH[],algH[],verH[]).
By 16, the attacker may know sign((STMT_DIGEST,h(authTuple(issuerId[],fp(pk(skI1[])),ssetH[],algH[],verH[]))),skS[]).
By 5, the attacker may know pk(skI1[]).
By 4, the attacker may know sign((POSS,authTuple(issuerId[],fp(pk(skI1[])),ssetH[],algH[],verH[])),skI1[]).
Using the function 14-tuple the attacker may obtain (authTuple(idO_4,fp(pk(k)),ssO_1,algO_1,verO_1),sign((STMT_DIGEST,h(authTuple(idO_4,fp(pk(k)),ssO_1,algO_1,verO_1))),skS[]),pk(k),sign((POSS,authTuple(idO_4,fp(pk(k)),ssO_1,algO_1,verO_1)),k),sign((BYTES,framed(OT_WRAPPER,algO_1,idO_4,fp(pk(k)),h(authTuple(idO_4,fp(pk(k)),ssO_1,algO_1,verO_1)),cvO_2,wrap(cvMw_1,(framed(OT_WRAPPER,algH[],issuerId[],fp(pk(skI1[])),h(authTuple(issuerId[],fp(pk(skI1[])),ssetH[],algH[],verH[])),cvB[],wrap(cvIw_5,(framed(OT_ATTEST,algH[],issuerId[],fp(pk(skI1[])),h(authTuple(issuerId[],fp(pk(skI1[])),ssetH[],algH[],verH[])),cvA[],plI_3),sign((BYTES,framed(OT_ATTEST,algH[],issuerId[],fp(pk(skI1[])),h(authTuple(issuerId[],fp(pk(skI1[])),ssetH[],algH[],verH[])),cvA[],plI_3)),skI1[])))),sign((BYTES,framed(OT_WRAPPER,algH[],issuerId[],fp(pk(skI1[])),h(authTuple(issuerId[],fp(pk(skI1[])),ssetH[],algH[],verH[])),cvB[],wrap(cvIw_5,(framed(OT_ATTEST,algH[],issuerId[],fp(pk(skI1[])),h(authTuple(issuerId[],fp(pk(skI1[])),ssetH[],algH[],verH[])),cvA[],plI_3),sign((BYTES,framed(OT_ATTEST,algH[],issuerId[],fp(pk(skI1[])),h(authTuple(issuerId[],fp(pk(skI1[])),ssetH[],algH[],verH[])),cvA[],plI_3)),skI1[]))))),skI1[]))))),k),framed(OT_WRAPPER,algO_1,idO_4,fp(pk(k)),h(authTuple(idO_4,fp(pk(k)),ssO_1,algO_1,verO_1)),cvO_2,wrap(cvMw_1,(framed(OT_WRAPPER,algH[],issuerId[],fp(pk(skI1[])),h(authTuple(issuerId[],fp(pk(skI1[])),ssetH[],algH[],verH[])),cvB[],wrap(cvIw_5,(framed(OT_ATTEST,algH[],issuerId[],fp(pk(skI1[])),h(authTuple(issuerId[],fp(pk(skI1[])),ssetH[],algH[],verH[])),cvA[],plI_3),sign((BYTES,framed(OT_ATTEST,algH[],issuerId[],fp(pk(skI1[])),h(authTuple(issuerId[],fp(pk(skI1[])),ssetH[],algH[],verH[])),cvA[],plI_3)),skI1[])))),sign((BYTES,framed(OT_WRAPPER,algH[],issuerId[],fp(pk(skI1[])),h(authTuple(issuerId[],fp(pk(skI1[])),ssetH[],algH[],verH[])),cvB[],wrap(cvIw_5,(framed(OT_ATTEST,algH[],issuerId[],fp(pk(skI1[])),h(authTuple(issuerId[],fp(pk(skI1[])),ssetH[],algH[],verH[])),cvA[],plI_3),sign((BYTES,framed(OT_ATTEST,algH[],issuerId[],fp(pk(skI1[])),h(authTuple(issuerId[],fp(pk(skI1[])),ssetH[],algH[],verH[])),cvA[],plI_3)),skI1[]))))),skI1[])))),authTuple(issuerId[],fp(pk(skI1[])),ssetH[],algH[],verH[]),sign((STMT_DIGEST,h(authTuple(issuerId[],fp(pk(skI1[])),ssetH[],algH[],verH[]))),skS[]),pk(skI1[]),sign((POSS,authTuple(issuerId[],fp(pk(skI1[])),ssetH[],algH[],verH[])),skI1[]),authTuple(issuerId[],fp(pk(skI1[])),ssetH[],algH[],verH[]),sign((STMT_DIGEST,h(authTuple(issuerId[],fp(pk(skI1[])),ssetH[],algH[],verH[]))),skS[]),pk(skI1[]),sign((POSS,authTuple(issuerId[],fp(pk(skI1[])),ssetH[],algH[],verH[])),skI1[])).
attacker((authTuple(idO_4,fp(pk(k)),ssO_1,algO_1,verO_1),sign((STMT_DIGEST,h(authTuple(idO_4,fp(pk(k)),ssO_1,algO_1,verO_1))),skS[]),pk(k),sign((POSS,authTuple(idO_4,fp(pk(k)),ssO_1,algO_1,verO_1)),k),sign((BYTES,framed(OT_WRAPPER,algO_1,idO_4,fp(pk(k)),h(authTuple(idO_4,fp(pk(k)),ssO_1,algO_1,verO_1)),cvO_2,wrap(cvMw_1,(framed(OT_WRAPPER,algH[],issuerId[],fp(pk(skI1[])),h(authTuple(issuerId[],fp(pk(skI1[])),ssetH[],algH[],verH[])),cvB[],wrap(cvIw_5,(framed(OT_ATTEST,algH[],issuerId[],fp(pk(skI1[])),h(authTuple(issuerId[],fp(pk(skI1[])),ssetH[],algH[],verH[])),cvA[],plI_3),sign((BYTES,framed(OT_ATTEST,algH[],issuerId[],fp(pk(skI1[])),h(authTuple(issuerId[],fp(pk(skI1[])),ssetH[],algH[],verH[])),cvA[],plI_3)),skI1[])))),sign((BYTES,framed(OT_WRAPPER,algH[],issuerId[],fp(pk(skI1[])),h(authTuple(issuerId[],fp(pk(skI1[])),ssetH[],algH[],verH[])),cvB[],wrap(cvIw_5,(framed(OT_ATTEST,algH[],issuerId[],fp(pk(skI1[])),h(authTuple(issuerId[],fp(pk(skI1[])),ssetH[],algH[],verH[])),cvA[],plI_3),sign((BYTES,framed(OT_ATTEST,algH[],issuerId[],fp(pk(skI1[])),h(authTuple(issuerId[],fp(pk(skI1[])),ssetH[],algH[],verH[])),cvA[],plI_3)),skI1[]))))),skI1[]))))),k),framed(OT_WRAPPER,algO_1,idO_4,fp(pk(k)),h(authTuple(idO_4,fp(pk(k)),ssO_1,algO_1,verO_1)),cvO_2,wrap(cvMw_1,(framed(OT_WRAPPER,algH[],issuerId[],fp(pk(skI1[])),h(authTuple(issuerId[],fp(pk(skI1[])),ssetH[],algH[],verH[])),cvB[],wrap(cvIw_5,(framed(OT_ATTEST,algH[],issuerId[],fp(pk(skI1[])),h(authTuple(issuerId[],fp(pk(skI1[])),ssetH[],algH[],verH[])),cvA[],plI_3),sign((BYTES,framed(OT_ATTEST,algH[],issuerId[],fp(pk(skI1[])),h(authTuple(issuerId[],fp(pk(skI1[])),ssetH[],algH[],verH[])),cvA[],plI_3)),skI1[])))),sign((BYTES,framed(OT_WRAPPER,algH[],issuerId[],fp(pk(skI1[])),h(authTuple(issuerId[],fp(pk(skI1[])),ssetH[],algH[],verH[])),cvB[],wrap(cvIw_5,(framed(OT_ATTEST,algH[],issuerId[],fp(pk(skI1[])),h(authTuple(issuerId[],fp(pk(skI1[])),ssetH[],algH[],verH[])),cvA[],plI_3),sign((BYTES,framed(OT_ATTEST,algH[],issuerId[],fp(pk(skI1[])),h(authTuple(issuerId[],fp(pk(skI1[])),ssetH[],algH[],verH[])),cvA[],plI_3)),skI1[]))))),skI1[])))),authTuple(issuerId[],fp(pk(skI1[])),ssetH[],algH[],verH[]),sign((STMT_DIGEST,h(authTuple(issuerId[],fp(pk(skI1[])),ssetH[],algH[],verH[]))),skS[]),pk(skI1[]),sign((POSS,authTuple(issuerId[],fp(pk(skI1[])),ssetH[],algH[],verH[])),skI1[]),authTuple(issuerId[],fp(pk(skI1[])),ssetH[],algH[],verH[]),sign((STMT_DIGEST,h(authTuple(issuerId[],fp(pk(skI1[])),ssetH[],algH[],verH[]))),skS[]),pk(skI1[]),sign((POSS,authTuple(issuerId[],fp(pk(skI1[])),ssetH[],algH[],verH[])),skI1[]))).

52. The message (authTuple(idO_4,fp(pk(k)),ssO_1,algO_1,verO_1),sign((STMT_DIGEST,h(authTuple(idO_4,fp(pk(k)),ssO_1,algO_1,verO_1))),skS[]),pk(k),sign((POSS,authTuple(idO_4,fp(pk(k)),ssO_1,algO_1,verO_1)),k),sign((BYTES,framed(OT_WRAPPER,algO_1,idO_4,fp(pk(k)),h(authTuple(idO_4,fp(pk(k)),ssO_1,algO_1,verO_1)),cvO_2,wrap(cvMw_1,(framed(OT_WRAPPER,algH[],issuerId[],fp(pk(skI1[])),h(authTuple(issuerId[],fp(pk(skI1[])),ssetH[],algH[],verH[])),cvB[],wrap(cvIw_5,(framed(OT_ATTEST,algH[],issuerId[],fp(pk(skI1[])),h(authTuple(issuerId[],fp(pk(skI1[])),ssetH[],algH[],verH[])),cvA[],plI_3),sign((BYTES,framed(OT_ATTEST,algH[],issuerId[],fp(pk(skI1[])),h(authTuple(issuerId[],fp(pk(skI1[])),ssetH[],algH[],verH[])),cvA[],plI_3)),skI1[])))),sign((BYTES,framed(OT_WRAPPER,algH[],issuerId[],fp(pk(skI1[])),h(authTuple(issuerId[],fp(pk(skI1[])),ssetH[],algH[],verH[])),cvB[],wrap(cvIw_5,(framed(OT_ATTEST,algH[],issuerId[],fp(pk(skI1[])),h(authTuple(issuerId[],fp(pk(skI1[])),ssetH[],algH[],verH[])),cvA[],plI_3),sign((BYTES,framed(OT_ATTEST,algH[],issuerId[],fp(pk(skI1[])),h(authTuple(issuerId[],fp(pk(skI1[])),ssetH[],algH[],verH[])),cvA[],plI_3)),skI1[]))))),skI1[]))))),k),framed(OT_WRAPPER,algO_1,idO_4,fp(pk(k)),h(authTuple(idO_4,fp(pk(k)),ssO_1,algO_1,verO_1)),cvO_2,wrap(cvMw_1,(framed(OT_WRAPPER,algH[],issuerId[],fp(pk(skI1[])),h(authTuple(issuerId[],fp(pk(skI1[])),ssetH[],algH[],verH[])),cvB[],wrap(cvIw_5,(framed(OT_ATTEST,algH[],issuerId[],fp(pk(skI1[])),h(authTuple(issuerId[],fp(pk(skI1[])),ssetH[],algH[],verH[])),cvA[],plI_3),sign((BYTES,framed(OT_ATTEST,algH[],issuerId[],fp(pk(skI1[])),h(authTuple(issuerId[],fp(pk(skI1[])),ssetH[],algH[],verH[])),cvA[],plI_3)),skI1[])))),sign((BYTES,framed(OT_WRAPPER,algH[],issuerId[],fp(pk(skI1[])),h(authTuple(issuerId[],fp(pk(skI1[])),ssetH[],algH[],verH[])),cvB[],wrap(cvIw_5,(framed(OT_ATTEST,algH[],issuerId[],fp(pk(skI1[])),h(authTuple(issuerId[],fp(pk(skI1[])),ssetH[],algH[],verH[])),cvA[],plI_3),sign((BYTES,framed(OT_ATTEST,algH[],issuerId[],fp(pk(skI1[])),h(authTuple(issuerId[],fp(pk(skI1[])),ssetH[],algH[],verH[])),cvA[],plI_3)),skI1[]))))),skI1[])))),authTuple(issuerId[],fp(pk(skI1[])),ssetH[],algH[],verH[]),sign((STMT_DIGEST,h(authTuple(issuerId[],fp(pk(skI1[])),ssetH[],algH[],verH[]))),skS[]),pk(skI1[]),sign((POSS,authTuple(issuerId[],fp(pk(skI1[])),ssetH[],algH[],verH[])),skI1[]),authTuple(issuerId[],fp(pk(skI1[])),ssetH[],algH[],verH[]),sign((STMT_DIGEST,h(authTuple(issuerId[],fp(pk(skI1[])),ssetH[],algH[],verH[]))),skS[]),pk(skI1[]),sign((POSS,authTuple(issuerId[],fp(pk(skI1[])),ssetH[],algH[],verH[])),skI1[])) that the attacker may have by 51 may be received at input {160}.
So the message (wctx2(pk(k),idO_4,pk(skI1[]),issuerId[]),pk(skI1[]),issuerId[],framed(OT_ATTEST,algH[],issuerId[],fp(pk(skI1[])),h(authTuple(issuerId[],fp(pk(skI1[])),ssetH[],algH[],verH[])),cvA[],plI_3)) may be sent on channel scopeCh[] at output {189}.
mess(scopeCh[],(wctx2(pk(k),idO_4,pk(skI1[]),issuerId[]),pk(skI1[]),issuerId[],framed(OT_ATTEST,algH[],issuerId[],fp(pk(skI1[])),h(authTuple(issuerId[],fp(pk(skI1[])),ssetH[],algH[],verH[])),cvA[],plI_3))).

53. The message (pk(skI1[]),issuerId[],framed(OT_ATTEST,algH[],issuerId[],fp(pk(skI1[])),h(authTuple(issuerId[],fp(pk(skI1[])),ssetH[],algH[],verH[])),cvA[],plI_3)) that may be sent on channel honestInnerCh[] by 2 may be received at input {210}.
The message (wctx2(pk(k),idO_4,pk(skI1[]),issuerId[]),pk(skI1[]),issuerId[],framed(OT_ATTEST,algH[],issuerId[],fp(pk(skI1[])),h(authTuple(issuerId[],fp(pk(skI1[])),ssetH[],algH[],verH[])),cvA[],plI_3)) that may be sent on channel scopeCh[] by 52 may be received at input {211}.
So event HonestWrappedAcceptedD2(pk(skI1[]),framed(OT_ATTEST,algH[],issuerId[],fp(pk(skI1[])),h(authTuple(issuerId[],fp(pk(skI1[])),ssetH[],algH[],verH[])),cvA[],plI_3),pk(k)) may be executed at {213}.
event(HonestWrappedAcceptedD2(pk(skI1[]),framed(OT_ATTEST,algH[],issuerId[],fp(pk(skI1[])),h(authTuple(issuerId[],fp(pk(skI1[])),ssetH[],algH[],verH[])),cvA[],plI_3),pk(k))).

54. By 53, event(HonestWrappedAcceptedD2(pk(skI1[]),framed(OT_ATTEST,algH[],issuerId[],fp(pk(skI1[])),h(authTuple(issuerId[],fp(pk(skI1[])),ssetH[],algH[],verH[])),cvA[],plI_3),pk(k))).
The goal is reached, represented in the following fact:
event(HonestWrappedAcceptedD2(pk(skI1[]),framed(OT_ATTEST,algH[],issuerId[],fp(pk(skI1[])),h(authTuple(issuerId[],fp(pk(skI1[])),ssetH[],algH[],verH[])),cvA[],plI_3),pk(k))).


A more detailed output of the traces is available with
  set traceDisplay = long.

new skS: skey creating skS_5 at {1}

new skI1: skey creating skI1_1 at {2}

new skI2: skey creating skI2_1 at {3}

new skW1: skey creating skW1_1 at {4}

new skW2: skey creating skW2_1 at {5}

out(c, ~M) with ~M = pk(skS_5) at {10}

out(c, ~M_1) with ~M_1 = pk(skI1_1) at {11}

out(c, ~M_2) with ~M_2 = pk(skI2_1) at {12}

out(c, ~M_3) with ~M_3 = pk(skW1_1) at {13}

out(c, ~M_4) with ~M_4 = pk(skW2_1) at {14}

out(c, authTuple(~M_5,~M_6,~M_7,~M_8,~M_9)) with ~M_5 = issuerId, ~M_6 = fp(pk(skI1_1)), ~M_7 = ssetH, ~M_8 = algH, ~M_9 = verH at {15}

out(c, authTuple(~M_10,~M_11,~M_12,~M_13,~M_14)) with ~M_10 = issuerId2, ~M_11 = fp(pk(skI2_1)), ~M_12 = ssetH, ~M_13 = algH, ~M_14 = verH at {16}

out(c, authTuple(~M_15,~M_16,~M_17,~M_18,~M_19)) with ~M_15 = idW1, ~M_16 = fp(pk(skW1_1)), ~M_17 = ssetH, ~M_18 = algH, ~M_19 = verH at {17}

out(c, authTuple(~M_20,~M_21,~M_22,~M_23,~M_24)) with ~M_20 = idW2, ~M_21 = fp(pk(skW2_1)), ~M_22 = ssetH, ~M_23 = algH, ~M_24 = verH at {18}

out(c, ~M_25) with ~M_25 = skS_5 at {19}

in(c, a) at {40} in copy a_1

event IssuerPossession(pk(skI1_1)) at {41} in copy a_1

out(c, ~M_26) with ~M_26 = sign((POSS,authTuple(issuerId,fp(pk(skI1_1)),ssetH,algH,verH)),skI1_1) at {43} in copy a_1

event IssuerSigned(pk(skI1_1),framed(OT_ATTEST,algH,issuerId,fp(pk(skI1_1)),h(authTuple(issuerId,fp(pk(skI1_1)),ssetH,algH,verH)),cvA,a)) at {46} in copy a_1

out(c, ~M_27) with ~M_27 = sign((BYTES,framed(OT_ATTEST,algH,issuerId,fp(pk(skI1_1)),h(authTuple(issuerId,fp(pk(skI1_1)),ssetH,algH,verH)),cvA,a)),skI1_1) at {51} in copy a_1

in(c, a_2) at {40} in copy a_3

event IssuerPossession(pk(skI1_1)) at {41} in copy a_3

out(c, ~M_28) with ~M_28 = sign((POSS,authTuple(issuerId,fp(pk(skI1_1)),ssetH,algH,verH)),skI1_1) at {43} in copy a_3

event IssuerSigned(pk(skI1_1),framed(OT_ATTEST,algH,issuerId,fp(pk(skI1_1)),h(authTuple(issuerId,fp(pk(skI1_1)),ssetH,algH,verH)),cvA,a_2)) at {46} in copy a_3

out(c, ~M_29) with ~M_29 = sign((BYTES,framed(OT_ATTEST,algH,issuerId,fp(pk(skI1_1)),h(authTuple(issuerId,fp(pk(skI1_1)),ssetH,algH,verH)),cvA,a_2)),skI1_1) at {51} in copy a_3

in(c, a) at {40} in copy a_4

event IssuerPossession(pk(skI1_1)) at {41} in copy a_4

out(c, ~M_30) with ~M_30 = sign((POSS,authTuple(issuerId,fp(pk(skI1_1)),ssetH,algH,verH)),skI1_1) at {43} in copy a_4

event IssuerSigned(pk(skI1_1),framed(OT_ATTEST,algH,issuerId,fp(pk(skI1_1)),h(authTuple(issuerId,fp(pk(skI1_1)),ssetH,algH,verH)),cvA,a)) at {46} in copy a_4

out(c, ~M_31) with ~M_31 = sign((BYTES,framed(OT_ATTEST,algH,issuerId,fp(pk(skI1_1)),h(authTuple(issuerId,fp(pk(skI1_1)),ssetH,algH,verH)),cvA,a)),skI1_1) at {51} in copy a_4

in(c, (a_5,framed(OT_ATTEST,algH,issuerId,fp(~M_1),h(authTuple(issuerId,fp(~M_1),ssetH,algH,verH)),cvA,a),~M_27)) with fp(~M_1) = fp(pk(skI1_1)), h(authTuple(issuerId,fp(~M_1),ssetH,algH,verH)) = h(authTuple(issuerId,fp(pk(skI1_1)),ssetH,algH,verH)), ~M_27 = sign((BYTES,framed(OT_ATTEST,algH,issuerId,fp(pk(skI1_1)),h(authTuple(issuerId,fp(pk(skI1_1)),ssetH,algH,verH)),cvA,a)),skI1_1) at {56} in copy a_6

event IssuerPossession(pk(skI1_1)) at {57} in copy a_6

out(c, ~M_32) with ~M_32 = sign((POSS,authTuple(issuerId,fp(pk(skI1_1)),ssetH,algH,verH)),skI1_1) at {59} in copy a_6

event IssuerSigned(pk(skI1_1),framed(OT_WRAPPER,algH,issuerId,fp(pk(skI1_1)),h(authTuple(issuerId,fp(pk(skI1_1)),ssetH,algH,verH)),cvB,wrap(a_5,(framed(OT_ATTEST,algH,issuerId,fp(pk(skI1_1)),h(authTuple(issuerId,fp(pk(skI1_1)),ssetH,algH,verH)),cvA,a),sign((BYTES,framed(OT_ATTEST,algH,issuerId,fp(pk(skI1_1)),h(authTuple(issuerId,fp(pk(skI1_1)),ssetH,algH,verH)),cvA,a)),skI1_1))))) at {61} in copy a_6

out(c, ~M_33) with ~M_33 = sign((BYTES,framed(OT_WRAPPER,algH,issuerId,fp(pk(skI1_1)),h(authTuple(issuerId,fp(pk(skI1_1)),ssetH,algH,verH)),cvB,wrap(a_5,(framed(OT_ATTEST,algH,issuerId,fp(pk(skI1_1)),h(authTuple(issuerId,fp(pk(skI1_1)),ssetH,algH,verH)),cvA,a),sign((BYTES,framed(OT_ATTEST,algH,issuerId,fp(pk(skI1_1)),h(authTuple(issuerId,fp(pk(skI1_1)),ssetH,algH,verH)),cvA,a)),skI1_1))))),skI1_1) at {63} in copy a_6

in(c, (authTuple(a_7,fp(pk(a_8)),a_9,a_10,a_11),sign((STMT_DIGEST,h(authTuple(a_7,fp(pk(a_8)),a_9,a_10,a_11))),~M_25),pk(a_8),sign((POSS,authTuple(a_7,fp(pk(a_8)),a_9,a_10,a_11)),a_8),sign((BYTES,framed(OT_WRAPPER,a_10,a_7,fp(pk(a_8)),h(authTuple(a_7,fp(pk(a_8)),a_9,a_10,a_11)),a_12,wrap(a_13,(framed(OT_WRAPPER,algH,issuerId,fp(~M_1),h(authTuple(issuerId,fp(~M_1),ssetH,algH,verH)),cvB,wrap(a_5,(framed(OT_ATTEST,algH,issuerId,fp(~M_1),h(authTuple(issuerId,fp(~M_1),ssetH,algH,verH)),cvA,a),~M_27))),~M_33)))),a_8),framed(OT_WRAPPER,a_10,a_7,fp(pk(a_8)),h(authTuple(a_7,fp(pk(a_8)),a_9,a_10,a_11)),a_12,wrap(a_13,(framed(OT_WRAPPER,algH,issuerId,fp(~M_1),h(authTuple(issuerId,fp(~M_1),ssetH,algH,verH)),cvB,wrap(a_5,(framed(OT_ATTEST,algH,issuerId,fp(~M_1),h(authTuple(issuerId,fp(~M_1),ssetH,algH,verH)),cvA,a),~M_27))),~M_33))),authTuple(issuerId,fp(~M_1),ssetH,algH,verH),sign((STMT_DIGEST,h(authTuple(issuerId,fp(~M_1),ssetH,algH,verH))),~M_25),~M_1,~M_26,authTuple(issuerId,fp(~M_1),ssetH,algH,verH),sign((STMT_DIGEST,h(authTuple(issuerId,fp(~M_1),ssetH,algH,verH))),~M_25),~M_1,~M_26)) with sign((STMT_DIGEST,h(authTuple(a_7,fp(pk(a_8)),a_9,a_10,a_11))),~M_25) = sign((STMT_DIGEST,h(authTuple(a_7,fp(pk(a_8)),a_9,a_10,a_11))),skS_5), sign((BYTES,framed(OT_WRAPPER,a_10,a_7,fp(pk(a_8)),h(authTuple(a_7,fp(pk(a_8)),a_9,a_10,a_11)),a_12,wrap(a_13,(framed(OT_WRAPPER,algH,issuerId,fp(~M_1),h(authTuple(issuerId,fp(~M_1),ssetH,algH,verH)),cvB,wrap(a_5,(framed(OT_ATTEST,algH,issuerId,fp(~M_1),h(authTuple(issuerId,fp(~M_1),ssetH,algH,verH)),cvA,a),~M_27))),~M_33)))),a_8) = sign((BYTES,framed(OT_WRAPPER,a_10,a_7,fp(pk(a_8)),h(authTuple(a_7,fp(pk(a_8)),a_9,a_10,a_11)),a_12,wrap(a_13,(framed(OT_WRAPPER,algH,issuerId,fp(pk(skI1_1)),h(authTuple(issuerId,fp(pk(skI1_1)),ssetH,algH,verH)),cvB,wrap(a_5,(framed(OT_ATTEST,algH,issuerId,fp(pk(skI1_1)),h(authTuple(issuerId,fp(pk(skI1_1)),ssetH,algH,verH)),cvA,a),sign((BYTES,framed(OT_ATTEST,algH,issuerId,fp(pk(skI1_1)),h(authTuple(issuerId,fp(pk(skI1_1)),ssetH,algH,verH)),cvA,a)),skI1_1)))),sign((BYTES,framed(OT_WRAPPER,algH,issuerId,fp(pk(skI1_1)),h(authTuple(issuerId,fp(pk(skI1_1)),ssetH,algH,verH)),cvB,wrap(a_5,(framed(OT_ATTEST,algH,issuerId,fp(pk(skI1_1)),h(authTuple(issuerId,fp(pk(skI1_1)),ssetH,algH,verH)),cvA,a),sign((BYTES,framed(OT_ATTEST,algH,issuerId,fp(pk(skI1_1)),h(authTuple(issuerId,fp(pk(skI1_1)),ssetH,algH,verH)),cvA,a)),skI1_1))))),skI1_1))))),a_8), fp(~M_1) = fp(pk(skI1_1)), h(authTuple(issuerId,fp(~M_1),ssetH,algH,verH)) = h(authTuple(issuerId,fp(pk(skI1_1)),ssetH,algH,verH)), fp(~M_1) = fp(pk(skI1_1)), h(authTuple(issuerId,fp(~M_1),ssetH,algH,verH)) = h(authTuple(issuerId,fp(pk(skI1_1)),ssetH,algH,verH)), ~M_27 = sign((BYTES,framed(OT_ATTEST,algH,issuerId,fp(pk(skI1_1)),h(authTuple(issuerId,fp(pk(skI1_1)),ssetH,algH,verH)),cvA,a)),skI1_1), ~M_33 = sign((BYTES,framed(OT_WRAPPER,algH,issuerId,fp(pk(skI1_1)),h(authTuple(issuerId,fp(pk(skI1_1)),ssetH,algH,verH)),cvB,wrap(a_5,(framed(OT_ATTEST,algH,issuerId,fp(pk(skI1_1)),h(authTuple(issuerId,fp(pk(skI1_1)),ssetH,algH,verH)),cvA,a),sign((BYTES,framed(OT_ATTEST,algH,issuerId,fp(pk(skI1_1)),h(authTuple(issuerId,fp(pk(skI1_1)),ssetH,algH,verH)),cvA,a)),skI1_1))))),skI1_1), fp(~M_1) = fp(pk(skI1_1)), sign((STMT_DIGEST,h(authTuple(issuerId,fp(~M_1),ssetH,algH,verH))),~M_25) = sign((STMT_DIGEST,h(authTuple(issuerId,fp(pk(skI1_1)),ssetH,algH,verH))),skS_5), ~M_1 = pk(skI1_1), ~M_26 = sign((POSS,authTuple(issuerId,fp(pk(skI1_1)),ssetH,algH,verH)),skI1_1), fp(~M_1) = fp(pk(skI1_1)), sign((STMT_DIGEST,h(authTuple(issuerId,fp(~M_1),ssetH,algH,verH))),~M_25) = sign((STMT_DIGEST,h(authTuple(issuerId,fp(pk(skI1_1)),ssetH,algH,verH))),skS_5), ~M_1 = pk(skI1_1), ~M_26 = sign((POSS,authTuple(issuerId,fp(pk(skI1_1)),ssetH,algH,verH)),skI1_1) at {160} in copy a_14

event AcceptOuter(pk(a_8),a_7,framed(OT_WRAPPER,a_10,a_7,fp(pk(a_8)),h(authTuple(a_7,fp(pk(a_8)),a_9,a_10,a_11)),a_12,wrap(a_13,(framed(OT_WRAPPER,algH,issuerId,fp(pk(skI1_1)),h(authTuple(issuerId,fp(pk(skI1_1)),ssetH,algH,verH)),cvB,wrap(a_5,(framed(OT_ATTEST,algH,issuerId,fp(pk(skI1_1)),h(authTuple(issuerId,fp(pk(skI1_1)),ssetH,algH,verH)),cvA,a),sign((BYTES,framed(OT_ATTEST,algH,issuerId,fp(pk(skI1_1)),h(authTuple(issuerId,fp(pk(skI1_1)),ssetH,algH,verH)),cvA,a)),skI1_1)))),sign((BYTES,framed(OT_WRAPPER,algH,issuerId,fp(pk(skI1_1)),h(authTuple(issuerId,fp(pk(skI1_1)),ssetH,algH,verH)),cvB,wrap(a_5,(framed(OT_ATTEST,algH,issuerId,fp(pk(skI1_1)),h(authTuple(issuerId,fp(pk(skI1_1)),ssetH,algH,verH)),cvA,a),sign((BYTES,framed(OT_ATTEST,algH,issuerId,fp(pk(skI1_1)),h(authTuple(issuerId,fp(pk(skI1_1)),ssetH,algH,verH)),cvA,a)),skI1_1))))),skI1_1))))) at {168} in copy a_14

event AcceptMiddle(pk(a_8),a_7,pk(skI1_1),issuerId,framed(OT_WRAPPER,algH,issuerId,fp(pk(skI1_1)),h(authTuple(issuerId,fp(pk(skI1_1)),ssetH,algH,verH)),cvB,wrap(a_5,(framed(OT_ATTEST,algH,issuerId,fp(pk(skI1_1)),h(authTuple(issuerId,fp(pk(skI1_1)),ssetH,algH,verH)),cvA,a),sign((BYTES,framed(OT_ATTEST,algH,issuerId,fp(pk(skI1_1)),h(authTuple(issuerId,fp(pk(skI1_1)),ssetH,algH,verH)),cvA,a)),skI1_1))))) at {177} in copy a_14

event AcceptInner(wctx2(pk(a_8),a_7,pk(skI1_1),issuerId),pk(skI1_1),issuerId,framed(OT_ATTEST,algH,issuerId,fp(pk(skI1_1)),h(authTuple(issuerId,fp(pk(skI1_1)),ssetH,algH,verH)),cvA,a)) at {186} in copy a_14

out(honestInnerCh, (pk(skI1_1),issuerId,framed(OT_ATTEST,algH,issuerId,fp(pk(skI1_1)),h(authTuple(issuerId,fp(pk(skI1_1)),ssetH,algH,verH)),cvA,a))) at {49} in copy a_1 received at {210} in copy a_15

out(scopeCh, (wctx2(pk(a_8),a_7,pk(skI1_1),issuerId),pk(skI1_1),issuerId,framed(OT_ATTEST,algH,issuerId,fp(pk(skI1_1)),h(authTuple(issuerId,fp(pk(skI1_1)),ssetH,algH,verH)),cvA,a))) at {189} in copy a_14 received at {211} in copy a_15

event HonestWrappedAcceptedD2(pk(skI1_1),framed(OT_ATTEST,algH,issuerId,fp(pk(skI1_1)),h(authTuple(issuerId,fp(pk(skI1_1)),ssetH,algH,verH)),cvA,a),pk(a_8)) at {213} in copy a_15 (goal)

The event HonestWrappedAcceptedD2(pk(skI1_1),framed(OT_ATTEST,algH,issuerId,fp(pk(skI1_1)),h(authTuple(issuerId,fp(pk(skI1_1)),ssetH,algH,verH)),cvA,a),pk(a_8)) is executed at {213} in copy a_15.
A trace has been found.
RESULT not event(HonestWrappedAcceptedD2(kH_5,fb,kW_3)) is false.
-- Query not event(HonestAccepted(k,fb)) in process 1.
Translating the process into Horn clauses...
Completing...
200 rules inserted. Base: 177 rules (79 with conclusion selected). Queue: 46 rules.
400 rules inserted. Base: 265 rules (79 with conclusion selected). Queue: 128 rules.
600 rules inserted. Base: 293 rules (79 with conclusion selected). Queue: 194 rules.
800 rules inserted. Base: 284 rules (79 with conclusion selected). Queue: 232 rules.
1000 rules inserted. Base: 338 rules (95 with conclusion selected). Queue: 350 rules.
1200 rules inserted. Base: 338 rules (95 with conclusion selected). Queue: 359 rules.
1400 rules inserted. Base: 360 rules (95 with conclusion selected). Queue: 366 rules.
1600 rules inserted. Base: 360 rules (95 with conclusion selected). Queue: 402 rules.
1800 rules inserted. Base: 362 rules (97 with conclusion selected). Queue: 454 rules.
2000 rules inserted. Base: 362 rules (97 with conclusion selected). Queue: 496 rules.
2200 rules inserted. Base: 383 rules (99 with conclusion selected). Queue: 510 rules.
2400 rules inserted. Base: 392 rules (100 with conclusion selected). Queue: 612 rules.
2600 rules inserted. Base: 393 rules (100 with conclusion selected). Queue: 731 rules.
2800 rules inserted. Base: 406 rules (100 with conclusion selected). Queue: 728 rules.
3000 rules inserted. Base: 412 rules (102 with conclusion selected). Queue: 699 rules.
3200 rules inserted. Base: 416 rules (103 with conclusion selected). Queue: 670 rules.
3400 rules inserted. Base: 527 rules (103 with conclusion selected). Queue: 546 rules.
3600 rules inserted. Base: 527 rules (103 with conclusion selected). Queue: 546 rules.
3800 rules inserted. Base: 527 rules (103 with conclusion selected). Queue: 546 rules.
4000 rules inserted. Base: 566 rules (136 with conclusion selected). Queue: 525 rules.
4200 rules inserted. Base: 575 rules (136 with conclusion selected). Queue: 516 rules.
4400 rules inserted. Base: 587 rules (136 with conclusion selected). Queue: 504 rules.
4600 rules inserted. Base: 613 rules (144 with conclusion selected). Queue: 479 rules.
4800 rules inserted. Base: 625 rules (152 with conclusion selected). Queue: 470 rules.
5000 rules inserted. Base: 636 rules (160 with conclusion selected). Queue: 461 rules.
5200 rules inserted. Base: 647 rules (160 with conclusion selected). Queue: 458 rules.
5400 rules inserted. Base: 657 rules (160 with conclusion selected). Queue: 464 rules.
5600 rules inserted. Base: 723 rules (167 with conclusion selected). Queue: 421 rules.
5800 rules inserted. Base: 795 rules (177 with conclusion selected). Queue: 371 rules.
6000 rules inserted. Base: 860 rules (178 with conclusion selected). Queue: 358 rules.
6200 rules inserted. Base: 912 rules (178 with conclusion selected). Queue: 377 rules.
6400 rules inserted. Base: 1042 rules (178 with conclusion selected). Queue: 218 rules.
6600 rules inserted. Base: 1192 rules (240 with conclusion selected). Queue: 43 rules.
Starting query not event(HonestAccepted(k,fb))
goal reachable: attacker(plI_3) -> event(HonestAccepted(pk(skI2[]),framed(OT_ATTEST,algH[],issuerId2[],fp(pk(skI2[])),h(authTuple(issuerId2[],fp(pk(skI2[])),ssetH[],algH[],verH[])),cvB[],plI_3)))

Derivation:

1. We assume as hypothesis that
attacker(plI_3).

2. The message plI_3 that the attacker may have by 1 may be received at input {68}.
So the message (pk(skI2[]),framed(OT_ATTEST,algH[],issuerId2[],fp(pk(skI2[])),h(authTuple(issuerId2[],fp(pk(skI2[])),ssetH[],algH[],verH[])),cvB[],plI_3)) may be sent on channel honestCh[] at output {76}.
mess(honestCh[],(pk(skI2[]),framed(OT_ATTEST,algH[],issuerId2[],fp(pk(skI2[])),h(authTuple(issuerId2[],fp(pk(skI2[])),ssetH[],algH[],verH[])),cvB[],plI_3))).

3. The attacker initially knows cvB[].
attacker(cvB[]).

4. The attacker initially knows verH[].
attacker(verH[]).

5. The attacker initially knows algH[].
attacker(algH[]).

6. The attacker initially knows ssetH[].
attacker(ssetH[]).

7. The message pk(skI2[]) may be sent to the attacker at output {12}.
attacker(pk(skI2[])).

8. By 7, the attacker may know pk(skI2[]).
Using the function fp the attacker may obtain fp(pk(skI2[])).
attacker(fp(pk(skI2[]))).

9. The attacker initially knows issuerId2[].
attacker(issuerId2[]).

10. By 9, the attacker may know issuerId2[].
By 8, the attacker may know fp(pk(skI2[])).
By 6, the attacker may know ssetH[].
By 5, the attacker may know algH[].
By 4, the attacker may know verH[].
Using the function authTuple the attacker may obtain authTuple(issuerId2[],fp(pk(skI2[])),ssetH[],algH[],verH[]).
attacker(authTuple(issuerId2[],fp(pk(skI2[])),ssetH[],algH[],verH[])).

11. By 10, the attacker may know authTuple(issuerId2[],fp(pk(skI2[])),ssetH[],algH[],verH[]).
Using the function h the attacker may obtain h(authTuple(issuerId2[],fp(pk(skI2[])),ssetH[],algH[],verH[])).
attacker(h(authTuple(issuerId2[],fp(pk(skI2[])),ssetH[],algH[],verH[]))).

12. Using the function OT_ATTEST the attacker may obtain OT_ATTEST.
attacker(OT_ATTEST).

13. By 12, the attacker may know OT_ATTEST.
By 5, the attacker may know algH[].
By 9, the attacker may know issuerId2[].
By 8, the attacker may know fp(pk(skI2[])).
By 11, the attacker may know h(authTuple(issuerId2[],fp(pk(skI2[])),ssetH[],algH[],verH[])).
By 3, the attacker may know cvB[].
By 1, the attacker may know plI_3.
Using the function framed the attacker may obtain framed(OT_ATTEST,algH[],issuerId2[],fp(pk(skI2[])),h(authTuple(issuerId2[],fp(pk(skI2[])),ssetH[],algH[],verH[])),cvB[],plI_3).
attacker(framed(OT_ATTEST,algH[],issuerId2[],fp(pk(skI2[])),h(authTuple(issuerId2[],fp(pk(skI2[])),ssetH[],algH[],verH[])),cvB[],plI_3)).

14. The message plI_3 that the attacker may have by 1 may be received at input {68}.
So the message sign((BYTES,framed(OT_ATTEST,algH[],issuerId2[],fp(pk(skI2[])),h(authTuple(issuerId2[],fp(pk(skI2[])),ssetH[],algH[],verH[])),cvB[],plI_3)),skI2[]) may be sent to the attacker at output {79}.
attacker(sign((BYTES,framed(OT_ATTEST,algH[],issuerId2[],fp(pk(skI2[])),h(authTuple(issuerId2[],fp(pk(skI2[])),ssetH[],algH[],verH[])),cvB[],plI_3)),skI2[])).

15. The attacker has some term payload_3.
attacker(payload_3).

16. The message payload_3 that the attacker may have by 15 may be received at input {68}.
So the message sign((POSS,authTuple(issuerId2[],fp(pk(skI2[])),ssetH[],algH[],verH[])),skI2[]) may be sent to the attacker at output {71}.
attacker(sign((POSS,authTuple(issuerId2[],fp(pk(skI2[])),ssetH[],algH[],verH[])),skI2[])).

17. The message skS[] may be sent to the attacker at output {19}.
attacker(skS[]).

18. Using the function STMT_DIGEST the attacker may obtain STMT_DIGEST.
attacker(STMT_DIGEST).

19. By 18, the attacker may know STMT_DIGEST.
By 11, the attacker may know h(authTuple(issuerId2[],fp(pk(skI2[])),ssetH[],algH[],verH[])).
Using the function 2-tuple the attacker may obtain (STMT_DIGEST,h(authTuple(issuerId2[],fp(pk(skI2[])),ssetH[],algH[],verH[]))).
attacker((STMT_DIGEST,h(authTuple(issuerId2[],fp(pk(skI2[])),ssetH[],algH[],verH[])))).

20. By 19, the attacker may know (STMT_DIGEST,h(authTuple(issuerId2[],fp(pk(skI2[])),ssetH[],algH[],verH[]))).
By 17, the attacker may know skS[].
Using the function sign the attacker may obtain sign((STMT_DIGEST,h(authTuple(issuerId2[],fp(pk(skI2[])),ssetH[],algH[],verH[]))),skS[]).
attacker(sign((STMT_DIGEST,h(authTuple(issuerId2[],fp(pk(skI2[])),ssetH[],algH[],verH[]))),skS[])).

21. By 10, the attacker may know authTuple(issuerId2[],fp(pk(skI2[])),ssetH[],algH[],verH[]).
By 20, the attacker may know sign((STMT_DIGEST,h(authTuple(issuerId2[],fp(pk(skI2[])),ssetH[],algH[],verH[]))),skS[]).
By 7, the attacker may know pk(skI2[]).
By 16, the attacker may know sign((POSS,authTuple(issuerId2[],fp(pk(skI2[])),ssetH[],algH[],verH[])),skI2[]).
By 14, the attacker may know sign((BYTES,framed(OT_ATTEST,algH[],issuerId2[],fp(pk(skI2[])),h(authTuple(issuerId2[],fp(pk(skI2[])),ssetH[],algH[],verH[])),cvB[],plI_3)),skI2[]).
By 13, the attacker may know framed(OT_ATTEST,algH[],issuerId2[],fp(pk(skI2[])),h(authTuple(issuerId2[],fp(pk(skI2[])),ssetH[],algH[],verH[])),cvB[],plI_3).
Using the function 6-tuple the attacker may obtain (authTuple(issuerId2[],fp(pk(skI2[])),ssetH[],algH[],verH[]),sign((STMT_DIGEST,h(authTuple(issuerId2[],fp(pk(skI2[])),ssetH[],algH[],verH[]))),skS[]),pk(skI2[]),sign((POSS,authTuple(issuerId2[],fp(pk(skI2[])),ssetH[],algH[],verH[])),skI2[]),sign((BYTES,framed(OT_ATTEST,algH[],issuerId2[],fp(pk(skI2[])),h(authTuple(issuerId2[],fp(pk(skI2[])),ssetH[],algH[],verH[])),cvB[],plI_3)),skI2[]),framed(OT_ATTEST,algH[],issuerId2[],fp(pk(skI2[])),h(authTuple(issuerId2[],fp(pk(skI2[])),ssetH[],algH[],verH[])),cvB[],plI_3)).
attacker((authTuple(issuerId2[],fp(pk(skI2[])),ssetH[],algH[],verH[]),sign((STMT_DIGEST,h(authTuple(issuerId2[],fp(pk(skI2[])),ssetH[],algH[],verH[]))),skS[]),pk(skI2[]),sign((POSS,authTuple(issuerId2[],fp(pk(skI2[])),ssetH[],algH[],verH[])),skI2[]),sign((BYTES,framed(OT_ATTEST,algH[],issuerId2[],fp(pk(skI2[])),h(authTuple(issuerId2[],fp(pk(skI2[])),ssetH[],algH[],verH[])),cvB[],plI_3)),skI2[]),framed(OT_ATTEST,algH[],issuerId2[],fp(pk(skI2[])),h(authTuple(issuerId2[],fp(pk(skI2[])),ssetH[],algH[],verH[])),cvB[],plI_3))).

22. The message (authTuple(issuerId2[],fp(pk(skI2[])),ssetH[],algH[],verH[]),sign((STMT_DIGEST,h(authTuple(issuerId2[],fp(pk(skI2[])),ssetH[],algH[],verH[]))),skS[]),pk(skI2[]),sign((POSS,authTuple(issuerId2[],fp(pk(skI2[])),ssetH[],algH[],verH[])),skI2[]),sign((BYTES,framed(OT_ATTEST,algH[],issuerId2[],fp(pk(skI2[])),h(authTuple(issuerId2[],fp(pk(skI2[])),ssetH[],algH[],verH[])),cvB[],plI_3)),skI2[]),framed(OT_ATTEST,algH[],issuerId2[],fp(pk(skI2[])),h(authTuple(issuerId2[],fp(pk(skI2[])),ssetH[],algH[],verH[])),cvB[],plI_3)) that the attacker may have by 21 may be received at input {119}.
So the message (BASE,pk(skI2[]),issuerId2[],framed(OT_ATTEST,algH[],issuerId2[],fp(pk(skI2[])),h(authTuple(issuerId2[],fp(pk(skI2[])),ssetH[],algH[],verH[])),cvB[],plI_3)) may be sent on channel acceptCh[] at output {130}.
mess(acceptCh[],(BASE,pk(skI2[]),issuerId2[],framed(OT_ATTEST,algH[],issuerId2[],fp(pk(skI2[])),h(authTuple(issuerId2[],fp(pk(skI2[])),ssetH[],algH[],verH[])),cvB[],plI_3))).

23. The message (pk(skI2[]),framed(OT_ATTEST,algH[],issuerId2[],fp(pk(skI2[])),h(authTuple(issuerId2[],fp(pk(skI2[])),ssetH[],algH[],verH[])),cvB[],plI_3)) that may be sent on channel honestCh[] by 2 may be received at input {192}.
The message (BASE,pk(skI2[]),issuerId2[],framed(OT_ATTEST,algH[],issuerId2[],fp(pk(skI2[])),h(authTuple(issuerId2[],fp(pk(skI2[])),ssetH[],algH[],verH[])),cvB[],plI_3)) that may be sent on channel acceptCh[] by 22 may be received at input {193}.
So event HonestAccepted(pk(skI2[]),framed(OT_ATTEST,algH[],issuerId2[],fp(pk(skI2[])),h(authTuple(issuerId2[],fp(pk(skI2[])),ssetH[],algH[],verH[])),cvB[],plI_3)) may be executed at {196}.
event(HonestAccepted(pk(skI2[]),framed(OT_ATTEST,algH[],issuerId2[],fp(pk(skI2[])),h(authTuple(issuerId2[],fp(pk(skI2[])),ssetH[],algH[],verH[])),cvB[],plI_3))).

24. By 23, event(HonestAccepted(pk(skI2[]),framed(OT_ATTEST,algH[],issuerId2[],fp(pk(skI2[])),h(authTuple(issuerId2[],fp(pk(skI2[])),ssetH[],algH[],verH[])),cvB[],plI_3))).
The goal is reached, represented in the following fact:
event(HonestAccepted(pk(skI2[]),framed(OT_ATTEST,algH[],issuerId2[],fp(pk(skI2[])),h(authTuple(issuerId2[],fp(pk(skI2[])),ssetH[],algH[],verH[])),cvB[],plI_3))).


A more detailed output of the traces is available with
  set traceDisplay = long.

new skS: skey creating skS_5 at {1}

new skI1: skey creating skI1_1 at {2}

new skI2: skey creating skI2_1 at {3}

new skW1: skey creating skW1_1 at {4}

new skW2: skey creating skW2_1 at {5}

out(c, ~M) with ~M = pk(skS_5) at {10}

out(c, ~M_1) with ~M_1 = pk(skI1_1) at {11}

out(c, ~M_2) with ~M_2 = pk(skI2_1) at {12}

out(c, ~M_3) with ~M_3 = pk(skW1_1) at {13}

out(c, ~M_4) with ~M_4 = pk(skW2_1) at {14}

out(c, authTuple(~M_5,~M_6,~M_7,~M_8,~M_9)) with ~M_5 = issuerId, ~M_6 = fp(pk(skI1_1)), ~M_7 = ssetH, ~M_8 = algH, ~M_9 = verH at {15}

out(c, authTuple(~M_10,~M_11,~M_12,~M_13,~M_14)) with ~M_10 = issuerId2, ~M_11 = fp(pk(skI2_1)), ~M_12 = ssetH, ~M_13 = algH, ~M_14 = verH at {16}

out(c, authTuple(~M_15,~M_16,~M_17,~M_18,~M_19)) with ~M_15 = idW1, ~M_16 = fp(pk(skW1_1)), ~M_17 = ssetH, ~M_18 = algH, ~M_19 = verH at {17}

out(c, authTuple(~M_20,~M_21,~M_22,~M_23,~M_24)) with ~M_20 = idW2, ~M_21 = fp(pk(skW2_1)), ~M_22 = ssetH, ~M_23 = algH, ~M_24 = verH at {18}

out(c, ~M_25) with ~M_25 = skS_5 at {19}

in(c, a) at {68} in copy a_1

event IssuerPossession(pk(skI2_1)) at {69} in copy a_1

out(c, ~M_26) with ~M_26 = sign((POSS,authTuple(issuerId2,fp(pk(skI2_1)),ssetH,algH,verH)),skI2_1) at {71} in copy a_1

event IssuerSigned(pk(skI2_1),framed(OT_ATTEST,algH,issuerId2,fp(pk(skI2_1)),h(authTuple(issuerId2,fp(pk(skI2_1)),ssetH,algH,verH)),cvB,a)) at {74} in copy a_1

out(c, ~M_27) with ~M_27 = sign((BYTES,framed(OT_ATTEST,algH,issuerId2,fp(pk(skI2_1)),h(authTuple(issuerId2,fp(pk(skI2_1)),ssetH,algH,verH)),cvB,a)),skI2_1) at {79} in copy a_1

in(c, a_2) at {68} in copy a_3

event IssuerPossession(pk(skI2_1)) at {69} in copy a_3

out(c, ~M_28) with ~M_28 = sign((POSS,authTuple(issuerId2,fp(pk(skI2_1)),ssetH,algH,verH)),skI2_1) at {71} in copy a_3

event IssuerSigned(pk(skI2_1),framed(OT_ATTEST,algH,issuerId2,fp(pk(skI2_1)),h(authTuple(issuerId2,fp(pk(skI2_1)),ssetH,algH,verH)),cvB,a_2)) at {74} in copy a_3

out(c, ~M_29) with ~M_29 = sign((BYTES,framed(OT_ATTEST,algH,issuerId2,fp(pk(skI2_1)),h(authTuple(issuerId2,fp(pk(skI2_1)),ssetH,algH,verH)),cvB,a_2)),skI2_1) at {79} in copy a_3

in(c, a_2) at {68} in copy a_4

event IssuerPossession(pk(skI2_1)) at {69} in copy a_4

out(c, ~M_30) with ~M_30 = sign((POSS,authTuple(issuerId2,fp(pk(skI2_1)),ssetH,algH,verH)),skI2_1) at {71} in copy a_4

event IssuerSigned(pk(skI2_1),framed(OT_ATTEST,algH,issuerId2,fp(pk(skI2_1)),h(authTuple(issuerId2,fp(pk(skI2_1)),ssetH,algH,verH)),cvB,a_2)) at {74} in copy a_4

out(c, ~M_31) with ~M_31 = sign((BYTES,framed(OT_ATTEST,algH,issuerId2,fp(pk(skI2_1)),h(authTuple(issuerId2,fp(pk(skI2_1)),ssetH,algH,verH)),cvB,a_2)),skI2_1) at {79} in copy a_4

in(c, (authTuple(issuerId2,fp(~M_2),ssetH,algH,verH),sign((STMT_DIGEST,h(authTuple(issuerId2,fp(~M_2),ssetH,algH,verH))),~M_25),~M_2,~M_26,~M_29,framed(OT_ATTEST,algH,issuerId2,fp(~M_2),h(authTuple(issuerId2,fp(~M_2),ssetH,algH,verH)),cvB,a_2))) with fp(~M_2) = fp(pk(skI2_1)), sign((STMT_DIGEST,h(authTuple(issuerId2,fp(~M_2),ssetH,algH,verH))),~M_25) = sign((STMT_DIGEST,h(authTuple(issuerId2,fp(pk(skI2_1)),ssetH,algH,verH))),skS_5), ~M_2 = pk(skI2_1), ~M_26 = sign((POSS,authTuple(issuerId2,fp(pk(skI2_1)),ssetH,algH,verH)),skI2_1), ~M_29 = sign((BYTES,framed(OT_ATTEST,algH,issuerId2,fp(pk(skI2_1)),h(authTuple(issuerId2,fp(pk(skI2_1)),ssetH,algH,verH)),cvB,a_2)),skI2_1), fp(~M_2) = fp(pk(skI2_1)), h(authTuple(issuerId2,fp(~M_2),ssetH,algH,verH)) = h(authTuple(issuerId2,fp(pk(skI2_1)),ssetH,algH,verH)) at {119} in copy a_5

event AcceptInner(BASE,pk(skI2_1),issuerId2,framed(OT_ATTEST,algH,issuerId2,fp(pk(skI2_1)),h(authTuple(issuerId2,fp(pk(skI2_1)),ssetH,algH,verH)),cvB,a_2)) at {128} in copy a_5

out(honestCh, (pk(skI2_1),framed(OT_ATTEST,algH,issuerId2,fp(pk(skI2_1)),h(authTuple(issuerId2,fp(pk(skI2_1)),ssetH,algH,verH)),cvB,a_2))) at {76} in copy a_3 received at {192} in copy a_6

out(acceptCh, (BASE,pk(skI2_1),issuerId2,framed(OT_ATTEST,algH,issuerId2,fp(pk(skI2_1)),h(authTuple(issuerId2,fp(pk(skI2_1)),ssetH,algH,verH)),cvB,a_2))) at {130} in copy a_5 received at {193} in copy a_6

event HonestAccepted(pk(skI2_1),framed(OT_ATTEST,algH,issuerId2,fp(pk(skI2_1)),h(authTuple(issuerId2,fp(pk(skI2_1)),ssetH,algH,verH)),cvB,a_2)) at {196} in copy a_6 (goal)

The event HonestAccepted(pk(skI2_1),framed(OT_ATTEST,algH,issuerId2,fp(pk(skI2_1)),h(authTuple(issuerId2,fp(pk(skI2_1)),ssetH,algH,verH)),cvB,a_2)) is executed at {196} in copy a_6.
A trace has been found.
RESULT not event(HonestAccepted(k,fb)) is false.

--------------------------------------------------------------
Verification summary:

Query not event(TypeConfused(otS_1,otA_1,fb)) is true.

Query not event(RescopedD1(kX_1,idX_1,kH_5,idH_2,fb)) is true.

Query not event(RescopedD2(kX_1,idX_1,kH_5,idH_2,fb)) is false.

Query not event(InnerSigTransplanted(kX_1,s)) is true.

Query not event(HonestWrappedAcceptedD1(kH_5,fb,kW_3)) is false.

Query not event(HonestWrappedAcceptedD2(kH_5,fb,kW_3)) is false.

Query not event(HonestAccepted(k,fb)) is false.

--------------------------------------------------------------

