Process 0 (that is, the initial process):
{1}new skS: skey;
{2}new skI1: skey;
{3}new skI2: skey;
{4}new skW1: skey;
{5}new skW2: skey;
{6}let mI1: bitstring = authTuple(issuerId,fp(pk(skI1)),ssetH,algH,verH) in
{7}let mI2: bitstring = authTuple(issuerId2,fp(pk(skI2)),ssetH,algH,verH) in
{8}let mW1: bitstring = authTuple(idW1,fp(pk(skW1)),ssetH,algH,verH) in
{9}let mW2: bitstring = authTuple(idW2,fp(pk(skW2)),ssetH,algH,verH) in
{10}out(c, pk(skS));
{11}out(c, pk(skI1));
{12}out(c, pk(skI2));
{13}out(c, pk(skW1));
{14}out(c, pk(skW2));
{15}out(c, mI1);
{16}out(c, mI2);
{17}out(c, mW1);
{18}out(c, mW2);
{19}out(c, skS);
(
    {20}!
    {21}let skS_1: skey = skS in
    {22}event AuthorityPublishedDNS(mI1);
    {23}out(c, sign((STMT_DIGEST,h(mI1)),skS_1))
) | (
    {24}!
    {25}let skS_2: skey = skS in
    {26}event AuthorityPublishedDNS(mI2);
    {27}out(c, sign((STMT_DIGEST,h(mI2)),skS_2))
) | (
    {28}!
    {29}let skS_3: skey = skS in
    {30}event AuthorityPublishedDNS(mW1);
    {31}out(c, sign((STMT_DIGEST,h(mW1)),skS_3))
) | (
    {32}!
    {33}let skS_4: skey = skS in
    {34}event AuthorityPublishedDNS(mW2);
    {35}out(c, sign((STMT_DIGEST,h(mW2)),skS_4))
) | (
    {36}!
    {37}let skI: skey = skI1 in
    {38}let idI: bitstring = issuerId in
    {39}let cvI: bitstring = cvA in
    {40}in(c, payload: bitstring);
    {41}event IssuerPossession(pk(skI));
    {42}let ppfI: bitstring = sign((POSS,mI1),skI) in
    {43}out(c, ppfI);
    {44}let fbI: bitstring = framed(OT_ATTEST,algH,idI,fp(pk(skI)),h(mI1),cvI,payload) in
    {45}let sgI: bitstring = sign((BYTES,fbI),skI) in
    {46}event IssuerSigned(pk(skI),fbI);
    (
        {47}out(honestTypeCh, (OT_ATTEST,fbI))
    ) | (
        {48}out(honestCh, (pk(skI),fbI))
    ) | (
        {49}out(honestInnerCh, (pk(skI),idI,fbI))
    ) | (
        {50}out(honestSigCh, (pk(skI),sgI))
    ) | (
        {51}out(c, sgI)
    )
) | (
    {52}!
    {53}let skW: skey = skI1 in
    {54}let idW: bitstring = issuerId in
    {55}let cvW: bitstring = cvB in
    {56}in(c, (cvIw: bitstring,fbIn: bitstring,sgIn: bitstring));
    {57}event IssuerPossession(pk(skW));
    {58}let ppfW: bitstring = sign((POSS,mI1),skW) in
    {59}out(c, ppfW);
    {60}let fbW: bitstring = framed(OT_WRAPPER,algH,idW,fp(pk(skW)),h(mI1),cvW,wrap(cvIw,(fbIn,sgIn))) in
    {61}event IssuerSigned(pk(skW),fbW);
    (
        {62}out(honestTypeCh, (OT_WRAPPER,fbW))
    ) | (
        {63}out(c, sign((BYTES,fbW),skW))
    )
) | (
    {64}!
    {65}let skI_1: skey = skI2 in
    {66}let idI_1: bitstring = issuerId2 in
    {67}let cvI_1: bitstring = cvB in
    {68}in(c, payload_1: bitstring);
    {69}event IssuerPossession(pk(skI_1));
    {70}let ppfI_1: bitstring = sign((POSS,mI2),skI_1) in
    {71}out(c, ppfI_1);
    {72}let fbI_1: bitstring = framed(OT_ATTEST,algH,idI_1,fp(pk(skI_1)),h(mI2),cvI_1,payload_1) in
    {73}let sgI_1: bitstring = sign((BYTES,fbI_1),skI_1) in
    {74}event IssuerSigned(pk(skI_1),fbI_1);
    (
        {75}out(honestTypeCh, (OT_ATTEST,fbI_1))
    ) | (
        {76}out(honestCh, (pk(skI_1),fbI_1))
    ) | (
        {77}out(honestInnerCh, (pk(skI_1),idI_1,fbI_1))
    ) | (
        {78}out(honestSigCh, (pk(skI_1),sgI_1))
    ) | (
        {79}out(c, sgI_1)
    )
) | (
    {80}!
    {81}let skO: skey = skI2 in
    {82}let idO: bitstring = issuerId2 in
    {83}let ot: bitstring = OT_REVIEWREC in
    {84}let cvO: bitstring = cvA in
    {85}in(c, payload_2: bitstring);
    {86}event IssuerPossession(pk(skO));
    {87}let ppfO: bitstring = sign((POSS,mI2),skO) in
    {88}out(c, ppfO);
    {89}let fbO: bitstring = framed(ot,algH,idO,fp(pk(skO)),h(mI2),cvO,payload_2) in
    {90}event IssuerSigned(pk(skO),fbO);
    (
        {91}out(honestTypeCh, (ot,fbO))
    ) | (
        {92}out(c, sign((BYTES,fbO),skO))
    )
) | (
    {93}!
    {94}let skW_1: skey = skW1 in
    {95}let idW_1: bitstring = idW1 in
    {96}let cvW_1: bitstring = cvB in
    {97}in(c, (cvIw_1: bitstring,fbIn_1: bitstring,sgIn_1: bitstring));
    {98}event IssuerPossession(pk(skW_1));
    {99}let ppfW_1: bitstring = sign((POSS,mW1),skW_1) in
    {100}out(c, ppfW_1);
    {101}let fbW_1: bitstring = framed(OT_WRAPPER,algH,idW_1,fp(pk(skW_1)),h(mW1),cvW_1,wrap(cvIw_1,(fbIn_1,sgIn_1))) in
    {102}event IssuerSigned(pk(skW_1),fbW_1);
    (
        {103}out(honestTypeCh, (OT_WRAPPER,fbW_1))
    ) | (
        {104}out(c, sign((BYTES,fbW_1),skW_1))
    )
) | (
    {105}!
    {106}let skW_2: skey = skW2 in
    {107}let idW_2: bitstring = idW2 in
    {108}let cvW_2: bitstring = cvA in
    {109}in(c, (cvIw_2: bitstring,fbIn_2: bitstring,sgIn_2: bitstring));
    {110}event IssuerPossession(pk(skW_2));
    {111}let ppfW_2: bitstring = sign((POSS,mW2),skW_2) in
    {112}out(c, ppfW_2);
    {113}let fbW_2: bitstring = framed(OT_WRAPPER,algH,idW_2,fp(pk(skW_2)),h(mW2),cvW_2,wrap(cvIw_2,(fbIn_2,sgIn_2))) in
    {114}event IssuerSigned(pk(skW_2),fbW_2);
    (
        {115}out(honestTypeCh, (OT_WRAPPER,fbW_2))
    ) | (
        {116}out(c, sign((BYTES,fbW_2),skW_2))
    )
) | (
    {117}!
    {118}let pkS: pkey = pk(skS) in
    {119}in(c, (tI: bitstring,evI: bitstring,kI: pkey,ppfI_2: bitstring,sgI_2: bitstring,fbI_2: bitstring));
    {120}let ctx: bitstring = BASE in
    {121}let (=STMT_DIGEST,=h(tI)) = checksign(evI,pkS) in
    {122}let authTuple(idI_2: bitstring,kfprI: bitstring,ssI: bitstring,algI: bitstring,verI: bitstring) = tI in
    {123}if (fp(kI) = kfprI) then
    {124}let (=POSS,=tI) = checksign(ppfI_2,kI) in
    {125}let (=BYTES,=fbI_2) = checksign(sgI_2,kI) in
    {126}let framed(=OT_ATTEST,=algI,=idI_2,=fp(kI),mhI: bitstring,cvI_2: bitstring,plI: bitstring) = fbI_2 in
    {127}if (mhI = h(tI)) then
    {128}event AcceptInner(ctx,kI,idI_2,fbI_2);
    (
        {129}out(typeCh, (OT_ATTEST,fbI_2))
    ) | (
        {130}out(acceptCh, (ctx,kI,idI_2,fbI_2))
    ) | (
        {131}out(scopeCh, (ctx,kI,idI_2,fbI_2))
    ) | (
        {132}out(sigCh, (ctx,kI,sgI_2))
    )
) | (
    {133}!
    {134}let pkS_1: pkey = pk(skS) in
    {135}in(c, (tW: bitstring,evW: bitstring,kW: pkey,ppfW_3: bitstring,sgW: bitstring,fbW_3: bitstring,tI_1: bitstring,evI_1: bitstring,kI_1: pkey,ppfI_3: bitstring));
    {136}let (=STMT_DIGEST,=h(tW)) = checksign(evW,pkS_1) in
    {137}let authTuple(idW_3: bitstring,kfprW: bitstring,ssW: bitstring,algW: bitstring,verW: bitstring) = tW in
    {138}if (fp(kW) = kfprW) then
    {139}let (=POSS,=tW) = checksign(ppfW_3,kW) in
    {140}let (=BYTES,=fbW_3) = checksign(sgW,kW) in
    {141}let framed(=OT_WRAPPER,=algW,=idW_3,=fp(kW),mhW: bitstring,cvW_3: bitstring,wrap(cvIw_3: bitstring,(fbI_3: bitstring,sgI_3: bitstring))) = fbW_3 in
    {142}if (mhW = h(tW)) then
    {143}event AcceptOuter(kW,idW_3,fbW_3);
    (
        {144}out(typeCh, (OT_WRAPPER,fbW_3))
    ) | (
        {145}let (=BYTES,=fbI_3) = checksign(sgI_3,kW) in
        {146}let framed(=OT_ATTEST,algI_1: bitstring,idI_3: bitstring,kfpI: bitstring,mhI_1: bitstring,cvI_3: bitstring,plI_1: bitstring) = fbI_3 in
        {147}event AcceptInner(wctx(kW,idW_3,fbW_3),kW,idW_3,fbI_3);
        (
            {148}out(typeCh, (OT_ATTEST,fbI_3))
        ) | (
            {149}out(acceptCh, (wctx(kW,idW_3,fbW_3),kW,idW_3,fbI_3))
        ) | (
            {150}out(scopeCh, (wctx(kW,idW_3,fbW_3),kW,idW_3,fbI_3))
        ) | (
            {151}out(sigCh, (wctx(kW,idW_3,fbW_3),kW,sgI_3))
        )
    )
) | (
    {152}!
    {153}in(honestCh, (kH: pkey,fbHon: bitstring));
    {154}in(acceptCh, (ctx_1: bitstring,kX: pkey,idX: bitstring,=fbHon));
    {155}if (kX = kH) then
    (
        {156}if (ctx_1 = BASE) then
        {157}event HonestAccepted(kX,fbHon)
    )
    else
        {158}event Reattributed(kX,kH,fbHon)
) | (
    {159}!
    {160}in(honestTypeCh, (otS: bitstring,fbT: bitstring));
    {161}in(typeCh, (otA: bitstring,=fbT));
    {162}if (otS = otA) then
        0
    else
        {163}event TypeConfused(otS,otA,fbT)
) | (
    {164}!
    {165}in(honestInnerCh, (kH_1: pkey,idH: bitstring,fbHon_1: bitstring));
    {166}in(scopeCh, (wctx(kW_1: pkey,idW_4: bitstring,fbW_4: bitstring),kIrep: pkey,idIrep: bitstring,=fbHon_1));
    {167}if ((kIrep = kH_1) && (idIrep = idH)) then
        {168}event HonestWrappedAccepted(kH_1,fbHon_1,kW_1)
    else
        {169}event Rescoped(kIrep,idIrep,kH_1,idH,fbHon_1)
) | (
    {170}!
    {171}in(honestSigCh, (kH_2: pkey,sgH: bitstring));
    {172}in(sigCh, (wctx(kW_2: pkey,idW_5: bitstring,fbW_5: bitstring),kIrep_1: pkey,=sgH));
    {173}if (kIrep_1 = kH_2) then
        0
    else
        {174}event InnerSigTransplanted(kIrep_1,sgH)
)

--  Process 1 (that is, process 0, with let moved downwards):
{1}new skS: skey;
{2}new skI1: skey;
{3}new skI2: skey;
{4}new skW1: skey;
{5}new skW2: skey;
{10}out(c, pk(skS));
{11}out(c, pk(skI1));
{12}out(c, pk(skI2));
{13}out(c, pk(skW1));
{14}out(c, pk(skW2));
{6}let mI1: bitstring = authTuple(issuerId,fp(pk(skI1)),ssetH,algH,verH) in
{15}out(c, mI1);
{7}let mI2: bitstring = authTuple(issuerId2,fp(pk(skI2)),ssetH,algH,verH) in
{16}out(c, mI2);
{8}let mW1: bitstring = authTuple(idW1,fp(pk(skW1)),ssetH,algH,verH) in
{17}out(c, mW1);
{9}let mW2: bitstring = authTuple(idW2,fp(pk(skW2)),ssetH,algH,verH) in
{18}out(c, mW2);
{19}out(c, skS);
(
    {20}!
    {22}event AuthorityPublishedDNS(mI1);
    {21}let skS_1: skey = skS in
    {23}out(c, sign((STMT_DIGEST,h(mI1)),skS_1))
) | (
    {24}!
    {26}event AuthorityPublishedDNS(mI2);
    {25}let skS_2: skey = skS in
    {27}out(c, sign((STMT_DIGEST,h(mI2)),skS_2))
) | (
    {28}!
    {30}event AuthorityPublishedDNS(mW1);
    {29}let skS_3: skey = skS in
    {31}out(c, sign((STMT_DIGEST,h(mW1)),skS_3))
) | (
    {32}!
    {34}event AuthorityPublishedDNS(mW2);
    {33}let skS_4: skey = skS in
    {35}out(c, sign((STMT_DIGEST,h(mW2)),skS_4))
) | (
    {36}!
    {40}in(c, payload: bitstring);
    {37}let skI: skey = skI1 in
    {41}event IssuerPossession(pk(skI));
    {42}let ppfI: bitstring = sign((POSS,mI1),skI) in
    {43}out(c, ppfI);
    {39}let cvI: bitstring = cvA in
    {38}let idI: bitstring = issuerId in
    {44}let fbI: bitstring = framed(OT_ATTEST,algH,idI,fp(pk(skI)),h(mI1),cvI,payload) in
    {46}event IssuerSigned(pk(skI),fbI);
    (
        {47}out(honestTypeCh, (OT_ATTEST,fbI))
    ) | (
        {48}out(honestCh, (pk(skI),fbI))
    ) | (
        {49}out(honestInnerCh, (pk(skI),idI,fbI))
    ) | (
        {45}let sgI: bitstring = sign((BYTES,fbI),skI) in
        (
            {50}out(honestSigCh, (pk(skI),sgI))
        ) | (
            {51}out(c, sgI)
        )
    )
) | (
    {52}!
    {56}in(c, (cvIw: bitstring,fbIn: bitstring,sgIn: bitstring));
    {53}let skW: skey = skI1 in
    {57}event IssuerPossession(pk(skW));
    {58}let ppfW: bitstring = sign((POSS,mI1),skW) in
    {59}out(c, ppfW);
    {55}let cvW: bitstring = cvB in
    {54}let idW: bitstring = issuerId in
    {60}let fbW: bitstring = framed(OT_WRAPPER,algH,idW,fp(pk(skW)),h(mI1),cvW,wrap(cvIw,(fbIn,sgIn))) in
    {61}event IssuerSigned(pk(skW),fbW);
    (
        {62}out(honestTypeCh, (OT_WRAPPER,fbW))
    ) | (
        {63}out(c, sign((BYTES,fbW),skW))
    )
) | (
    {64}!
    {68}in(c, payload_1: bitstring);
    {65}let skI_1: skey = skI2 in
    {69}event IssuerPossession(pk(skI_1));
    {70}let ppfI_1: bitstring = sign((POSS,mI2),skI_1) in
    {71}out(c, ppfI_1);
    {67}let cvI_1: bitstring = cvB in
    {66}let idI_1: bitstring = issuerId2 in
    {72}let fbI_1: bitstring = framed(OT_ATTEST,algH,idI_1,fp(pk(skI_1)),h(mI2),cvI_1,payload_1) in
    {74}event IssuerSigned(pk(skI_1),fbI_1);
    (
        {75}out(honestTypeCh, (OT_ATTEST,fbI_1))
    ) | (
        {76}out(honestCh, (pk(skI_1),fbI_1))
    ) | (
        {77}out(honestInnerCh, (pk(skI_1),idI_1,fbI_1))
    ) | (
        {73}let sgI_1: bitstring = sign((BYTES,fbI_1),skI_1) in
        (
            {78}out(honestSigCh, (pk(skI_1),sgI_1))
        ) | (
            {79}out(c, sgI_1)
        )
    )
) | (
    {80}!
    {85}in(c, payload_2: bitstring);
    {81}let skO: skey = skI2 in
    {86}event IssuerPossession(pk(skO));
    {87}let ppfO: bitstring = sign((POSS,mI2),skO) in
    {88}out(c, ppfO);
    {84}let cvO: bitstring = cvA in
    {83}let ot: bitstring = OT_REVIEWREC in
    {82}let idO: bitstring = issuerId2 in
    {89}let fbO: bitstring = framed(ot,algH,idO,fp(pk(skO)),h(mI2),cvO,payload_2) in
    {90}event IssuerSigned(pk(skO),fbO);
    (
        {91}out(honestTypeCh, (ot,fbO))
    ) | (
        {92}out(c, sign((BYTES,fbO),skO))
    )
) | (
    {93}!
    {97}in(c, (cvIw_1: bitstring,fbIn_1: bitstring,sgIn_1: bitstring));
    {94}let skW_1: skey = skW1 in
    {98}event IssuerPossession(pk(skW_1));
    {99}let ppfW_1: bitstring = sign((POSS,mW1),skW_1) in
    {100}out(c, ppfW_1);
    {96}let cvW_1: bitstring = cvB in
    {95}let idW_1: bitstring = idW1 in
    {101}let fbW_1: bitstring = framed(OT_WRAPPER,algH,idW_1,fp(pk(skW_1)),h(mW1),cvW_1,wrap(cvIw_1,(fbIn_1,sgIn_1))) in
    {102}event IssuerSigned(pk(skW_1),fbW_1);
    (
        {103}out(honestTypeCh, (OT_WRAPPER,fbW_1))
    ) | (
        {104}out(c, sign((BYTES,fbW_1),skW_1))
    )
) | (
    {105}!
    {109}in(c, (cvIw_2: bitstring,fbIn_2: bitstring,sgIn_2: bitstring));
    {106}let skW_2: skey = skW2 in
    {110}event IssuerPossession(pk(skW_2));
    {111}let ppfW_2: bitstring = sign((POSS,mW2),skW_2) in
    {112}out(c, ppfW_2);
    {108}let cvW_2: bitstring = cvA in
    {107}let idW_2: bitstring = idW2 in
    {113}let fbW_2: bitstring = framed(OT_WRAPPER,algH,idW_2,fp(pk(skW_2)),h(mW2),cvW_2,wrap(cvIw_2,(fbIn_2,sgIn_2))) in
    {114}event IssuerSigned(pk(skW_2),fbW_2);
    (
        {115}out(honestTypeCh, (OT_WRAPPER,fbW_2))
    ) | (
        {116}out(c, sign((BYTES,fbW_2),skW_2))
    )
) | (
    {117}!
    {119}in(c, (tI: bitstring,evI: bitstring,kI: pkey,ppfI_2: bitstring,sgI_2: bitstring,fbI_2: bitstring));
    {118}let pkS: pkey = pk(skS) in
    {121}let (=STMT_DIGEST,=h(tI)) = checksign(evI,pkS) in
    {122}let authTuple(idI_2: bitstring,kfprI: bitstring,ssI: bitstring,algI: bitstring,verI: bitstring) = tI in
    {123}if (fp(kI) = kfprI) then
    {124}let (=POSS,=tI) = checksign(ppfI_2,kI) in
    {125}let (=BYTES,=fbI_2) = checksign(sgI_2,kI) in
    {126}let framed(=OT_ATTEST,=algI,=idI_2,=fp(kI),mhI: bitstring,cvI_2: bitstring,plI: bitstring) = fbI_2 in
    {127}if (mhI = h(tI)) then
    {120}let ctx: bitstring = BASE in
    {128}event AcceptInner(ctx,kI,idI_2,fbI_2);
    (
        {129}out(typeCh, (OT_ATTEST,fbI_2))
    ) | (
        {130}out(acceptCh, (ctx,kI,idI_2,fbI_2))
    ) | (
        {131}out(scopeCh, (ctx,kI,idI_2,fbI_2))
    ) | (
        {132}out(sigCh, (ctx,kI,sgI_2))
    )
) | (
    {133}!
    {135}in(c, (tW: bitstring,evW: bitstring,kW: pkey,ppfW_3: bitstring,sgW: bitstring,fbW_3: bitstring,tI_1: bitstring,evI_1: bitstring,kI_1: pkey,ppfI_3: bitstring));
    {134}let pkS_1: pkey = pk(skS) in
    {136}let (=STMT_DIGEST,=h(tW)) = checksign(evW,pkS_1) in
    {137}let authTuple(idW_3: bitstring,kfprW: bitstring,ssW: bitstring,algW: bitstring,verW: bitstring) = tW in
    {138}if (fp(kW) = kfprW) then
    {139}let (=POSS,=tW) = checksign(ppfW_3,kW) in
    {140}let (=BYTES,=fbW_3) = checksign(sgW,kW) in
    {141}let framed(=OT_WRAPPER,=algW,=idW_3,=fp(kW),mhW: bitstring,cvW_3: bitstring,wrap(cvIw_3: bitstring,(fbI_3: bitstring,sgI_3: bitstring))) = fbW_3 in
    {142}if (mhW = h(tW)) then
    {143}event AcceptOuter(kW,idW_3,fbW_3);
    (
        {144}out(typeCh, (OT_WRAPPER,fbW_3))
    ) | (
        {145}let (=BYTES,=fbI_3) = checksign(sgI_3,kW) in
        {146}let framed(=OT_ATTEST,algI_1: bitstring,idI_3: bitstring,kfpI: bitstring,mhI_1: bitstring,cvI_3: bitstring,plI_1: bitstring) = fbI_3 in
        {147}event AcceptInner(wctx(kW,idW_3,fbW_3),kW,idW_3,fbI_3);
        (
            {148}out(typeCh, (OT_ATTEST,fbI_3))
        ) | (
            {149}out(acceptCh, (wctx(kW,idW_3,fbW_3),kW,idW_3,fbI_3))
        ) | (
            {150}out(scopeCh, (wctx(kW,idW_3,fbW_3),kW,idW_3,fbI_3))
        ) | (
            {151}out(sigCh, (wctx(kW,idW_3,fbW_3),kW,sgI_3))
        )
    )
) | (
    {152}!
    {153}in(honestCh, (kH: pkey,fbHon: bitstring));
    {154}in(acceptCh, (ctx_1: bitstring,kX: pkey,idX: bitstring,=fbHon));
    {155}if (kX = kH) then
    (
        {156}if (ctx_1 = BASE) then
        {157}event HonestAccepted(kX,fbHon)
    )
    else
        {158}event Reattributed(kX,kH,fbHon)
) | (
    {159}!
    {160}in(honestTypeCh, (otS: bitstring,fbT: bitstring));
    {161}in(typeCh, (otA: bitstring,=fbT));
    {162}if (otS = otA) then
        0
    else
        {163}event TypeConfused(otS,otA,fbT)
) | (
    {164}!
    {165}in(honestInnerCh, (kH_1: pkey,idH: bitstring,fbHon_1: bitstring));
    {166}in(scopeCh, (wctx(kW_1: pkey,idW_4: bitstring,fbW_4: bitstring),kIrep: pkey,idIrep: bitstring,=fbHon_1));
    {167}if ((kIrep = kH_1) && (idIrep = idH)) then
        {168}event HonestWrappedAccepted(kH_1,fbHon_1,kW_1)
    else
        {169}event Rescoped(kIrep,idIrep,kH_1,idH,fbHon_1)
) | (
    {170}!
    {171}in(honestSigCh, (kH_2: pkey,sgH: bitstring));
    {172}in(sigCh, (wctx(kW_2: pkey,idW_5: bitstring,fbW_5: bitstring),kIrep_1: pkey,=sgH));
    {173}if (kIrep_1 = kH_2) then
        0
    else
        {174}event InnerSigTransplanted(kIrep_1,sgH)
)

-- Query not event(TypeConfused(otS_1,otA_1,fb)) in process 1.
Translating the process into Horn clauses...
Completing...
200 rules inserted. Base: 173 rules (77 with conclusion selected). Queue: 42 rules.
400 rules inserted. Base: 192 rules (77 with conclusion selected). Queue: 84 rules.
600 rules inserted. Base: 194 rules (88 with conclusion selected). Queue: 78 rules.
800 rules inserted. Base: 300 rules (103 with conclusion selected). Queue: 13 rules.
Starting query not event(TypeConfused(otS_1,otA_1,fb))
RESULT not event(TypeConfused(otS_1,otA_1,fb)) is true.
-- Query not event(Rescoped(kX_1,idX_1,kH_3,idH_1,fb)) in process 1.
Translating the process into Horn clauses...
Completing...
200 rules inserted. Base: 173 rules (77 with conclusion selected). Queue: 43 rules.
400 rules inserted. Base: 191 rules (77 with conclusion selected). Queue: 83 rules.
600 rules inserted. Base: 200 rules (89 with conclusion selected). Queue: 71 rules.
800 rules inserted. Base: 303 rules (105 with conclusion selected). Queue: 19 rules.
Starting query not event(Rescoped(kX_1,idX_1,kH_3,idH_1,fb))
goal reachable: k ≠ skI2[] && attacker(idX_1) && attacker(k) && attacker(plI_2) -> event(Rescoped(pk(k),idX_1,pk(skI2[]),issuerId2[],framed(OT_ATTEST,algH[],issuerId2[],fp(pk(skI2[])),h(authTuple(issuerId2[],fp(pk(skI2[])),ssetH[],algH[],verH[])),cvB[],plI_2)))

Derivation:

1. We assume as hypothesis that
attacker(plI_2).

2. The message plI_2 that the attacker may have by 1 may be received at input {68}.
So the message (pk(skI2[]),issuerId2[],framed(OT_ATTEST,algH[],issuerId2[],fp(pk(skI2[])),h(authTuple(issuerId2[],fp(pk(skI2[])),ssetH[],algH[],verH[])),cvB[],plI_2)) may be sent on channel honestInnerCh[] at output {77}.
mess(honestInnerCh[],(pk(skI2[]),issuerId2[],framed(OT_ATTEST,algH[],issuerId2[],fp(pk(skI2[])),h(authTuple(issuerId2[],fp(pk(skI2[])),ssetH[],algH[],verH[])),cvB[],plI_2))).

3. The attacker has some term ppfI_4.
attacker(ppfI_4).

4. The attacker has some term kI_2.
attacker(kI_2).

5. The attacker has some term evI_2.
attacker(evI_2).

6. The attacker has some term tI_2.
attacker(tI_2).

7. We assume as hypothesis that
attacker(k).

8. The attacker initially knows cvB[].
attacker(cvB[]).

9. The attacker initially knows verH[].
attacker(verH[]).

10. The attacker initially knows algH[].
attacker(algH[]).

11. The attacker initially knows ssetH[].
attacker(ssetH[]).

12. The message pk(skI2[]) may be sent to the attacker at output {12}.
attacker(pk(skI2[])).

13. By 12, the attacker may know pk(skI2[]).
Using the function fp the attacker may obtain fp(pk(skI2[])).
attacker(fp(pk(skI2[]))).

14. The attacker initially knows issuerId2[].
attacker(issuerId2[]).

15. By 14, the attacker may know issuerId2[].
By 13, the attacker may know fp(pk(skI2[])).
By 11, the attacker may know ssetH[].
By 10, the attacker may know algH[].
By 9, the attacker may know verH[].
Using the function authTuple the attacker may obtain authTuple(issuerId2[],fp(pk(skI2[])),ssetH[],algH[],verH[]).
attacker(authTuple(issuerId2[],fp(pk(skI2[])),ssetH[],algH[],verH[])).

16. By 15, the attacker may know authTuple(issuerId2[],fp(pk(skI2[])),ssetH[],algH[],verH[]).
Using the function h the attacker may obtain h(authTuple(issuerId2[],fp(pk(skI2[])),ssetH[],algH[],verH[])).
attacker(h(authTuple(issuerId2[],fp(pk(skI2[])),ssetH[],algH[],verH[]))).

17. Using the function OT_ATTEST the attacker may obtain OT_ATTEST.
attacker(OT_ATTEST).

18. By 17, the attacker may know OT_ATTEST.
By 10, the attacker may know algH[].
By 14, the attacker may know issuerId2[].
By 13, the attacker may know fp(pk(skI2[])).
By 16, the attacker may know h(authTuple(issuerId2[],fp(pk(skI2[])),ssetH[],algH[],verH[])).
By 8, the attacker may know cvB[].
By 1, the attacker may know plI_2.
Using the function framed the attacker may obtain framed(OT_ATTEST,algH[],issuerId2[],fp(pk(skI2[])),h(authTuple(issuerId2[],fp(pk(skI2[])),ssetH[],algH[],verH[])),cvB[],plI_2).
attacker(framed(OT_ATTEST,algH[],issuerId2[],fp(pk(skI2[])),h(authTuple(issuerId2[],fp(pk(skI2[])),ssetH[],algH[],verH[])),cvB[],plI_2)).

19. Using the function BYTES the attacker may obtain BYTES.
attacker(BYTES).

20. By 19, the attacker may know BYTES.
By 18, the attacker may know framed(OT_ATTEST,algH[],issuerId2[],fp(pk(skI2[])),h(authTuple(issuerId2[],fp(pk(skI2[])),ssetH[],algH[],verH[])),cvB[],plI_2).
Using the function 2-tuple the attacker may obtain (BYTES,framed(OT_ATTEST,algH[],issuerId2[],fp(pk(skI2[])),h(authTuple(issuerId2[],fp(pk(skI2[])),ssetH[],algH[],verH[])),cvB[],plI_2)).
attacker((BYTES,framed(OT_ATTEST,algH[],issuerId2[],fp(pk(skI2[])),h(authTuple(issuerId2[],fp(pk(skI2[])),ssetH[],algH[],verH[])),cvB[],plI_2))).

21. By 20, the attacker may know (BYTES,framed(OT_ATTEST,algH[],issuerId2[],fp(pk(skI2[])),h(authTuple(issuerId2[],fp(pk(skI2[])),ssetH[],algH[],verH[])),cvB[],plI_2)).
By 7, the attacker may know k.
Using the function sign the attacker may obtain sign((BYTES,framed(OT_ATTEST,algH[],issuerId2[],fp(pk(skI2[])),h(authTuple(issuerId2[],fp(pk(skI2[])),ssetH[],algH[],verH[])),cvB[],plI_2)),k).
attacker(sign((BYTES,framed(OT_ATTEST,algH[],issuerId2[],fp(pk(skI2[])),h(authTuple(issuerId2[],fp(pk(skI2[])),ssetH[],algH[],verH[])),cvB[],plI_2)),k)).

22. By 18, the attacker may know framed(OT_ATTEST,algH[],issuerId2[],fp(pk(skI2[])),h(authTuple(issuerId2[],fp(pk(skI2[])),ssetH[],algH[],verH[])),cvB[],plI_2).
By 21, the attacker may know sign((BYTES,framed(OT_ATTEST,algH[],issuerId2[],fp(pk(skI2[])),h(authTuple(issuerId2[],fp(pk(skI2[])),ssetH[],algH[],verH[])),cvB[],plI_2)),k).
Using the function 2-tuple the attacker may obtain (framed(OT_ATTEST,algH[],issuerId2[],fp(pk(skI2[])),h(authTuple(issuerId2[],fp(pk(skI2[])),ssetH[],algH[],verH[])),cvB[],plI_2),sign((BYTES,framed(OT_ATTEST,algH[],issuerId2[],fp(pk(skI2[])),h(authTuple(issuerId2[],fp(pk(skI2[])),ssetH[],algH[],verH[])),cvB[],plI_2)),k)).
attacker((framed(OT_ATTEST,algH[],issuerId2[],fp(pk(skI2[])),h(authTuple(issuerId2[],fp(pk(skI2[])),ssetH[],algH[],verH[])),cvB[],plI_2),sign((BYTES,framed(OT_ATTEST,algH[],issuerId2[],fp(pk(skI2[])),h(authTuple(issuerId2[],fp(pk(skI2[])),ssetH[],algH[],verH[])),cvB[],plI_2)),k))).

23. The attacker has some term cvIw_4.
attacker(cvIw_4).

24. By 23, the attacker may know cvIw_4.
By 22, the attacker may know (framed(OT_ATTEST,algH[],issuerId2[],fp(pk(skI2[])),h(authTuple(issuerId2[],fp(pk(skI2[])),ssetH[],algH[],verH[])),cvB[],plI_2),sign((BYTES,framed(OT_ATTEST,algH[],issuerId2[],fp(pk(skI2[])),h(authTuple(issuerId2[],fp(pk(skI2[])),ssetH[],algH[],verH[])),cvB[],plI_2)),k)).
Using the function wrap the attacker may obtain wrap(cvIw_4,(framed(OT_ATTEST,algH[],issuerId2[],fp(pk(skI2[])),h(authTuple(issuerId2[],fp(pk(skI2[])),ssetH[],algH[],verH[])),cvB[],plI_2),sign((BYTES,framed(OT_ATTEST,algH[],issuerId2[],fp(pk(skI2[])),h(authTuple(issuerId2[],fp(pk(skI2[])),ssetH[],algH[],verH[])),cvB[],plI_2)),k))).
attacker(wrap(cvIw_4,(framed(OT_ATTEST,algH[],issuerId2[],fp(pk(skI2[])),h(authTuple(issuerId2[],fp(pk(skI2[])),ssetH[],algH[],verH[])),cvB[],plI_2),sign((BYTES,framed(OT_ATTEST,algH[],issuerId2[],fp(pk(skI2[])),h(authTuple(issuerId2[],fp(pk(skI2[])),ssetH[],algH[],verH[])),cvB[],plI_2)),k)))).

25. The attacker has some term cvW_4.
attacker(cvW_4).

26. The attacker has some term verW_1.
attacker(verW_1).

27. The attacker has some term algW_1.
attacker(algW_1).

28. The attacker has some term ssW_1.
attacker(ssW_1).

29. By 7, the attacker may know k.
Using the function pk the attacker may obtain pk(k).
attacker(pk(k)).

30. By 29, the attacker may know pk(k).
Using the function fp the attacker may obtain fp(pk(k)).
attacker(fp(pk(k))).

31. We assume as hypothesis that
attacker(idX_1).

32. By 31, the attacker may know idX_1.
By 30, the attacker may know fp(pk(k)).
By 28, the attacker may know ssW_1.
By 27, the attacker may know algW_1.
By 26, the attacker may know verW_1.
Using the function authTuple the attacker may obtain authTuple(idX_1,fp(pk(k)),ssW_1,algW_1,verW_1).
attacker(authTuple(idX_1,fp(pk(k)),ssW_1,algW_1,verW_1)).

33. By 32, the attacker may know authTuple(idX_1,fp(pk(k)),ssW_1,algW_1,verW_1).
Using the function h the attacker may obtain h(authTuple(idX_1,fp(pk(k)),ssW_1,algW_1,verW_1)).
attacker(h(authTuple(idX_1,fp(pk(k)),ssW_1,algW_1,verW_1))).

34. Using the function OT_WRAPPER the attacker may obtain OT_WRAPPER.
attacker(OT_WRAPPER).

35. By 34, the attacker may know OT_WRAPPER.
By 27, the attacker may know algW_1.
By 31, the attacker may know idX_1.
By 30, the attacker may know fp(pk(k)).
By 33, the attacker may know h(authTuple(idX_1,fp(pk(k)),ssW_1,algW_1,verW_1)).
By 25, the attacker may know cvW_4.
By 24, the attacker may know wrap(cvIw_4,(framed(OT_ATTEST,algH[],issuerId2[],fp(pk(skI2[])),h(authTuple(issuerId2[],fp(pk(skI2[])),ssetH[],algH[],verH[])),cvB[],plI_2),sign((BYTES,framed(OT_ATTEST,algH[],issuerId2[],fp(pk(skI2[])),h(authTuple(issuerId2[],fp(pk(skI2[])),ssetH[],algH[],verH[])),cvB[],plI_2)),k))).
Using the function framed the attacker may obtain framed(OT_WRAPPER,algW_1,idX_1,fp(pk(k)),h(authTuple(idX_1,fp(pk(k)),ssW_1,algW_1,verW_1)),cvW_4,wrap(cvIw_4,(framed(OT_ATTEST,algH[],issuerId2[],fp(pk(skI2[])),h(authTuple(issuerId2[],fp(pk(skI2[])),ssetH[],algH[],verH[])),cvB[],plI_2),sign((BYTES,framed(OT_ATTEST,algH[],issuerId2[],fp(pk(skI2[])),h(authTuple(issuerId2[],fp(pk(skI2[])),ssetH[],algH[],verH[])),cvB[],plI_2)),k)))).
attacker(framed(OT_WRAPPER,algW_1,idX_1,fp(pk(k)),h(authTuple(idX_1,fp(pk(k)),ssW_1,algW_1,verW_1)),cvW_4,wrap(cvIw_4,(framed(OT_ATTEST,algH[],issuerId2[],fp(pk(skI2[])),h(authTuple(issuerId2[],fp(pk(skI2[])),ssetH[],algH[],verH[])),cvB[],plI_2),sign((BYTES,framed(OT_ATTEST,algH[],issuerId2[],fp(pk(skI2[])),h(authTuple(issuerId2[],fp(pk(skI2[])),ssetH[],algH[],verH[])),cvB[],plI_2)),k))))).

36. By 19, the attacker may know BYTES.
By 35, the attacker may know framed(OT_WRAPPER,algW_1,idX_1,fp(pk(k)),h(authTuple(idX_1,fp(pk(k)),ssW_1,algW_1,verW_1)),cvW_4,wrap(cvIw_4,(framed(OT_ATTEST,algH[],issuerId2[],fp(pk(skI2[])),h(authTuple(issuerId2[],fp(pk(skI2[])),ssetH[],algH[],verH[])),cvB[],plI_2),sign((BYTES,framed(OT_ATTEST,algH[],issuerId2[],fp(pk(skI2[])),h(authTuple(issuerId2[],fp(pk(skI2[])),ssetH[],algH[],verH[])),cvB[],plI_2)),k)))).
Using the function 2-tuple the attacker may obtain (BYTES,framed(OT_WRAPPER,algW_1,idX_1,fp(pk(k)),h(authTuple(idX_1,fp(pk(k)),ssW_1,algW_1,verW_1)),cvW_4,wrap(cvIw_4,(framed(OT_ATTEST,algH[],issuerId2[],fp(pk(skI2[])),h(authTuple(issuerId2[],fp(pk(skI2[])),ssetH[],algH[],verH[])),cvB[],plI_2),sign((BYTES,framed(OT_ATTEST,algH[],issuerId2[],fp(pk(skI2[])),h(authTuple(issuerId2[],fp(pk(skI2[])),ssetH[],algH[],verH[])),cvB[],plI_2)),k))))).
attacker((BYTES,framed(OT_WRAPPER,algW_1,idX_1,fp(pk(k)),h(authTuple(idX_1,fp(pk(k)),ssW_1,algW_1,verW_1)),cvW_4,wrap(cvIw_4,(framed(OT_ATTEST,algH[],issuerId2[],fp(pk(skI2[])),h(authTuple(issuerId2[],fp(pk(skI2[])),ssetH[],algH[],verH[])),cvB[],plI_2),sign((BYTES,framed(OT_ATTEST,algH[],issuerId2[],fp(pk(skI2[])),h(authTuple(issuerId2[],fp(pk(skI2[])),ssetH[],algH[],verH[])),cvB[],plI_2)),k)))))).

37. By 36, the attacker may know (BYTES,framed(OT_WRAPPER,algW_1,idX_1,fp(pk(k)),h(authTuple(idX_1,fp(pk(k)),ssW_1,algW_1,verW_1)),cvW_4,wrap(cvIw_4,(framed(OT_ATTEST,algH[],issuerId2[],fp(pk(skI2[])),h(authTuple(issuerId2[],fp(pk(skI2[])),ssetH[],algH[],verH[])),cvB[],plI_2),sign((BYTES,framed(OT_ATTEST,algH[],issuerId2[],fp(pk(skI2[])),h(authTuple(issuerId2[],fp(pk(skI2[])),ssetH[],algH[],verH[])),cvB[],plI_2)),k))))).
By 7, the attacker may know k.
Using the function sign the attacker may obtain sign((BYTES,framed(OT_WRAPPER,algW_1,idX_1,fp(pk(k)),h(authTuple(idX_1,fp(pk(k)),ssW_1,algW_1,verW_1)),cvW_4,wrap(cvIw_4,(framed(OT_ATTEST,algH[],issuerId2[],fp(pk(skI2[])),h(authTuple(issuerId2[],fp(pk(skI2[])),ssetH[],algH[],verH[])),cvB[],plI_2),sign((BYTES,framed(OT_ATTEST,algH[],issuerId2[],fp(pk(skI2[])),h(authTuple(issuerId2[],fp(pk(skI2[])),ssetH[],algH[],verH[])),cvB[],plI_2)),k))))),k).
attacker(sign((BYTES,framed(OT_WRAPPER,algW_1,idX_1,fp(pk(k)),h(authTuple(idX_1,fp(pk(k)),ssW_1,algW_1,verW_1)),cvW_4,wrap(cvIw_4,(framed(OT_ATTEST,algH[],issuerId2[],fp(pk(skI2[])),h(authTuple(issuerId2[],fp(pk(skI2[])),ssetH[],algH[],verH[])),cvB[],plI_2),sign((BYTES,framed(OT_ATTEST,algH[],issuerId2[],fp(pk(skI2[])),h(authTuple(issuerId2[],fp(pk(skI2[])),ssetH[],algH[],verH[])),cvB[],plI_2)),k))))),k)).

38. Using the function POSS the attacker may obtain POSS.
attacker(POSS).

39. By 38, the attacker may know POSS.
By 32, the attacker may know authTuple(idX_1,fp(pk(k)),ssW_1,algW_1,verW_1).
Using the function 2-tuple the attacker may obtain (POSS,authTuple(idX_1,fp(pk(k)),ssW_1,algW_1,verW_1)).
attacker((POSS,authTuple(idX_1,fp(pk(k)),ssW_1,algW_1,verW_1))).

40. By 39, the attacker may know (POSS,authTuple(idX_1,fp(pk(k)),ssW_1,algW_1,verW_1)).
By 7, the attacker may know k.
Using the function sign the attacker may obtain sign((POSS,authTuple(idX_1,fp(pk(k)),ssW_1,algW_1,verW_1)),k).
attacker(sign((POSS,authTuple(idX_1,fp(pk(k)),ssW_1,algW_1,verW_1)),k)).

41. The message skS[] may be sent to the attacker at output {19}.
attacker(skS[]).

42. Using the function STMT_DIGEST the attacker may obtain STMT_DIGEST.
attacker(STMT_DIGEST).

43. By 42, the attacker may know STMT_DIGEST.
By 33, the attacker may know h(authTuple(idX_1,fp(pk(k)),ssW_1,algW_1,verW_1)).
Using the function 2-tuple the attacker may obtain (STMT_DIGEST,h(authTuple(idX_1,fp(pk(k)),ssW_1,algW_1,verW_1))).
attacker((STMT_DIGEST,h(authTuple(idX_1,fp(pk(k)),ssW_1,algW_1,verW_1)))).

44. By 43, the attacker may know (STMT_DIGEST,h(authTuple(idX_1,fp(pk(k)),ssW_1,algW_1,verW_1))).
By 41, the attacker may know skS[].
Using the function sign the attacker may obtain sign((STMT_DIGEST,h(authTuple(idX_1,fp(pk(k)),ssW_1,algW_1,verW_1))),skS[]).
attacker(sign((STMT_DIGEST,h(authTuple(idX_1,fp(pk(k)),ssW_1,algW_1,verW_1))),skS[])).

45. By 32, the attacker may know authTuple(idX_1,fp(pk(k)),ssW_1,algW_1,verW_1).
By 44, the attacker may know sign((STMT_DIGEST,h(authTuple(idX_1,fp(pk(k)),ssW_1,algW_1,verW_1))),skS[]).
By 29, the attacker may know pk(k).
By 40, the attacker may know sign((POSS,authTuple(idX_1,fp(pk(k)),ssW_1,algW_1,verW_1)),k).
By 37, the attacker may know sign((BYTES,framed(OT_WRAPPER,algW_1,idX_1,fp(pk(k)),h(authTuple(idX_1,fp(pk(k)),ssW_1,algW_1,verW_1)),cvW_4,wrap(cvIw_4,(framed(OT_ATTEST,algH[],issuerId2[],fp(pk(skI2[])),h(authTuple(issuerId2[],fp(pk(skI2[])),ssetH[],algH[],verH[])),cvB[],plI_2),sign((BYTES,framed(OT_ATTEST,algH[],issuerId2[],fp(pk(skI2[])),h(authTuple(issuerId2[],fp(pk(skI2[])),ssetH[],algH[],verH[])),cvB[],plI_2)),k))))),k).
By 35, the attacker may know framed(OT_WRAPPER,algW_1,idX_1,fp(pk(k)),h(authTuple(idX_1,fp(pk(k)),ssW_1,algW_1,verW_1)),cvW_4,wrap(cvIw_4,(framed(OT_ATTEST,algH[],issuerId2[],fp(pk(skI2[])),h(authTuple(issuerId2[],fp(pk(skI2[])),ssetH[],algH[],verH[])),cvB[],plI_2),sign((BYTES,framed(OT_ATTEST,algH[],issuerId2[],fp(pk(skI2[])),h(authTuple(issuerId2[],fp(pk(skI2[])),ssetH[],algH[],verH[])),cvB[],plI_2)),k)))).
By 6, the attacker may know tI_2.
By 5, the attacker may know evI_2.
By 4, the attacker may know kI_2.
By 3, the attacker may know ppfI_4.
Using the function 10-tuple the attacker may obtain (authTuple(idX_1,fp(pk(k)),ssW_1,algW_1,verW_1),sign((STMT_DIGEST,h(authTuple(idX_1,fp(pk(k)),ssW_1,algW_1,verW_1))),skS[]),pk(k),sign((POSS,authTuple(idX_1,fp(pk(k)),ssW_1,algW_1,verW_1)),k),sign((BYTES,framed(OT_WRAPPER,algW_1,idX_1,fp(pk(k)),h(authTuple(idX_1,fp(pk(k)),ssW_1,algW_1,verW_1)),cvW_4,wrap(cvIw_4,(framed(OT_ATTEST,algH[],issuerId2[],fp(pk(skI2[])),h(authTuple(issuerId2[],fp(pk(skI2[])),ssetH[],algH[],verH[])),cvB[],plI_2),sign((BYTES,framed(OT_ATTEST,algH[],issuerId2[],fp(pk(skI2[])),h(authTuple(issuerId2[],fp(pk(skI2[])),ssetH[],algH[],verH[])),cvB[],plI_2)),k))))),k),framed(OT_WRAPPER,algW_1,idX_1,fp(pk(k)),h(authTuple(idX_1,fp(pk(k)),ssW_1,algW_1,verW_1)),cvW_4,wrap(cvIw_4,(framed(OT_ATTEST,algH[],issuerId2[],fp(pk(skI2[])),h(authTuple(issuerId2[],fp(pk(skI2[])),ssetH[],algH[],verH[])),cvB[],plI_2),sign((BYTES,framed(OT_ATTEST,algH[],issuerId2[],fp(pk(skI2[])),h(authTuple(issuerId2[],fp(pk(skI2[])),ssetH[],algH[],verH[])),cvB[],plI_2)),k)))),tI_2,evI_2,kI_2,ppfI_4).
attacker((authTuple(idX_1,fp(pk(k)),ssW_1,algW_1,verW_1),sign((STMT_DIGEST,h(authTuple(idX_1,fp(pk(k)),ssW_1,algW_1,verW_1))),skS[]),pk(k),sign((POSS,authTuple(idX_1,fp(pk(k)),ssW_1,algW_1,verW_1)),k),sign((BYTES,framed(OT_WRAPPER,algW_1,idX_1,fp(pk(k)),h(authTuple(idX_1,fp(pk(k)),ssW_1,algW_1,verW_1)),cvW_4,wrap(cvIw_4,(framed(OT_ATTEST,algH[],issuerId2[],fp(pk(skI2[])),h(authTuple(issuerId2[],fp(pk(skI2[])),ssetH[],algH[],verH[])),cvB[],plI_2),sign((BYTES,framed(OT_ATTEST,algH[],issuerId2[],fp(pk(skI2[])),h(authTuple(issuerId2[],fp(pk(skI2[])),ssetH[],algH[],verH[])),cvB[],plI_2)),k))))),k),framed(OT_WRAPPER,algW_1,idX_1,fp(pk(k)),h(authTuple(idX_1,fp(pk(k)),ssW_1,algW_1,verW_1)),cvW_4,wrap(cvIw_4,(framed(OT_ATTEST,algH[],issuerId2[],fp(pk(skI2[])),h(authTuple(issuerId2[],fp(pk(skI2[])),ssetH[],algH[],verH[])),cvB[],plI_2),sign((BYTES,framed(OT_ATTEST,algH[],issuerId2[],fp(pk(skI2[])),h(authTuple(issuerId2[],fp(pk(skI2[])),ssetH[],algH[],verH[])),cvB[],plI_2)),k)))),tI_2,evI_2,kI_2,ppfI_4)).

46. The message (authTuple(idX_1,fp(pk(k)),ssW_1,algW_1,verW_1),sign((STMT_DIGEST,h(authTuple(idX_1,fp(pk(k)),ssW_1,algW_1,verW_1))),skS[]),pk(k),sign((POSS,authTuple(idX_1,fp(pk(k)),ssW_1,algW_1,verW_1)),k),sign((BYTES,framed(OT_WRAPPER,algW_1,idX_1,fp(pk(k)),h(authTuple(idX_1,fp(pk(k)),ssW_1,algW_1,verW_1)),cvW_4,wrap(cvIw_4,(framed(OT_ATTEST,algH[],issuerId2[],fp(pk(skI2[])),h(authTuple(issuerId2[],fp(pk(skI2[])),ssetH[],algH[],verH[])),cvB[],plI_2),sign((BYTES,framed(OT_ATTEST,algH[],issuerId2[],fp(pk(skI2[])),h(authTuple(issuerId2[],fp(pk(skI2[])),ssetH[],algH[],verH[])),cvB[],plI_2)),k))))),k),framed(OT_WRAPPER,algW_1,idX_1,fp(pk(k)),h(authTuple(idX_1,fp(pk(k)),ssW_1,algW_1,verW_1)),cvW_4,wrap(cvIw_4,(framed(OT_ATTEST,algH[],issuerId2[],fp(pk(skI2[])),h(authTuple(issuerId2[],fp(pk(skI2[])),ssetH[],algH[],verH[])),cvB[],plI_2),sign((BYTES,framed(OT_ATTEST,algH[],issuerId2[],fp(pk(skI2[])),h(authTuple(issuerId2[],fp(pk(skI2[])),ssetH[],algH[],verH[])),cvB[],plI_2)),k)))),tI_2,evI_2,kI_2,ppfI_4) that the attacker may have by 45 may be received at input {135}.
So the message (wctx(pk(k),idX_1,framed(OT_WRAPPER,algW_1,idX_1,fp(pk(k)),h(authTuple(idX_1,fp(pk(k)),ssW_1,algW_1,verW_1)),cvW_4,wrap(cvIw_4,(framed(OT_ATTEST,algH[],issuerId2[],fp(pk(skI2[])),h(authTuple(issuerId2[],fp(pk(skI2[])),ssetH[],algH[],verH[])),cvB[],plI_2),sign((BYTES,framed(OT_ATTEST,algH[],issuerId2[],fp(pk(skI2[])),h(authTuple(issuerId2[],fp(pk(skI2[])),ssetH[],algH[],verH[])),cvB[],plI_2)),k))))),pk(k),idX_1,framed(OT_ATTEST,algH[],issuerId2[],fp(pk(skI2[])),h(authTuple(issuerId2[],fp(pk(skI2[])),ssetH[],algH[],verH[])),cvB[],plI_2)) may be sent on channel scopeCh[] at output {150}.
mess(scopeCh[],(wctx(pk(k),idX_1,framed(OT_WRAPPER,algW_1,idX_1,fp(pk(k)),h(authTuple(idX_1,fp(pk(k)),ssW_1,algW_1,verW_1)),cvW_4,wrap(cvIw_4,(framed(OT_ATTEST,algH[],issuerId2[],fp(pk(skI2[])),h(authTuple(issuerId2[],fp(pk(skI2[])),ssetH[],algH[],verH[])),cvB[],plI_2),sign((BYTES,framed(OT_ATTEST,algH[],issuerId2[],fp(pk(skI2[])),h(authTuple(issuerId2[],fp(pk(skI2[])),ssetH[],algH[],verH[])),cvB[],plI_2)),k))))),pk(k),idX_1,framed(OT_ATTEST,algH[],issuerId2[],fp(pk(skI2[])),h(authTuple(issuerId2[],fp(pk(skI2[])),ssetH[],algH[],verH[])),cvB[],plI_2))).

47. The message (pk(skI2[]),issuerId2[],framed(OT_ATTEST,algH[],issuerId2[],fp(pk(skI2[])),h(authTuple(issuerId2[],fp(pk(skI2[])),ssetH[],algH[],verH[])),cvB[],plI_2)) that may be sent on channel honestInnerCh[] by 2 may be received at input {165}.
The message (wctx(pk(k),idX_1,framed(OT_WRAPPER,algW_1,idX_1,fp(pk(k)),h(authTuple(idX_1,fp(pk(k)),ssW_1,algW_1,verW_1)),cvW_4,wrap(cvIw_4,(framed(OT_ATTEST,algH[],issuerId2[],fp(pk(skI2[])),h(authTuple(issuerId2[],fp(pk(skI2[])),ssetH[],algH[],verH[])),cvB[],plI_2),sign((BYTES,framed(OT_ATTEST,algH[],issuerId2[],fp(pk(skI2[])),h(authTuple(issuerId2[],fp(pk(skI2[])),ssetH[],algH[],verH[])),cvB[],plI_2)),k))))),pk(k),idX_1,framed(OT_ATTEST,algH[],issuerId2[],fp(pk(skI2[])),h(authTuple(issuerId2[],fp(pk(skI2[])),ssetH[],algH[],verH[])),cvB[],plI_2)) that may be sent on channel scopeCh[] by 46 may be received at input {166}.
We have pk(k) ≠ pk(skI2[]).
So event Rescoped(pk(k),idX_1,pk(skI2[]),issuerId2[],framed(OT_ATTEST,algH[],issuerId2[],fp(pk(skI2[])),h(authTuple(issuerId2[],fp(pk(skI2[])),ssetH[],algH[],verH[])),cvB[],plI_2)) may be executed at {169}.
event(Rescoped(pk(k),idX_1,pk(skI2[]),issuerId2[],framed(OT_ATTEST,algH[],issuerId2[],fp(pk(skI2[])),h(authTuple(issuerId2[],fp(pk(skI2[])),ssetH[],algH[],verH[])),cvB[],plI_2))).

48. By 47, event(Rescoped(pk(k),idX_1,pk(skI2[]),issuerId2[],framed(OT_ATTEST,algH[],issuerId2[],fp(pk(skI2[])),h(authTuple(issuerId2[],fp(pk(skI2[])),ssetH[],algH[],verH[])),cvB[],plI_2))).
The goal is reached, represented in the following fact:
event(Rescoped(pk(k),idX_1,pk(skI2[]),issuerId2[],framed(OT_ATTEST,algH[],issuerId2[],fp(pk(skI2[])),h(authTuple(issuerId2[],fp(pk(skI2[])),ssetH[],algH[],verH[])),cvB[],plI_2))).


A more detailed output of the traces is available with
  set traceDisplay = long.

new skS: skey creating skS_5 at {1}

new skI1: skey creating skI1_1 at {2}

new skI2: skey creating skI2_1 at {3}

new skW1: skey creating skW1_1 at {4}

new skW2: skey creating skW2_1 at {5}

out(c, ~M) with ~M = pk(skS_5) at {10}

out(c, ~M_1) with ~M_1 = pk(skI1_1) at {11}

out(c, ~M_2) with ~M_2 = pk(skI2_1) at {12}

out(c, ~M_3) with ~M_3 = pk(skW1_1) at {13}

out(c, ~M_4) with ~M_4 = pk(skW2_1) at {14}

out(c, authTuple(~M_5,~M_6,~M_7,~M_8,~M_9)) with ~M_5 = issuerId, ~M_6 = fp(pk(skI1_1)), ~M_7 = ssetH, ~M_8 = algH, ~M_9 = verH at {15}

out(c, authTuple(~M_10,~M_11,~M_12,~M_13,~M_14)) with ~M_10 = issuerId2, ~M_11 = fp(pk(skI2_1)), ~M_12 = ssetH, ~M_13 = algH, ~M_14 = verH at {16}

out(c, authTuple(~M_15,~M_16,~M_17,~M_18,~M_19)) with ~M_15 = idW1, ~M_16 = fp(pk(skW1_1)), ~M_17 = ssetH, ~M_18 = algH, ~M_19 = verH at {17}

out(c, authTuple(~M_20,~M_21,~M_22,~M_23,~M_24)) with ~M_20 = idW2, ~M_21 = fp(pk(skW2_1)), ~M_22 = ssetH, ~M_23 = algH, ~M_24 = verH at {18}

out(c, ~M_25) with ~M_25 = skS_5 at {19}

in(c, a) at {68} in copy a_1

event IssuerPossession(pk(skI2_1)) at {69} in copy a_1

out(c, ~M_26) with ~M_26 = sign((POSS,authTuple(issuerId2,fp(pk(skI2_1)),ssetH,algH,verH)),skI2_1) at {71} in copy a_1

event IssuerSigned(pk(skI2_1),framed(OT_ATTEST,algH,issuerId2,fp(pk(skI2_1)),h(authTuple(issuerId2,fp(pk(skI2_1)),ssetH,algH,verH)),cvB,a)) at {74} in copy a_1

out(c, ~M_27) with ~M_27 = sign((BYTES,framed(OT_ATTEST,algH,issuerId2,fp(pk(skI2_1)),h(authTuple(issuerId2,fp(pk(skI2_1)),ssetH,algH,verH)),cvB,a)),skI2_1) at {79} in copy a_1

in(c, (authTuple(a_2,fp(pk(a_3)),a_4,a_5,a_6),sign((STMT_DIGEST,h(authTuple(a_2,fp(pk(a_3)),a_4,a_5,a_6))),~M_25),pk(a_3),sign((POSS,authTuple(a_2,fp(pk(a_3)),a_4,a_5,a_6)),a_3),sign((BYTES,framed(OT_WRAPPER,a_5,a_2,fp(pk(a_3)),h(authTuple(a_2,fp(pk(a_3)),a_4,a_5,a_6)),a_7,wrap(a_8,(framed(OT_ATTEST,algH,issuerId2,fp(~M_2),h(authTuple(issuerId2,fp(~M_2),ssetH,algH,verH)),cvB,a),sign((BYTES,framed(OT_ATTEST,algH,issuerId2,fp(~M_2),h(authTuple(issuerId2,fp(~M_2),ssetH,algH,verH)),cvB,a)),a_3))))),a_3),framed(OT_WRAPPER,a_5,a_2,fp(pk(a_3)),h(authTuple(a_2,fp(pk(a_3)),a_4,a_5,a_6)),a_7,wrap(a_8,(framed(OT_ATTEST,algH,issuerId2,fp(~M_2),h(authTuple(issuerId2,fp(~M_2),ssetH,algH,verH)),cvB,a),sign((BYTES,framed(OT_ATTEST,algH,issuerId2,fp(~M_2),h(authTuple(issuerId2,fp(~M_2),ssetH,algH,verH)),cvB,a)),a_3)))),a_9,a_10,a_11,a_12)) with sign((STMT_DIGEST,h(authTuple(a_2,fp(pk(a_3)),a_4,a_5,a_6))),~M_25) = sign((STMT_DIGEST,h(authTuple(a_2,fp(pk(a_3)),a_4,a_5,a_6))),skS_5), sign((BYTES,framed(OT_WRAPPER,a_5,a_2,fp(pk(a_3)),h(authTuple(a_2,fp(pk(a_3)),a_4,a_5,a_6)),a_7,wrap(a_8,(framed(OT_ATTEST,algH,issuerId2,fp(~M_2),h(authTuple(issuerId2,fp(~M_2),ssetH,algH,verH)),cvB,a),sign((BYTES,framed(OT_ATTEST,algH,issuerId2,fp(~M_2),h(authTuple(issuerId2,fp(~M_2),ssetH,algH,verH)),cvB,a)),a_3))))),a_3) = sign((BYTES,framed(OT_WRAPPER,a_5,a_2,fp(pk(a_3)),h(authTuple(a_2,fp(pk(a_3)),a_4,a_5,a_6)),a_7,wrap(a_8,(framed(OT_ATTEST,algH,issuerId2,fp(pk(skI2_1)),h(authTuple(issuerId2,fp(pk(skI2_1)),ssetH,algH,verH)),cvB,a),sign((BYTES,framed(OT_ATTEST,algH,issuerId2,fp(pk(skI2_1)),h(authTuple(issuerId2,fp(pk(skI2_1)),ssetH,algH,verH)),cvB,a)),a_3))))),a_3), fp(~M_2) = fp(pk(skI2_1)), h(authTuple(issuerId2,fp(~M_2),ssetH,algH,verH)) = h(authTuple(issuerId2,fp(pk(skI2_1)),ssetH,algH,verH)), sign((BYTES,framed(OT_ATTEST,algH,issuerId2,fp(~M_2),h(authTuple(issuerId2,fp(~M_2),ssetH,algH,verH)),cvB,a)),a_3) = sign((BYTES,framed(OT_ATTEST,algH,issuerId2,fp(pk(skI2_1)),h(authTuple(issuerId2,fp(pk(skI2_1)),ssetH,algH,verH)),cvB,a)),a_3) at {135} in copy a_13

event AcceptOuter(pk(a_3),a_2,framed(OT_WRAPPER,a_5,a_2,fp(pk(a_3)),h(authTuple(a_2,fp(pk(a_3)),a_4,a_5,a_6)),a_7,wrap(a_8,(framed(OT_ATTEST,algH,issuerId2,fp(pk(skI2_1)),h(authTuple(issuerId2,fp(pk(skI2_1)),ssetH,algH,verH)),cvB,a),sign((BYTES,framed(OT_ATTEST,algH,issuerId2,fp(pk(skI2_1)),h(authTuple(issuerId2,fp(pk(skI2_1)),ssetH,algH,verH)),cvB,a)),a_3))))) at {143} in copy a_13

event AcceptInner(wctx(pk(a_3),a_2,framed(OT_WRAPPER,a_5,a_2,fp(pk(a_3)),h(authTuple(a_2,fp(pk(a_3)),a_4,a_5,a_6)),a_7,wrap(a_8,(framed(OT_ATTEST,algH,issuerId2,fp(pk(skI2_1)),h(authTuple(issuerId2,fp(pk(skI2_1)),ssetH,algH,verH)),cvB,a),sign((BYTES,framed(OT_ATTEST,algH,issuerId2,fp(pk(skI2_1)),h(authTuple(issuerId2,fp(pk(skI2_1)),ssetH,algH,verH)),cvB,a)),a_3))))),pk(a_3),a_2,framed(OT_ATTEST,algH,issuerId2,fp(pk(skI2_1)),h(authTuple(issuerId2,fp(pk(skI2_1)),ssetH,algH,verH)),cvB,a)) at {147} in copy a_13

out(honestInnerCh, (pk(skI2_1),issuerId2,framed(OT_ATTEST,algH,issuerId2,fp(pk(skI2_1)),h(authTuple(issuerId2,fp(pk(skI2_1)),ssetH,algH,verH)),cvB,a))) at {77} in copy a_1 received at {165} in copy a_14

out(scopeCh, (wctx(pk(a_3),a_2,framed(OT_WRAPPER,a_5,a_2,fp(pk(a_3)),h(authTuple(a_2,fp(pk(a_3)),a_4,a_5,a_6)),a_7,wrap(a_8,(framed(OT_ATTEST,algH,issuerId2,fp(pk(skI2_1)),h(authTuple(issuerId2,fp(pk(skI2_1)),ssetH,algH,verH)),cvB,a),sign((BYTES,framed(OT_ATTEST,algH,issuerId2,fp(pk(skI2_1)),h(authTuple(issuerId2,fp(pk(skI2_1)),ssetH,algH,verH)),cvB,a)),a_3))))),pk(a_3),a_2,framed(OT_ATTEST,algH,issuerId2,fp(pk(skI2_1)),h(authTuple(issuerId2,fp(pk(skI2_1)),ssetH,algH,verH)),cvB,a))) at {150} in copy a_13 received at {166} in copy a_14

event Rescoped(pk(a_3),a_2,pk(skI2_1),issuerId2,framed(OT_ATTEST,algH,issuerId2,fp(pk(skI2_1)),h(authTuple(issuerId2,fp(pk(skI2_1)),ssetH,algH,verH)),cvB,a)) at {169} in copy a_14 (goal)

The event Rescoped(pk(a_3),a_2,pk(skI2_1),issuerId2,framed(OT_ATTEST,algH,issuerId2,fp(pk(skI2_1)),h(authTuple(issuerId2,fp(pk(skI2_1)),ssetH,algH,verH)),cvB,a)) is executed at {169} in copy a_14.
A trace has been found.
RESULT not event(Rescoped(kX_1,idX_1,kH_3,idH_1,fb)) is false.
-- Query not event(InnerSigTransplanted(kX_1,s)) in process 1.
Translating the process into Horn clauses...
Completing...
200 rules inserted. Base: 173 rules (77 with conclusion selected). Queue: 42 rules.
400 rules inserted. Base: 188 rules (77 with conclusion selected). Queue: 80 rules.
600 rules inserted. Base: 200 rules (93 with conclusion selected). Queue: 72 rules.
800 rules inserted. Base: 313 rules (109 with conclusion selected). Queue: 7 rules.
Starting query not event(InnerSigTransplanted(kX_1,s))
goal reachable: attacker(r) && attacker(plI_2) -> event(InnerSigTransplanted(pk(dsks(sign((BYTES,framed(OT_ATTEST,algH[],issuerId2[],fp(pk(skI2[])),h(authTuple(issuerId2[],fp(pk(skI2[])),ssetH[],algH[],verH[])),cvB[],plI_2)),skI2[]),r)),sign((BYTES,framed(OT_ATTEST,algH[],issuerId2[],fp(pk(skI2[])),h(authTuple(issuerId2[],fp(pk(skI2[])),ssetH[],algH[],verH[])),cvB[],plI_2)),skI2[])))

Derivation:

1. We assume as hypothesis that
attacker(plI_2).

2. The message plI_2 that the attacker may have by 1 may be received at input {68}.
So the message (pk(skI2[]),sign((BYTES,framed(OT_ATTEST,algH[],issuerId2[],fp(pk(skI2[])),h(authTuple(issuerId2[],fp(pk(skI2[])),ssetH[],algH[],verH[])),cvB[],plI_2)),skI2[])) may be sent on channel honestSigCh[] at output {78}.
mess(honestSigCh[],(pk(skI2[]),sign((BYTES,framed(OT_ATTEST,algH[],issuerId2[],fp(pk(skI2[])),h(authTuple(issuerId2[],fp(pk(skI2[])),ssetH[],algH[],verH[])),cvB[],plI_2)),skI2[]))).

3. The attacker has some term ppfI_4.
attacker(ppfI_4).

4. The attacker has some term kI_2.
attacker(kI_2).

5. The attacker has some term evI_2.
attacker(evI_2).

6. The attacker has some term tI_2.
attacker(tI_2).

7. The message plI_2 that the attacker may have by 1 may be received at input {68}.
So the message sign((BYTES,framed(OT_ATTEST,algH[],issuerId2[],fp(pk(skI2[])),h(authTuple(issuerId2[],fp(pk(skI2[])),ssetH[],algH[],verH[])),cvB[],plI_2)),skI2[]) may be sent to the attacker at output {79}.
attacker(sign((BYTES,framed(OT_ATTEST,algH[],issuerId2[],fp(pk(skI2[])),h(authTuple(issuerId2[],fp(pk(skI2[])),ssetH[],algH[],verH[])),cvB[],plI_2)),skI2[])).

8. The attacker initially knows cvB[].
attacker(cvB[]).

9. The attacker initially knows verH[].
attacker(verH[]).

10. The attacker initially knows algH[].
attacker(algH[]).

11. The attacker initially knows ssetH[].
attacker(ssetH[]).

12. The message pk(skI2[]) may be sent to the attacker at output {12}.
attacker(pk(skI2[])).

13. By 12, the attacker may know pk(skI2[]).
Using the function fp the attacker may obtain fp(pk(skI2[])).
attacker(fp(pk(skI2[]))).

14. The attacker initially knows issuerId2[].
attacker(issuerId2[]).

15. By 14, the attacker may know issuerId2[].
By 13, the attacker may know fp(pk(skI2[])).
By 11, the attacker may know ssetH[].
By 10, the attacker may know algH[].
By 9, the attacker may know verH[].
Using the function authTuple the attacker may obtain authTuple(issuerId2[],fp(pk(skI2[])),ssetH[],algH[],verH[]).
attacker(authTuple(issuerId2[],fp(pk(skI2[])),ssetH[],algH[],verH[])).

16. By 15, the attacker may know authTuple(issuerId2[],fp(pk(skI2[])),ssetH[],algH[],verH[]).
Using the function h the attacker may obtain h(authTuple(issuerId2[],fp(pk(skI2[])),ssetH[],algH[],verH[])).
attacker(h(authTuple(issuerId2[],fp(pk(skI2[])),ssetH[],algH[],verH[]))).

17. Using the function OT_ATTEST the attacker may obtain OT_ATTEST.
attacker(OT_ATTEST).

18. By 17, the attacker may know OT_ATTEST.
By 10, the attacker may know algH[].
By 14, the attacker may know issuerId2[].
By 13, the attacker may know fp(pk(skI2[])).
By 16, the attacker may know h(authTuple(issuerId2[],fp(pk(skI2[])),ssetH[],algH[],verH[])).
By 8, the attacker may know cvB[].
By 1, the attacker may know plI_2.
Using the function framed the attacker may obtain framed(OT_ATTEST,algH[],issuerId2[],fp(pk(skI2[])),h(authTuple(issuerId2[],fp(pk(skI2[])),ssetH[],algH[],verH[])),cvB[],plI_2).
attacker(framed(OT_ATTEST,algH[],issuerId2[],fp(pk(skI2[])),h(authTuple(issuerId2[],fp(pk(skI2[])),ssetH[],algH[],verH[])),cvB[],plI_2)).

19. By 18, the attacker may know framed(OT_ATTEST,algH[],issuerId2[],fp(pk(skI2[])),h(authTuple(issuerId2[],fp(pk(skI2[])),ssetH[],algH[],verH[])),cvB[],plI_2).
By 7, the attacker may know sign((BYTES,framed(OT_ATTEST,algH[],issuerId2[],fp(pk(skI2[])),h(authTuple(issuerId2[],fp(pk(skI2[])),ssetH[],algH[],verH[])),cvB[],plI_2)),skI2[]).
Using the function 2-tuple the attacker may obtain (framed(OT_ATTEST,algH[],issuerId2[],fp(pk(skI2[])),h(authTuple(issuerId2[],fp(pk(skI2[])),ssetH[],algH[],verH[])),cvB[],plI_2),sign((BYTES,framed(OT_ATTEST,algH[],issuerId2[],fp(pk(skI2[])),h(authTuple(issuerId2[],fp(pk(skI2[])),ssetH[],algH[],verH[])),cvB[],plI_2)),skI2[])).
attacker((framed(OT_ATTEST,algH[],issuerId2[],fp(pk(skI2[])),h(authTuple(issuerId2[],fp(pk(skI2[])),ssetH[],algH[],verH[])),cvB[],plI_2),sign((BYTES,framed(OT_ATTEST,algH[],issuerId2[],fp(pk(skI2[])),h(authTuple(issuerId2[],fp(pk(skI2[])),ssetH[],algH[],verH[])),cvB[],plI_2)),skI2[]))).

20. The attacker has some term cvIw_4.
attacker(cvIw_4).

21. By 20, the attacker may know cvIw_4.
By 19, the attacker may know (framed(OT_ATTEST,algH[],issuerId2[],fp(pk(skI2[])),h(authTuple(issuerId2[],fp(pk(skI2[])),ssetH[],algH[],verH[])),cvB[],plI_2),sign((BYTES,framed(OT_ATTEST,algH[],issuerId2[],fp(pk(skI2[])),h(authTuple(issuerId2[],fp(pk(skI2[])),ssetH[],algH[],verH[])),cvB[],plI_2)),skI2[])).
Using the function wrap the attacker may obtain wrap(cvIw_4,(framed(OT_ATTEST,algH[],issuerId2[],fp(pk(skI2[])),h(authTuple(issuerId2[],fp(pk(skI2[])),ssetH[],algH[],verH[])),cvB[],plI_2),sign((BYTES,framed(OT_ATTEST,algH[],issuerId2[],fp(pk(skI2[])),h(authTuple(issuerId2[],fp(pk(skI2[])),ssetH[],algH[],verH[])),cvB[],plI_2)),skI2[]))).
attacker(wrap(cvIw_4,(framed(OT_ATTEST,algH[],issuerId2[],fp(pk(skI2[])),h(authTuple(issuerId2[],fp(pk(skI2[])),ssetH[],algH[],verH[])),cvB[],plI_2),sign((BYTES,framed(OT_ATTEST,algH[],issuerId2[],fp(pk(skI2[])),h(authTuple(issuerId2[],fp(pk(skI2[])),ssetH[],algH[],verH[])),cvB[],plI_2)),skI2[])))).

22. The attacker has some term cvW_4.
attacker(cvW_4).

23. The attacker has some term verW_1.
attacker(verW_1).

24. The attacker has some term algW_1.
attacker(algW_1).

25. The attacker has some term ssW_1.
attacker(ssW_1).

26. We assume as hypothesis that
attacker(r).

27. By 7, the attacker may know sign((BYTES,framed(OT_ATTEST,algH[],issuerId2[],fp(pk(skI2[])),h(authTuple(issuerId2[],fp(pk(skI2[])),ssetH[],algH[],verH[])),cvB[],plI_2)),skI2[]).
By 26, the attacker may know r.
Using the function dsks the attacker may obtain dsks(sign((BYTES,framed(OT_ATTEST,algH[],issuerId2[],fp(pk(skI2[])),h(authTuple(issuerId2[],fp(pk(skI2[])),ssetH[],algH[],verH[])),cvB[],plI_2)),skI2[]),r).
attacker(dsks(sign((BYTES,framed(OT_ATTEST,algH[],issuerId2[],fp(pk(skI2[])),h(authTuple(issuerId2[],fp(pk(skI2[])),ssetH[],algH[],verH[])),cvB[],plI_2)),skI2[]),r)).

28. By 27, the attacker may know dsks(sign((BYTES,framed(OT_ATTEST,algH[],issuerId2[],fp(pk(skI2[])),h(authTuple(issuerId2[],fp(pk(skI2[])),ssetH[],algH[],verH[])),cvB[],plI_2)),skI2[]),r).
Using the function pk the attacker may obtain pk(dsks(sign((BYTES,framed(OT_ATTEST,algH[],issuerId2[],fp(pk(skI2[])),h(authTuple(issuerId2[],fp(pk(skI2[])),ssetH[],algH[],verH[])),cvB[],plI_2)),skI2[]),r)).
attacker(pk(dsks(sign((BYTES,framed(OT_ATTEST,algH[],issuerId2[],fp(pk(skI2[])),h(authTuple(issuerId2[],fp(pk(skI2[])),ssetH[],algH[],verH[])),cvB[],plI_2)),skI2[]),r))).

29. By 28, the attacker may know pk(dsks(sign((BYTES,framed(OT_ATTEST,algH[],issuerId2[],fp(pk(skI2[])),h(authTuple(issuerId2[],fp(pk(skI2[])),ssetH[],algH[],verH[])),cvB[],plI_2)),skI2[]),r)).
Using the function fp the attacker may obtain fp(pk(dsks(sign((BYTES,framed(OT_ATTEST,algH[],issuerId2[],fp(pk(skI2[])),h(authTuple(issuerId2[],fp(pk(skI2[])),ssetH[],algH[],verH[])),cvB[],plI_2)),skI2[]),r))).
attacker(fp(pk(dsks(sign((BYTES,framed(OT_ATTEST,algH[],issuerId2[],fp(pk(skI2[])),h(authTuple(issuerId2[],fp(pk(skI2[])),ssetH[],algH[],verH[])),cvB[],plI_2)),skI2[]),r)))).

30. The attacker has some term idW_6.
attacker(idW_6).

31. By 30, the attacker may know idW_6.
By 29, the attacker may know fp(pk(dsks(sign((BYTES,framed(OT_ATTEST,algH[],issuerId2[],fp(pk(skI2[])),h(authTuple(issuerId2[],fp(pk(skI2[])),ssetH[],algH[],verH[])),cvB[],plI_2)),skI2[]),r))).
By 25, the attacker may know ssW_1.
By 24, the attacker may know algW_1.
By 23, the attacker may know verW_1.
Using the function authTuple the attacker may obtain authTuple(idW_6,fp(pk(dsks(sign((BYTES,framed(OT_ATTEST,algH[],issuerId2[],fp(pk(skI2[])),h(authTuple(issuerId2[],fp(pk(skI2[])),ssetH[],algH[],verH[])),cvB[],plI_2)),skI2[]),r))),ssW_1,algW_1,verW_1).
attacker(authTuple(idW_6,fp(pk(dsks(sign((BYTES,framed(OT_ATTEST,algH[],issuerId2[],fp(pk(skI2[])),h(authTuple(issuerId2[],fp(pk(skI2[])),ssetH[],algH[],verH[])),cvB[],plI_2)),skI2[]),r))),ssW_1,algW_1,verW_1)).

32. By 31, the attacker may know authTuple(idW_6,fp(pk(dsks(sign((BYTES,framed(OT_ATTEST,algH[],issuerId2[],fp(pk(skI2[])),h(authTuple(issuerId2[],fp(pk(skI2[])),ssetH[],algH[],verH[])),cvB[],plI_2)),skI2[]),r))),ssW_1,algW_1,verW_1).
Using the function h the attacker may obtain h(authTuple(idW_6,fp(pk(dsks(sign((BYTES,framed(OT_ATTEST,algH[],issuerId2[],fp(pk(skI2[])),h(authTuple(issuerId2[],fp(pk(skI2[])),ssetH[],algH[],verH[])),cvB[],plI_2)),skI2[]),r))),ssW_1,algW_1,verW_1)).
attacker(h(authTuple(idW_6,fp(pk(dsks(sign((BYTES,framed(OT_ATTEST,algH[],issuerId2[],fp(pk(skI2[])),h(authTuple(issuerId2[],fp(pk(skI2[])),ssetH[],algH[],verH[])),cvB[],plI_2)),skI2[]),r))),ssW_1,algW_1,verW_1))).

33. Using the function OT_WRAPPER the attacker may obtain OT_WRAPPER.
attacker(OT_WRAPPER).

34. By 33, the attacker may know OT_WRAPPER.
By 24, the attacker may know algW_1.
By 30, the attacker may know idW_6.
By 29, the attacker may know fp(pk(dsks(sign((BYTES,framed(OT_ATTEST,algH[],issuerId2[],fp(pk(skI2[])),h(authTuple(issuerId2[],fp(pk(skI2[])),ssetH[],algH[],verH[])),cvB[],plI_2)),skI2[]),r))).
By 32, the attacker may know h(authTuple(idW_6,fp(pk(dsks(sign((BYTES,framed(OT_ATTEST,algH[],issuerId2[],fp(pk(skI2[])),h(authTuple(issuerId2[],fp(pk(skI2[])),ssetH[],algH[],verH[])),cvB[],plI_2)),skI2[]),r))),ssW_1,algW_1,verW_1)).
By 22, the attacker may know cvW_4.
By 21, the attacker may know wrap(cvIw_4,(framed(OT_ATTEST,algH[],issuerId2[],fp(pk(skI2[])),h(authTuple(issuerId2[],fp(pk(skI2[])),ssetH[],algH[],verH[])),cvB[],plI_2),sign((BYTES,framed(OT_ATTEST,algH[],issuerId2[],fp(pk(skI2[])),h(authTuple(issuerId2[],fp(pk(skI2[])),ssetH[],algH[],verH[])),cvB[],plI_2)),skI2[]))).
Using the function framed the attacker may obtain framed(OT_WRAPPER,algW_1,idW_6,fp(pk(dsks(sign((BYTES,framed(OT_ATTEST,algH[],issuerId2[],fp(pk(skI2[])),h(authTuple(issuerId2[],fp(pk(skI2[])),ssetH[],algH[],verH[])),cvB[],plI_2)),skI2[]),r))),h(authTuple(idW_6,fp(pk(dsks(sign((BYTES,framed(OT_ATTEST,algH[],issuerId2[],fp(pk(skI2[])),h(authTuple(issuerId2[],fp(pk(skI2[])),ssetH[],algH[],verH[])),cvB[],plI_2)),skI2[]),r))),ssW_1,algW_1,verW_1)),cvW_4,wrap(cvIw_4,(framed(OT_ATTEST,algH[],issuerId2[],fp(pk(skI2[])),h(authTuple(issuerId2[],fp(pk(skI2[])),ssetH[],algH[],verH[])),cvB[],plI_2),sign((BYTES,framed(OT_ATTEST,algH[],issuerId2[],fp(pk(skI2[])),h(authTuple(issuerId2[],fp(pk(skI2[])),ssetH[],algH[],verH[])),cvB[],plI_2)),skI2[])))).
attacker(framed(OT_WRAPPER,algW_1,idW_6,fp(pk(dsks(sign((BYTES,framed(OT_ATTEST,algH[],issuerId2[],fp(pk(skI2[])),h(authTuple(issuerId2[],fp(pk(skI2[])),ssetH[],algH[],verH[])),cvB[],plI_2)),skI2[]),r))),h(authTuple(idW_6,fp(pk(dsks(sign((BYTES,framed(OT_ATTEST,algH[],issuerId2[],fp(pk(skI2[])),h(authTuple(issuerId2[],fp(pk(skI2[])),ssetH[],algH[],verH[])),cvB[],plI_2)),skI2[]),r))),ssW_1,algW_1,verW_1)),cvW_4,wrap(cvIw_4,(framed(OT_ATTEST,algH[],issuerId2[],fp(pk(skI2[])),h(authTuple(issuerId2[],fp(pk(skI2[])),ssetH[],algH[],verH[])),cvB[],plI_2),sign((BYTES,framed(OT_ATTEST,algH[],issuerId2[],fp(pk(skI2[])),h(authTuple(issuerId2[],fp(pk(skI2[])),ssetH[],algH[],verH[])),cvB[],plI_2)),skI2[]))))).

35. Using the function BYTES the attacker may obtain BYTES.
attacker(BYTES).

36. By 35, the attacker may know BYTES.
By 34, the attacker may know framed(OT_WRAPPER,algW_1,idW_6,fp(pk(dsks(sign((BYTES,framed(OT_ATTEST,algH[],issuerId2[],fp(pk(skI2[])),h(authTuple(issuerId2[],fp(pk(skI2[])),ssetH[],algH[],verH[])),cvB[],plI_2)),skI2[]),r))),h(authTuple(idW_6,fp(pk(dsks(sign((BYTES,framed(OT_ATTEST,algH[],issuerId2[],fp(pk(skI2[])),h(authTuple(issuerId2[],fp(pk(skI2[])),ssetH[],algH[],verH[])),cvB[],plI_2)),skI2[]),r))),ssW_1,algW_1,verW_1)),cvW_4,wrap(cvIw_4,(framed(OT_ATTEST,algH[],issuerId2[],fp(pk(skI2[])),h(authTuple(issuerId2[],fp(pk(skI2[])),ssetH[],algH[],verH[])),cvB[],plI_2),sign((BYTES,framed(OT_ATTEST,algH[],issuerId2[],fp(pk(skI2[])),h(authTuple(issuerId2[],fp(pk(skI2[])),ssetH[],algH[],verH[])),cvB[],plI_2)),skI2[])))).
Using the function 2-tuple the attacker may obtain (BYTES,framed(OT_WRAPPER,algW_1,idW_6,fp(pk(dsks(sign((BYTES,framed(OT_ATTEST,algH[],issuerId2[],fp(pk(skI2[])),h(authTuple(issuerId2[],fp(pk(skI2[])),ssetH[],algH[],verH[])),cvB[],plI_2)),skI2[]),r))),h(authTuple(idW_6,fp(pk(dsks(sign((BYTES,framed(OT_ATTEST,algH[],issuerId2[],fp(pk(skI2[])),h(authTuple(issuerId2[],fp(pk(skI2[])),ssetH[],algH[],verH[])),cvB[],plI_2)),skI2[]),r))),ssW_1,algW_1,verW_1)),cvW_4,wrap(cvIw_4,(framed(OT_ATTEST,algH[],issuerId2[],fp(pk(skI2[])),h(authTuple(issuerId2[],fp(pk(skI2[])),ssetH[],algH[],verH[])),cvB[],plI_2),sign((BYTES,framed(OT_ATTEST,algH[],issuerId2[],fp(pk(skI2[])),h(authTuple(issuerId2[],fp(pk(skI2[])),ssetH[],algH[],verH[])),cvB[],plI_2)),skI2[]))))).
attacker((BYTES,framed(OT_WRAPPER,algW_1,idW_6,fp(pk(dsks(sign((BYTES,framed(OT_ATTEST,algH[],issuerId2[],fp(pk(skI2[])),h(authTuple(issuerId2[],fp(pk(skI2[])),ssetH[],algH[],verH[])),cvB[],plI_2)),skI2[]),r))),h(authTuple(idW_6,fp(pk(dsks(sign((BYTES,framed(OT_ATTEST,algH[],issuerId2[],fp(pk(skI2[])),h(authTuple(issuerId2[],fp(pk(skI2[])),ssetH[],algH[],verH[])),cvB[],plI_2)),skI2[]),r))),ssW_1,algW_1,verW_1)),cvW_4,wrap(cvIw_4,(framed(OT_ATTEST,algH[],issuerId2[],fp(pk(skI2[])),h(authTuple(issuerId2[],fp(pk(skI2[])),ssetH[],algH[],verH[])),cvB[],plI_2),sign((BYTES,framed(OT_ATTEST,algH[],issuerId2[],fp(pk(skI2[])),h(authTuple(issuerId2[],fp(pk(skI2[])),ssetH[],algH[],verH[])),cvB[],plI_2)),skI2[])))))).

37. By 36, the attacker may know (BYTES,framed(OT_WRAPPER,algW_1,idW_6,fp(pk(dsks(sign((BYTES,framed(OT_ATTEST,algH[],issuerId2[],fp(pk(skI2[])),h(authTuple(issuerId2[],fp(pk(skI2[])),ssetH[],algH[],verH[])),cvB[],plI_2)),skI2[]),r))),h(authTuple(idW_6,fp(pk(dsks(sign((BYTES,framed(OT_ATTEST,algH[],issuerId2[],fp(pk(skI2[])),h(authTuple(issuerId2[],fp(pk(skI2[])),ssetH[],algH[],verH[])),cvB[],plI_2)),skI2[]),r))),ssW_1,algW_1,verW_1)),cvW_4,wrap(cvIw_4,(framed(OT_ATTEST,algH[],issuerId2[],fp(pk(skI2[])),h(authTuple(issuerId2[],fp(pk(skI2[])),ssetH[],algH[],verH[])),cvB[],plI_2),sign((BYTES,framed(OT_ATTEST,algH[],issuerId2[],fp(pk(skI2[])),h(authTuple(issuerId2[],fp(pk(skI2[])),ssetH[],algH[],verH[])),cvB[],plI_2)),skI2[]))))).
By 27, the attacker may know dsks(sign((BYTES,framed(OT_ATTEST,algH[],issuerId2[],fp(pk(skI2[])),h(authTuple(issuerId2[],fp(pk(skI2[])),ssetH[],algH[],verH[])),cvB[],plI_2)),skI2[]),r).
Using the function sign the attacker may obtain sign((BYTES,framed(OT_WRAPPER,algW_1,idW_6,fp(pk(dsks(sign((BYTES,framed(OT_ATTEST,algH[],issuerId2[],fp(pk(skI2[])),h(authTuple(issuerId2[],fp(pk(skI2[])),ssetH[],algH[],verH[])),cvB[],plI_2)),skI2[]),r))),h(authTuple(idW_6,fp(pk(dsks(sign((BYTES,framed(OT_ATTEST,algH[],issuerId2[],fp(pk(skI2[])),h(authTuple(issuerId2[],fp(pk(skI2[])),ssetH[],algH[],verH[])),cvB[],plI_2)),skI2[]),r))),ssW_1,algW_1,verW_1)),cvW_4,wrap(cvIw_4,(framed(OT_ATTEST,algH[],issuerId2[],fp(pk(skI2[])),h(authTuple(issuerId2[],fp(pk(skI2[])),ssetH[],algH[],verH[])),cvB[],plI_2),sign((BYTES,framed(OT_ATTEST,algH[],issuerId2[],fp(pk(skI2[])),h(authTuple(issuerId2[],fp(pk(skI2[])),ssetH[],algH[],verH[])),cvB[],plI_2)),skI2[]))))),dsks(sign((BYTES,framed(OT_ATTEST,algH[],issuerId2[],fp(pk(skI2[])),h(authTuple(issuerId2[],fp(pk(skI2[])),ssetH[],algH[],verH[])),cvB[],plI_2)),skI2[]),r)).
attacker(sign((BYTES,framed(OT_WRAPPER,algW_1,idW_6,fp(pk(dsks(sign((BYTES,framed(OT_ATTEST,algH[],issuerId2[],fp(pk(skI2[])),h(authTuple(issuerId2[],fp(pk(skI2[])),ssetH[],algH[],verH[])),cvB[],plI_2)),skI2[]),r))),h(authTuple(idW_6,fp(pk(dsks(sign((BYTES,framed(OT_ATTEST,algH[],issuerId2[],fp(pk(skI2[])),h(authTuple(issuerId2[],fp(pk(skI2[])),ssetH[],algH[],verH[])),cvB[],plI_2)),skI2[]),r))),ssW_1,algW_1,verW_1)),cvW_4,wrap(cvIw_4,(framed(OT_ATTEST,algH[],issuerId2[],fp(pk(skI2[])),h(authTuple(issuerId2[],fp(pk(skI2[])),ssetH[],algH[],verH[])),cvB[],plI_2),sign((BYTES,framed(OT_ATTEST,algH[],issuerId2[],fp(pk(skI2[])),h(authTuple(issuerId2[],fp(pk(skI2[])),ssetH[],algH[],verH[])),cvB[],plI_2)),skI2[]))))),dsks(sign((BYTES,framed(OT_ATTEST,algH[],issuerId2[],fp(pk(skI2[])),h(authTuple(issuerId2[],fp(pk(skI2[])),ssetH[],algH[],verH[])),cvB[],plI_2)),skI2[]),r))).

38. Using the function POSS the attacker may obtain POSS.
attacker(POSS).

39. By 38, the attacker may know POSS.
By 31, the attacker may know authTuple(idW_6,fp(pk(dsks(sign((BYTES,framed(OT_ATTEST,algH[],issuerId2[],fp(pk(skI2[])),h(authTuple(issuerId2[],fp(pk(skI2[])),ssetH[],algH[],verH[])),cvB[],plI_2)),skI2[]),r))),ssW_1,algW_1,verW_1).
Using the function 2-tuple the attacker may obtain (POSS,authTuple(idW_6,fp(pk(dsks(sign((BYTES,framed(OT_ATTEST,algH[],issuerId2[],fp(pk(skI2[])),h(authTuple(issuerId2[],fp(pk(skI2[])),ssetH[],algH[],verH[])),cvB[],plI_2)),skI2[]),r))),ssW_1,algW_1,verW_1)).
attacker((POSS,authTuple(idW_6,fp(pk(dsks(sign((BYTES,framed(OT_ATTEST,algH[],issuerId2[],fp(pk(skI2[])),h(authTuple(issuerId2[],fp(pk(skI2[])),ssetH[],algH[],verH[])),cvB[],plI_2)),skI2[]),r))),ssW_1,algW_1,verW_1))).

40. By 39, the attacker may know (POSS,authTuple(idW_6,fp(pk(dsks(sign((BYTES,framed(OT_ATTEST,algH[],issuerId2[],fp(pk(skI2[])),h(authTuple(issuerId2[],fp(pk(skI2[])),ssetH[],algH[],verH[])),cvB[],plI_2)),skI2[]),r))),ssW_1,algW_1,verW_1)).
By 27, the attacker may know dsks(sign((BYTES,framed(OT_ATTEST,algH[],issuerId2[],fp(pk(skI2[])),h(authTuple(issuerId2[],fp(pk(skI2[])),ssetH[],algH[],verH[])),cvB[],plI_2)),skI2[]),r).
Using the function sign the attacker may obtain sign((POSS,authTuple(idW_6,fp(pk(dsks(sign((BYTES,framed(OT_ATTEST,algH[],issuerId2[],fp(pk(skI2[])),h(authTuple(issuerId2[],fp(pk(skI2[])),ssetH[],algH[],verH[])),cvB[],plI_2)),skI2[]),r))),ssW_1,algW_1,verW_1)),dsks(sign((BYTES,framed(OT_ATTEST,algH[],issuerId2[],fp(pk(skI2[])),h(authTuple(issuerId2[],fp(pk(skI2[])),ssetH[],algH[],verH[])),cvB[],plI_2)),skI2[]),r)).
attacker(sign((POSS,authTuple(idW_6,fp(pk(dsks(sign((BYTES,framed(OT_ATTEST,algH[],issuerId2[],fp(pk(skI2[])),h(authTuple(issuerId2[],fp(pk(skI2[])),ssetH[],algH[],verH[])),cvB[],plI_2)),skI2[]),r))),ssW_1,algW_1,verW_1)),dsks(sign((BYTES,framed(OT_ATTEST,algH[],issuerId2[],fp(pk(skI2[])),h(authTuple(issuerId2[],fp(pk(skI2[])),ssetH[],algH[],verH[])),cvB[],plI_2)),skI2[]),r))).

41. The message skS[] may be sent to the attacker at output {19}.
attacker(skS[]).

42. Using the function STMT_DIGEST the attacker may obtain STMT_DIGEST.
attacker(STMT_DIGEST).

43. By 42, the attacker may know STMT_DIGEST.
By 32, the attacker may know h(authTuple(idW_6,fp(pk(dsks(sign((BYTES,framed(OT_ATTEST,algH[],issuerId2[],fp(pk(skI2[])),h(authTuple(issuerId2[],fp(pk(skI2[])),ssetH[],algH[],verH[])),cvB[],plI_2)),skI2[]),r))),ssW_1,algW_1,verW_1)).
Using the function 2-tuple the attacker may obtain (STMT_DIGEST,h(authTuple(idW_6,fp(pk(dsks(sign((BYTES,framed(OT_ATTEST,algH[],issuerId2[],fp(pk(skI2[])),h(authTuple(issuerId2[],fp(pk(skI2[])),ssetH[],algH[],verH[])),cvB[],plI_2)),skI2[]),r))),ssW_1,algW_1,verW_1))).
attacker((STMT_DIGEST,h(authTuple(idW_6,fp(pk(dsks(sign((BYTES,framed(OT_ATTEST,algH[],issuerId2[],fp(pk(skI2[])),h(authTuple(issuerId2[],fp(pk(skI2[])),ssetH[],algH[],verH[])),cvB[],plI_2)),skI2[]),r))),ssW_1,algW_1,verW_1)))).

44. By 43, the attacker may know (STMT_DIGEST,h(authTuple(idW_6,fp(pk(dsks(sign((BYTES,framed(OT_ATTEST,algH[],issuerId2[],fp(pk(skI2[])),h(authTuple(issuerId2[],fp(pk(skI2[])),ssetH[],algH[],verH[])),cvB[],plI_2)),skI2[]),r))),ssW_1,algW_1,verW_1))).
By 41, the attacker may know skS[].
Using the function sign the attacker may obtain sign((STMT_DIGEST,h(authTuple(idW_6,fp(pk(dsks(sign((BYTES,framed(OT_ATTEST,algH[],issuerId2[],fp(pk(skI2[])),h(authTuple(issuerId2[],fp(pk(skI2[])),ssetH[],algH[],verH[])),cvB[],plI_2)),skI2[]),r))),ssW_1,algW_1,verW_1))),skS[]).
attacker(sign((STMT_DIGEST,h(authTuple(idW_6,fp(pk(dsks(sign((BYTES,framed(OT_ATTEST,algH[],issuerId2[],fp(pk(skI2[])),h(authTuple(issuerId2[],fp(pk(skI2[])),ssetH[],algH[],verH[])),cvB[],plI_2)),skI2[]),r))),ssW_1,algW_1,verW_1))),skS[])).

45. By 31, the attacker may know authTuple(idW_6,fp(pk(dsks(sign((BYTES,framed(OT_ATTEST,algH[],issuerId2[],fp(pk(skI2[])),h(authTuple(issuerId2[],fp(pk(skI2[])),ssetH[],algH[],verH[])),cvB[],plI_2)),skI2[]),r))),ssW_1,algW_1,verW_1).
By 44, the attacker may know sign((STMT_DIGEST,h(authTuple(idW_6,fp(pk(dsks(sign((BYTES,framed(OT_ATTEST,algH[],issuerId2[],fp(pk(skI2[])),h(authTuple(issuerId2[],fp(pk(skI2[])),ssetH[],algH[],verH[])),cvB[],plI_2)),skI2[]),r))),ssW_1,algW_1,verW_1))),skS[]).
By 28, the attacker may know pk(dsks(sign((BYTES,framed(OT_ATTEST,algH[],issuerId2[],fp(pk(skI2[])),h(authTuple(issuerId2[],fp(pk(skI2[])),ssetH[],algH[],verH[])),cvB[],plI_2)),skI2[]),r)).
By 40, the attacker may know sign((POSS,authTuple(idW_6,fp(pk(dsks(sign((BYTES,framed(OT_ATTEST,algH[],issuerId2[],fp(pk(skI2[])),h(authTuple(issuerId2[],fp(pk(skI2[])),ssetH[],algH[],verH[])),cvB[],plI_2)),skI2[]),r))),ssW_1,algW_1,verW_1)),dsks(sign((BYTES,framed(OT_ATTEST,algH[],issuerId2[],fp(pk(skI2[])),h(authTuple(issuerId2[],fp(pk(skI2[])),ssetH[],algH[],verH[])),cvB[],plI_2)),skI2[]),r)).
By 37, the attacker may know sign((BYTES,framed(OT_WRAPPER,algW_1,idW_6,fp(pk(dsks(sign((BYTES,framed(OT_ATTEST,algH[],issuerId2[],fp(pk(skI2[])),h(authTuple(issuerId2[],fp(pk(skI2[])),ssetH[],algH[],verH[])),cvB[],plI_2)),skI2[]),r))),h(authTuple(idW_6,fp(pk(dsks(sign((BYTES,framed(OT_ATTEST,algH[],issuerId2[],fp(pk(skI2[])),h(authTuple(issuerId2[],fp(pk(skI2[])),ssetH[],algH[],verH[])),cvB[],plI_2)),skI2[]),r))),ssW_1,algW_1,verW_1)),cvW_4,wrap(cvIw_4,(framed(OT_ATTEST,algH[],issuerId2[],fp(pk(skI2[])),h(authTuple(issuerId2[],fp(pk(skI2[])),ssetH[],algH[],verH[])),cvB[],plI_2),sign((BYTES,framed(OT_ATTEST,algH[],issuerId2[],fp(pk(skI2[])),h(authTuple(issuerId2[],fp(pk(skI2[])),ssetH[],algH[],verH[])),cvB[],plI_2)),skI2[]))))),dsks(sign((BYTES,framed(OT_ATTEST,algH[],issuerId2[],fp(pk(skI2[])),h(authTuple(issuerId2[],fp(pk(skI2[])),ssetH[],algH[],verH[])),cvB[],plI_2)),skI2[]),r)).
By 34, the attacker may know framed(OT_WRAPPER,algW_1,idW_6,fp(pk(dsks(sign((BYTES,framed(OT_ATTEST,algH[],issuerId2[],fp(pk(skI2[])),h(authTuple(issuerId2[],fp(pk(skI2[])),ssetH[],algH[],verH[])),cvB[],plI_2)),skI2[]),r))),h(authTuple(idW_6,fp(pk(dsks(sign((BYTES,framed(OT_ATTEST,algH[],issuerId2[],fp(pk(skI2[])),h(authTuple(issuerId2[],fp(pk(skI2[])),ssetH[],algH[],verH[])),cvB[],plI_2)),skI2[]),r))),ssW_1,algW_1,verW_1)),cvW_4,wrap(cvIw_4,(framed(OT_ATTEST,algH[],issuerId2[],fp(pk(skI2[])),h(authTuple(issuerId2[],fp(pk(skI2[])),ssetH[],algH[],verH[])),cvB[],plI_2),sign((BYTES,framed(OT_ATTEST,algH[],issuerId2[],fp(pk(skI2[])),h(authTuple(issuerId2[],fp(pk(skI2[])),ssetH[],algH[],verH[])),cvB[],plI_2)),skI2[])))).
By 6, the attacker may know tI_2.
By 5, the attacker may know evI_2.
By 4, the attacker may know kI_2.
By 3, the attacker may know ppfI_4.
Using the function 10-tuple the attacker may obtain (authTuple(idW_6,fp(pk(dsks(sign((BYTES,framed(OT_ATTEST,algH[],issuerId2[],fp(pk(skI2[])),h(authTuple(issuerId2[],fp(pk(skI2[])),ssetH[],algH[],verH[])),cvB[],plI_2)),skI2[]),r))),ssW_1,algW_1,verW_1),sign((STMT_DIGEST,h(authTuple(idW_6,fp(pk(dsks(sign((BYTES,framed(OT_ATTEST,algH[],issuerId2[],fp(pk(skI2[])),h(authTuple(issuerId2[],fp(pk(skI2[])),ssetH[],algH[],verH[])),cvB[],plI_2)),skI2[]),r))),ssW_1,algW_1,verW_1))),skS[]),pk(dsks(sign((BYTES,framed(OT_ATTEST,algH[],issuerId2[],fp(pk(skI2[])),h(authTuple(issuerId2[],fp(pk(skI2[])),ssetH[],algH[],verH[])),cvB[],plI_2)),skI2[]),r)),sign((POSS,authTuple(idW_6,fp(pk(dsks(sign((BYTES,framed(OT_ATTEST,algH[],issuerId2[],fp(pk(skI2[])),h(authTuple(issuerId2[],fp(pk(skI2[])),ssetH[],algH[],verH[])),cvB[],plI_2)),skI2[]),r))),ssW_1,algW_1,verW_1)),dsks(sign((BYTES,framed(OT_ATTEST,algH[],issuerId2[],fp(pk(skI2[])),h(authTuple(issuerId2[],fp(pk(skI2[])),ssetH[],algH[],verH[])),cvB[],plI_2)),skI2[]),r)),sign((BYTES,framed(OT_WRAPPER,algW_1,idW_6,fp(pk(dsks(sign((BYTES,framed(OT_ATTEST,algH[],issuerId2[],fp(pk(skI2[])),h(authTuple(issuerId2[],fp(pk(skI2[])),ssetH[],algH[],verH[])),cvB[],plI_2)),skI2[]),r))),h(authTuple(idW_6,fp(pk(dsks(sign((BYTES,framed(OT_ATTEST,algH[],issuerId2[],fp(pk(skI2[])),h(authTuple(issuerId2[],fp(pk(skI2[])),ssetH[],algH[],verH[])),cvB[],plI_2)),skI2[]),r))),ssW_1,algW_1,verW_1)),cvW_4,wrap(cvIw_4,(framed(OT_ATTEST,algH[],issuerId2[],fp(pk(skI2[])),h(authTuple(issuerId2[],fp(pk(skI2[])),ssetH[],algH[],verH[])),cvB[],plI_2),sign((BYTES,framed(OT_ATTEST,algH[],issuerId2[],fp(pk(skI2[])),h(authTuple(issuerId2[],fp(pk(skI2[])),ssetH[],algH[],verH[])),cvB[],plI_2)),skI2[]))))),dsks(sign((BYTES,framed(OT_ATTEST,algH[],issuerId2[],fp(pk(skI2[])),h(authTuple(issuerId2[],fp(pk(skI2[])),ssetH[],algH[],verH[])),cvB[],plI_2)),skI2[]),r)),framed(OT_WRAPPER,algW_1,idW_6,fp(pk(dsks(sign((BYTES,framed(OT_ATTEST,algH[],issuerId2[],fp(pk(skI2[])),h(authTuple(issuerId2[],fp(pk(skI2[])),ssetH[],algH[],verH[])),cvB[],plI_2)),skI2[]),r))),h(authTuple(idW_6,fp(pk(dsks(sign((BYTES,framed(OT_ATTEST,algH[],issuerId2[],fp(pk(skI2[])),h(authTuple(issuerId2[],fp(pk(skI2[])),ssetH[],algH[],verH[])),cvB[],plI_2)),skI2[]),r))),ssW_1,algW_1,verW_1)),cvW_4,wrap(cvIw_4,(framed(OT_ATTEST,algH[],issuerId2[],fp(pk(skI2[])),h(authTuple(issuerId2[],fp(pk(skI2[])),ssetH[],algH[],verH[])),cvB[],plI_2),sign((BYTES,framed(OT_ATTEST,algH[],issuerId2[],fp(pk(skI2[])),h(authTuple(issuerId2[],fp(pk(skI2[])),ssetH[],algH[],verH[])),cvB[],plI_2)),skI2[])))),tI_2,evI_2,kI_2,ppfI_4).
attacker((authTuple(idW_6,fp(pk(dsks(sign((BYTES,framed(OT_ATTEST,algH[],issuerId2[],fp(pk(skI2[])),h(authTuple(issuerId2[],fp(pk(skI2[])),ssetH[],algH[],verH[])),cvB[],plI_2)),skI2[]),r))),ssW_1,algW_1,verW_1),sign((STMT_DIGEST,h(authTuple(idW_6,fp(pk(dsks(sign((BYTES,framed(OT_ATTEST,algH[],issuerId2[],fp(pk(skI2[])),h(authTuple(issuerId2[],fp(pk(skI2[])),ssetH[],algH[],verH[])),cvB[],plI_2)),skI2[]),r))),ssW_1,algW_1,verW_1))),skS[]),pk(dsks(sign((BYTES,framed(OT_ATTEST,algH[],issuerId2[],fp(pk(skI2[])),h(authTuple(issuerId2[],fp(pk(skI2[])),ssetH[],algH[],verH[])),cvB[],plI_2)),skI2[]),r)),sign((POSS,authTuple(idW_6,fp(pk(dsks(sign((BYTES,framed(OT_ATTEST,algH[],issuerId2[],fp(pk(skI2[])),h(authTuple(issuerId2[],fp(pk(skI2[])),ssetH[],algH[],verH[])),cvB[],plI_2)),skI2[]),r))),ssW_1,algW_1,verW_1)),dsks(sign((BYTES,framed(OT_ATTEST,algH[],issuerId2[],fp(pk(skI2[])),h(authTuple(issuerId2[],fp(pk(skI2[])),ssetH[],algH[],verH[])),cvB[],plI_2)),skI2[]),r)),sign((BYTES,framed(OT_WRAPPER,algW_1,idW_6,fp(pk(dsks(sign((BYTES,framed(OT_ATTEST,algH[],issuerId2[],fp(pk(skI2[])),h(authTuple(issuerId2[],fp(pk(skI2[])),ssetH[],algH[],verH[])),cvB[],plI_2)),skI2[]),r))),h(authTuple(idW_6,fp(pk(dsks(sign((BYTES,framed(OT_ATTEST,algH[],issuerId2[],fp(pk(skI2[])),h(authTuple(issuerId2[],fp(pk(skI2[])),ssetH[],algH[],verH[])),cvB[],plI_2)),skI2[]),r))),ssW_1,algW_1,verW_1)),cvW_4,wrap(cvIw_4,(framed(OT_ATTEST,algH[],issuerId2[],fp(pk(skI2[])),h(authTuple(issuerId2[],fp(pk(skI2[])),ssetH[],algH[],verH[])),cvB[],plI_2),sign((BYTES,framed(OT_ATTEST,algH[],issuerId2[],fp(pk(skI2[])),h(authTuple(issuerId2[],fp(pk(skI2[])),ssetH[],algH[],verH[])),cvB[],plI_2)),skI2[]))))),dsks(sign((BYTES,framed(OT_ATTEST,algH[],issuerId2[],fp(pk(skI2[])),h(authTuple(issuerId2[],fp(pk(skI2[])),ssetH[],algH[],verH[])),cvB[],plI_2)),skI2[]),r)),framed(OT_WRAPPER,algW_1,idW_6,fp(pk(dsks(sign((BYTES,framed(OT_ATTEST,algH[],issuerId2[],fp(pk(skI2[])),h(authTuple(issuerId2[],fp(pk(skI2[])),ssetH[],algH[],verH[])),cvB[],plI_2)),skI2[]),r))),h(authTuple(idW_6,fp(pk(dsks(sign((BYTES,framed(OT_ATTEST,algH[],issuerId2[],fp(pk(skI2[])),h(authTuple(issuerId2[],fp(pk(skI2[])),ssetH[],algH[],verH[])),cvB[],plI_2)),skI2[]),r))),ssW_1,algW_1,verW_1)),cvW_4,wrap(cvIw_4,(framed(OT_ATTEST,algH[],issuerId2[],fp(pk(skI2[])),h(authTuple(issuerId2[],fp(pk(skI2[])),ssetH[],algH[],verH[])),cvB[],plI_2),sign((BYTES,framed(OT_ATTEST,algH[],issuerId2[],fp(pk(skI2[])),h(authTuple(issuerId2[],fp(pk(skI2[])),ssetH[],algH[],verH[])),cvB[],plI_2)),skI2[])))),tI_2,evI_2,kI_2,ppfI_4)).

46. The message (authTuple(idW_6,fp(pk(dsks(sign((BYTES,framed(OT_ATTEST,algH[],issuerId2[],fp(pk(skI2[])),h(authTuple(issuerId2[],fp(pk(skI2[])),ssetH[],algH[],verH[])),cvB[],plI_2)),skI2[]),r))),ssW_1,algW_1,verW_1),sign((STMT_DIGEST,h(authTuple(idW_6,fp(pk(dsks(sign((BYTES,framed(OT_ATTEST,algH[],issuerId2[],fp(pk(skI2[])),h(authTuple(issuerId2[],fp(pk(skI2[])),ssetH[],algH[],verH[])),cvB[],plI_2)),skI2[]),r))),ssW_1,algW_1,verW_1))),skS[]),pk(dsks(sign((BYTES,framed(OT_ATTEST,algH[],issuerId2[],fp(pk(skI2[])),h(authTuple(issuerId2[],fp(pk(skI2[])),ssetH[],algH[],verH[])),cvB[],plI_2)),skI2[]),r)),sign((POSS,authTuple(idW_6,fp(pk(dsks(sign((BYTES,framed(OT_ATTEST,algH[],issuerId2[],fp(pk(skI2[])),h(authTuple(issuerId2[],fp(pk(skI2[])),ssetH[],algH[],verH[])),cvB[],plI_2)),skI2[]),r))),ssW_1,algW_1,verW_1)),dsks(sign((BYTES,framed(OT_ATTEST,algH[],issuerId2[],fp(pk(skI2[])),h(authTuple(issuerId2[],fp(pk(skI2[])),ssetH[],algH[],verH[])),cvB[],plI_2)),skI2[]),r)),sign((BYTES,framed(OT_WRAPPER,algW_1,idW_6,fp(pk(dsks(sign((BYTES,framed(OT_ATTEST,algH[],issuerId2[],fp(pk(skI2[])),h(authTuple(issuerId2[],fp(pk(skI2[])),ssetH[],algH[],verH[])),cvB[],plI_2)),skI2[]),r))),h(authTuple(idW_6,fp(pk(dsks(sign((BYTES,framed(OT_ATTEST,algH[],issuerId2[],fp(pk(skI2[])),h(authTuple(issuerId2[],fp(pk(skI2[])),ssetH[],algH[],verH[])),cvB[],plI_2)),skI2[]),r))),ssW_1,algW_1,verW_1)),cvW_4,wrap(cvIw_4,(framed(OT_ATTEST,algH[],issuerId2[],fp(pk(skI2[])),h(authTuple(issuerId2[],fp(pk(skI2[])),ssetH[],algH[],verH[])),cvB[],plI_2),sign((BYTES,framed(OT_ATTEST,algH[],issuerId2[],fp(pk(skI2[])),h(authTuple(issuerId2[],fp(pk(skI2[])),ssetH[],algH[],verH[])),cvB[],plI_2)),skI2[]))))),dsks(sign((BYTES,framed(OT_ATTEST,algH[],issuerId2[],fp(pk(skI2[])),h(authTuple(issuerId2[],fp(pk(skI2[])),ssetH[],algH[],verH[])),cvB[],plI_2)),skI2[]),r)),framed(OT_WRAPPER,algW_1,idW_6,fp(pk(dsks(sign((BYTES,framed(OT_ATTEST,algH[],issuerId2[],fp(pk(skI2[])),h(authTuple(issuerId2[],fp(pk(skI2[])),ssetH[],algH[],verH[])),cvB[],plI_2)),skI2[]),r))),h(authTuple(idW_6,fp(pk(dsks(sign((BYTES,framed(OT_ATTEST,algH[],issuerId2[],fp(pk(skI2[])),h(authTuple(issuerId2[],fp(pk(skI2[])),ssetH[],algH[],verH[])),cvB[],plI_2)),skI2[]),r))),ssW_1,algW_1,verW_1)),cvW_4,wrap(cvIw_4,(framed(OT_ATTEST,algH[],issuerId2[],fp(pk(skI2[])),h(authTuple(issuerId2[],fp(pk(skI2[])),ssetH[],algH[],verH[])),cvB[],plI_2),sign((BYTES,framed(OT_ATTEST,algH[],issuerId2[],fp(pk(skI2[])),h(authTuple(issuerId2[],fp(pk(skI2[])),ssetH[],algH[],verH[])),cvB[],plI_2)),skI2[])))),tI_2,evI_2,kI_2,ppfI_4) that the attacker may have by 45 may be received at input {135}.
So the message (wctx(pk(dsks(sign((BYTES,framed(OT_ATTEST,algH[],issuerId2[],fp(pk(skI2[])),h(authTuple(issuerId2[],fp(pk(skI2[])),ssetH[],algH[],verH[])),cvB[],plI_2)),skI2[]),r)),idW_6,framed(OT_WRAPPER,algW_1,idW_6,fp(pk(dsks(sign((BYTES,framed(OT_ATTEST,algH[],issuerId2[],fp(pk(skI2[])),h(authTuple(issuerId2[],fp(pk(skI2[])),ssetH[],algH[],verH[])),cvB[],plI_2)),skI2[]),r))),h(authTuple(idW_6,fp(pk(dsks(sign((BYTES,framed(OT_ATTEST,algH[],issuerId2[],fp(pk(skI2[])),h(authTuple(issuerId2[],fp(pk(skI2[])),ssetH[],algH[],verH[])),cvB[],plI_2)),skI2[]),r))),ssW_1,algW_1,verW_1)),cvW_4,wrap(cvIw_4,(framed(OT_ATTEST,algH[],issuerId2[],fp(pk(skI2[])),h(authTuple(issuerId2[],fp(pk(skI2[])),ssetH[],algH[],verH[])),cvB[],plI_2),sign((BYTES,framed(OT_ATTEST,algH[],issuerId2[],fp(pk(skI2[])),h(authTuple(issuerId2[],fp(pk(skI2[])),ssetH[],algH[],verH[])),cvB[],plI_2)),skI2[]))))),pk(dsks(sign((BYTES,framed(OT_ATTEST,algH[],issuerId2[],fp(pk(skI2[])),h(authTuple(issuerId2[],fp(pk(skI2[])),ssetH[],algH[],verH[])),cvB[],plI_2)),skI2[]),r)),sign((BYTES,framed(OT_ATTEST,algH[],issuerId2[],fp(pk(skI2[])),h(authTuple(issuerId2[],fp(pk(skI2[])),ssetH[],algH[],verH[])),cvB[],plI_2)),skI2[])) may be sent on channel sigCh[] at output {151}.
mess(sigCh[],(wctx(pk(dsks(sign((BYTES,framed(OT_ATTEST,algH[],issuerId2[],fp(pk(skI2[])),h(authTuple(issuerId2[],fp(pk(skI2[])),ssetH[],algH[],verH[])),cvB[],plI_2)),skI2[]),r)),idW_6,framed(OT_WRAPPER,algW_1,idW_6,fp(pk(dsks(sign((BYTES,framed(OT_ATTEST,algH[],issuerId2[],fp(pk(skI2[])),h(authTuple(issuerId2[],fp(pk(skI2[])),ssetH[],algH[],verH[])),cvB[],plI_2)),skI2[]),r))),h(authTuple(idW_6,fp(pk(dsks(sign((BYTES,framed(OT_ATTEST,algH[],issuerId2[],fp(pk(skI2[])),h(authTuple(issuerId2[],fp(pk(skI2[])),ssetH[],algH[],verH[])),cvB[],plI_2)),skI2[]),r))),ssW_1,algW_1,verW_1)),cvW_4,wrap(cvIw_4,(framed(OT_ATTEST,algH[],issuerId2[],fp(pk(skI2[])),h(authTuple(issuerId2[],fp(pk(skI2[])),ssetH[],algH[],verH[])),cvB[],plI_2),sign((BYTES,framed(OT_ATTEST,algH[],issuerId2[],fp(pk(skI2[])),h(authTuple(issuerId2[],fp(pk(skI2[])),ssetH[],algH[],verH[])),cvB[],plI_2)),skI2[]))))),pk(dsks(sign((BYTES,framed(OT_ATTEST,algH[],issuerId2[],fp(pk(skI2[])),h(authTuple(issuerId2[],fp(pk(skI2[])),ssetH[],algH[],verH[])),cvB[],plI_2)),skI2[]),r)),sign((BYTES,framed(OT_ATTEST,algH[],issuerId2[],fp(pk(skI2[])),h(authTuple(issuerId2[],fp(pk(skI2[])),ssetH[],algH[],verH[])),cvB[],plI_2)),skI2[]))).

47. The message (pk(skI2[]),sign((BYTES,framed(OT_ATTEST,algH[],issuerId2[],fp(pk(skI2[])),h(authTuple(issuerId2[],fp(pk(skI2[])),ssetH[],algH[],verH[])),cvB[],plI_2)),skI2[])) that may be sent on channel honestSigCh[] by 2 may be received at input {171}.
The message (wctx(pk(dsks(sign((BYTES,framed(OT_ATTEST,algH[],issuerId2[],fp(pk(skI2[])),h(authTuple(issuerId2[],fp(pk(skI2[])),ssetH[],algH[],verH[])),cvB[],plI_2)),skI2[]),r)),idW_6,framed(OT_WRAPPER,algW_1,idW_6,fp(pk(dsks(sign((BYTES,framed(OT_ATTEST,algH[],issuerId2[],fp(pk(skI2[])),h(authTuple(issuerId2[],fp(pk(skI2[])),ssetH[],algH[],verH[])),cvB[],plI_2)),skI2[]),r))),h(authTuple(idW_6,fp(pk(dsks(sign((BYTES,framed(OT_ATTEST,algH[],issuerId2[],fp(pk(skI2[])),h(authTuple(issuerId2[],fp(pk(skI2[])),ssetH[],algH[],verH[])),cvB[],plI_2)),skI2[]),r))),ssW_1,algW_1,verW_1)),cvW_4,wrap(cvIw_4,(framed(OT_ATTEST,algH[],issuerId2[],fp(pk(skI2[])),h(authTuple(issuerId2[],fp(pk(skI2[])),ssetH[],algH[],verH[])),cvB[],plI_2),sign((BYTES,framed(OT_ATTEST,algH[],issuerId2[],fp(pk(skI2[])),h(authTuple(issuerId2[],fp(pk(skI2[])),ssetH[],algH[],verH[])),cvB[],plI_2)),skI2[]))))),pk(dsks(sign((BYTES,framed(OT_ATTEST,algH[],issuerId2[],fp(pk(skI2[])),h(authTuple(issuerId2[],fp(pk(skI2[])),ssetH[],algH[],verH[])),cvB[],plI_2)),skI2[]),r)),sign((BYTES,framed(OT_ATTEST,algH[],issuerId2[],fp(pk(skI2[])),h(authTuple(issuerId2[],fp(pk(skI2[])),ssetH[],algH[],verH[])),cvB[],plI_2)),skI2[])) that may be sent on channel sigCh[] by 46 may be received at input {172}.
We have pk(dsks(sign((BYTES,framed(OT_ATTEST,algH[],issuerId2[],fp(pk(skI2[])),h(authTuple(issuerId2[],fp(pk(skI2[])),ssetH[],algH[],verH[])),cvB[],plI_2)),skI2[]),r)) ≠ pk(skI2[]).
So event InnerSigTransplanted(pk(dsks(sign((BYTES,framed(OT_ATTEST,algH[],issuerId2[],fp(pk(skI2[])),h(authTuple(issuerId2[],fp(pk(skI2[])),ssetH[],algH[],verH[])),cvB[],plI_2)),skI2[]),r)),sign((BYTES,framed(OT_ATTEST,algH[],issuerId2[],fp(pk(skI2[])),h(authTuple(issuerId2[],fp(pk(skI2[])),ssetH[],algH[],verH[])),cvB[],plI_2)),skI2[])) may be executed at {174}.
event(InnerSigTransplanted(pk(dsks(sign((BYTES,framed(OT_ATTEST,algH[],issuerId2[],fp(pk(skI2[])),h(authTuple(issuerId2[],fp(pk(skI2[])),ssetH[],algH[],verH[])),cvB[],plI_2)),skI2[]),r)),sign((BYTES,framed(OT_ATTEST,algH[],issuerId2[],fp(pk(skI2[])),h(authTuple(issuerId2[],fp(pk(skI2[])),ssetH[],algH[],verH[])),cvB[],plI_2)),skI2[]))).

48. By 47, event(InnerSigTransplanted(pk(dsks(sign((BYTES,framed(OT_ATTEST,algH[],issuerId2[],fp(pk(skI2[])),h(authTuple(issuerId2[],fp(pk(skI2[])),ssetH[],algH[],verH[])),cvB[],plI_2)),skI2[]),r)),sign((BYTES,framed(OT_ATTEST,algH[],issuerId2[],fp(pk(skI2[])),h(authTuple(issuerId2[],fp(pk(skI2[])),ssetH[],algH[],verH[])),cvB[],plI_2)),skI2[]))).
The goal is reached, represented in the following fact:
event(InnerSigTransplanted(pk(dsks(sign((BYTES,framed(OT_ATTEST,algH[],issuerId2[],fp(pk(skI2[])),h(authTuple(issuerId2[],fp(pk(skI2[])),ssetH[],algH[],verH[])),cvB[],plI_2)),skI2[]),r)),sign((BYTES,framed(OT_ATTEST,algH[],issuerId2[],fp(pk(skI2[])),h(authTuple(issuerId2[],fp(pk(skI2[])),ssetH[],algH[],verH[])),cvB[],plI_2)),skI2[]))).


A more detailed output of the traces is available with
  set traceDisplay = long.

new skS: skey creating skS_5 at {1}

new skI1: skey creating skI1_1 at {2}

new skI2: skey creating skI2_1 at {3}

new skW1: skey creating skW1_1 at {4}

new skW2: skey creating skW2_1 at {5}

out(c, ~M) with ~M = pk(skS_5) at {10}

out(c, ~M_1) with ~M_1 = pk(skI1_1) at {11}

out(c, ~M_2) with ~M_2 = pk(skI2_1) at {12}

out(c, ~M_3) with ~M_3 = pk(skW1_1) at {13}

out(c, ~M_4) with ~M_4 = pk(skW2_1) at {14}

out(c, authTuple(~M_5,~M_6,~M_7,~M_8,~M_9)) with ~M_5 = issuerId, ~M_6 = fp(pk(skI1_1)), ~M_7 = ssetH, ~M_8 = algH, ~M_9 = verH at {15}

out(c, authTuple(~M_10,~M_11,~M_12,~M_13,~M_14)) with ~M_10 = issuerId2, ~M_11 = fp(pk(skI2_1)), ~M_12 = ssetH, ~M_13 = algH, ~M_14 = verH at {16}

out(c, authTuple(~M_15,~M_16,~M_17,~M_18,~M_19)) with ~M_15 = idW1, ~M_16 = fp(pk(skW1_1)), ~M_17 = ssetH, ~M_18 = algH, ~M_19 = verH at {17}

out(c, authTuple(~M_20,~M_21,~M_22,~M_23,~M_24)) with ~M_20 = idW2, ~M_21 = fp(pk(skW2_1)), ~M_22 = ssetH, ~M_23 = algH, ~M_24 = verH at {18}

out(c, ~M_25) with ~M_25 = skS_5 at {19}

in(c, a) at {68} in copy a_1

event IssuerPossession(pk(skI2_1)) at {69} in copy a_1

out(c, ~M_26) with ~M_26 = sign((POSS,authTuple(issuerId2,fp(pk(skI2_1)),ssetH,algH,verH)),skI2_1) at {71} in copy a_1

event IssuerSigned(pk(skI2_1),framed(OT_ATTEST,algH,issuerId2,fp(pk(skI2_1)),h(authTuple(issuerId2,fp(pk(skI2_1)),ssetH,algH,verH)),cvB,a)) at {74} in copy a_1

out(c, ~M_27) with ~M_27 = sign((BYTES,framed(OT_ATTEST,algH,issuerId2,fp(pk(skI2_1)),h(authTuple(issuerId2,fp(pk(skI2_1)),ssetH,algH,verH)),cvB,a)),skI2_1) at {79} in copy a_1

in(c, a) at {68} in copy a_2

event IssuerPossession(pk(skI2_1)) at {69} in copy a_2

out(c, ~M_28) with ~M_28 = sign((POSS,authTuple(issuerId2,fp(pk(skI2_1)),ssetH,algH,verH)),skI2_1) at {71} in copy a_2

event IssuerSigned(pk(skI2_1),framed(OT_ATTEST,algH,issuerId2,fp(pk(skI2_1)),h(authTuple(issuerId2,fp(pk(skI2_1)),ssetH,algH,verH)),cvB,a)) at {74} in copy a_2

out(c, ~M_29) with ~M_29 = sign((BYTES,framed(OT_ATTEST,algH,issuerId2,fp(pk(skI2_1)),h(authTuple(issuerId2,fp(pk(skI2_1)),ssetH,algH,verH)),cvB,a)),skI2_1) at {79} in copy a_2

in(c, (authTuple(a_3,fp(pk(dsks(~M_27,a_4))),a_5,a_6,a_7),sign((STMT_DIGEST,h(authTuple(a_3,fp(pk(dsks(~M_27,a_4))),a_5,a_6,a_7))),~M_25),pk(dsks(~M_27,a_4)),sign((POSS,authTuple(a_3,fp(pk(dsks(~M_27,a_4))),a_5,a_6,a_7)),dsks(~M_27,a_4)),sign((BYTES,framed(OT_WRAPPER,a_6,a_3,fp(pk(dsks(~M_27,a_4))),h(authTuple(a_3,fp(pk(dsks(~M_27,a_4))),a_5,a_6,a_7)),a_8,wrap(a_9,(framed(OT_ATTEST,algH,issuerId2,fp(~M_2),h(authTuple(issuerId2,fp(~M_2),ssetH,algH,verH)),cvB,a),~M_27)))),dsks(~M_27,a_4)),framed(OT_WRAPPER,a_6,a_3,fp(pk(dsks(~M_27,a_4))),h(authTuple(a_3,fp(pk(dsks(~M_27,a_4))),a_5,a_6,a_7)),a_8,wrap(a_9,(framed(OT_ATTEST,algH,issuerId2,fp(~M_2),h(authTuple(issuerId2,fp(~M_2),ssetH,algH,verH)),cvB,a),~M_27))),a_10,a_11,a_12,a_13)) with fp(pk(dsks(~M_27,a_4))) = fp(pk(dsks(sign((BYTES,framed(OT_ATTEST,algH,issuerId2,fp(pk(skI2_1)),h(authTuple(issuerId2,fp(pk(skI2_1)),ssetH,algH,verH)),cvB,a)),skI2_1),a_4))), sign((STMT_DIGEST,h(authTuple(a_3,fp(pk(dsks(~M_27,a_4))),a_5,a_6,a_7))),~M_25) = sign((STMT_DIGEST,h(authTuple(a_3,fp(pk(dsks(sign((BYTES,framed(OT_ATTEST,algH,issuerId2,fp(pk(skI2_1)),h(authTuple(issuerId2,fp(pk(skI2_1)),ssetH,algH,verH)),cvB,a)),skI2_1),a_4))),a_5,a_6,a_7))),skS_5), pk(dsks(~M_27,a_4)) = pk(dsks(sign((BYTES,framed(OT_ATTEST,algH,issuerId2,fp(pk(skI2_1)),h(authTuple(issuerId2,fp(pk(skI2_1)),ssetH,algH,verH)),cvB,a)),skI2_1),a_4)), sign((POSS,authTuple(a_3,fp(pk(dsks(~M_27,a_4))),a_5,a_6,a_7)),dsks(~M_27,a_4)) = sign((POSS,authTuple(a_3,fp(pk(dsks(sign((BYTES,framed(OT_ATTEST,algH,issuerId2,fp(pk(skI2_1)),h(authTuple(issuerId2,fp(pk(skI2_1)),ssetH,algH,verH)),cvB,a)),skI2_1),a_4))),a_5,a_6,a_7)),dsks(sign((BYTES,framed(OT_ATTEST,algH,issuerId2,fp(pk(skI2_1)),h(authTuple(issuerId2,fp(pk(skI2_1)),ssetH,algH,verH)),cvB,a)),skI2_1),a_4)), sign((BYTES,framed(OT_WRAPPER,a_6,a_3,fp(pk(dsks(~M_27,a_4))),h(authTuple(a_3,fp(pk(dsks(~M_27,a_4))),a_5,a_6,a_7)),a_8,wrap(a_9,(framed(OT_ATTEST,algH,issuerId2,fp(~M_2),h(authTuple(issuerId2,fp(~M_2),ssetH,algH,verH)),cvB,a),~M_27)))),dsks(~M_27,a_4)) = sign((BYTES,framed(OT_WRAPPER,a_6,a_3,fp(pk(dsks(sign((BYTES,framed(OT_ATTEST,algH,issuerId2,fp(pk(skI2_1)),h(authTuple(issuerId2,fp(pk(skI2_1)),ssetH,algH,verH)),cvB,a)),skI2_1),a_4))),h(authTuple(a_3,fp(pk(dsks(sign((BYTES,framed(OT_ATTEST,algH,issuerId2,fp(pk(skI2_1)),h(authTuple(issuerId2,fp(pk(skI2_1)),ssetH,algH,verH)),cvB,a)),skI2_1),a_4))),a_5,a_6,a_7)),a_8,wrap(a_9,(framed(OT_ATTEST,algH,issuerId2,fp(pk(skI2_1)),h(authTuple(issuerId2,fp(pk(skI2_1)),ssetH,algH,verH)),cvB,a),sign((BYTES,framed(OT_ATTEST,algH,issuerId2,fp(pk(skI2_1)),h(authTuple(issuerId2,fp(pk(skI2_1)),ssetH,algH,verH)),cvB,a)),skI2_1))))),dsks(sign((BYTES,framed(OT_ATTEST,algH,issuerId2,fp(pk(skI2_1)),h(authTuple(issuerId2,fp(pk(skI2_1)),ssetH,algH,verH)),cvB,a)),skI2_1),a_4)), fp(pk(dsks(~M_27,a_4))) = fp(pk(dsks(sign((BYTES,framed(OT_ATTEST,algH,issuerId2,fp(pk(skI2_1)),h(authTuple(issuerId2,fp(pk(skI2_1)),ssetH,algH,verH)),cvB,a)),skI2_1),a_4))), h(authTuple(a_3,fp(pk(dsks(~M_27,a_4))),a_5,a_6,a_7)) = h(authTuple(a_3,fp(pk(dsks(sign((BYTES,framed(OT_ATTEST,algH,issuerId2,fp(pk(skI2_1)),h(authTuple(issuerId2,fp(pk(skI2_1)),ssetH,algH,verH)),cvB,a)),skI2_1),a_4))),a_5,a_6,a_7)), fp(~M_2) = fp(pk(skI2_1)), h(authTuple(issuerId2,fp(~M_2),ssetH,algH,verH)) = h(authTuple(issuerId2,fp(pk(skI2_1)),ssetH,algH,verH)), ~M_27 = sign((BYTES,framed(OT_ATTEST,algH,issuerId2,fp(pk(skI2_1)),h(authTuple(issuerId2,fp(pk(skI2_1)),ssetH,algH,verH)),cvB,a)),skI2_1) at {135} in copy a_14

event AcceptOuter(pk(dsks(sign((BYTES,framed(OT_ATTEST,algH,issuerId2,fp(pk(skI2_1)),h(authTuple(issuerId2,fp(pk(skI2_1)),ssetH,algH,verH)),cvB,a)),skI2_1),a_4)),a_3,framed(OT_WRAPPER,a_6,a_3,fp(pk(dsks(sign((BYTES,framed(OT_ATTEST,algH,issuerId2,fp(pk(skI2_1)),h(authTuple(issuerId2,fp(pk(skI2_1)),ssetH,algH,verH)),cvB,a)),skI2_1),a_4))),h(authTuple(a_3,fp(pk(dsks(sign((BYTES,framed(OT_ATTEST,algH,issuerId2,fp(pk(skI2_1)),h(authTuple(issuerId2,fp(pk(skI2_1)),ssetH,algH,verH)),cvB,a)),skI2_1),a_4))),a_5,a_6,a_7)),a_8,wrap(a_9,(framed(OT_ATTEST,algH,issuerId2,fp(pk(skI2_1)),h(authTuple(issuerId2,fp(pk(skI2_1)),ssetH,algH,verH)),cvB,a),sign((BYTES,framed(OT_ATTEST,algH,issuerId2,fp(pk(skI2_1)),h(authTuple(issuerId2,fp(pk(skI2_1)),ssetH,algH,verH)),cvB,a)),skI2_1))))) at {143} in copy a_14

event AcceptInner(wctx(pk(dsks(sign((BYTES,framed(OT_ATTEST,algH,issuerId2,fp(pk(skI2_1)),h(authTuple(issuerId2,fp(pk(skI2_1)),ssetH,algH,verH)),cvB,a)),skI2_1),a_4)),a_3,framed(OT_WRAPPER,a_6,a_3,fp(pk(dsks(sign((BYTES,framed(OT_ATTEST,algH,issuerId2,fp(pk(skI2_1)),h(authTuple(issuerId2,fp(pk(skI2_1)),ssetH,algH,verH)),cvB,a)),skI2_1),a_4))),h(authTuple(a_3,fp(pk(dsks(sign((BYTES,framed(OT_ATTEST,algH,issuerId2,fp(pk(skI2_1)),h(authTuple(issuerId2,fp(pk(skI2_1)),ssetH,algH,verH)),cvB,a)),skI2_1),a_4))),a_5,a_6,a_7)),a_8,wrap(a_9,(framed(OT_ATTEST,algH,issuerId2,fp(pk(skI2_1)),h(authTuple(issuerId2,fp(pk(skI2_1)),ssetH,algH,verH)),cvB,a),sign((BYTES,framed(OT_ATTEST,algH,issuerId2,fp(pk(skI2_1)),h(authTuple(issuerId2,fp(pk(skI2_1)),ssetH,algH,verH)),cvB,a)),skI2_1))))),pk(dsks(sign((BYTES,framed(OT_ATTEST,algH,issuerId2,fp(pk(skI2_1)),h(authTuple(issuerId2,fp(pk(skI2_1)),ssetH,algH,verH)),cvB,a)),skI2_1),a_4)),a_3,framed(OT_ATTEST,algH,issuerId2,fp(pk(skI2_1)),h(authTuple(issuerId2,fp(pk(skI2_1)),ssetH,algH,verH)),cvB,a)) at {147} in copy a_14

out(honestSigCh, (pk(skI2_1),sign((BYTES,framed(OT_ATTEST,algH,issuerId2,fp(pk(skI2_1)),h(authTuple(issuerId2,fp(pk(skI2_1)),ssetH,algH,verH)),cvB,a)),skI2_1))) at {78} in copy a_1 received at {171} in copy a_15

out(sigCh, (wctx(pk(dsks(sign((BYTES,framed(OT_ATTEST,algH,issuerId2,fp(pk(skI2_1)),h(authTuple(issuerId2,fp(pk(skI2_1)),ssetH,algH,verH)),cvB,a)),skI2_1),a_4)),a_3,framed(OT_WRAPPER,a_6,a_3,fp(pk(dsks(sign((BYTES,framed(OT_ATTEST,algH,issuerId2,fp(pk(skI2_1)),h(authTuple(issuerId2,fp(pk(skI2_1)),ssetH,algH,verH)),cvB,a)),skI2_1),a_4))),h(authTuple(a_3,fp(pk(dsks(sign((BYTES,framed(OT_ATTEST,algH,issuerId2,fp(pk(skI2_1)),h(authTuple(issuerId2,fp(pk(skI2_1)),ssetH,algH,verH)),cvB,a)),skI2_1),a_4))),a_5,a_6,a_7)),a_8,wrap(a_9,(framed(OT_ATTEST,algH,issuerId2,fp(pk(skI2_1)),h(authTuple(issuerId2,fp(pk(skI2_1)),ssetH,algH,verH)),cvB,a),sign((BYTES,framed(OT_ATTEST,algH,issuerId2,fp(pk(skI2_1)),h(authTuple(issuerId2,fp(pk(skI2_1)),ssetH,algH,verH)),cvB,a)),skI2_1))))),pk(dsks(sign((BYTES,framed(OT_ATTEST,algH,issuerId2,fp(pk(skI2_1)),h(authTuple(issuerId2,fp(pk(skI2_1)),ssetH,algH,verH)),cvB,a)),skI2_1),a_4)),sign((BYTES,framed(OT_ATTEST,algH,issuerId2,fp(pk(skI2_1)),h(authTuple(issuerId2,fp(pk(skI2_1)),ssetH,algH,verH)),cvB,a)),skI2_1))) at {151} in copy a_14 received at {172} in copy a_15

event InnerSigTransplanted(pk(dsks(sign((BYTES,framed(OT_ATTEST,algH,issuerId2,fp(pk(skI2_1)),h(authTuple(issuerId2,fp(pk(skI2_1)),ssetH,algH,verH)),cvB,a)),skI2_1),a_4)),sign((BYTES,framed(OT_ATTEST,algH,issuerId2,fp(pk(skI2_1)),h(authTuple(issuerId2,fp(pk(skI2_1)),ssetH,algH,verH)),cvB,a)),skI2_1)) at {174} in copy a_15 (goal)

The event InnerSigTransplanted(pk(dsks(sign((BYTES,framed(OT_ATTEST,algH,issuerId2,fp(pk(skI2_1)),h(authTuple(issuerId2,fp(pk(skI2_1)),ssetH,algH,verH)),cvB,a)),skI2_1),a_4)),sign((BYTES,framed(OT_ATTEST,algH,issuerId2,fp(pk(skI2_1)),h(authTuple(issuerId2,fp(pk(skI2_1)),ssetH,algH,verH)),cvB,a)),skI2_1)) is executed at {174} in copy a_15.
A trace has been found.
RESULT not event(InnerSigTransplanted(kX_1,s)) is false.
-- Query not event(HonestWrappedAccepted(kH_3,fb,kW_3)) in process 1.
Translating the process into Horn clauses...
Completing...
200 rules inserted. Base: 173 rules (77 with conclusion selected). Queue: 42 rules.
400 rules inserted. Base: 186 rules (77 with conclusion selected). Queue: 82 rules.
600 rules inserted. Base: 205 rules (93 with conclusion selected). Queue: 71 rules.
800 rules inserted. Base: 310 rules (110 with conclusion selected). Queue: 10 rules.
Starting query not event(HonestWrappedAccepted(kH_3,fb,kW_3))
goal reachable: attacker(plI_2) -> event(HonestWrappedAccepted(pk(skI1[]),framed(OT_ATTEST,algH[],issuerId[],fp(pk(skI1[])),h(authTuple(issuerId[],fp(pk(skI1[])),ssetH[],algH[],verH[])),cvA[],plI_2),pk(skI1[])))

Derivation:

1. We assume as hypothesis that
attacker(plI_2).

2. The message plI_2 that the attacker may have by 1 may be received at input {40}.
So the message (pk(skI1[]),issuerId[],framed(OT_ATTEST,algH[],issuerId[],fp(pk(skI1[])),h(authTuple(issuerId[],fp(pk(skI1[])),ssetH[],algH[],verH[])),cvA[],plI_2)) may be sent on channel honestInnerCh[] at output {49}.
mess(honestInnerCh[],(pk(skI1[]),issuerId[],framed(OT_ATTEST,algH[],issuerId[],fp(pk(skI1[])),h(authTuple(issuerId[],fp(pk(skI1[])),ssetH[],algH[],verH[])),cvA[],plI_2))).

3. The attacker has some term ppfI_4.
attacker(ppfI_4).

4. The attacker has some term kI_2.
attacker(kI_2).

5. The attacker has some term evI_2.
attacker(evI_2).

6. The attacker has some term tI_2.
attacker(tI_2).

7. The message plI_2 that the attacker may have by 1 may be received at input {40}.
So the message sign((BYTES,framed(OT_ATTEST,algH[],issuerId[],fp(pk(skI1[])),h(authTuple(issuerId[],fp(pk(skI1[])),ssetH[],algH[],verH[])),cvA[],plI_2)),skI1[]) may be sent to the attacker at output {51}.
attacker(sign((BYTES,framed(OT_ATTEST,algH[],issuerId[],fp(pk(skI1[])),h(authTuple(issuerId[],fp(pk(skI1[])),ssetH[],algH[],verH[])),cvA[],plI_2)),skI1[])).

8. The attacker initially knows cvA[].
attacker(cvA[]).

9. The attacker initially knows verH[].
attacker(verH[]).

10. The attacker initially knows algH[].
attacker(algH[]).

11. The attacker initially knows ssetH[].
attacker(ssetH[]).

12. The message pk(skI1[]) may be sent to the attacker at output {11}.
attacker(pk(skI1[])).

13. By 12, the attacker may know pk(skI1[]).
Using the function fp the attacker may obtain fp(pk(skI1[])).
attacker(fp(pk(skI1[]))).

14. The attacker initially knows issuerId[].
attacker(issuerId[]).

15. By 14, the attacker may know issuerId[].
By 13, the attacker may know fp(pk(skI1[])).
By 11, the attacker may know ssetH[].
By 10, the attacker may know algH[].
By 9, the attacker may know verH[].
Using the function authTuple the attacker may obtain authTuple(issuerId[],fp(pk(skI1[])),ssetH[],algH[],verH[]).
attacker(authTuple(issuerId[],fp(pk(skI1[])),ssetH[],algH[],verH[])).

16. By 15, the attacker may know authTuple(issuerId[],fp(pk(skI1[])),ssetH[],algH[],verH[]).
Using the function h the attacker may obtain h(authTuple(issuerId[],fp(pk(skI1[])),ssetH[],algH[],verH[])).
attacker(h(authTuple(issuerId[],fp(pk(skI1[])),ssetH[],algH[],verH[]))).

17. Using the function OT_ATTEST the attacker may obtain OT_ATTEST.
attacker(OT_ATTEST).

18. By 17, the attacker may know OT_ATTEST.
By 10, the attacker may know algH[].
By 14, the attacker may know issuerId[].
By 13, the attacker may know fp(pk(skI1[])).
By 16, the attacker may know h(authTuple(issuerId[],fp(pk(skI1[])),ssetH[],algH[],verH[])).
By 8, the attacker may know cvA[].
By 1, the attacker may know plI_2.
Using the function framed the attacker may obtain framed(OT_ATTEST,algH[],issuerId[],fp(pk(skI1[])),h(authTuple(issuerId[],fp(pk(skI1[])),ssetH[],algH[],verH[])),cvA[],plI_2).
attacker(framed(OT_ATTEST,algH[],issuerId[],fp(pk(skI1[])),h(authTuple(issuerId[],fp(pk(skI1[])),ssetH[],algH[],verH[])),cvA[],plI_2)).

19. By 18, the attacker may know framed(OT_ATTEST,algH[],issuerId[],fp(pk(skI1[])),h(authTuple(issuerId[],fp(pk(skI1[])),ssetH[],algH[],verH[])),cvA[],plI_2).
By 7, the attacker may know sign((BYTES,framed(OT_ATTEST,algH[],issuerId[],fp(pk(skI1[])),h(authTuple(issuerId[],fp(pk(skI1[])),ssetH[],algH[],verH[])),cvA[],plI_2)),skI1[]).
Using the function 2-tuple the attacker may obtain (framed(OT_ATTEST,algH[],issuerId[],fp(pk(skI1[])),h(authTuple(issuerId[],fp(pk(skI1[])),ssetH[],algH[],verH[])),cvA[],plI_2),sign((BYTES,framed(OT_ATTEST,algH[],issuerId[],fp(pk(skI1[])),h(authTuple(issuerId[],fp(pk(skI1[])),ssetH[],algH[],verH[])),cvA[],plI_2)),skI1[])).
attacker((framed(OT_ATTEST,algH[],issuerId[],fp(pk(skI1[])),h(authTuple(issuerId[],fp(pk(skI1[])),ssetH[],algH[],verH[])),cvA[],plI_2),sign((BYTES,framed(OT_ATTEST,algH[],issuerId[],fp(pk(skI1[])),h(authTuple(issuerId[],fp(pk(skI1[])),ssetH[],algH[],verH[])),cvA[],plI_2)),skI1[]))).

20. The attacker has some term cvIw_4.
attacker(cvIw_4).

21. By 20, the attacker may know cvIw_4.
By 19, the attacker may know (framed(OT_ATTEST,algH[],issuerId[],fp(pk(skI1[])),h(authTuple(issuerId[],fp(pk(skI1[])),ssetH[],algH[],verH[])),cvA[],plI_2),sign((BYTES,framed(OT_ATTEST,algH[],issuerId[],fp(pk(skI1[])),h(authTuple(issuerId[],fp(pk(skI1[])),ssetH[],algH[],verH[])),cvA[],plI_2)),skI1[])).
Using the function wrap the attacker may obtain wrap(cvIw_4,(framed(OT_ATTEST,algH[],issuerId[],fp(pk(skI1[])),h(authTuple(issuerId[],fp(pk(skI1[])),ssetH[],algH[],verH[])),cvA[],plI_2),sign((BYTES,framed(OT_ATTEST,algH[],issuerId[],fp(pk(skI1[])),h(authTuple(issuerId[],fp(pk(skI1[])),ssetH[],algH[],verH[])),cvA[],plI_2)),skI1[]))).
attacker(wrap(cvIw_4,(framed(OT_ATTEST,algH[],issuerId[],fp(pk(skI1[])),h(authTuple(issuerId[],fp(pk(skI1[])),ssetH[],algH[],verH[])),cvA[],plI_2),sign((BYTES,framed(OT_ATTEST,algH[],issuerId[],fp(pk(skI1[])),h(authTuple(issuerId[],fp(pk(skI1[])),ssetH[],algH[],verH[])),cvA[],plI_2)),skI1[])))).

22. The attacker initially knows cvB[].
attacker(cvB[]).

23. Using the function OT_WRAPPER the attacker may obtain OT_WRAPPER.
attacker(OT_WRAPPER).

24. By 23, the attacker may know OT_WRAPPER.
By 10, the attacker may know algH[].
By 14, the attacker may know issuerId[].
By 13, the attacker may know fp(pk(skI1[])).
By 16, the attacker may know h(authTuple(issuerId[],fp(pk(skI1[])),ssetH[],algH[],verH[])).
By 22, the attacker may know cvB[].
By 21, the attacker may know wrap(cvIw_4,(framed(OT_ATTEST,algH[],issuerId[],fp(pk(skI1[])),h(authTuple(issuerId[],fp(pk(skI1[])),ssetH[],algH[],verH[])),cvA[],plI_2),sign((BYTES,framed(OT_ATTEST,algH[],issuerId[],fp(pk(skI1[])),h(authTuple(issuerId[],fp(pk(skI1[])),ssetH[],algH[],verH[])),cvA[],plI_2)),skI1[]))).
Using the function framed the attacker may obtain framed(OT_WRAPPER,algH[],issuerId[],fp(pk(skI1[])),h(authTuple(issuerId[],fp(pk(skI1[])),ssetH[],algH[],verH[])),cvB[],wrap(cvIw_4,(framed(OT_ATTEST,algH[],issuerId[],fp(pk(skI1[])),h(authTuple(issuerId[],fp(pk(skI1[])),ssetH[],algH[],verH[])),cvA[],plI_2),sign((BYTES,framed(OT_ATTEST,algH[],issuerId[],fp(pk(skI1[])),h(authTuple(issuerId[],fp(pk(skI1[])),ssetH[],algH[],verH[])),cvA[],plI_2)),skI1[])))).
attacker(framed(OT_WRAPPER,algH[],issuerId[],fp(pk(skI1[])),h(authTuple(issuerId[],fp(pk(skI1[])),ssetH[],algH[],verH[])),cvB[],wrap(cvIw_4,(framed(OT_ATTEST,algH[],issuerId[],fp(pk(skI1[])),h(authTuple(issuerId[],fp(pk(skI1[])),ssetH[],algH[],verH[])),cvA[],plI_2),sign((BYTES,framed(OT_ATTEST,algH[],issuerId[],fp(pk(skI1[])),h(authTuple(issuerId[],fp(pk(skI1[])),ssetH[],algH[],verH[])),cvA[],plI_2)),skI1[]))))).

25. By 20, the attacker may know cvIw_4.
By 18, the attacker may know framed(OT_ATTEST,algH[],issuerId[],fp(pk(skI1[])),h(authTuple(issuerId[],fp(pk(skI1[])),ssetH[],algH[],verH[])),cvA[],plI_2).
By 7, the attacker may know sign((BYTES,framed(OT_ATTEST,algH[],issuerId[],fp(pk(skI1[])),h(authTuple(issuerId[],fp(pk(skI1[])),ssetH[],algH[],verH[])),cvA[],plI_2)),skI1[]).
Using the function 3-tuple the attacker may obtain (cvIw_4,framed(OT_ATTEST,algH[],issuerId[],fp(pk(skI1[])),h(authTuple(issuerId[],fp(pk(skI1[])),ssetH[],algH[],verH[])),cvA[],plI_2),sign((BYTES,framed(OT_ATTEST,algH[],issuerId[],fp(pk(skI1[])),h(authTuple(issuerId[],fp(pk(skI1[])),ssetH[],algH[],verH[])),cvA[],plI_2)),skI1[])).
attacker((cvIw_4,framed(OT_ATTEST,algH[],issuerId[],fp(pk(skI1[])),h(authTuple(issuerId[],fp(pk(skI1[])),ssetH[],algH[],verH[])),cvA[],plI_2),sign((BYTES,framed(OT_ATTEST,algH[],issuerId[],fp(pk(skI1[])),h(authTuple(issuerId[],fp(pk(skI1[])),ssetH[],algH[],verH[])),cvA[],plI_2)),skI1[]))).

26. The message (cvIw_4,framed(OT_ATTEST,algH[],issuerId[],fp(pk(skI1[])),h(authTuple(issuerId[],fp(pk(skI1[])),ssetH[],algH[],verH[])),cvA[],plI_2),sign((BYTES,framed(OT_ATTEST,algH[],issuerId[],fp(pk(skI1[])),h(authTuple(issuerId[],fp(pk(skI1[])),ssetH[],algH[],verH[])),cvA[],plI_2)),skI1[])) that the attacker may have by 25 may be received at input {56}.
So the message sign((BYTES,framed(OT_WRAPPER,algH[],issuerId[],fp(pk(skI1[])),h(authTuple(issuerId[],fp(pk(skI1[])),ssetH[],algH[],verH[])),cvB[],wrap(cvIw_4,(framed(OT_ATTEST,algH[],issuerId[],fp(pk(skI1[])),h(authTuple(issuerId[],fp(pk(skI1[])),ssetH[],algH[],verH[])),cvA[],plI_2),sign((BYTES,framed(OT_ATTEST,algH[],issuerId[],fp(pk(skI1[])),h(authTuple(issuerId[],fp(pk(skI1[])),ssetH[],algH[],verH[])),cvA[],plI_2)),skI1[]))))),skI1[]) may be sent to the attacker at output {63}.
attacker(sign((BYTES,framed(OT_WRAPPER,algH[],issuerId[],fp(pk(skI1[])),h(authTuple(issuerId[],fp(pk(skI1[])),ssetH[],algH[],verH[])),cvB[],wrap(cvIw_4,(framed(OT_ATTEST,algH[],issuerId[],fp(pk(skI1[])),h(authTuple(issuerId[],fp(pk(skI1[])),ssetH[],algH[],verH[])),cvA[],plI_2),sign((BYTES,framed(OT_ATTEST,algH[],issuerId[],fp(pk(skI1[])),h(authTuple(issuerId[],fp(pk(skI1[])),ssetH[],algH[],verH[])),cvA[],plI_2)),skI1[]))))),skI1[])).

27. The attacker has some term payload_3.
attacker(payload_3).

28. The message payload_3 that the attacker may have by 27 may be received at input {40}.
So the message sign((POSS,authTuple(issuerId[],fp(pk(skI1[])),ssetH[],algH[],verH[])),skI1[]) may be sent to the attacker at output {43}.
attacker(sign((POSS,authTuple(issuerId[],fp(pk(skI1[])),ssetH[],algH[],verH[])),skI1[])).

29. The message skS[] may be sent to the attacker at output {19}.
attacker(skS[]).

30. Using the function STMT_DIGEST the attacker may obtain STMT_DIGEST.
attacker(STMT_DIGEST).

31. By 30, the attacker may know STMT_DIGEST.
By 16, the attacker may know h(authTuple(issuerId[],fp(pk(skI1[])),ssetH[],algH[],verH[])).
Using the function 2-tuple the attacker may obtain (STMT_DIGEST,h(authTuple(issuerId[],fp(pk(skI1[])),ssetH[],algH[],verH[]))).
attacker((STMT_DIGEST,h(authTuple(issuerId[],fp(pk(skI1[])),ssetH[],algH[],verH[])))).

32. By 31, the attacker may know (STMT_DIGEST,h(authTuple(issuerId[],fp(pk(skI1[])),ssetH[],algH[],verH[]))).
By 29, the attacker may know skS[].
Using the function sign the attacker may obtain sign((STMT_DIGEST,h(authTuple(issuerId[],fp(pk(skI1[])),ssetH[],algH[],verH[]))),skS[]).
attacker(sign((STMT_DIGEST,h(authTuple(issuerId[],fp(pk(skI1[])),ssetH[],algH[],verH[]))),skS[])).

33. By 15, the attacker may know authTuple(issuerId[],fp(pk(skI1[])),ssetH[],algH[],verH[]).
By 32, the attacker may know sign((STMT_DIGEST,h(authTuple(issuerId[],fp(pk(skI1[])),ssetH[],algH[],verH[]))),skS[]).
By 12, the attacker may know pk(skI1[]).
By 28, the attacker may know sign((POSS,authTuple(issuerId[],fp(pk(skI1[])),ssetH[],algH[],verH[])),skI1[]).
By 26, the attacker may know sign((BYTES,framed(OT_WRAPPER,algH[],issuerId[],fp(pk(skI1[])),h(authTuple(issuerId[],fp(pk(skI1[])),ssetH[],algH[],verH[])),cvB[],wrap(cvIw_4,(framed(OT_ATTEST,algH[],issuerId[],fp(pk(skI1[])),h(authTuple(issuerId[],fp(pk(skI1[])),ssetH[],algH[],verH[])),cvA[],plI_2),sign((BYTES,framed(OT_ATTEST,algH[],issuerId[],fp(pk(skI1[])),h(authTuple(issuerId[],fp(pk(skI1[])),ssetH[],algH[],verH[])),cvA[],plI_2)),skI1[]))))),skI1[]).
By 24, the attacker may know framed(OT_WRAPPER,algH[],issuerId[],fp(pk(skI1[])),h(authTuple(issuerId[],fp(pk(skI1[])),ssetH[],algH[],verH[])),cvB[],wrap(cvIw_4,(framed(OT_ATTEST,algH[],issuerId[],fp(pk(skI1[])),h(authTuple(issuerId[],fp(pk(skI1[])),ssetH[],algH[],verH[])),cvA[],plI_2),sign((BYTES,framed(OT_ATTEST,algH[],issuerId[],fp(pk(skI1[])),h(authTuple(issuerId[],fp(pk(skI1[])),ssetH[],algH[],verH[])),cvA[],plI_2)),skI1[])))).
By 6, the attacker may know tI_2.
By 5, the attacker may know evI_2.
By 4, the attacker may know kI_2.
By 3, the attacker may know ppfI_4.
Using the function 10-tuple the attacker may obtain (authTuple(issuerId[],fp(pk(skI1[])),ssetH[],algH[],verH[]),sign((STMT_DIGEST,h(authTuple(issuerId[],fp(pk(skI1[])),ssetH[],algH[],verH[]))),skS[]),pk(skI1[]),sign((POSS,authTuple(issuerId[],fp(pk(skI1[])),ssetH[],algH[],verH[])),skI1[]),sign((BYTES,framed(OT_WRAPPER,algH[],issuerId[],fp(pk(skI1[])),h(authTuple(issuerId[],fp(pk(skI1[])),ssetH[],algH[],verH[])),cvB[],wrap(cvIw_4,(framed(OT_ATTEST,algH[],issuerId[],fp(pk(skI1[])),h(authTuple(issuerId[],fp(pk(skI1[])),ssetH[],algH[],verH[])),cvA[],plI_2),sign((BYTES,framed(OT_ATTEST,algH[],issuerId[],fp(pk(skI1[])),h(authTuple(issuerId[],fp(pk(skI1[])),ssetH[],algH[],verH[])),cvA[],plI_2)),skI1[]))))),skI1[]),framed(OT_WRAPPER,algH[],issuerId[],fp(pk(skI1[])),h(authTuple(issuerId[],fp(pk(skI1[])),ssetH[],algH[],verH[])),cvB[],wrap(cvIw_4,(framed(OT_ATTEST,algH[],issuerId[],fp(pk(skI1[])),h(authTuple(issuerId[],fp(pk(skI1[])),ssetH[],algH[],verH[])),cvA[],plI_2),sign((BYTES,framed(OT_ATTEST,algH[],issuerId[],fp(pk(skI1[])),h(authTuple(issuerId[],fp(pk(skI1[])),ssetH[],algH[],verH[])),cvA[],plI_2)),skI1[])))),tI_2,evI_2,kI_2,ppfI_4).
attacker((authTuple(issuerId[],fp(pk(skI1[])),ssetH[],algH[],verH[]),sign((STMT_DIGEST,h(authTuple(issuerId[],fp(pk(skI1[])),ssetH[],algH[],verH[]))),skS[]),pk(skI1[]),sign((POSS,authTuple(issuerId[],fp(pk(skI1[])),ssetH[],algH[],verH[])),skI1[]),sign((BYTES,framed(OT_WRAPPER,algH[],issuerId[],fp(pk(skI1[])),h(authTuple(issuerId[],fp(pk(skI1[])),ssetH[],algH[],verH[])),cvB[],wrap(cvIw_4,(framed(OT_ATTEST,algH[],issuerId[],fp(pk(skI1[])),h(authTuple(issuerId[],fp(pk(skI1[])),ssetH[],algH[],verH[])),cvA[],plI_2),sign((BYTES,framed(OT_ATTEST,algH[],issuerId[],fp(pk(skI1[])),h(authTuple(issuerId[],fp(pk(skI1[])),ssetH[],algH[],verH[])),cvA[],plI_2)),skI1[]))))),skI1[]),framed(OT_WRAPPER,algH[],issuerId[],fp(pk(skI1[])),h(authTuple(issuerId[],fp(pk(skI1[])),ssetH[],algH[],verH[])),cvB[],wrap(cvIw_4,(framed(OT_ATTEST,algH[],issuerId[],fp(pk(skI1[])),h(authTuple(issuerId[],fp(pk(skI1[])),ssetH[],algH[],verH[])),cvA[],plI_2),sign((BYTES,framed(OT_ATTEST,algH[],issuerId[],fp(pk(skI1[])),h(authTuple(issuerId[],fp(pk(skI1[])),ssetH[],algH[],verH[])),cvA[],plI_2)),skI1[])))),tI_2,evI_2,kI_2,ppfI_4)).

34. The message (authTuple(issuerId[],fp(pk(skI1[])),ssetH[],algH[],verH[]),sign((STMT_DIGEST,h(authTuple(issuerId[],fp(pk(skI1[])),ssetH[],algH[],verH[]))),skS[]),pk(skI1[]),sign((POSS,authTuple(issuerId[],fp(pk(skI1[])),ssetH[],algH[],verH[])),skI1[]),sign((BYTES,framed(OT_WRAPPER,algH[],issuerId[],fp(pk(skI1[])),h(authTuple(issuerId[],fp(pk(skI1[])),ssetH[],algH[],verH[])),cvB[],wrap(cvIw_4,(framed(OT_ATTEST,algH[],issuerId[],fp(pk(skI1[])),h(authTuple(issuerId[],fp(pk(skI1[])),ssetH[],algH[],verH[])),cvA[],plI_2),sign((BYTES,framed(OT_ATTEST,algH[],issuerId[],fp(pk(skI1[])),h(authTuple(issuerId[],fp(pk(skI1[])),ssetH[],algH[],verH[])),cvA[],plI_2)),skI1[]))))),skI1[]),framed(OT_WRAPPER,algH[],issuerId[],fp(pk(skI1[])),h(authTuple(issuerId[],fp(pk(skI1[])),ssetH[],algH[],verH[])),cvB[],wrap(cvIw_4,(framed(OT_ATTEST,algH[],issuerId[],fp(pk(skI1[])),h(authTuple(issuerId[],fp(pk(skI1[])),ssetH[],algH[],verH[])),cvA[],plI_2),sign((BYTES,framed(OT_ATTEST,algH[],issuerId[],fp(pk(skI1[])),h(authTuple(issuerId[],fp(pk(skI1[])),ssetH[],algH[],verH[])),cvA[],plI_2)),skI1[])))),tI_2,evI_2,kI_2,ppfI_4) that the attacker may have by 33 may be received at input {135}.
So the message (wctx(pk(skI1[]),issuerId[],framed(OT_WRAPPER,algH[],issuerId[],fp(pk(skI1[])),h(authTuple(issuerId[],fp(pk(skI1[])),ssetH[],algH[],verH[])),cvB[],wrap(cvIw_4,(framed(OT_ATTEST,algH[],issuerId[],fp(pk(skI1[])),h(authTuple(issuerId[],fp(pk(skI1[])),ssetH[],algH[],verH[])),cvA[],plI_2),sign((BYTES,framed(OT_ATTEST,algH[],issuerId[],fp(pk(skI1[])),h(authTuple(issuerId[],fp(pk(skI1[])),ssetH[],algH[],verH[])),cvA[],plI_2)),skI1[]))))),pk(skI1[]),issuerId[],framed(OT_ATTEST,algH[],issuerId[],fp(pk(skI1[])),h(authTuple(issuerId[],fp(pk(skI1[])),ssetH[],algH[],verH[])),cvA[],plI_2)) may be sent on channel scopeCh[] at output {150}.
mess(scopeCh[],(wctx(pk(skI1[]),issuerId[],framed(OT_WRAPPER,algH[],issuerId[],fp(pk(skI1[])),h(authTuple(issuerId[],fp(pk(skI1[])),ssetH[],algH[],verH[])),cvB[],wrap(cvIw_4,(framed(OT_ATTEST,algH[],issuerId[],fp(pk(skI1[])),h(authTuple(issuerId[],fp(pk(skI1[])),ssetH[],algH[],verH[])),cvA[],plI_2),sign((BYTES,framed(OT_ATTEST,algH[],issuerId[],fp(pk(skI1[])),h(authTuple(issuerId[],fp(pk(skI1[])),ssetH[],algH[],verH[])),cvA[],plI_2)),skI1[]))))),pk(skI1[]),issuerId[],framed(OT_ATTEST,algH[],issuerId[],fp(pk(skI1[])),h(authTuple(issuerId[],fp(pk(skI1[])),ssetH[],algH[],verH[])),cvA[],plI_2))).

35. The message (pk(skI1[]),issuerId[],framed(OT_ATTEST,algH[],issuerId[],fp(pk(skI1[])),h(authTuple(issuerId[],fp(pk(skI1[])),ssetH[],algH[],verH[])),cvA[],plI_2)) that may be sent on channel honestInnerCh[] by 2 may be received at input {165}.
The message (wctx(pk(skI1[]),issuerId[],framed(OT_WRAPPER,algH[],issuerId[],fp(pk(skI1[])),h(authTuple(issuerId[],fp(pk(skI1[])),ssetH[],algH[],verH[])),cvB[],wrap(cvIw_4,(framed(OT_ATTEST,algH[],issuerId[],fp(pk(skI1[])),h(authTuple(issuerId[],fp(pk(skI1[])),ssetH[],algH[],verH[])),cvA[],plI_2),sign((BYTES,framed(OT_ATTEST,algH[],issuerId[],fp(pk(skI1[])),h(authTuple(issuerId[],fp(pk(skI1[])),ssetH[],algH[],verH[])),cvA[],plI_2)),skI1[]))))),pk(skI1[]),issuerId[],framed(OT_ATTEST,algH[],issuerId[],fp(pk(skI1[])),h(authTuple(issuerId[],fp(pk(skI1[])),ssetH[],algH[],verH[])),cvA[],plI_2)) that may be sent on channel scopeCh[] by 34 may be received at input {166}.
So event HonestWrappedAccepted(pk(skI1[]),framed(OT_ATTEST,algH[],issuerId[],fp(pk(skI1[])),h(authTuple(issuerId[],fp(pk(skI1[])),ssetH[],algH[],verH[])),cvA[],plI_2),pk(skI1[])) may be executed at {168}.
event(HonestWrappedAccepted(pk(skI1[]),framed(OT_ATTEST,algH[],issuerId[],fp(pk(skI1[])),h(authTuple(issuerId[],fp(pk(skI1[])),ssetH[],algH[],verH[])),cvA[],plI_2),pk(skI1[]))).

36. By 35, event(HonestWrappedAccepted(pk(skI1[]),framed(OT_ATTEST,algH[],issuerId[],fp(pk(skI1[])),h(authTuple(issuerId[],fp(pk(skI1[])),ssetH[],algH[],verH[])),cvA[],plI_2),pk(skI1[]))).
The goal is reached, represented in the following fact:
event(HonestWrappedAccepted(pk(skI1[]),framed(OT_ATTEST,algH[],issuerId[],fp(pk(skI1[])),h(authTuple(issuerId[],fp(pk(skI1[])),ssetH[],algH[],verH[])),cvA[],plI_2),pk(skI1[]))).


A more detailed output of the traces is available with
  set traceDisplay = long.

new skS: skey creating skS_5 at {1}

new skI1: skey creating skI1_1 at {2}

new skI2: skey creating skI2_1 at {3}

new skW1: skey creating skW1_1 at {4}

new skW2: skey creating skW2_1 at {5}

out(c, ~M) with ~M = pk(skS_5) at {10}

out(c, ~M_1) with ~M_1 = pk(skI1_1) at {11}

out(c, ~M_2) with ~M_2 = pk(skI2_1) at {12}

out(c, ~M_3) with ~M_3 = pk(skW1_1) at {13}

out(c, ~M_4) with ~M_4 = pk(skW2_1) at {14}

out(c, authTuple(~M_5,~M_6,~M_7,~M_8,~M_9)) with ~M_5 = issuerId, ~M_6 = fp(pk(skI1_1)), ~M_7 = ssetH, ~M_8 = algH, ~M_9 = verH at {15}

out(c, authTuple(~M_10,~M_11,~M_12,~M_13,~M_14)) with ~M_10 = issuerId2, ~M_11 = fp(pk(skI2_1)), ~M_12 = ssetH, ~M_13 = algH, ~M_14 = verH at {16}

out(c, authTuple(~M_15,~M_16,~M_17,~M_18,~M_19)) with ~M_15 = idW1, ~M_16 = fp(pk(skW1_1)), ~M_17 = ssetH, ~M_18 = algH, ~M_19 = verH at {17}

out(c, authTuple(~M_20,~M_21,~M_22,~M_23,~M_24)) with ~M_20 = idW2, ~M_21 = fp(pk(skW2_1)), ~M_22 = ssetH, ~M_23 = algH, ~M_24 = verH at {18}

out(c, ~M_25) with ~M_25 = skS_5 at {19}

in(c, a) at {40} in copy a_1

event IssuerPossession(pk(skI1_1)) at {41} in copy a_1

out(c, ~M_26) with ~M_26 = sign((POSS,authTuple(issuerId,fp(pk(skI1_1)),ssetH,algH,verH)),skI1_1) at {43} in copy a_1

event IssuerSigned(pk(skI1_1),framed(OT_ATTEST,algH,issuerId,fp(pk(skI1_1)),h(authTuple(issuerId,fp(pk(skI1_1)),ssetH,algH,verH)),cvA,a)) at {46} in copy a_1

out(c, ~M_27) with ~M_27 = sign((BYTES,framed(OT_ATTEST,algH,issuerId,fp(pk(skI1_1)),h(authTuple(issuerId,fp(pk(skI1_1)),ssetH,algH,verH)),cvA,a)),skI1_1) at {51} in copy a_1

in(c, a_2) at {40} in copy a_3

event IssuerPossession(pk(skI1_1)) at {41} in copy a_3

out(c, ~M_28) with ~M_28 = sign((POSS,authTuple(issuerId,fp(pk(skI1_1)),ssetH,algH,verH)),skI1_1) at {43} in copy a_3

event IssuerSigned(pk(skI1_1),framed(OT_ATTEST,algH,issuerId,fp(pk(skI1_1)),h(authTuple(issuerId,fp(pk(skI1_1)),ssetH,algH,verH)),cvA,a_2)) at {46} in copy a_3

out(c, ~M_29) with ~M_29 = sign((BYTES,framed(OT_ATTEST,algH,issuerId,fp(pk(skI1_1)),h(authTuple(issuerId,fp(pk(skI1_1)),ssetH,algH,verH)),cvA,a_2)),skI1_1) at {51} in copy a_3

in(c, a_2) at {40} in copy a_4

event IssuerPossession(pk(skI1_1)) at {41} in copy a_4

out(c, ~M_30) with ~M_30 = sign((POSS,authTuple(issuerId,fp(pk(skI1_1)),ssetH,algH,verH)),skI1_1) at {43} in copy a_4

event IssuerSigned(pk(skI1_1),framed(OT_ATTEST,algH,issuerId,fp(pk(skI1_1)),h(authTuple(issuerId,fp(pk(skI1_1)),ssetH,algH,verH)),cvA,a_2)) at {46} in copy a_4

out(c, ~M_31) with ~M_31 = sign((BYTES,framed(OT_ATTEST,algH,issuerId,fp(pk(skI1_1)),h(authTuple(issuerId,fp(pk(skI1_1)),ssetH,algH,verH)),cvA,a_2)),skI1_1) at {51} in copy a_4

in(c, (a_5,framed(OT_ATTEST,algH,issuerId,fp(~M_1),h(authTuple(issuerId,fp(~M_1),ssetH,algH,verH)),cvA,a_2),~M_29)) with fp(~M_1) = fp(pk(skI1_1)), h(authTuple(issuerId,fp(~M_1),ssetH,algH,verH)) = h(authTuple(issuerId,fp(pk(skI1_1)),ssetH,algH,verH)), ~M_29 = sign((BYTES,framed(OT_ATTEST,algH,issuerId,fp(pk(skI1_1)),h(authTuple(issuerId,fp(pk(skI1_1)),ssetH,algH,verH)),cvA,a_2)),skI1_1) at {56} in copy a_6

event IssuerPossession(pk(skI1_1)) at {57} in copy a_6

out(c, ~M_32) with ~M_32 = sign((POSS,authTuple(issuerId,fp(pk(skI1_1)),ssetH,algH,verH)),skI1_1) at {59} in copy a_6

event IssuerSigned(pk(skI1_1),framed(OT_WRAPPER,algH,issuerId,fp(pk(skI1_1)),h(authTuple(issuerId,fp(pk(skI1_1)),ssetH,algH,verH)),cvB,wrap(a_5,(framed(OT_ATTEST,algH,issuerId,fp(pk(skI1_1)),h(authTuple(issuerId,fp(pk(skI1_1)),ssetH,algH,verH)),cvA,a_2),sign((BYTES,framed(OT_ATTEST,algH,issuerId,fp(pk(skI1_1)),h(authTuple(issuerId,fp(pk(skI1_1)),ssetH,algH,verH)),cvA,a_2)),skI1_1))))) at {61} in copy a_6

out(c, ~M_33) with ~M_33 = sign((BYTES,framed(OT_WRAPPER,algH,issuerId,fp(pk(skI1_1)),h(authTuple(issuerId,fp(pk(skI1_1)),ssetH,algH,verH)),cvB,wrap(a_5,(framed(OT_ATTEST,algH,issuerId,fp(pk(skI1_1)),h(authTuple(issuerId,fp(pk(skI1_1)),ssetH,algH,verH)),cvA,a_2),sign((BYTES,framed(OT_ATTEST,algH,issuerId,fp(pk(skI1_1)),h(authTuple(issuerId,fp(pk(skI1_1)),ssetH,algH,verH)),cvA,a_2)),skI1_1))))),skI1_1) at {63} in copy a_6

in(c, (authTuple(issuerId,fp(~M_1),ssetH,algH,verH),sign((STMT_DIGEST,h(authTuple(issuerId,fp(~M_1),ssetH,algH,verH))),~M_25),~M_1,~M_26,~M_33,framed(OT_WRAPPER,algH,issuerId,fp(~M_1),h(authTuple(issuerId,fp(~M_1),ssetH,algH,verH)),cvB,wrap(a_5,(framed(OT_ATTEST,algH,issuerId,fp(~M_1),h(authTuple(issuerId,fp(~M_1),ssetH,algH,verH)),cvA,a_2),~M_29))),a_7,a_8,a_9,a_10)) with fp(~M_1) = fp(pk(skI1_1)), sign((STMT_DIGEST,h(authTuple(issuerId,fp(~M_1),ssetH,algH,verH))),~M_25) = sign((STMT_DIGEST,h(authTuple(issuerId,fp(pk(skI1_1)),ssetH,algH,verH))),skS_5), ~M_1 = pk(skI1_1), ~M_26 = sign((POSS,authTuple(issuerId,fp(pk(skI1_1)),ssetH,algH,verH)),skI1_1), ~M_33 = sign((BYTES,framed(OT_WRAPPER,algH,issuerId,fp(pk(skI1_1)),h(authTuple(issuerId,fp(pk(skI1_1)),ssetH,algH,verH)),cvB,wrap(a_5,(framed(OT_ATTEST,algH,issuerId,fp(pk(skI1_1)),h(authTuple(issuerId,fp(pk(skI1_1)),ssetH,algH,verH)),cvA,a_2),sign((BYTES,framed(OT_ATTEST,algH,issuerId,fp(pk(skI1_1)),h(authTuple(issuerId,fp(pk(skI1_1)),ssetH,algH,verH)),cvA,a_2)),skI1_1))))),skI1_1), fp(~M_1) = fp(pk(skI1_1)), h(authTuple(issuerId,fp(~M_1),ssetH,algH,verH)) = h(authTuple(issuerId,fp(pk(skI1_1)),ssetH,algH,verH)), fp(~M_1) = fp(pk(skI1_1)), h(authTuple(issuerId,fp(~M_1),ssetH,algH,verH)) = h(authTuple(issuerId,fp(pk(skI1_1)),ssetH,algH,verH)), ~M_29 = sign((BYTES,framed(OT_ATTEST,algH,issuerId,fp(pk(skI1_1)),h(authTuple(issuerId,fp(pk(skI1_1)),ssetH,algH,verH)),cvA,a_2)),skI1_1) at {135} in copy a_11

event AcceptOuter(pk(skI1_1),issuerId,framed(OT_WRAPPER,algH,issuerId,fp(pk(skI1_1)),h(authTuple(issuerId,fp(pk(skI1_1)),ssetH,algH,verH)),cvB,wrap(a_5,(framed(OT_ATTEST,algH,issuerId,fp(pk(skI1_1)),h(authTuple(issuerId,fp(pk(skI1_1)),ssetH,algH,verH)),cvA,a_2),sign((BYTES,framed(OT_ATTEST,algH,issuerId,fp(pk(skI1_1)),h(authTuple(issuerId,fp(pk(skI1_1)),ssetH,algH,verH)),cvA,a_2)),skI1_1))))) at {143} in copy a_11

event AcceptInner(wctx(pk(skI1_1),issuerId,framed(OT_WRAPPER,algH,issuerId,fp(pk(skI1_1)),h(authTuple(issuerId,fp(pk(skI1_1)),ssetH,algH,verH)),cvB,wrap(a_5,(framed(OT_ATTEST,algH,issuerId,fp(pk(skI1_1)),h(authTuple(issuerId,fp(pk(skI1_1)),ssetH,algH,verH)),cvA,a_2),sign((BYTES,framed(OT_ATTEST,algH,issuerId,fp(pk(skI1_1)),h(authTuple(issuerId,fp(pk(skI1_1)),ssetH,algH,verH)),cvA,a_2)),skI1_1))))),pk(skI1_1),issuerId,framed(OT_ATTEST,algH,issuerId,fp(pk(skI1_1)),h(authTuple(issuerId,fp(pk(skI1_1)),ssetH,algH,verH)),cvA,a_2)) at {147} in copy a_11

out(honestInnerCh, (pk(skI1_1),issuerId,framed(OT_ATTEST,algH,issuerId,fp(pk(skI1_1)),h(authTuple(issuerId,fp(pk(skI1_1)),ssetH,algH,verH)),cvA,a_2))) at {49} in copy a_3 received at {165} in copy a_12

out(scopeCh, (wctx(pk(skI1_1),issuerId,framed(OT_WRAPPER,algH,issuerId,fp(pk(skI1_1)),h(authTuple(issuerId,fp(pk(skI1_1)),ssetH,algH,verH)),cvB,wrap(a_5,(framed(OT_ATTEST,algH,issuerId,fp(pk(skI1_1)),h(authTuple(issuerId,fp(pk(skI1_1)),ssetH,algH,verH)),cvA,a_2),sign((BYTES,framed(OT_ATTEST,algH,issuerId,fp(pk(skI1_1)),h(authTuple(issuerId,fp(pk(skI1_1)),ssetH,algH,verH)),cvA,a_2)),skI1_1))))),pk(skI1_1),issuerId,framed(OT_ATTEST,algH,issuerId,fp(pk(skI1_1)),h(authTuple(issuerId,fp(pk(skI1_1)),ssetH,algH,verH)),cvA,a_2))) at {150} in copy a_11 received at {166} in copy a_12

event HonestWrappedAccepted(pk(skI1_1),framed(OT_ATTEST,algH,issuerId,fp(pk(skI1_1)),h(authTuple(issuerId,fp(pk(skI1_1)),ssetH,algH,verH)),cvA,a_2),pk(skI1_1)) at {168} in copy a_12 (goal)

The event HonestWrappedAccepted(pk(skI1_1),framed(OT_ATTEST,algH,issuerId,fp(pk(skI1_1)),h(authTuple(issuerId,fp(pk(skI1_1)),ssetH,algH,verH)),cvA,a_2),pk(skI1_1)) is executed at {168} in copy a_12.
A trace has been found.
RESULT not event(HonestWrappedAccepted(kH_3,fb,kW_3)) is false.
-- Query not event(HonestAccepted(k,fb)) in process 1.
Translating the process into Horn clauses...
Completing...
200 rules inserted. Base: 173 rules (77 with conclusion selected). Queue: 42 rules.
400 rules inserted. Base: 186 rules (77 with conclusion selected). Queue: 82 rules.
600 rules inserted. Base: 205 rules (93 with conclusion selected). Queue: 74 rules.
Starting query not event(HonestAccepted(k,fb))
goal reachable: attacker(plI_2) -> event(HonestAccepted(pk(skI2[]),framed(OT_ATTEST,algH[],issuerId2[],fp(pk(skI2[])),h(authTuple(issuerId2[],fp(pk(skI2[])),ssetH[],algH[],verH[])),cvB[],plI_2)))

Derivation:

1. We assume as hypothesis that
attacker(plI_2).

2. The message plI_2 that the attacker may have by 1 may be received at input {68}.
So the message (pk(skI2[]),framed(OT_ATTEST,algH[],issuerId2[],fp(pk(skI2[])),h(authTuple(issuerId2[],fp(pk(skI2[])),ssetH[],algH[],verH[])),cvB[],plI_2)) may be sent on channel honestCh[] at output {76}.
mess(honestCh[],(pk(skI2[]),framed(OT_ATTEST,algH[],issuerId2[],fp(pk(skI2[])),h(authTuple(issuerId2[],fp(pk(skI2[])),ssetH[],algH[],verH[])),cvB[],plI_2))).

3. The attacker initially knows cvB[].
attacker(cvB[]).

4. The attacker initially knows verH[].
attacker(verH[]).

5. The attacker initially knows algH[].
attacker(algH[]).

6. The attacker initially knows ssetH[].
attacker(ssetH[]).

7. The message pk(skI2[]) may be sent to the attacker at output {12}.
attacker(pk(skI2[])).

8. By 7, the attacker may know pk(skI2[]).
Using the function fp the attacker may obtain fp(pk(skI2[])).
attacker(fp(pk(skI2[]))).

9. The attacker initially knows issuerId2[].
attacker(issuerId2[]).

10. By 9, the attacker may know issuerId2[].
By 8, the attacker may know fp(pk(skI2[])).
By 6, the attacker may know ssetH[].
By 5, the attacker may know algH[].
By 4, the attacker may know verH[].
Using the function authTuple the attacker may obtain authTuple(issuerId2[],fp(pk(skI2[])),ssetH[],algH[],verH[]).
attacker(authTuple(issuerId2[],fp(pk(skI2[])),ssetH[],algH[],verH[])).

11. By 10, the attacker may know authTuple(issuerId2[],fp(pk(skI2[])),ssetH[],algH[],verH[]).
Using the function h the attacker may obtain h(authTuple(issuerId2[],fp(pk(skI2[])),ssetH[],algH[],verH[])).
attacker(h(authTuple(issuerId2[],fp(pk(skI2[])),ssetH[],algH[],verH[]))).

12. Using the function OT_ATTEST the attacker may obtain OT_ATTEST.
attacker(OT_ATTEST).

13. By 12, the attacker may know OT_ATTEST.
By 5, the attacker may know algH[].
By 9, the attacker may know issuerId2[].
By 8, the attacker may know fp(pk(skI2[])).
By 11, the attacker may know h(authTuple(issuerId2[],fp(pk(skI2[])),ssetH[],algH[],verH[])).
By 3, the attacker may know cvB[].
By 1, the attacker may know plI_2.
Using the function framed the attacker may obtain framed(OT_ATTEST,algH[],issuerId2[],fp(pk(skI2[])),h(authTuple(issuerId2[],fp(pk(skI2[])),ssetH[],algH[],verH[])),cvB[],plI_2).
attacker(framed(OT_ATTEST,algH[],issuerId2[],fp(pk(skI2[])),h(authTuple(issuerId2[],fp(pk(skI2[])),ssetH[],algH[],verH[])),cvB[],plI_2)).

14. The message plI_2 that the attacker may have by 1 may be received at input {68}.
So the message sign((BYTES,framed(OT_ATTEST,algH[],issuerId2[],fp(pk(skI2[])),h(authTuple(issuerId2[],fp(pk(skI2[])),ssetH[],algH[],verH[])),cvB[],plI_2)),skI2[]) may be sent to the attacker at output {79}.
attacker(sign((BYTES,framed(OT_ATTEST,algH[],issuerId2[],fp(pk(skI2[])),h(authTuple(issuerId2[],fp(pk(skI2[])),ssetH[],algH[],verH[])),cvB[],plI_2)),skI2[])).

15. The attacker has some term payload_3.
attacker(payload_3).

16. The message payload_3 that the attacker may have by 15 may be received at input {68}.
So the message sign((POSS,authTuple(issuerId2[],fp(pk(skI2[])),ssetH[],algH[],verH[])),skI2[]) may be sent to the attacker at output {71}.
attacker(sign((POSS,authTuple(issuerId2[],fp(pk(skI2[])),ssetH[],algH[],verH[])),skI2[])).

17. The message skS[] may be sent to the attacker at output {19}.
attacker(skS[]).

18. Using the function STMT_DIGEST the attacker may obtain STMT_DIGEST.
attacker(STMT_DIGEST).

19. By 18, the attacker may know STMT_DIGEST.
By 11, the attacker may know h(authTuple(issuerId2[],fp(pk(skI2[])),ssetH[],algH[],verH[])).
Using the function 2-tuple the attacker may obtain (STMT_DIGEST,h(authTuple(issuerId2[],fp(pk(skI2[])),ssetH[],algH[],verH[]))).
attacker((STMT_DIGEST,h(authTuple(issuerId2[],fp(pk(skI2[])),ssetH[],algH[],verH[])))).

20. By 19, the attacker may know (STMT_DIGEST,h(authTuple(issuerId2[],fp(pk(skI2[])),ssetH[],algH[],verH[]))).
By 17, the attacker may know skS[].
Using the function sign the attacker may obtain sign((STMT_DIGEST,h(authTuple(issuerId2[],fp(pk(skI2[])),ssetH[],algH[],verH[]))),skS[]).
attacker(sign((STMT_DIGEST,h(authTuple(issuerId2[],fp(pk(skI2[])),ssetH[],algH[],verH[]))),skS[])).

21. By 10, the attacker may know authTuple(issuerId2[],fp(pk(skI2[])),ssetH[],algH[],verH[]).
By 20, the attacker may know sign((STMT_DIGEST,h(authTuple(issuerId2[],fp(pk(skI2[])),ssetH[],algH[],verH[]))),skS[]).
By 7, the attacker may know pk(skI2[]).
By 16, the attacker may know sign((POSS,authTuple(issuerId2[],fp(pk(skI2[])),ssetH[],algH[],verH[])),skI2[]).
By 14, the attacker may know sign((BYTES,framed(OT_ATTEST,algH[],issuerId2[],fp(pk(skI2[])),h(authTuple(issuerId2[],fp(pk(skI2[])),ssetH[],algH[],verH[])),cvB[],plI_2)),skI2[]).
By 13, the attacker may know framed(OT_ATTEST,algH[],issuerId2[],fp(pk(skI2[])),h(authTuple(issuerId2[],fp(pk(skI2[])),ssetH[],algH[],verH[])),cvB[],plI_2).
Using the function 6-tuple the attacker may obtain (authTuple(issuerId2[],fp(pk(skI2[])),ssetH[],algH[],verH[]),sign((STMT_DIGEST,h(authTuple(issuerId2[],fp(pk(skI2[])),ssetH[],algH[],verH[]))),skS[]),pk(skI2[]),sign((POSS,authTuple(issuerId2[],fp(pk(skI2[])),ssetH[],algH[],verH[])),skI2[]),sign((BYTES,framed(OT_ATTEST,algH[],issuerId2[],fp(pk(skI2[])),h(authTuple(issuerId2[],fp(pk(skI2[])),ssetH[],algH[],verH[])),cvB[],plI_2)),skI2[]),framed(OT_ATTEST,algH[],issuerId2[],fp(pk(skI2[])),h(authTuple(issuerId2[],fp(pk(skI2[])),ssetH[],algH[],verH[])),cvB[],plI_2)).
attacker((authTuple(issuerId2[],fp(pk(skI2[])),ssetH[],algH[],verH[]),sign((STMT_DIGEST,h(authTuple(issuerId2[],fp(pk(skI2[])),ssetH[],algH[],verH[]))),skS[]),pk(skI2[]),sign((POSS,authTuple(issuerId2[],fp(pk(skI2[])),ssetH[],algH[],verH[])),skI2[]),sign((BYTES,framed(OT_ATTEST,algH[],issuerId2[],fp(pk(skI2[])),h(authTuple(issuerId2[],fp(pk(skI2[])),ssetH[],algH[],verH[])),cvB[],plI_2)),skI2[]),framed(OT_ATTEST,algH[],issuerId2[],fp(pk(skI2[])),h(authTuple(issuerId2[],fp(pk(skI2[])),ssetH[],algH[],verH[])),cvB[],plI_2))).

22. The message (authTuple(issuerId2[],fp(pk(skI2[])),ssetH[],algH[],verH[]),sign((STMT_DIGEST,h(authTuple(issuerId2[],fp(pk(skI2[])),ssetH[],algH[],verH[]))),skS[]),pk(skI2[]),sign((POSS,authTuple(issuerId2[],fp(pk(skI2[])),ssetH[],algH[],verH[])),skI2[]),sign((BYTES,framed(OT_ATTEST,algH[],issuerId2[],fp(pk(skI2[])),h(authTuple(issuerId2[],fp(pk(skI2[])),ssetH[],algH[],verH[])),cvB[],plI_2)),skI2[]),framed(OT_ATTEST,algH[],issuerId2[],fp(pk(skI2[])),h(authTuple(issuerId2[],fp(pk(skI2[])),ssetH[],algH[],verH[])),cvB[],plI_2)) that the attacker may have by 21 may be received at input {119}.
So the message (BASE,pk(skI2[]),issuerId2[],framed(OT_ATTEST,algH[],issuerId2[],fp(pk(skI2[])),h(authTuple(issuerId2[],fp(pk(skI2[])),ssetH[],algH[],verH[])),cvB[],plI_2)) may be sent on channel acceptCh[] at output {130}.
mess(acceptCh[],(BASE,pk(skI2[]),issuerId2[],framed(OT_ATTEST,algH[],issuerId2[],fp(pk(skI2[])),h(authTuple(issuerId2[],fp(pk(skI2[])),ssetH[],algH[],verH[])),cvB[],plI_2))).

23. The message (pk(skI2[]),framed(OT_ATTEST,algH[],issuerId2[],fp(pk(skI2[])),h(authTuple(issuerId2[],fp(pk(skI2[])),ssetH[],algH[],verH[])),cvB[],plI_2)) that may be sent on channel honestCh[] by 2 may be received at input {153}.
The message (BASE,pk(skI2[]),issuerId2[],framed(OT_ATTEST,algH[],issuerId2[],fp(pk(skI2[])),h(authTuple(issuerId2[],fp(pk(skI2[])),ssetH[],algH[],verH[])),cvB[],plI_2)) that may be sent on channel acceptCh[] by 22 may be received at input {154}.
So event HonestAccepted(pk(skI2[]),framed(OT_ATTEST,algH[],issuerId2[],fp(pk(skI2[])),h(authTuple(issuerId2[],fp(pk(skI2[])),ssetH[],algH[],verH[])),cvB[],plI_2)) may be executed at {157}.
event(HonestAccepted(pk(skI2[]),framed(OT_ATTEST,algH[],issuerId2[],fp(pk(skI2[])),h(authTuple(issuerId2[],fp(pk(skI2[])),ssetH[],algH[],verH[])),cvB[],plI_2))).

24. By 23, event(HonestAccepted(pk(skI2[]),framed(OT_ATTEST,algH[],issuerId2[],fp(pk(skI2[])),h(authTuple(issuerId2[],fp(pk(skI2[])),ssetH[],algH[],verH[])),cvB[],plI_2))).
The goal is reached, represented in the following fact:
event(HonestAccepted(pk(skI2[]),framed(OT_ATTEST,algH[],issuerId2[],fp(pk(skI2[])),h(authTuple(issuerId2[],fp(pk(skI2[])),ssetH[],algH[],verH[])),cvB[],plI_2))).


A more detailed output of the traces is available with
  set traceDisplay = long.

new skS: skey creating skS_5 at {1}

new skI1: skey creating skI1_1 at {2}

new skI2: skey creating skI2_1 at {3}

new skW1: skey creating skW1_1 at {4}

new skW2: skey creating skW2_1 at {5}

out(c, ~M) with ~M = pk(skS_5) at {10}

out(c, ~M_1) with ~M_1 = pk(skI1_1) at {11}

out(c, ~M_2) with ~M_2 = pk(skI2_1) at {12}

out(c, ~M_3) with ~M_3 = pk(skW1_1) at {13}

out(c, ~M_4) with ~M_4 = pk(skW2_1) at {14}

out(c, authTuple(~M_5,~M_6,~M_7,~M_8,~M_9)) with ~M_5 = issuerId, ~M_6 = fp(pk(skI1_1)), ~M_7 = ssetH, ~M_8 = algH, ~M_9 = verH at {15}

out(c, authTuple(~M_10,~M_11,~M_12,~M_13,~M_14)) with ~M_10 = issuerId2, ~M_11 = fp(pk(skI2_1)), ~M_12 = ssetH, ~M_13 = algH, ~M_14 = verH at {16}

out(c, authTuple(~M_15,~M_16,~M_17,~M_18,~M_19)) with ~M_15 = idW1, ~M_16 = fp(pk(skW1_1)), ~M_17 = ssetH, ~M_18 = algH, ~M_19 = verH at {17}

out(c, authTuple(~M_20,~M_21,~M_22,~M_23,~M_24)) with ~M_20 = idW2, ~M_21 = fp(pk(skW2_1)), ~M_22 = ssetH, ~M_23 = algH, ~M_24 = verH at {18}

out(c, ~M_25) with ~M_25 = skS_5 at {19}

in(c, a) at {68} in copy a_1

event IssuerPossession(pk(skI2_1)) at {69} in copy a_1

out(c, ~M_26) with ~M_26 = sign((POSS,authTuple(issuerId2,fp(pk(skI2_1)),ssetH,algH,verH)),skI2_1) at {71} in copy a_1

event IssuerSigned(pk(skI2_1),framed(OT_ATTEST,algH,issuerId2,fp(pk(skI2_1)),h(authTuple(issuerId2,fp(pk(skI2_1)),ssetH,algH,verH)),cvB,a)) at {74} in copy a_1

out(c, ~M_27) with ~M_27 = sign((BYTES,framed(OT_ATTEST,algH,issuerId2,fp(pk(skI2_1)),h(authTuple(issuerId2,fp(pk(skI2_1)),ssetH,algH,verH)),cvB,a)),skI2_1) at {79} in copy a_1

in(c, a_2) at {68} in copy a_3

event IssuerPossession(pk(skI2_1)) at {69} in copy a_3

out(c, ~M_28) with ~M_28 = sign((POSS,authTuple(issuerId2,fp(pk(skI2_1)),ssetH,algH,verH)),skI2_1) at {71} in copy a_3

event IssuerSigned(pk(skI2_1),framed(OT_ATTEST,algH,issuerId2,fp(pk(skI2_1)),h(authTuple(issuerId2,fp(pk(skI2_1)),ssetH,algH,verH)),cvB,a_2)) at {74} in copy a_3

out(c, ~M_29) with ~M_29 = sign((BYTES,framed(OT_ATTEST,algH,issuerId2,fp(pk(skI2_1)),h(authTuple(issuerId2,fp(pk(skI2_1)),ssetH,algH,verH)),cvB,a_2)),skI2_1) at {79} in copy a_3

in(c, a_2) at {68} in copy a_4

event IssuerPossession(pk(skI2_1)) at {69} in copy a_4

out(c, ~M_30) with ~M_30 = sign((POSS,authTuple(issuerId2,fp(pk(skI2_1)),ssetH,algH,verH)),skI2_1) at {71} in copy a_4

event IssuerSigned(pk(skI2_1),framed(OT_ATTEST,algH,issuerId2,fp(pk(skI2_1)),h(authTuple(issuerId2,fp(pk(skI2_1)),ssetH,algH,verH)),cvB,a_2)) at {74} in copy a_4

out(c, ~M_31) with ~M_31 = sign((BYTES,framed(OT_ATTEST,algH,issuerId2,fp(pk(skI2_1)),h(authTuple(issuerId2,fp(pk(skI2_1)),ssetH,algH,verH)),cvB,a_2)),skI2_1) at {79} in copy a_4

in(c, (authTuple(issuerId2,fp(~M_2),ssetH,algH,verH),sign((STMT_DIGEST,h(authTuple(issuerId2,fp(~M_2),ssetH,algH,verH))),~M_25),~M_2,~M_26,~M_29,framed(OT_ATTEST,algH,issuerId2,fp(~M_2),h(authTuple(issuerId2,fp(~M_2),ssetH,algH,verH)),cvB,a_2))) with fp(~M_2) = fp(pk(skI2_1)), sign((STMT_DIGEST,h(authTuple(issuerId2,fp(~M_2),ssetH,algH,verH))),~M_25) = sign((STMT_DIGEST,h(authTuple(issuerId2,fp(pk(skI2_1)),ssetH,algH,verH))),skS_5), ~M_2 = pk(skI2_1), ~M_26 = sign((POSS,authTuple(issuerId2,fp(pk(skI2_1)),ssetH,algH,verH)),skI2_1), ~M_29 = sign((BYTES,framed(OT_ATTEST,algH,issuerId2,fp(pk(skI2_1)),h(authTuple(issuerId2,fp(pk(skI2_1)),ssetH,algH,verH)),cvB,a_2)),skI2_1), fp(~M_2) = fp(pk(skI2_1)), h(authTuple(issuerId2,fp(~M_2),ssetH,algH,verH)) = h(authTuple(issuerId2,fp(pk(skI2_1)),ssetH,algH,verH)) at {119} in copy a_5

event AcceptInner(BASE,pk(skI2_1),issuerId2,framed(OT_ATTEST,algH,issuerId2,fp(pk(skI2_1)),h(authTuple(issuerId2,fp(pk(skI2_1)),ssetH,algH,verH)),cvB,a_2)) at {128} in copy a_5

out(honestCh, (pk(skI2_1),framed(OT_ATTEST,algH,issuerId2,fp(pk(skI2_1)),h(authTuple(issuerId2,fp(pk(skI2_1)),ssetH,algH,verH)),cvB,a_2))) at {76} in copy a_3 received at {153} in copy a_6

out(acceptCh, (BASE,pk(skI2_1),issuerId2,framed(OT_ATTEST,algH,issuerId2,fp(pk(skI2_1)),h(authTuple(issuerId2,fp(pk(skI2_1)),ssetH,algH,verH)),cvB,a_2))) at {130} in copy a_5 received at {154} in copy a_6

event HonestAccepted(pk(skI2_1),framed(OT_ATTEST,algH,issuerId2,fp(pk(skI2_1)),h(authTuple(issuerId2,fp(pk(skI2_1)),ssetH,algH,verH)),cvB,a_2)) at {157} in copy a_6 (goal)

The event HonestAccepted(pk(skI2_1),framed(OT_ATTEST,algH,issuerId2,fp(pk(skI2_1)),h(authTuple(issuerId2,fp(pk(skI2_1)),ssetH,algH,verH)),cvB,a_2)) is executed at {157} in copy a_6.
A trace has been found.
RESULT not event(HonestAccepted(k,fb)) is false.

--------------------------------------------------------------
Verification summary:

Query not event(TypeConfused(otS_1,otA_1,fb)) is true.

Query not event(Rescoped(kX_1,idX_1,kH_3,idH_1,fb)) is false.

Query not event(InnerSigTransplanted(kX_1,s)) is false.

Query not event(HonestWrappedAccepted(kH_3,fb,kW_3)) is false.

Query not event(HonestAccepted(k,fb)) is false.

--------------------------------------------------------------

